_id,_masterCharacterId,_name,_type,_masterSkillCenterId,_masterSkillId,_rarity,_hp,_smile,_cool,_pure,_illustId,_evolveIllustId,_masterCardLevelId,_uniqueBackgroundFileName,_evolveUniqueBackgroundFileName,_getCategory,_masterCardSysVoiceId,_albumUnitMId,_priority,_nameEn,_masterReleaseLabelId
10010001,1001,発起人,1,100001,10010001,1,2,3767,2968,3265,01001_0001_00,01001_0001_01,1,,,1,0,0,0,Originator,1
10010002,1001,猪突猛進！,2,200001,10010002,1,2,3102,2899,3999,01001_0002_00,01001_0002_01,1,,,1,0,0,0,Full Speed Ahead!,1
10010003,1001,ポジティブ,3,300001,10010003,1,2,3235,3774,2991,01001_0003_00,01001_0003_01,1,,,1,0,0,0,Positive,1
10010004,1001,元気が取り柄,2,200001,10010004,1,2,3005,3085,3910,01001_0004_00,01001_0004_01,1,,,1,0,0,0,Energy Is My Forte,1
10010005,1001,練習準備！,3,300001,10010005,1,2,3130,3634,3236,01001_0005_00,01001_0005_01,1,,,1,0,0,0,Prep for Practice!,1
10010006,1001,一緒に歌おう,1,100001,10010006,1,2,3600,3113,3287,01001_0006_00,01001_0006_01,1,,,1,0,0,0,Let's Sing Together,1
10010007,1001,おやすみ笑顔,2,200001,10010007,1,2,3224,3035,3741,01001_0007_00,01001_0007_01,1,,,1,0,0,0,Good Night Smiles,1
10010008,1001,おでかけ笑顔,1,100001,10010008,1,2,3720,3337,2943,01001_0008_00,01001_0008_01,1,,,1,0,0,0,Out and About Smiles,1
10010009,1001,スマッシュするよ,3,300001,10010009,1,2,2992,4077,2931,01001_0009_00,01001_0009_01,1,,,1,0,0,0,Get Ready to SMASH!,1
10010010,1001,笑顔全開！,1,100002,10010010,2,3,4599,3417,3484,01001_0010_00,01001_0010_01,2,b_card_0001,b_card_0074,1,0,0,0,Ear-to-Ear Smile!,1
10010011,1001,炎の心,2,200002,10010011,2,3,3344,3471,4685,01001_0011_00,01001_0011_01,2,b_adv_0022,b_card_0031,1,0,0,0,Hearts Aflame,1
10010012,1001,たべちゃうぞ？,3,300002,10010012,2,3,3665,4185,3650,01001_0012_00,01001_0012_01,2,b_card_0002,b_card_0039,1,0,0,0,I'm Gonna Eat You Up!,1
10010013,1001,満開の桜,1,100005,10010013,3,4,4769,3962,4269,01001_0013_00,01001_0013_01,3,,,1,10010013,0,0,Cherry Blossoms in Full Bloom,1
10010014,1001,ライスフルーツ！？,3,300003,10010014,3,4,4263,4693,4044,01001_0014_00,01001_0014_01,3,,,4,0,2051,0,Rice Fruit?!,1
10020001,1002,クォーター,1,100001,10020001,1,2,3867,3108,3025,01002_0001_00,01002_0001_01,1,,,1,0,0,0,Quarter,1
10020002,1002,頭脳明晰,2,200001,10020002,1,2,3196,2943,3861,01002_0002_00,01002_0002_01,1,,,1,0,0,0,Clearheaded,1
10020003,1002,みんなの人気者,3,300001,10020003,1,2,2962,3805,3233,01002_0003_00,01002_0003_01,1,,,1,0,0,0,A Fan Favorite,1
10020004,1002,運動神経抜群,2,200001,10020004,1,2,3166,2807,4027,01002_0004_00,01002_0004_01,1,,,1,0,0,0,Exceptional Athlete,1
10020005,1002,責任感,3,300001,10020005,1,2,3063,3608,3329,01002_0005_00,01002_0005_01,1,,,1,0,0,0,Sense of Duty,1
10020006,1002,生徒会長,1,100001,10020006,1,2,3926,2840,3234,01002_0006_00,01002_0006_01,1,,,1,0,0,0,Student Council President,1
10020007,1002,眠りにつく前,2,200001,10020007,1,2,3083,3008,3909,01002_0007_00,01002_0007_01,1,,,1,0,0,0,Before Sleeping,1
10020008,1002,おでかけするわ！,1,100001,10020008,1,2,4015,2866,3119,01002_0008_00,01002_0008_01,1,,,1,0,0,0,I'm Heading Out!,1
10020009,1002,応援しましょ♪,3,300001,10020009,1,2,3195,4009,2796,01002_0009_00,01002_0009_01,1,,,1,0,0,0,Let's Cheer Them On!,1
10020010,1002,ハラショー♪,1,100002,10020010,2,3,4487,3621,3392,01002_0010_00,01002_0010_01,2,b_card_0001,b_card_0074,1,0,0,0,Harasho!,1
10020011,1002,エリーの懺悔室,2,200002,10020011,2,3,3783,3385,4332,01002_0011_00,01002_0011_01,2,b_card_0008,b_card_0033,1,0,0,0,Eli's Confessional,1
10020012,1002,狐の嫁入り,3,300002,10020012,2,3,3656,4281,3563,01002_0012_00,01002_0012_01,2,b_card_0011,b_card_0039,1,0,0,0,Sun Shower,1
10020013,1002,夕暮れの生徒会室,3,300004,10020013,3,4,3954,5270,3776,01002_0013_00,01002_0013_01,3,,,1,10020013,0,0,Evening Student Council Room,1
10020014,1002,亜里沙のイタズラ？,2,200003,10020014,3,4,3958,4091,4951,01002_0014_00,01002_0014_01,3,,,4,0,1987,0,Arisa's Mischief?,1
10030001,1003,おっとり柔らか,1,100001,10030001,1,2,3940,2872,3188,01003_0001_00,01003_0001_01,1,,,1,0,0,0,Soft and Gentle,1
10030002,1003,実はメイドさん,2,200001,10030002,1,2,2938,3073,3989,01003_0002_00,01003_0002_01,1,,,1,0,0,0,Actually a Maid,1
10030003,1003,ことりと遊ぼう♪,3,300001,10030003,1,2,3202,3717,3081,01003_0003_00,01003_0003_01,1,,,1,0,0,0,Come Play with Kotori!,1
10030004,1003,準備はできてる！,2,200001,10030004,1,2,3200,3042,3758,01003_0004_00,01003_0004_01,1,,,1,0,0,0,I'm Ready to Go!,1
10030005,1003,いっくよー！,3,300001,10030005,1,2,3209,3635,3156,01003_0005_00,01003_0005_01,1,,,1,0,0,0,Here We Go!,1
10030006,1003,♡のサイン,1,100001,10030006,1,2,3764,2937,3299,01003_0006_00,01003_0006_01,1,,,1,0,0,0,Heart Sign,1
10030007,1003,おねむな時間,2,200001,10030007,1,2,2987,2914,4099,01003_0007_00,01003_0007_01,1,,,1,0,0,0,Sleepy Time,1
10030008,1003,おでかけおめかし,1,100001,10030008,1,2,4028,2893,3079,01003_0008_00,01003_0008_01,1,,,1,0,0,0,Dressing Up for an Outing,1
10030009,1003,コートを駆け抜けて,3,300001,10030009,1,2,3323,3624,3053,01003_0009_00,01003_0009_01,1,,,1,0,0,0,Flying Down the Court,1
10030010,1003,癒しの女神,1,100002,10030010,2,3,4500,3609,3391,01003_0010_00,01003_0010_01,2,b_card_0001,b_card_0075,1,0,0,0,Goddess of Healing,1
10030011,1003,素敵なお菓子,2,200002,10030011,2,3,3668,3662,4170,01003_0011_00,01003_0011_01,2,b_adv_0022,b_card_0018,1,0,0,0,Wonderful Treats,1
10030012,1003,ひつじのきもち,3,300002,10030012,2,3,3667,4383,3450,01003_0012_00,01003_0012_01,2,b_card_0002,b_card_0039,1,0,0,0,Feeling Like a Sheep,1
10030013,1003,いらっしゃいませ♪,2,200004,10030013,3,4,3725,3960,5315,01003_0013_00,01003_0013_01,3,,,1,10030013,0,0,Welcome!,1
10030014,1003,間違えないで〜！,3,300003,10030014,3,4,4030,5285,3685,01003_0014_00,01003_0014_01,3,,,4,0,2052,0,Don't Mess Up!,1
10040001,1004,大和撫子,1,100001,10040001,1,2,3815,3193,2992,01004_0001_00,01004_0001_01,1,,,1,0,0,0,The Yamato Nadeshiko,1
10040002,1004,日舞の家元,2,200001,10040002,1,2,3061,3124,3815,01004_0002_00,01004_0002_01,1,,,1,0,0,0,Master of Japanese Dance,1
10040003,1004,凛として,3,300001,10040003,1,2,3081,3934,2985,01004_0003_00,01004_0003_01,1,,,1,0,0,0,Dignified,1
10040004,1004,厳しい練習,2,200001,10040004,1,2,3114,2955,3931,01004_0004_00,01004_0004_01,1,,,1,0,0,0,Harsh Training,1
10040005,1004,身体をほぐす,3,300001,10040005,1,2,2861,4081,3058,01004_0005_00,01004_0005_01,1,,,1,0,0,0,Loosen Up,1
10040006,1004,撫子の微笑,1,100001,10040006,1,2,3732,3209,3059,01004_0006_00,01004_0006_01,1,,,1,0,0,0,The Ideal Smile,1
10040007,1004,おやすみの挨拶,2,200001,10040007,1,2,3055,3273,3672,01004_0007_00,01004_0007_01,1,,,1,0,0,0,Good Night Greeting,1
10040008,1004,ハイカーのやまびこ,1,100001,10040008,1,2,3796,2919,3285,01004_0008_00,01004_0008_01,1,,,1,0,0,0,Hiker's Echo,1
10040009,1004,白衣でキリッと,3,300001,10040009,1,2,3022,3641,3337,01004_0009_00,01004_0009_01,1,,,1,0,0,0,Sharp in a White Coat,1
10040010,1004,精神統一,1,100002,10040010,2,3,4452,3673,3375,01004_0010_00,01004_0010_01,2,b_card_0001,b_card_0013,1,0,0,0,A Focused Spirit,1
10040011,1004,ラブバインド,2,200002,10040011,2,3,3471,3618,4411,01004_0011_00,01004_0011_01,2,b_adv_0022,b_card_0028,1,0,0,0,Love Bind,1
10040012,1004,幸運の白うさぎ,3,300002,10040012,2,3,3522,4678,3300,01004_0012_00,01004_0012_01,2,b_card_0004,b_card_0039,1,0,0,0,Lucky White Rabbit,1
10040013,1004,無心へと,1,100004,10040013,3,4,4773,4158,4069,01004_0013_00,01004_0013_01,3,,,1,10040013,0,0,Toward Enlightenment,1
10040014,1004,気持ちは一つ,2,200003,10040014,3,4,4251,4013,4736,01004_0014_00,01004_0014_01,3,,,4,0,2053,0,As One,1
10050001,1005,体育会系,1,100001,10050001,1,2,3821,3019,3160,01005_0001_00,01005_0001_01,1,,,1,0,0,0,Athletic,1
10050002,1005,いつでも明るく,2,200001,10050002,1,2,3180,2892,3928,01005_0002_00,01005_0002_01,1,,,1,0,0,0,Always Be Cheerful,1
10050003,1005,元気にジャンプ☆,3,300001,10050003,1,2,3107,4073,2820,01005_0003_00,01005_0003_01,1,,,1,0,0,0,Joyful Jump!,1
10050004,1005,準備万端,2,200001,10050004,1,2,3352,2952,3696,01005_0004_00,01005_0004_01,1,,,1,0,0,0,Good to Go,1
10050005,1005,屋上練習,3,300001,10050005,1,2,3275,3805,2920,01005_0005_00,01005_0005_01,1,,,1,0,0,0,Rooftop Practice,1
10050006,1005,よろしくにゃ♪,1,100001,10050006,1,2,3915,3180,2905,01005_0006_00,01005_0006_01,1,,,1,0,0,0,Counting on Mew~!,1
10050007,1005,おやすみ準備,2,200001,10050007,1,2,3001,3191,3808,01005_0007_00,01005_0007_01,1,,,1,0,0,0,Getting Ready for Bed,1
10050008,1005,レッツハイキング,1,100001,10050008,1,2,3751,3113,3136,01005_0008_00,01005_0008_01,1,,,1,0,0,0,Let's Go Hiking!,1
10050009,1005,タイムを競う,3,300001,10050009,1,2,3019,3809,3172,01005_0009_00,01005_0009_01,1,,,1,0,0,0,Race Against Time,1
10050010,1005,μ'ｓの元気印,1,100002,10050010,2,3,4192,3481,3827,01005_0010_00,01005_0010_01,2,b_card_0001,b_card_0028,1,0,0,0,μ's's Bundle of Energy,1
10050011,1005,凛をご覧下さいにゃ♪,2,200002,10050011,2,3,3564,3272,4664,01005_0011_00,01005_0011_01,2,b_card_0005,b_card_0034,1,0,0,0,Check Out Rin-nyan~!,1
10050012,1005,きまぐれにゃんこ,3,300002,10050012,2,3,3508,4533,3459,01005_0012_00,01005_0012_01,2,b_card_0006,b_card_0039,1,0,0,0,Fickle Kitten,1
10050013,1005,きらめく屋上,3,300004,10050013,3,4,4136,4958,3906,01005_0013_00,01005_0013_01,3,,,1,10050013,0,0,Dazzling Rooftop,1
10050014,1005,初めての手作りチョコ,1,100003,10050014,3,4,5229,3828,3943,01005_0014_00,01005_0014_01,3,,,4,0,2021,0,My First Handmade Chocolate,1
10060001,1006,大病院のお嬢様,1,100001,10060001,1,2,3748,3179,3073,01006_0001_00,01006_0001_01,1,,,1,0,0,0,Hospital Heiress,1
10060002,1006,高飛車,2,200001,10060002,1,2,3136,3023,3841,01006_0002_00,01006_0002_01,1,,,1,0,0,0,On a High Horse,1
10060003,1006,誇りを持って,3,300001,10060003,1,2,3216,3632,3152,01006_0003_00,01006_0003_01,1,,,1,0,0,0,With Pride,1
10060004,1006,強気で練習,2,200001,10060004,1,2,3301,2932,3767,01006_0004_00,01006_0004_01,1,,,1,0,0,0,Practice with Confidence,1
10060005,1006,ストレッチから,3,300001,10060005,1,2,2944,3999,3057,01006_0005_00,01006_0005_01,1,,,1,0,0,0,Start with Stretching,1
10060006,1006,果敢に意見,1,100001,10060006,1,2,4025,2960,3015,01006_0006_00,01006_0006_01,1,,,1,0,0,0,Bold Opinion,1
10060007,1006,明日の予定は,2,200001,10060007,1,2,2841,3071,4088,01006_0007_00,01006_0007_01,1,,,1,0,0,0,Plans for Tomorrow,1
10060008,1006,お嬢様のおでかけ,1,100001,10060008,1,2,3775,2938,3287,01006_0008_00,01006_0008_01,1,,,1,0,0,0,Young Lady's Outing,1
10060009,1006,スパイラルを決めて,3,300001,10060009,1,2,2955,3878,3167,01006_0009_00,01006_0009_01,1,,,1,0,0,0,Land the Spiral,1
10060010,1006,放課後の歌姫,1,100002,10060010,2,3,4433,3516,3551,01006_0010_00,01006_0010_01,2,b_card_0001,b_card_0033,1,0,0,0,After-School Diva,1
10060011,1006,秘密の診察室,2,200002,10060011,2,3,3697,3487,4316,01006_0011_00,01006_0011_01,2,b_adv_0022,b_card_0075,1,0,0,0,Secret Examination Room,1
10060012,1006,次の獲物はアナタ,3,300002,10060012,2,3,3563,4649,3288,01006_0012_00,01006_0012_01,2,b_card_0007,b_card_0039,1,0,0,0,You're My Next Target,1
10060013,1006,スマホ越しのはにかみ,2,200004,10060013,3,4,4107,4070,4823,01006_0013_00,01006_0013_01,3,,,1,10060013,0,0,Shy Behind the Screen,1
10060014,1006,フルーツティー,3,300003,10060014,3,4,3984,4866,4150,01006_0014_00,01006_0014_01,3,,,4,0,2022,0,Fruit Tea,1
10070001,1007,意外と策士,1,100001,10070001,1,2,3880,3020,3100,01007_0001_00,01007_0001_01,1,,,1,0,0,0,Surprising Tactician,1
10070002,1007,巻き込んじゃうぞ,2,200001,10070002,1,2,3075,2825,4100,01007_0002_00,01007_0002_01,1,,,1,0,0,0,I'm Dragging You In!,1
10070003,1007,のほほんとして,3,300001,10070003,1,2,2862,4066,3072,01007_0003_00,01007_0003_01,1,,,1,0,0,0,Nonchalant,1
10070004,1007,まぶしい光,2,200001,10070004,1,2,2920,3043,4037,01007_0004_00,01007_0004_01,1,,,1,0,0,0,Blinding Light,1
10070005,1007,今から練習♪,3,300001,10070005,1,2,2982,4060,2958,01007_0005_00,01007_0005_01,1,,,1,0,0,0,Time to Practice!,1
10070006,1007,占いの力,1,100001,10070006,1,2,3648,3299,3053,01007_0006_00,01007_0006_01,1,,,1,0,0,0,The Power of Divination,1
10070007,1007,明日もよろしく,2,200001,10070007,1,2,3141,3209,3650,01007_0007_00,01007_0007_01,1,,,1,0,0,0,See You Tomorrow,1
10070008,1007,おでかけ日和,1,100001,10070008,1,2,3736,2955,3309,01007_0008_00,01007_0008_01,1,,,1,0,0,0,A Perfect Day for an Outing,1
10070009,1007,アタックしちゃうぞ,3,300001,10070009,1,2,3273,3854,2873,01007_0009_00,01007_0009_01,1,,,1,0,0,0,I'm Going to Attack!,1
10070010,1007,スピリチュアルパワー,1,100002,10070010,2,3,4564,3417,3519,01007_0010_00,01007_0010_01,2,b_card_0001,b_card_0074,1,0,0,0,Spiritual Power,1
10070011,1007,運命のカード,2,200002,10070011,2,3,3440,3781,4279,01007_0011_00,01007_0011_01,2,b_adv_0022,b_card_0033,1,0,0,0,Cards of Destiny,1
10070012,1007,たぬき寝入り♪,3,300002,10070012,2,3,3583,4310,3607,01007_0012_00,01007_0012_01,2,b_card_0009,b_card_0039,1,0,0,0,Playing Possum,1
10070013,1007,降り注ぐ光,1,100004,10070013,3,4,4954,4084,3962,01007_0013_00,01007_0013_01,3,,,1,10070013,0,0,Rain of Light,1
10070014,1007,サプライズ希望☆,2,200003,10070014,3,4,4202,3816,4982,01007_0014_00,01007_0014_01,3,,,4,0,1988,0,Surprise Wish!,1
10080001,1008,白米大好き,1,100001,10080001,1,2,3970,3061,2969,01008_0001_00,01008_0001_01,1,,,1,0,0,0,White Rice Lover,1
10080002,1008,自信はないけど,2,200001,10080002,1,2,2954,3047,3999,01008_0002_00,01008_0002_01,1,,,1,0,0,0,Not Quite Sure...,1
10080003,1008,アイドルへの憧れ,3,300001,10080003,1,2,3035,3764,3201,01008_0003_00,01008_0003_01,1,,,1,0,0,0,Admiration for Idols,1
10080004,1008,頑張ります！,2,200001,10080004,1,2,2993,3127,3880,01008_0004_00,01008_0004_01,1,,,1,0,0,0,I'll Do My Best!,1
10080005,1008,上達したい,3,300001,10080005,1,2,3083,3831,3086,01008_0005_00,01008_0005_01,1,,,1,0,0,0,I Want to Get Better,1
10080006,1008,人見知り,1,100001,10080006,1,2,4017,3121,2862,01008_0006_00,01008_0006_01,1,,,1,0,0,0,Shy,1
10080007,1008,ひとりじゃ寂しい,2,200001,10080007,1,2,3076,3143,3781,01008_0007_00,01008_0007_01,1,,,1,0,0,0,Lonely on My Own,1
10080008,1008,おでかけわくわく,1,100001,10080008,1,2,3843,3219,2938,01008_0008_00,01008_0008_01,1,,,1,0,0,0,Excited for an Outing!,1
10080009,1008,まるごとみかん,3,300001,10080009,1,2,3268,3827,2905,01008_0009_00,01008_0009_01,1,,,1,0,0,0,Whole Mandarin Oranges,1
10080010,1008,炊き立てご飯です♪,1,100002,10080010,2,3,4460,3632,3408,01008_0010_00,01008_0010_01,2,b_card_0001,b_card_0028,1,0,0,0,Freshly Cooked Rice!,1
10080011,1008,ご注文のお品物です♪,2,200002,10080011,2,3,3594,3202,4704,01008_0011_00,01008_0011_01,2,b_card_0003,b_card_0023,1,0,0,0,Your Order Is Here!,1
10080012,1008,不思議なシンパシー,3,300002,10080012,2,3,3322,4681,3497,01008_0012_00,01008_0012_01,2,b_card_0012,b_card_0043,1,0,0,0,Strange Sympathy,1
10080013,1008,µ'sへの想い,3,300004,10080013,3,4,4123,4952,3925,01008_0013_00,01008_0013_01,3,,,1,10080013,0,0,Feelings for μ's,1
10080014,1008,キラキラリップ,1,100003,10080014,3,4,4678,4265,4057,01008_0014_00,01008_0014_01,3,,,4,0,2023,0,Glittering Lips,1
10090001,1009,アイドルオタク,1,100001,10090001,1,2,3706,2950,3344,01009_0001_00,01009_0001_01,1,,,1,0,0,0,Idol Fan,1
10090002,1009,日夜励んで,2,200001,10090002,1,2,2902,3257,3841,01009_0002_00,01009_0002_01,1,,,1,0,0,0,Working Hard Day and Night,1
10090003,1009,かわいい仕草,3,300001,10090003,1,2,3094,3922,2984,01009_0003_00,01009_0003_01,1,,,1,0,0,0,Cute Pose,1
10090004,1009,がんばるにこ！,2,200001,10090004,1,2,2856,3135,4009,01009_0004_00,01009_0004_01,1,,,1,0,0,0,Nico's Giving It Her All!,1
10090005,1009,努力なら任せなさい,3,300001,10090005,1,2,2854,4045,3101,01009_0005_00,01009_0005_01,1,,,1,0,0,0,Leave the Hard Work to Me!,1
10090006,1009,みんなのニコニー,1,100001,10090006,1,2,3839,3104,3057,01009_0006_00,01009_0006_01,1,,,1,0,0,0,Nico-Ni for Everyone!,1
10090007,1009,ぎゅっと抱きしめて,2,200001,10090007,1,2,3049,3349,3602,01009_0007_00,01009_0007_01,1,,,1,0,0,0,Hold Me Tight,1
10090008,1009,お待たせ♪,1,100001,10090008,1,2,3859,2883,3258,01009_0008_00,01009_0008_01,1,,,1,0,0,0,The Wait Is Over!,1
10090009,1009,心身の鍛錬をして,3,300001,10090009,1,2,2851,3935,3214,01009_0009_00,01009_0009_01,1,,,1,0,0,0,Train Your Mind and Body,1
10090010,1009,にっこにっこにー,1,100002,10090010,2,3,4310,3609,3581,01009_0010_00,01009_0010_01,2,b_card_0001,b_card_0028,1,0,0,0,Nico-Nico-Ni!,1
10090011,1009,教えてあげる♪,2,200002,10090011,2,3,3499,3564,4437,01009_0011_00,01009_0011_01,2,b_card_0008,b_card_0028,1,0,0,0,Let Me Show You~!,1
10090012,1009,にこは人気者,3,300002,10090012,2,3,3744,4346,3410,01009_0012_00,01009_0012_01,2,b_card_0002,b_card_0039,1,0,0,0,Nico Is the Popular One!,1
10090013,1009,ありがた～い講義,2,200004,10090013,3,4,3754,4011,5235,01009_0013_00,01009_0013_01,3,,,1,10090013,0,0,A Most Gracious Lecture,1
10090014,1009,スイカケーキ？,3,300003,10090014,3,4,3839,5164,3997,01009_0014_00,01009_0014_01,3,,,4,0,1989,0,Watermelon Cake?,1
20010001,2001,憧れのスクールアイドル,2,200001,20010001,1,2,3256,2951,3793,02001_0001_00,02001_0001_01,1,,,1,0,0,0,Beloved School Idols,1
20010002,2001,夢は叶うよ！,1,100001,20010002,1,2,3982,3042,2976,02001_0002_00,02001_0002_01,1,,,1,0,0,0,Dreams Come True!,1
20010003,2001,やってみなくちゃ,3,300001,20010003,1,2,3124,3873,3003,02001_0003_00,02001_0003_01,1,,,1,0,0,0,Gotta Give It a Shot!,1
20010004,2001,負けず嫌い,2,200001,20010004,1,2,3307,3049,3644,02001_0004_00,02001_0004_01,1,,,1,0,0,0,Sore Loser,1
20010005,2001,遠出の準備,1,100001,20010005,1,2,3779,2929,3292,02001_0005_00,02001_0005_01,1,,,1,0,0,0,Packing for a Trip,1
20010006,2001,想いを馳せて,3,300001,20010006,1,2,3036,4080,2884,02001_0006_00,02001_0006_01,1,,,1,0,0,0,Lost in Thought,1
20010007,2001,水泳日和！,2,200001,20010007,1,2,3289,3088,3623,02001_0007_00,02001_0007_01,1,,,1,0,0,0,Perfect Swimming Weather!,1
20010008,2001,みかんパワー！,1,100002,20010008,2,3,4224,3467,3809,02001_0008_00,02001_0008_01,2,b_card_0045,b_adv_0019,1,0,0,0,Mikan Power!,1
20010009,2001,ブラッシングタイム！,2,200002,20010009,2,3,3483,3608,4409,02001_0009_00,02001_0009_01,2,b_card_0085,b_st_0004,1,0,0,0,Time to Brush!,1
20010010,2001,コアラの眠り,3,300002,20010010,2,3,3513,4440,3547,02001_0010_00,02001_0010_01,2,b_card_0041,b_card_0078,1,0,0,0,Koala Nap,1
20010011,2001,練習帰りの談笑,1,100006,20010011,3,4,5181,3778,4041,02001_0011_00,02001_0011_01,3,,,1,20010011,0,0,Post-Practice Chat,1
20010012,2001,オレンジマーメイド,2,200003,20010012,3,4,4022,3870,5108,02001_0012_00,02001_0012_01,3,,,4,0,2034,0,Orange Mermaid,1
20020001,2002,みんなの力に,2,200001,20020001,1,2,2980,3063,3957,02002_0001_00,02002_0001_01,1,,,1,0,0,0,With Everyone's Support,1
20020002,2002,都会から来た転入生,1,100001,20020002,1,2,3834,3255,2911,02002_0002_00,02002_0002_01,1,,,1,0,0,0,Transfer Student from the City,1
20020003,2002,一緒に楽しもう♪,3,300001,20020003,1,2,3170,3677,3153,02002_0003_00,02002_0003_01,1,,,1,0,0,0,Let's Enjoy This Together!,1
20020004,2002,いい汗かいたね,2,200001,20020004,1,2,3065,2971,3964,02002_0004_00,02002_0004_01,1,,,1,0,0,0,You Put in Some Good Work!,1
20020005,2002,色んな場所に,1,100001,20020005,1,2,4009,2816,3175,02002_0005_00,02002_0005_01,1,,,1,0,0,0,To Various Places,1
20020006,2002,たくさん遊ぼう,3,300001,20020006,1,2,2946,3747,3307,02002_0006_00,02002_0006_01,1,,,1,0,0,0,Let's Play a Lot!,1
20020007,2002,好きになった内浦,3,300001,20020007,1,2,3146,4089,2765,02002_0007_00,02002_0007_01,1,,,1,0,0,0,Falling for Uchiura,1
20020008,2002,新しい自分へ,1,100002,20020008,2,3,4430,3717,3353,02002_0008_00,02002_0008_01,2,b_card_0046,b_adv_0019,1,0,0,0,Toward a New Me,1
20020009,2002,お注射の時間,2,200002,20020009,2,3,3474,3604,4422,02002_0009_00,02002_0009_01,2,b_card_0061,b_st_0004,1,0,0,0,Time for an Injection!,1
20020010,2002,ショーの相棒,3,300002,20020010,2,3,3427,4602,3471,02002_0010_00,02002_0010_01,2,b_card_0041,b_card_0078,1,0,0,0,Performance Partner,1
20020011,2002,トリオの旋律,3,300004,20020011,3,4,4060,5028,3912,02002_0011_00,02002_0011_01,3,,,1,20020011,0,0,Trio's Melody,1
20020012,2002,りんごの誘惑,1,100003,20020012,3,4,4930,4155,3915,02002_0012_00,02002_0012_01,3,,,4,0,2035,0,Apple's Temptation,1
20030001,2003,大人な性格,2,200001,20030001,1,2,3108,3202,3690,02003_0001_00,02003_0001_01,1,,,1,0,0,0,Mature Personality,1
20030002,2003,ショップの手伝い,1,100001,20030002,1,2,3996,2901,3103,02003_0002_00,02003_0002_01,1,,,1,0,0,0,Helping at the Shop,1
20030003,2003,出かけようか,3,300001,20030003,1,2,2827,3954,3219,02003_0003_00,02003_0003_01,1,,,1,0,0,0,Wanna Head Out?,1
20030004,2003,髪を結んで,2,200001,20030004,1,2,3090,3040,3870,02003_0004_00,02003_0004_01,1,,,1,0,0,0,Tie Back Your Hair,1
20030005,2003,遠路はるばる,1,100001,20030005,1,2,3642,3137,3221,02003_0005_00,02003_0005_01,1,,,1,0,0,0,From a Distant Land,1
20030006,2003,機能性抜群,3,300001,20030006,1,2,3124,3856,3020,02003_0006_00,02003_0006_01,1,,,1,0,0,0,All Systems Go,1
20030007,2003,サーフィンもお手の物,1,100001,20030007,1,2,3624,3057,3319,02003_0007_00,02003_0007_01,1,,,1,0,0,0,Surfing Is a Breeze,1
20030008,2003,衣装合わせ,1,100002,20030008,2,3,4646,3317,3537,02003_0008_00,02003_0008_01,2,b_adv_0018,b_adv_0019,1,0,0,0,Costume Fitting,1
20030009,2003,何度でも頑張ろう♪,2,200002,20030009,2,3,3333,3679,4488,02003_0009_00,02003_0009_01,2,b_card_0056,b_adv_0019,1,0,0,0,Let's Keep Trying!,1
20030010,2003,自然に惹かれて,3,300002,20030010,2,3,3750,4318,3432,02003_0010_00,02003_0010_01,2,b_card_0055,b_card_0078,1,0,0,0,Entranced by Nature,1
20030011,2003,頬を撫でる潮風,2,200004,20030011,3,4,4081,3838,5081,02003_0011_00,02003_0011_01,3,,,1,20030011,0,0,Sea Breeze's Caress,1
20030012,2003,ring finger,3,300003,20030012,3,4,4229,4809,3962,02003_0012_00,02003_0012_01,3,,,4,0,2005,0,Ring Finger,1
20040001,2004,名家の子女,2,200001,20040001,1,2,3230,3139,3631,02004_0001_00,02004_0001_01,1,,,1,0,0,0,Daughter of a Distinguished Family,1
20040002,2004,完璧主義者,1,100001,20040002,1,2,3775,3236,2989,02004_0002_00,02004_0002_01,1,,,1,0,0,0,Perfectionist,1
20040003,2004,曲がったことは許さない,3,300001,20040003,1,2,3212,3931,2857,02004_0003_00,02004_0003_01,1,,,1,0,0,0,Zero Tolerance for Wrongdoing,1
20040004,2004,優勝目指して,2,200001,20040004,1,2,3070,3207,3723,02004_0004_00,02004_0004_01,1,,,1,0,0,0,Aim for Victory!,1
20040005,2004,どこまで遠出を？,1,100001,20040005,1,2,4089,2919,2992,02004_0005_00,02004_0005_01,1,,,1,0,0,0,How Far Will You Go?,1
20040006,2004,水門で待ち合わせ,3,300001,20040006,1,2,3177,3994,2829,02004_0006_00,02004_0006_01,1,,,1,0,0,0,Meet at the Sluice Gate,1
20040007,2004,内浦に射す光,1,100001,20040007,1,2,3708,3316,2976,02004_0007_00,02004_0007_01,1,,,1,0,0,0,Lighting Up Uchiura,1
20040008,2004,断固2cm！,1,100002,20040008,2,3,4692,3555,3253,02004_0008_00,02004_0008_01,2,b_card_0047,b_adv_0019,1,0,0,0,The Limit Is 2cm!,1
20040009,2004,Aqoursと申しますわ！,2,200002,20040009,2,3,3476,3754,4270,02004_0009_00,02004_0009_01,2,b_card_0056,b_adv_0019,1,0,0,0,We Are Aqours!,1
20040010,2004,歴史のねじれ,3,300002,20040010,2,3,3758,4281,3461,02004_0010_00,02004_0010_01,2,b_card_0055,b_card_0078,1,0,0,0,Twist of History,1
20040011,2004,姉の日課,1,100004,20040011,3,4,5180,4072,3748,02004_0011_00,02004_0011_01,3,,,1,20040011,0,0,Sister's Daily Routine,1
20040012,2004,狼にご用心,2,200003,20040012,3,4,3749,3943,5308,02004_0012_00,02004_0012_01,3,,,4,0,2006,0,Beware of Wolves,1
20050001,2005,ヨーソロー！,2,200001,20050001,1,2,3201,2911,3888,02005_0001_00,02005_0001_01,1,,,1,0,0,0,Yosoro!,1
20050002,2005,船長志望,1,100001,20050002,1,2,4099,3086,2815,02005_0002_00,02005_0002_01,1,,,1,0,0,0,Aspiring Captain,1
20050003,2005,千歌ちゃんのみかん,3,300001,20050003,1,2,3076,3659,3265,02005_0003_00,02005_0003_01,1,,,1,0,0,0,Chika's Mikans,1
20050004,2005,船出の時間,2,200001,20050004,1,2,2948,3101,3951,02005_0004_00,02005_0004_01,1,,,1,0,0,0,Time to Set Sail,1
20050005,2005,電車で出発！,1,100001,20050005,1,2,4095,2776,3129,02005_0005_00,02005_0005_01,1,,,1,0,0,0,All Aboard!,1
20050006,2005,お邪魔しまっす♪,3,300001,20050006,1,2,2952,3700,3348,02005_0006_00,02005_0006_01,1,,,1,0,0,0,Excuse Me!,1
20050007,2005,海水浴場へ,2,200001,20050007,1,2,3147,3027,3826,02005_0007_00,02005_0007_01,1,,,1,0,0,0,Off to the Beach,1
20050008,2005,衣装作り,1,100002,20050008,2,3,4166,3829,3505,02005_0008_00,02005_0008_01,2,b_card_0048,b_adv_0019,1,0,0,0,Costume Creation,1
20050009,2005,近くで寄り添って,2,200002,20050009,2,3,3723,3484,4293,02005_0009_00,02005_0009_01,2,b_card_0056,b_adv_0019,1,0,0,0,Come a Little Closer,1
20050010,2005,犯人は、お前だ！,3,300002,20050010,2,3,3522,4718,3260,02005_0010_00,02005_0010_01,2,b_card_0060,b_st_0004,1,0,0,0,The Culprit Is You!,1
20050011,2005,耀う水面,3,300004,20050011,3,4,3886,4888,4226,02005_0011_00,02005_0011_01,3,,,1,20050011,0,0,Sparkling Water,1
20050012,2005,花嫁カウントダウン,1,100003,20050012,3,4,4705,3974,4321,02005_0012_00,02005_0012_01,3,,,4,0,2036,0,Bridal Countdown,1
20060001,2006,ヨハネ見参！,2,200001,20060001,1,2,3166,3207,3627,02006_0001_00,02006_0001_01,1,,,1,0,0,0,"Behold, Yohane!",1
20060002,2006,堕天使ヨハネ,1,100001,20060002,1,2,3704,3297,2999,02006_0002_00,02006_0002_01,1,,,1,0,0,0,Fallen Angel Yohane,1
20060003,2006,罪深いアクマなの,3,300001,20060003,1,2,2875,4079,3046,02006_0003_00,02006_0003_01,1,,,1,0,0,0,A Sinful Demon,1
20060004,2006,堕☆天,2,200001,20060004,1,2,3174,3187,3639,02006_0004_00,02006_0004_01,1,,,1,0,0,0,Fall from Grace,1
20060005,2006,仮の姿よ！,1,100001,20060005,1,2,3959,3059,2982,02006_0005_00,02006_0005_01,1,,,1,0,0,0,This Is but a Temporary Form!,1
20060006,2006,堕天してみない？,3,300001,20060006,1,2,3192,3712,3096,02006_0006_00,02006_0006_01,1,,,1,0,0,0,Descend into Darkness with Me?,1
20060007,2006,浜辺の堕天使,3,300001,20060007,1,2,3257,3670,3073,02006_0007_00,02006_0007_01,1,,,1,0,0,0,Seaside Fallen Angel,1
20060008,2006,罪深き闇のドレス,1,100002,20060008,2,3,4421,3573,3506,02006_0008_00,02006_0008_01,2,b_card_0049,b_adv_0019,1,0,0,0,Sinful Dress of Darkness,1
20060009,2006,極上堕天使の応援,2,200002,20060009,2,3,3502,3626,4372,02006_0009_00,02006_0009_01,2,b_card_0056,b_adv_0019,1,0,0,0,Supreme Fallen Angel Cheer,1
20060010,2006,暗黒魔術,3,300002,20060010,2,3,3478,4639,3383,02006_0010_00,02006_0010_01,2,b_card_0033,b_st_0004,1,0,0,0,Black Magic,1
20060011,2006,堕天使じゃんけん,2,200004,20060011,3,4,4071,3931,4998,02006_0011_00,02006_0011_01,3,,,1,20060011,0,0,Fallen Angel Rock-Paper-Scissors,1
20060012,2006,煉獄の紅焔への降臨,3,300003,20060012,3,4,3994,5223,3783,02006_0012_00,02006_0012_01,3,,,4,0,1951,0,Descent into Crimson Flames,1
20070001,2007,お寺の娘,2,200001,20070001,1,2,3141,3189,3670,02007_0001_00,02007_0001_01,1,,,1,0,0,0,Temple Daughter,1
20070002,2007,読書大好き,1,100001,20070002,1,2,3836,3051,3113,02007_0002_00,02007_0002_01,1,,,1,0,0,0,Bookworm,1
20070003,2007,休日は図書館へ,3,300001,20070003,1,2,3147,3842,3011,02007_0003_00,02007_0003_01,1,,,1,0,0,0,Spending a Day at the Library,1
20070004,2007,オラも頑張る,2,200001,20070004,1,2,2863,3100,4037,02007_0004_00,02007_0004_01,1,,,1,0,0,0,I'll Give It My All!,1
20070005,2007,文学少女のお出掛け,1,100001,20070005,1,2,3896,3078,3026,02007_0005_00,02007_0005_01,1,,,1,0,0,0,Bookworm's Day Out,1
20070006,2007,聖歌隊の練習後に,3,300001,20070006,1,2,2949,3925,3126,02007_0006_00,02007_0006_01,1,,,1,0,0,0,After Choir Practice,1
20070007,2007,内浦の浅瀬で,1,100001,20070007,1,2,3850,2990,3160,02007_0007_00,02007_0007_01,1,,,1,0,0,0,In Uchiura's Shallows,1
20070008,2007,本は財産,1,100002,20070008,2,3,4206,3734,3560,02007_0008_00,02007_0008_01,2,b_card_0050,b_adv_0019,1,0,0,0,Books Are Treasures,1
20070009,2007,毎日が大冒険♪,2,200002,20070009,2,3,3598,3749,4153,02007_0009_00,02007_0009_01,2,b_card_0055,b_card_0078,1,0,0,0,Every Day's a Grand Adventure!,1
20070010,2007,ボールを四角く,3,300002,20070010,2,3,3725,4218,3557,02007_0010_00,02007_0010_01,2,b_card_0063,b_st_0004,1,0,0,0,Cubify the Ball,1
20070011,2007,アフターランチ,1,100004,20070011,3,4,4877,4127,3996,02007_0011_00,02007_0011_01,3,,,1,20070011,0,0,After Lunch,1
20070012,2007,色褪せぬ美しさ,2,200003,20070012,3,4,4009,4181,4810,02007_0012_00,02007_0012_01,3,,,4,0,1952,0,Unfading Beauty,1
20080001,2008,チャオ♪,2,200001,20080001,1,2,2891,3097,4012,02008_0001_00,02008_0001_01,1,,,1,0,0,0,Ciao♪,1
20080002,2008,理事長,1,100001,20080002,1,2,3665,3137,3198,02008_0002_00,02008_0002_01,1,,,1,0,0,0,Chairwoman,1
20080003,2008,シャイニー☆,3,300001,20080003,1,2,3092,3715,3193,02008_0003_00,02008_0003_01,1,,,1,0,0,0,Shiny☆,1
20080004,2008,恐れ知らずの挑戦者,2,200001,20080004,1,2,3346,2976,3678,02008_0004_00,02008_0004_01,1,,,1,0,0,0,Fearless Challenger,1
20080005,2008,乗馬のレッスン,1,100001,20080005,1,2,3859,3020,3121,02008_0005_00,02008_0005_01,1,,,1,0,0,0,Horseback Riding Lessons,1
20080006,2008,マリーとおでかけ,3,300001,20080006,1,2,3159,4078,2763,02008_0006_00,02008_0006_01,1,,,1,0,0,0,Out and About with Mari,1
20080007,2008,内浦が一番♪,3,300001,20080007,1,2,3151,3807,3042,02008_0007_00,02008_0007_01,1,,,1,0,0,0,Uchiura's the Best!,1
20080008,2008,リゾートコーデ,1,100002,20080008,2,3,4547,3338,3615,02008_0008_00,02008_0008_01,2,b_card_0051,b_adv_0019,1,0,0,0,Resort Outfit,1
20080009,2008,愛の調剤,2,200002,20080009,2,3,3244,3643,4613,02008_0009_00,02008_0009_01,2,b_card_0061,b_st_0004,1,0,0,0,Love Potion,1
20080010,2008,熱いパッション,3,300002,20080010,2,3,3362,4594,3544,02008_0010_00,02008_0010_01,2,b_card_0041,b_card_0078,1,0,0,0,Burning Passion,1
20080011,2008,風光明媚,3,300004,20080011,3,4,4086,4760,4154,02008_0011_00,02008_0011_01,3,,,1,20080011,0,0,So Picturesque,1
20080012,2008,フルーツカーニバル♪,1,100003,20080012,3,4,4797,3980,4223,02008_0012_00,02008_0012_01,3,,,4,0,2007,0,Fruit Carnival!,1
20090001,2009,泣き虫さん,2,200001,20090001,1,2,3103,2805,4092,02009_0001_00,02009_0001_01,1,,,1,0,0,0,Crybaby,1
20090002,2009,臆病だって,1,100001,20090002,1,2,3660,3059,3281,02009_0002_00,02009_0002_01,1,,,1,0,0,0,Easily Scared,1
20090003,2009,得意の裁縫,3,300001,20090003,1,2,3108,3951,2941,02009_0003_00,02009_0003_01,1,,,1,0,0,0,Sewing Expert,1
20090004,2009,アイドル目指して,2,200001,20090004,1,2,3156,2832,4012,02009_0004_00,02009_0004_01,1,,,1,0,0,0,Aiming to Be an Idol,1
20090005,2009,行こうよ遠くまで,1,100001,20090005,1,2,3719,3228,3053,02009_0005_00,02009_0005_01,1,,,1,0,0,0,Let's Go Far Away!,1
20090006,2009,お姉ちゃん待ち,3,300001,20090006,1,2,2860,3892,3248,02009_0006_00,02009_0006_01,1,,,1,0,0,0,Waiting for My Sister,1
20090007,2009,砂浜の温度,2,200001,20090007,1,2,2884,3263,3853,02009_0007_00,02009_0007_01,1,,,1,0,0,0,Warmth of the Sandy Beach,1
20090008,2009,出来るもんっ,1,100002,20090008,2,3,4516,3604,3380,02009_0008_00,02009_0008_01,2,b_card_0052,b_adv_0019,1,0,0,0,I Can Do It!,1
20090009,2009,目指せチアガールさん,2,200002,20090009,2,3,3542,3760,4198,02009_0009_00,02009_0009_01,2,b_card_0056,b_adv_0019,1,0,0,0,Aiming to Be a Cheerleader,1
20090010,2009,ルビィの勇気,3,300002,20090010,2,3,3556,4382,3562,02009_0010_00,02009_0010_01,2,b_card_0041,b_card_0078,1,0,0,0,Ruby's Courage,1
20090011,2009,おねぼうさん,2,200004,20090011,3,4,4249,4054,4697,02009_0011_00,02009_0011_01,3,,,1,20090011,0,0,Sleepyhead,1
20090012,2009,お花がポイント,3,300003,20090012,3,4,3982,4735,4283,02009_0012_00,02009_0012_01,3,,,4,0,1953,0,Collect the Flowers!,1
30010001,3001,しとやかに,1,100001,30010001,1,2,3671,3226,3103,03001_0001_00,03001_0001_01,1,,,1,0,0,0,Gracefully,1
30010002,3001,一歩ずつ,2,200001,30010002,1,2,3228,2983,3789,03001_0002_00,03001_0002_01,1,,,1,0,0,0,One Step at a Time,1
30010003,3001,努力家,3,300001,30010003,1,2,2907,4025,3068,03001_0003_00,03001_0003_01,1,,,1,0,0,0,Hard Worker,1
30010004,3001,夜空に咲く花,1,100002,30010004,2,3,4267,3708,3525,03001_0004_00,03001_0004_01,2,b_card_0013,b_adv_0019,1,0,0,0,Flower in the Night Sky,1
30010005,3001,涼やかに咲く花,2,200002,30010005,2,3,3600,3402,4498,03001_0005_00,03001_0005_01,2,b_card_0081,b_card_0074,1,0,0,0,Coolly Blooming Flower,1
30010006,3001,イースターの兎さん♡,3,300002,30010006,2,3,3576,4202,3722,03001_0006_00,03001_0006_01,2,b_card_0003,b_adv_0021,1,0,0,0,Easter Bunny ♡,1
30010007,3001,隣にいるよ,3,300007,30010007,3,4,4136,4805,4059,03001_0007_00,03001_0007_01,3,,,1,30010007,0,0,Right Beside You,1
30020001,3002,小悪魔,1,100001,30020001,1,2,4101,3024,2875,03002_0001_00,03002_0001_01,1,,,1,0,0,0,Little Devil,1
30020002,3002,かすみん♡,2,200001,30020002,1,2,2986,3318,3696,03002_0002_00,03002_0002_01,1,,,1,0,0,0,Kasumin!,1
30020003,3002,可愛さ研究,3,300001,30020003,1,2,2831,3970,3199,03002_0003_00,03002_0003_01,1,,,1,0,0,0,Cuteness Studies,1
30020004,3002,金糸雀かすみん,1,100002,30020004,2,3,4216,3688,3596,03002_0004_00,03002_0004_01,2,b_card_0013,b_adv_0019,1,0,0,0,Canary Kasumin,1
30020005,3002,ヘルシーキュート,2,200002,30020005,2,3,3436,3359,4705,03002_0005_00,03002_0005_01,2,b_card_0081,b_card_0074,1,0,0,0,Healthy & Cute,1
30020006,3002,かすみんと探そっ♪,3,300002,30020006,2,3,3367,4431,3702,03002_0006_00,03002_0006_01,2,b_card_0003,b_adv_0021,1,0,0,0,Searching with Kasumin!,1
30020007,3002,レインボーコッペパン,1,100004,30020007,3,4,4799,4265,3936,03002_0007_00,03002_0007_01,3,,,1,30020007,0,0,Rainbow Koppepan,1
30030001,3003,赤いリボン,1,100001,30030001,1,2,3629,3230,3141,03003_0001_00,03003_0001_01,1,,,1,0,0,0,Red Ribbon,1
30030002,3003,しっかり者,2,200001,30030002,1,2,3095,3015,3890,03003_0002_00,03003_0002_01,1,,,1,0,0,0,Capable & Collected,1
30030003,3003,演劇部兼部,3,300001,30030003,1,2,3060,3626,3314,03003_0003_00,03003_0003_01,1,,,1,0,0,0,Theater Club Too,1
30030004,3003,紺碧のヒロイン,1,100002,30030004,2,3,4302,3421,3777,03003_0004_00,03003_0004_01,2,b_card_0013,b_adv_0019,1,0,0,0,Azure Heroine,1
30030005,3003,涼を求めて,2,200002,30030005,2,3,3547,3508,4445,03003_0005_00,03003_0005_01,2,b_card_0081,b_card_0074,1,0,0,0,Seeking Cool Relief,1
30030006,3003,お茶会でひとやすみ,3,300002,30030006,2,3,3663,4248,3589,03003_0006_00,03003_0006_01,2,b_card_0003,b_adv_0021,1,0,0,0,A Break at Tea Time,1
30030007,3003,素の自分で,2,200004,30030007,3,4,3906,4293,4801,03003_0007_00,03003_0007_01,3,,,1,30030007,0,0,My True Self,1
30040001,3004,読者モデル,1,100001,30040001,1,2,4070,3030,2900,03004_0001_00,03004_0001_01,1,,,1,0,0,0,Magazine Model,1
30040002,3004,頼りになる存在,2,200001,30040002,1,2,3048,3202,3750,03004_0002_00,03004_0002_01,1,,,1,0,0,0,A Dependable Ally,1
30040003,3004,ストイックに,3,300001,30040003,1,2,3066,3788,3146,03004_0003_00,03004_0003_01,1,,,1,0,0,0,With Stoic Resolve,1
30040004,3004,薫る夏扇子,1,100002,30040004,2,3,4455,3543,3502,03004_0004_00,03004_0004_01,2,b_card_0013,b_adv_0019,1,0,0,0,Fragrant Summer Fan,1
30040005,3004,情熱は胸の奥に,2,200002,30040005,2,3,3355,3693,4452,03004_0005_00,03004_0005_01,2,b_card_0081,b_card_0074,1,0,0,0,Passion Deep Within,1
30040006,3004,たまにはキュートに,3,300002,30040006,2,3,3414,4547,3539,03004_0006_00,03004_0006_01,2,b_card_0003,b_adv_0021,1,0,0,0,Cute for a Change,1
30040007,3004,クオリティの追求,3,300004,30040007,3,4,3960,5024,4016,03004_0007_00,03004_0007_01,3,,,1,30040007,0,0,The Pursuit of Quality,1
30050001,3005,みんなの太陽,1,100001,30050001,1,2,3931,3168,2901,03005_0001_00,03005_0001_01,1,,,1,0,0,0,Everyone's Sun,1
30050002,3005,助っ人,2,200001,30050002,1,2,3030,3034,3936,03005_0002_00,03005_0002_01,1,,,1,0,0,0,Helper,1
30050003,3005,向上心,3,300001,30050003,1,2,2841,3971,3188,03005_0003_00,03005_0003_01,1,,,1,0,0,0,Ambition,1
30050004,3005,真夏の太陽,1,100002,30050004,2,3,4263,3594,3643,03005_0004_00,03005_0004_01,2,b_card_0013,b_adv_0019,1,0,0,0,Midsummer Sun,1
30050005,3005,はじける笑顔と水風船,2,200002,30050005,2,3,3622,3280,4598,03005_0005_00,03005_0005_01,2,b_card_0081,b_card_0074,1,0,0,0,Beaming Smile & Water Balloons,1
30050006,3005,ハッピーイースター,3,300002,30050006,2,3,3265,4693,3542,03005_0006_00,03005_0006_01,2,b_card_0003,b_adv_0021,1,0,0,0,Happy Easter!,1
30050007,3005,チェンジオブペース,1,100004,30050007,3,4,4871,3888,4241,03005_0007_00,03005_0007_01,3,,,1,30050007,0,0,A Change of Pace,1
30060001,3006,マイペース,1,100001,30060001,1,2,3940,3070,2990,03006_0001_00,03006_0001_01,1,,,1,0,0,0,At My Own Pace,1
30060002,3006,すやぴー……,2,200001,30060002,1,2,3067,3078,3855,03006_0002_00,03006_0002_01,1,,,1,0,0,0,Zzz…,1
30060003,3006,姉として,3,300001,30060003,1,2,2927,3878,3195,03006_0003_00,03006_0003_01,1,,,1,0,0,0,As an Older Sister,1
30060004,3006,夏だって夢の国へ,1,100002,30060004,2,3,4511,3642,3347,03006_0004_00,03006_0004_01,2,b_card_0013,b_adv_0019,1,0,0,0,Summer Dreamland,1
30060005,3006,朝凪のおでかけ,2,200002,30060005,2,3,3796,3417,4287,03006_0005_00,03006_0005_01,2,b_card_0081,b_card_0074,1,0,0,0,Calm Morning Outing,1
30060006,3006,うさぎさんがご案内,3,300002,30060006,2,3,3473,4671,3356,03006_0006_00,03006_0006_01,2,b_card_0003,b_adv_0021,1,0,0,0,The Rabbit Will Guide You,1
30060007,3006,姉妹の食卓,2,200004,30060007,3,4,3848,3959,5193,03006_0007_00,03006_0007_01,3,,,1,30060007,0,0,Sisters' Dinner Table,1
30070001,3007,熱血真面目,1,100001,30070001,1,2,3865,3007,3128,03007_0001_00,03007_0001_01,1,,,1,0,0,0,Hot-Blooded & Earnest,1
30070002,3007,変身ヒーロー,2,200001,30070002,1,2,3289,2894,3817,03007_0002_00,03007_0002_01,1,,,1,0,0,0,Transforming Hero,1
30070003,3007,アツいココロ,3,300001,30070003,1,2,3294,3643,3063,03007_0003_00,03007_0003_01,1,,,1,0,0,0,A Burning Heart,1
30070004,3007,太陽の下で輝いて,1,100002,30070004,2,3,4700,3536,3264,03007_0004_00,03007_0004_01,2,b_card_0013,b_adv_0019,1,0,0,0,Shine Under the Sun,1
30070005,3007,紅緋のかざぐるま,2,200002,30070005,2,3,3799,3533,4168,03007_0005_00,03007_0005_01,2,b_card_0081,b_card_0074,1,0,0,0,Crimson Pinwheel,1
30070006,3007,エッグ発見♪,3,300002,30070006,2,3,3436,4564,3500,03007_0006_00,03007_0006_01,2,b_card_0003,b_adv_0021,1,0,0,0,I Found an Egg!,1
30070007,3007,大好きを伝えたい！,3,300004,30070007,3,4,3802,5139,4059,03007_0007_00,03007_0007_01,3,,,1,30070007,0,0,I Want to Tell You I Love You!,1
30080001,3008,おっとりマイペース,1,100001,30080001,1,2,4018,3014,2968,03008_0001_00,03008_0001_01,1,,,1,0,0,0,Calm and Easygoing,1
30080002,3008,スイスの空気,2,200001,30080002,1,2,3205,3109,3686,03008_0002_00,03008_0002_01,1,,,1,0,0,0,Swiss Air,1
30080003,3008,みんなの支え,3,300001,30080003,1,2,2963,3994,3043,03008_0003_00,03008_0003_01,1,,,1,0,0,0,Everyone's Support,1
30080004,3008,夏の木漏れ日の下,1,100002,30080004,2,3,4539,3480,3481,03008_0004_00,03008_0004_01,2,b_card_0013,b_adv_0019,1,0,0,0,Under Summer's Dappled Light,1
30080005,3008,かき氷の清涼感,2,200002,30080005,2,3,3534,3713,4253,03008_0005_00,03008_0005_01,2,b_card_0081,b_card_0074,1,0,0,0,The Cool of Shaved Ice,1
30080006,3008,可愛い卵見つけたよ,3,300002,30080006,2,3,3518,4401,3581,03008_0006_00,03008_0006_01,2,b_card_0003,b_adv_0021,1,0,0,0,I Found a Cute Egg!,1
30080007,3008,爽やかな木漏れ日,1,100004,30080007,3,4,5327,3807,3866,03008_0007_00,03008_0007_01,3,,,1,30080007,0,0,Refreshing Dappled Light,1
30090001,3009,やりたいこと,1,100001,30090001,1,2,3594,3070,3336,03009_0001_00,03009_0001_01,1,,,1,0,0,0,What I Want to Do,1
30090002,3009,気持ちを繋げる,2,200001,30090002,1,2,2982,3078,3940,03009_0002_00,03009_0002_01,1,,,1,0,0,0,Connecting Hearts,1
30090003,3009,璃奈ちゃんボード,3,300001,30090003,1,2,2987,3833,3180,03009_0003_00,03009_0003_01,1,,,1,0,0,0,Rina-chan Board,1
30090004,3009,璃奈ちゃんうちわ,1,100002,30090004,2,3,4323,3728,3449,03009_0004_00,03009_0004_01,2,b_card_0013,b_adv_0019,1,0,0,0,Rina-chan Fan,1
30090005,3009,避暑地で涼もう,2,200002,30090005,2,3,3670,3660,4170,03009_0005_00,03009_0005_01,2,b_card_0081,b_card_0074,1,0,0,0,Cooling Off at the Resort,1
30090006,3009,イースターバルーン,3,300002,30090006,2,3,3558,4442,3500,03009_0006_00,03009_0006_01,2,b_card_0003,b_adv_0021,1,0,0,0,Easter Balloon,1
30090007,3009,お散歩役員のお世話,2,200004,30090007,3,4,3810,3916,5274,03009_0007_00,03009_0007_01,3,,,1,30090007,0,0,Tending the Walk Crew,1
30100001,3010,夢の始まり,1,100001,30100001,1,2,3757,2955,3288,03010_0001_00,03010_0001_01,1,,,1,0,0,0,Where Dreams Begin,1
30100002,3010,みんなのために,2,200001,30100002,1,2,3093,3098,3809,03010_0002_00,03010_0002_01,1,,,1,0,0,0,For Everyone's Sake,1
30100003,3010,努力を重ねて,3,300001,30100003,1,2,2790,4032,3178,03010_0003_00,03010_0003_01,1,,,1,0,0,0,Steady Effort,1
30100004,3010,そよぐ花萌葱,1,100002,30100004,2,3,4378,3496,3626,03010_0004_00,03010_0004_01,2,b_card_0013,b_adv_0019,1,0,0,0,Fluttering Spring Greens,1
30100005,3010,半日陰で咲く,2,200002,30100005,2,3,3587,3490,4423,03010_0005_00,03010_0005_01,2,b_card_0081,b_card_0074,1,0,0,0,Blooming in the Shade,1
30100006,3010,復活の象徴,3,300002,30100006,2,3,3369,4423,3708,03010_0006_00,03010_0006_01,2,b_card_0003,b_adv_0021,1,0,0,0,A Symbol of Revival,1
30100007,3010,精進あるのみ,3,300004,30100007,3,4,4111,4704,4185,03010_0007_00,03010_0007_01,3,,,1,30100007,0,0,Keep Striving Forward!,1
30110001,3011,飛び級転入生,1,100001,30110001,1,2,3840,2942,3218,03011_0001_00,03011_0001_01,1,,,1,0,0,0,Grade-Skipping Transfer Student,1
30110002,3011,NewYorker,2,200001,30110002,1,2,3307,2987,3706,03011_0002_00,03011_0002_01,1,,,1,0,0,0,New Yorker,1
30110003,3011,ボクの曲,3,300001,30110003,1,2,2908,3870,3222,03011_0003_00,03011_0003_01,1,,,1,0,0,0,My Song,1
30110004,3011,浴衣に挑戦,1,100002,30110004,2,3,4610,3345,3545,03011_0004_00,03011_0004_01,2,b_card_0013,b_adv_0019,1,0,0,0,Trying On a Yukata,1
30110005,3011,しゅわっとラムネ,2,200002,30110005,2,3,3820,3511,4169,03011_0005_00,03011_0005_01,2,b_card_0081,b_card_0074,1,0,0,0,Fizzy Ramune,1
30110006,3011,エッグはどこに？,3,300002,30110006,2,3,3703,4384,3413,03011_0006_00,03011_0006_01,2,b_card_0003,b_adv_0021,1,0,0,0,Where Are the Eggs?,1
30110007,3011,渾身の作曲,1,100004,30110007,3,4,4815,4179,4006,03011_0007_00,03011_0007_01,3,,,1,30110007,0,0,Composing with All My Heart,1
30120001,3012,無問題ラ！,1,100001,30120001,1,2,4048,2794,3158,03012_0001_00,03012_0001_01,1,,,1,0,0,0,"No Problem, Ra!",1
30120002,3012,香港出身,2,200001,30120002,1,2,3014,2909,4077,03012_0002_00,03012_0002_01,1,,,1,0,0,0,Born in Hong Kong,1
30120003,3012,何でもできる,3,300001,30120003,1,2,3167,3945,2888,03012_0003_00,03012_0003_01,1,,,1,0,0,0,I Can Do Anything,1
30120004,3012,軽やかな足取り,1,100002,30120004,2,3,4661,3368,3471,03012_0004_00,03012_0004_01,2,b_card_0013,b_adv_0019,1,0,0,0,Light Footsteps,1
30120005,3012,パリパリりんご飴,2,200002,30120005,2,3,3380,3717,4403,03012_0005_00,03012_0005_01,2,b_card_0081,b_card_0074,1,0,0,0,Crunchy Candy Apple,1
30120006,3012,フルーツサンド,3,300002,30120006,2,3,3676,4155,3669,03012_0006_00,03012_0006_01,2,b_card_0003,b_adv_0021,1,0,0,0,Fruit Sandwich,1
30120007,3012,ライバルで仲間,2,200004,30120007,3,4,4124,3946,4930,03012_0007_00,03012_0007_01,3,,,1,30120007,0,0,Friends and Rivals,1
40010001,4001,諦めないキモチ,1,100001,40010001,1,2,3861,2923,3216,04001_0001_00,04001_0001_01,1,,,1,0,0,0,Never-Give-Up Spirit,1
40010002,4001,歌うのが好き,2,200001,40010002,1,2,3092,2832,4076,04001_0002_00,04001_0002_01,1,,,1,0,0,0,I Love to Sing,1
40010003,4001,おうちで唄おう,3,300001,40010003,1,2,3089,3807,3104,04001_0003_00,04001_0003_01,1,,,1,0,0,0,Sing Along at Home,1
40010004,4001,みんなを元気に,1,100002,40010004,2,3,4457,3676,3367,04001_0004_00,04001_0004_01,2,b_card_0084,b_st_0004,1,0,0,0,Energizing Everyone!,1
40010005,4001,ちょっぴりシャイでも,2,200002,40010005,2,3,3428,3720,4352,04001_0005_00,04001_0005_01,2,b_card_0073,b_card_0013,1,0,0,0,"A Little Shy, But…",1
40010006,4001,原宿に繰り出そう,3,300002,40010006,2,3,3501,4166,3833,04001_0006_00,04001_0006_01,2,b_card_0082,b_card_0083,1,0,0,0,Off to Harajuku!,1
40010007,4001,想いを胸に,1,100008,40010007,3,4,5292,3855,3853,04001_0007_00,04001_0007_01,3,,,1,40010007,0,0,Feelings in My Heart,1
40020001,4002,一直線！,1,100001,40020001,1,2,3617,3318,3065,04002_0001_00,04002_0001_01,1,,,1,0,0,0,Straight Ahead!,1
40020002,4002,上海出身,2,200001,40020002,1,2,3084,3089,3827,04002_0002_00,04002_0002_01,1,,,1,0,0,0,Born in Shanghai,1
40020003,4002,おうちでおめかし,3,300001,40020003,1,2,3163,3910,2927,04002_0003_00,04002_0003_01,1,,,1,0,0,0,Dressing Up at Home,1
40020004,4002,精一杯頑張るのデス！,1,100002,40020004,2,3,4379,3458,3663,04002_0004_00,04002_0004_01,2,b_card_0084,b_st_0004,1,0,0,0,I'll Do My Very Best!,1
40020005,4002,パワフルな情熱家,2,200002,40020005,2,3,3518,3736,4246,04002_0005_00,04002_0005_01,2,b_card_0073,b_card_0013,1,0,0,0,Powerfully Passionate,1
40020006,4002,ラフにキメて☆,3,300002,40020006,2,3,3541,4499,3460,04002_0006_00,04002_0006_01,2,b_card_0082,b_card_0083,1,0,0,0,Keeping It Casual☆,1
40020007,4002,衣装スタイリスト,3,300004,40020007,3,4,3825,4983,4192,04002_0007_00,04002_0007_01,3,,,1,40020007,0,0,Costume Stylist,1
40030001,4003,ダンス担当,1,100001,40030001,1,2,4048,2917,3035,04003_0001_00,04003_0001_01,1,,,1,0,0,0,Choreographer,1
40030002,4003,丸いものラブ,2,200001,40030002,1,2,3293,3093,3614,04003_0002_00,04003_0002_01,1,,,1,0,0,0,Love for Round Things,1
40030003,4003,おうちでサプライズ,3,300001,40030003,1,2,3063,3804,3133,04003_0003_00,04003_0003_01,1,,,1,0,0,0,Surprise at Home,1
40030004,4003,一緒に踊ろう,1,100002,40030004,2,3,4463,3354,3683,04003_0004_00,04003_0004_01,2,b_card_0084,b_st_0004,1,0,0,0,Let's Dance Together,1
40030005,4003,たこ焼き食べる？,2,200002,40030005,2,3,3643,3326,4531,04003_0005_00,04003_0005_01,2,b_card_0073,b_card_0013,1,0,0,0,Want Some Takoyaki?,1
40030006,4003,軽快な挨拶♪,3,300002,40030006,2,3,3418,4471,3611,04003_0006_00,04003_0006_01,2,b_card_0082,b_card_0083,1,0,0,0,A Breezy Greeting!,1
40030007,4003,先輩のステップ,2,200004,40030007,3,4,3777,4028,5195,04003_0007_00,04003_0007_01,3,,,1,40030007,0,0,A Senior's Steps,1
40040001,4004,ショウビズ精神,1,100001,40040001,1,2,3936,2971,3093,04004_0001_00,04004_0001_01,1,,,1,0,0,0,The Showbiz Spirit,1
40040002,4004,ジョーカー的存在,2,200001,40040002,1,2,3114,3134,3752,04004_0002_00,04004_0002_01,1,,,1,0,0,0,A True Wildcard,1
40040003,4004,おうちでカンパイ☆,3,300001,40040003,1,2,2985,3636,3379,04004_0003_00,04004_0003_01,1,,,1,0,0,0,A Cozy Cheers☆,1
40040004,4004,ギャラクシー！,1,100002,40040004,2,3,4628,3340,3532,04004_0004_00,04004_0004_01,2,b_card_0084,b_st_0004,1,0,0,0,Galaxy!,1
40040005,4004,舞い戻った表舞台,2,200002,40040005,2,3,3544,3800,4156,04004_0005_00,04004_0005_01,2,b_card_0073,b_card_0013,1,0,0,0,Back to Center Stage,1
40040006,4004,厚底で往く！,3,300002,40040006,2,3,3597,4267,3636,04004_0006_00,04004_0006_01,2,b_card_0082,b_card_0083,1,0,0,0,Striding in Platforms!,1
40040007,4004,両腕いっぱい,1,100004,40040007,3,4,5052,3842,4106,04004_0007_00,04004_0007_01,3,,,1,40040007,0,0,Arms Full,1
40050001,4005,優等生,1,100001,40050001,1,2,3664,3305,3031,04005_0001_00,04005_0001_01,1,,,1,0,0,0,Honor Student,1
40050002,4005,お嬢様,2,200001,40050002,1,2,3249,2907,3844,04005_0002_00,04005_0002_01,1,,,1,0,0,0,Young Lady,1
40050003,4005,おうちを飾り付け,3,300001,40050003,1,2,3146,4034,2820,04005_0003_00,04005_0003_01,1,,,1,0,0,0,Decorating the House,1
40050004,4005,たゆまぬ努力,1,100002,40050004,2,3,4248,3512,3740,04005_0004_00,04005_0004_01,2,b_card_0084,b_st_0004,1,0,0,0,Tireless Effort,1
40050005,4005,みなさんの模範に,2,200002,40050005,2,3,3644,3547,4309,04005_0005_00,04005_0005_01,2,b_card_0073,b_card_0013,1,0,0,0,A Role Model for All,1
40050006,4005,ゆるリラコーデ,3,300002,40050006,2,3,3454,4206,3840,04005_0006_00,04005_0006_01,2,b_card_0082,b_card_0083,1,0,0,0,Loungewear Look,1
40050007,4005,母の残した結ヶ丘,3,300004,40050007,3,4,3878,4947,4175,04005_0007_00,04005_0007_01,3,,,1,40050007,0,0,Mother's Yuigaoka,1
40060001,4006,北の大地から,1,100001,40060001,1,2,3817,2979,3204,04006_0001_00,04006_0001_01,1,,,1,0,0,0,From the Far North,1
40060002,4006,明るく大らか,2,200001,40060002,1,2,3150,3244,3606,04006_0002_00,04006_0002_01,1,,,1,0,0,0,Bright and Easygoing,1
40060003,4006,おうちで休憩,3,300001,40060003,1,2,3032,3913,3055,04006_0003_00,04006_0003_01,1,,,1,0,0,0,Resting at Home,1
40060004,4006,キラキラを目指して,1,100002,40060004,2,3,4429,3552,3519,04006_0004_00,04006_0004_01,2,b_card_0084,b_st_0004,1,0,0,0,Aiming for the Sparkle!,1
40060005,4006,頑張るっす！,2,200002,40060005,2,3,3441,3772,4287,04006_0005_00,04006_0005_01,2,b_card_0073,b_card_0013,1,0,0,0,Giving It My All!,1
40060006,4006,ガーリーと合わせて,3,300002,40060006,2,3,3857,4152,3491,04006_0006_00,04006_0006_01,2,b_card_0082,b_card_0083,1,0,0,0,Going for Girly,1
40060007,4006,地上２３０メートル,2,200004,40060007,3,4,4042,4197,4761,04006_0007_00,04006_0007_01,3,,,1,40060007,0,0,230 Meters Up,1
40070001,4007,やってみたい,1,100001,40070001,1,2,3683,3061,3256,04007_0001_00,04007_0001_01,1,,,1,0,0,0,I Want to Try,1
40070002,4007,四季と共に,2,200001,40070002,1,2,2910,3289,3801,04007_0002_00,04007_0002_01,1,,,1,0,0,0,With the Seasons,1
40070003,4007,おうちでパーティ,3,300001,40070003,1,2,3268,3856,2876,04007_0003_00,04007_0003_01,1,,,1,0,0,0,House Party!,1
40070004,4007,……応援よろしく,1,100002,40070004,2,3,4391,3371,3738,04007_0004_00,04007_0004_01,2,b_card_0084,b_st_0004,1,0,0,0,…Please Cheer Me On,1
40070005,4007,私も夢に向かって,2,200002,40070005,2,3,3604,3240,4656,04007_0005_00,04007_0005_01,2,b_card_0073,b_card_0013,1,0,0,0,Chasing My Dream Too,1
40070006,4007,クールにおめかし,3,300002,40070006,2,3,3351,4408,3741,04007_0006_00,04007_0006_01,2,b_card_0082,b_card_0083,1,0,0,0,Dressing Up Cool,1
40070007,4007,コンプリート目前,1,100004,40070007,3,4,4976,3847,4177,04007_0007_00,04007_0007_01,3,,,1,40070007,0,0,Almost Complete,1
40080001,4008,科学部兼務,1,100001,40080001,1,2,3649,3262,3089,04008_0001_00,04008_0001_01,1,,,1,0,0,0,Science Club Too,1
40080002,4008,メイと共に,2,200001,40080002,1,2,3055,3289,3656,04008_0002_00,04008_0002_01,1,,,1,0,0,0,Together with Mei,1
40080003,4008,おうちでまったり,3,300001,40080003,1,2,3043,3887,3070,04008_0003_00,04008_0003_01,1,,,1,0,0,0,Chilling at Home,1
40080004,4008,冷静沈着ミステリアス,1,100002,40080004,2,3,4476,3384,3640,04008_0004_00,04008_0004_01,2,b_card_0084,b_st_0004,1,0,0,0,Cool and Mysterious,1
40080005,4008,賑やかも悪くない,2,200002,40080005,2,3,3557,3490,4453,04008_0005_00,04008_0005_01,2,b_card_0073,b_card_0013,1,0,0,0,Lively Isn't Bad,1
40080006,4008,一枚でもサマに,3,300002,40080006,2,3,3249,4671,3580,04008_0006_00,04008_0006_01,2,b_card_0082,b_card_0083,1,0,0,0,One Shot Is Enough to Shine,1
40080007,4008,放課後の科学室,3,300004,40080007,3,4,4095,4736,4169,04008_0007_00,04008_0007_01,3,,,1,40080007,0,0,After-School Science Lab,1
40090001,4009,オニサプリ,1,100001,40090001,1,2,3728,3040,3232,04009_0001_00,04009_0001_01,1,,,1,0,0,0,Oni Supplement,1
40090002,4009,マニーの匂い,2,200001,40090002,1,2,2935,3132,3933,04009_0002_00,04009_0002_01,1,,,1,0,0,0,I Smell Money,1
40090003,4009,心弾むおうち,3,300001,40090003,1,2,2953,4064,2983,04009_0003_00,04009_0003_01,1,,,1,0,0,0,A Heart-Lifting Home,1
40090004,4009,盛り上げますの！,1,100002,40090004,2,3,4321,3495,3684,04009_0004_00,04009_0004_01,2,b_card_0084,b_st_0004,1,0,0,0,I'll Hype Everyone Up!,1
40090005,4009,見つけた新たな夢,2,200002,40090005,2,3,3571,3252,4677,04009_0005_00,04009_0005_01,2,b_card_0073,b_card_0013,1,0,0,0,A Newfound Dream,1
40090006,4009,甘♡辛ピース,3,300002,40090006,2,3,3433,4638,3429,04009_0006_00,04009_0006_01,2,b_card_0082,b_card_0083,1,0,0,0,Sweet ♡ Spicy Peace,1
40090007,4009,オニナッツ生配信中！,2,200004,40090007,3,4,4062,4208,4730,04009_0007_00,04009_0007_01,3,,,1,40090007,0,0,OniNatsu Live Stream!,1
40010008,4001,雲の上はいつも晴れ,3,300003,40010008,3,4,4111,5089,3956,04001_0008_00,04001_0008_01,3,,,4,0,1000,0,Always Sunny Above the Clouds,223121515
40020008,4002,思い立ったが吉日,2,200003,40020008,3,4,4257,3869,5030,04002_0008_00,04002_0008_01,3,,,4,0,1000,0,No Time Like the Present,223121515
40030008,4003,笑う門には福来たる,1,100003,40030008,3,4,5066,3865,4225,04003_0008_00,04003_0008_01,3,,,4,0,1000,0,Fortune Favors a Happy Home,223121515
40040008,4004,一念天に通ず,2,200003,40040008,3,4,4045,4057,5054,04004_0008_00,04004_0008_01,3,,,4,0,1000,0,Faith Moves Mountains,223121515
40050008,4005,初心忘るべからず,1,100003,40050008,3,4,5072,3977,4107,04005_0008_00,04005_0008_01,3,,,4,0,1000,0,Never Forget Your Roots,223121515
40060008,4006,七転び八起き,3,300003,40060008,3,4,3943,5028,4185,04006_0008_00,04006_0008_01,3,,,4,0,1000,0,"Fall Seven, Rise Eight",223121515
40070008,4007,一生懸命,2,200003,40070008,3,4,3943,4169,5044,04007_0008_00,04007_0008_01,3,,,4,0,1000,0,With All My Might,223121515
40080008,4008,沈黙は金,1,100003,40080008,3,4,5046,3930,4180,04008_0008_00,04008_0008_01,3,,,4,0,1000,0,Silence Is Golden,223121515
40090008,4009,嘘も方便,3,300003,40090008,3,4,4194,4951,4011,04009_0008_00,04009_0008_01,3,,,4,0,1000,0,A White Lie Has Its Uses,223121515
10010015,1001,ミラクルライブ！,2,200003,10010015,3,4,3804,3883,4663,01001_0015_00,01001_0015_01,3,,,0,10010015,0,0,Miracle LIVE!,1
20010013,2001,ミラクルライブ☆,3,300003,20010013,3,4,3725,4594,4031,02001_0013_00,02001_0013_01,3,,,0,20010013,0,0,Miracle Live☆,1
30010009,3001,ミラクルライブ♡,1,100003,30010009,3,4,4907,3824,3619,03001_0009_00,03001_0009_01,3,,,0,30010009,0,0,Miracle Live♡,1
40010009,4001,ミラクルライブ♪,2,200003,40010009,3,4,3771,3851,4728,04001_0009_00,04001_0009_01,3,,,0,40010009,0,0,Miracle Live♪,1
40090009,4009,レクチャーしますの,1,100004,40090009,3,4,5012,4062,3952,04009_0009_00,04009_0009_01,3,,,1,40090009,0,0,Time for a Lecture,223041902
40020009,4002,くるくるアイス,1,100008,40020009,3,4,4727,4157,4142,04002_0009_00,04002_0009_01,3,,,1,40020009,0,0,Swirly Ice Cream,223041902
40030009,4003,元気出して♪,1,100003,40030009,3,4,5135,3771,4120,04003_0009_00,04003_0009_01,3,,,2,40030009,0,0,Cheer Up!,223041904
10010016,1001,スポーツドリンク,3,300004,10010016,3,4,4315,4740,3971,01001_0016_00,01001_0016_01,3,,,1,10010016,0,0,Sports Drink,223043003
10020015,1002,新作！動物モナカ,3,300005,10020015,3,4,4000,4929,4097,01002_0015_00,01002_0015_01,3,,,1,10020015,0,0,New! Animal Monaka,223043003
10090015,1009,µ'sと私,3,300003,10090015,3,4,4011,4792,4223,01009_0015_00,01009_0015_01,3,,,2,10090015,0,0,µ's and Me,223043005
20010014,2001,メガネ試着中,2,200004,20010014,3,4,4071,3879,5076,02001_0014_00,02001_0014_01,3,,,1,20010014,0,0,Trying On Glasses,223051503
20020013,2002,ひとくちどうぞ,2,200006,20020013,3,4,3827,4045,5154,02002_0013_00,02002_0013_01,3,,,1,20020013,0,0,Have a Bite,223051503
20070013,2007,商店街グルメ食べ歩き,2,200003,20070013,3,4,4095,3842,5089,02007_0013_00,02007_0013_01,3,,,2,20070013,0,0,Snacking Around the Shopping Street,223051505
40010010,4001,幸せのアップルパイ,3,300004,40010010,3,4,4150,4716,4160,04001_0010_00,04001_0010_01,3,,,1,40010010,0,0,Lovely Apple Pie,223050104
30050009,3005,サプライズＢＢＱ,2,200004,30050009,3,4,3980,4047,4999,03005_0009_00,03005_0009_01,3,,,1,30050009,0,0,Surprise BBQ,223053002
30060009,3006,下見後のすやぴ,3,300004,30060009,3,4,3789,5356,3907,03006_0009_00,03006_0009_01,3,,,1,30060009,0,0,Catching Some Zzz's,223053103
30080009,3008,空に響く癒しの声,3,300007,30080009,3,4,3802,5307,3943,03008_0009_00,03008_0009_01,3,,,1,30080009,0,0,Healing Voice Echoing in the Sky,223053103
30090009,3009,難易度高めのライブ,3,300003,30090009,3,4,3878,4963,4211,03009_0009_00,03009_0009_01,3,,,1,30090009,0,0,Super Intense Live Show,223053105
20030013,2003,この海が大好き,1,100004,20030013,3,4,5216,4045,3791,02003_0013_00,02003_0013_01,3,,,1,20030013,0,0,I Love This Ocean,223061503
20040013,2004,シェルフロート,1,100006,20040013,3,4,5226,3853,3973,02004_0013_00,02004_0013_01,3,,,1,20040013,0,0,Shell Float,223061503
20090013,2009,割れないスイカ,1,100003,20090013,3,4,4937,4042,4073,02009_0013_00,02009_0013_01,3,,,1,20090013,0,0,Unbreakable Watermelon,223061505
10070015,1007,レイニーバースデイ,3,300004,10070015,3,4,4021,5262,3769,01007_0015_00,01007_0015_01,3,,,1,10070015,0,0,Rainy Birthday,223060902
20080013,2008,雫滴る紫陽花,1,100004,20080013,3,4,5251,3817,3984,02008_0013_00,02008_0013_01,3,,,1,20080013,0,0,Dewdropped Hydrangea,223061302
40080009,4008,クワガタケーキ,1,100004,40080009,3,4,5266,4048,3738,04008_0009_00,04008_0009_01,3,,,1,40080009,0,0,Stag Beetle Cake,223061702
30040009,3004,朝からサプライズ！,2,200004,30040009,3,4,3993,3748,5311,03004_0009_00,03004_0009_01,3,,,1,30040009,0,0,Morning Surprise!,223062902
10070016,1007,梅田の街で,1,100003,10070016,3,4,4492,3993,3865,01007_0016_00,01007_0016_01,3,,,0,0,1988,0,Out in the Streets of Umeda,223070703
40040009,4004,まるでハリウッドスター,2,200008,40040009,3,4,3839,3880,5359,04004_0009_00,04004_0009_01,3,,,1,40040009,0,0,Like a Hollywood Star,223063003
40050009,4005,夏空ビーチバレー,2,200004,40050009,3,4,4044,3734,5300,04005_0009_00,04005_0009_01,3,,,1,40050009,0,0,Summertime Beach Volleyball,223063003
40060010,4006,高波に驚いて,2,200003,40060010,3,4,4185,3987,4906,04006_0010_00,04006_0010_01,3,,,2,40060010,0,0,Startled by the High Waves,223063005
30010010,3001,休憩はプールサイドで,2,200004,30010010,3,4,3805,3990,5283,03001_0010_00,03001_0010_01,3,,,1,30010010,0,0,Poolside Break,223071504
30100009,3010,スライダープール,2,200007,30100009,3,4,3994,3831,5253,03010_0009_00,03010_0009_01,3,,,1,30100009,0,0,Waterslide Pool,223071504
30020009,3002,海の中で虎視眈々,2,200003,30020009,3,4,4015,4346,4717,03002_0009_00,03002_0009_01,3,,,2,30020009,0,0,Lurking Beneath the Waves,223071506
20060014,2006,感謝を込めて,1,100004,20060014,3,4,5318,3847,3913,02006_0014_00,02006_0014_01,3,,,1,20060014,0,0,With Gratitude,223071302
40020010,4002,サニパサプライズ,3,300004,40020010,3,4,4014,5273,3791,04002_0010_00,04002_0010_01,3,,,1,40020010,0,0,Sunny Passion Surprise,223071703
10090016,1009,駅前に響く連弾,1,100004,10090016,3,4,5352,3713,4013,01009_0016_00,01009_0016_01,3,,,1,10090016,0,0,Echoes of a Stationfront Duet,223072202
10030016,1003,夏の終わりに近づいて,1,100004,10030016,3,4,5223,3949,3932,01003_0016_00,01003_0016_01,3,,,1,10030016,0,0,Close to Summer's End…,223073103
10050015,1005,ノリノリサーフィン,1,100005,10050015,3,4,5335,3940,3829,01005_0015_00,01005_0015_01,3,,,1,10050015,0,0,Big Wave Surfin',223073103
10040016,1004,ビーチフラッグ,1,100003,10040016,3,4,4796,4297,4011,01004_0016_00,01004_0016_01,3,,,2,10040016,0,0,Beach Flags,223073105
40070010,4007,金魚すくい,3,300004,40070010,3,4,3944,5291,3869,04007_0010_00,04007_0010_01,3,,,1,40070010,0,0,Goldfish Scooping,223081503
40080010,4008,メイのための百発百中,3,300008,40080010,3,4,3817,5353,3934,04008_0010_00,04008_0010_01,3,,,1,40080010,0,0,Bullseye for Mei,223081503
40010011,4001,夜空に大輪の花,3,300003,40010011,3,4,4257,4819,4028,04001_0011_00,04001_0011_01,3,,,2,40010011,0,0,Fireworks in the Night Sky,223081505
20010015,2001,バスに揺られて,3,300004,20010015,3,4,3852,5180,4072,02001_0015_00,02001_0015_01,3,,,1,20010015,0,0,Cozy Bus Ride,223080103
10010017,1001,幼馴染からの手紙,2,200004,10010017,3,4,3908,3962,5234,01001_0017_00,01001_0017_01,3,,,1,10010017,0,0,Letter from a Childhood Friend,223080304
40090010,4009,長いお鼻に掴まって,3,300004,40090010,3,4,4020,5372,3712,04009_0010_00,04009_0010_01,3,,,1,40090010,0,0,Clinging to the Long Trunk,223080702
30070009,3007,アニカラパーティー,2,200004,30070009,3,4,3708,4024,5372,03007_0009_00,03007_0009_01,3,,,1,30070009,0,0,Anime Karaoke Party,223080802
20060015,2006,闇の力が集う場所,3,300004,20060015,3,4,3752,5304,4074,02006_0015_00,02006_0015_01,3,,,1,20060015,0,0,Where Darkness Gathers,223083103
20080014,2008,遠い月を覗いて,3,300006,20080014,3,4,3801,5367,3962,02008_0014_00,02008_0014_01,3,,,1,20080014,0,0,Gazing at the Distant Moon,223083103
20050014,2005,ススキのさざなみ,3,300003,20050014,3,4,4219,5004,3907,02005_0014_00,02005_0014_01,3,,,2,20050014,0,0,Rustling Pampas Grass,223083105
10060015,1006,納涼の夕べ,2,200004,10060015,3,4,4023,3728,5379,01006_0015_00,01006_0015_01,3,,,1,10060015,0,0,Refreshing Evening,223091503
10070017,1007,神田を往く納涼船,2,200005,10070017,3,4,3895,3871,5364,01007_0017_00,01007_0017_01,3,,,1,10070017,0,0,Summer Night Cruise Through Kanda,223091503
10080016,1008,何皿食べちゃう？,2,200003,10080016,3,4,4136,4115,4879,01008_0016_00,01008_0016_01,3,,,2,10080016,0,0,How Many Plates Can You Clear?,223091505
10030017,1003,二人でコスプリ♡,1,100004,10030017,3,4,5361,4059,3710,01003_0017_00,01003_0017_01,3,,,1,10030017,0,0,Costume Photoshoot ♡,223091202
20020014,2002,飛び交うカモメ,1,100004,20020014,3,4,5379,3745,4006,02002_0014_00,02002_0014_01,3,,,1,20020014,0,0,Flying Seagulls,223091902
20090014,2009,秋の新作スイーツ,3,300004,20090014,3,4,3835,5221,4074,02009_0014_00,02009_0014_01,3,,,1,20090014,0,0,Fresh Autumn Sweets,223092102
40040010,4004,メロンにめろめろ♡,3,300004,40040010,3,4,3873,5252,4005,04004_0010_00,04004_0010_01,3,,,1,40040010,0,0,Mesmerized by Melons ♡,223092802
30120010,3012,ハロウィンアフタヌーン,1,100004,30120010,3,4,5384,3849,3923,03012_0010_00,03012_0010_01,3,,,1,30120010,0,0,Halloween Afternoon,223093003
30110010,3011,サプライズハロウィン,1,100007,30110010,3,4,5390,3738,4028,03011_0010_00,03011_0010_01,3,,,1,30110010,0,0,Halloween Surprise,223093003
30030010,3003,ヒミツの計画,1,100003,30030010,3,4,5006,3975,4175,03003_0010_00,03003_0010_01,3,,,2,30030010,0,0,Secret Plan,223093005
20070015,2007,フラワーパーク,3,300019,20070015,3,4,3960,5500,3696,02007_0015_00,02007_0015_01,3,,,1,20070015,0,0,Flower Park,223101507
20040015,2004,サカサマ世界,3,300021,20040015,3,4,3690,5500,3966,02004_0015_00,02004_0015_01,3,,,1,20040015,0,0,The World Turned Upside Down,223101507
20030015,2003,お化け屋敷,3,300003,20030015,3,4,3970,5050,4136,02003_0015_00,02003_0015_01,3,,,2,20030015,0,0,Haunted House,223101509
30100010,3010,姉との時間,1,100004,30100010,3,4,5344,3751,4061,03010_0010_00,03010_0010_01,3,,,1,30100010,0,0,Time With My Sister,223100503
10020017,1002,ヘアアレンジ,2,200004,10020017,3,4,3771,4009,5376,01002_0017_00,01002_0017_01,3,,,1,10020017,0,0,New Hairstyle,223102102
40070011,4007,猫カフェ日和,2,200004,40070011,3,4,3887,3885,5384,04007_0011_00,04007_0011_01,3,,,1,40070011,0,0,A Day at the Cat Cafe,223102902
10040017,1004,あなたとどこまでも,3,300003,10040017,2,3,3300,4744,3594,01004_0017_00,01004_0017_01,2,,,3,10040017,0,0,With You Always,223100504
20050015,2005,大冒険へヨーソロー！,1,100003,20050015,2,3,4732,3255,3651,02005_0015_00,02005_0015_01,2,b_card_0086,b_card_0086,1,20050015,0,0,Adventure Ho!,223101504
30070011,3007,大冒険の幕開け,3,300003,30070011,2,3,3409,4693,3536,03007_0011_00,03007_0011_01,2,b_card_0086,b_card_0086,1,30070011,0,0,The Great Adventure Begins,223101504
40030011,4003,見たことのない景色へ,2,200003,40030011,2,3,3632,3236,4770,04003_0011_00,04003_0011_01,2,b_card_0086,b_card_0086,1,40030011,0,0,To Lands Beyond Sight,223101504
30010011,3001,共に歩んだ先に,2,200003,30010011,3,4,3919,3986,5251,03001_0011_00,03001_0011_01,3,,,4,0,1000,0,Together We Walk Onward,223101503
30020010,3002,超絶可憐にかわいい子,3,300003,30020010,3,4,4300,4925,3931,03002_0010_00,03002_0010_01,3,,,4,0,1000,0,Super Sweet & Cute!,223101503
30030011,3003,青春という舞台,1,100003,30030011,3,4,4774,4211,4171,03003_0011_00,03003_0011_01,3,,,4,0,1000,0,On Center Stage: Youth,223101503
30040010,3004,クールビューティ,2,200003,30040010,3,4,4248,4027,4881,03004_0010_00,03004_0010_01,3,,,4,0,1000,0,Cool Beauty,223101503
30050011,3005,愛してるよ愛だけに,3,300003,30050011,3,4,4111,5111,3934,03005_0011_00,03005_0011_01,3,,,4,0,1000,0,I Love You—Love Is All,223101503
30060010,3006,お昼寝ライブ,1,100003,30060010,3,4,5040,4256,3860,03006_0010_00,03006_0010_01,3,,,4,0,1000,0,Nap & Live,223101503
30070012,3007,『大好き』を伝えたい！,2,200003,30070012,3,4,4119,4236,4801,03007_0012_00,03007_0012_01,3,,,4,0,1000,0,I Want to Share My Love!,223101503
30080010,3008,癒しの歌を唄おう,3,300003,30080010,3,4,3852,5220,4084,03008_0010_00,03008_0010_01,3,,,4,0,1000,0,Sing a Soothing Song,223101503
30090011,3009,ファンとのコネクト,1,100003,30090011,3,4,4833,4091,4232,03009_0011_00,03009_0011_01,3,,,4,0,1000,0,Connecting with Fans,223101503
30100011,3010,適性が備わっています,2,200003,30100011,3,4,3888,4113,5155,03010_0011_00,03010_0011_01,3,,,4,0,1000,0,Gifted with Aptitude,223101503
30110011,3011,夢に手を伸ばして,3,300003,30110011,3,4,4074,4823,4259,03011_0011_00,03011_0011_01,3,,,4,0,1000,0,Reach for My Dreams,223101503
30120011,3012,同好会の一員として,1,100003,30120011,3,4,5224,4149,3783,03012_0011_00,03012_0011_01,3,,,4,0,1000,0,As a Club Member,223101503
30010012,3001,あなたを見つめる,3,300004,30010012,3,4,3810,5201,4145,03001_0012_00,03001_0012_01,3,,,1,30010012,1000,0,Gazing at You,223100302
30020011,3002,大人デート♡,3,300004,30020011,3,4,4005,5220,3931,03002_0011_00,03002_0011_01,3,,,1,30020011,1000,0,Grown-Up Date ♡,223101002
30030012,3003,あざとくキメちゃう,2,200004,30030012,3,4,3918,3966,5272,03003_0012_00,03003_0012_01,3,,,1,30030012,1000,0,Flirtatious Pose,223101702
30040011,3004,特別な恋を探して,3,300004,30040011,3,4,3804,5222,4130,03004_0011_00,03004_0011_01,3,,,1,30040011,1000,0,Searching for a Special Love,223102402
30050012,3005,ふたりで楽しく,2,200004,30050012,3,4,3991,3965,5200,03005_0012_00,03005_0012_01,3,,,1,30050012,1000,0,Fun Together,223103102
40030012,4003,おつかれさま会,1,100019,40030012,3,4,5433,4023,3778,04003_0012_00,04003_0012_01,3,,,1,40030012,0,0,After-Party,223103109
40060011,4006,緊張の舞台袖,1,100008,40060011,3,4,5428,3792,4014,04006_0011_00,04006_0011_01,3,,,1,40060011,0,0,Offstage Nerves,223103109
40090011,4009,持ち前の情報収集能力,1,100003,40090011,3,4,4999,4108,4127,04009_0011_00,04009_0011_01,3,,,2,40090011,0,0,Natural Intel-Gathering Skills,223103106
30070013,3007,有志でバンド,3,300019,30070013,3,4,3929,5441,3864,03007_0013_00,03007_0013_01,3,,,1,30070013,0,0,Band of Volunteers,223111503
30050013,3005,模擬店ハシゴ中,3,300007,30050013,3,4,3850,5435,3949,03005_0013_00,03005_0013_01,3,,,1,30050013,0,0,Food Stall Hopping,223111503
30040012,3004,執事喫茶のエース,3,300003,30040012,3,4,3972,4949,4313,03004_0012_00,03004_0012_01,3,,,2,30040012,0,0,Ace of the Butler Cafe,223111506
10050016,1005,可愛い贈り物たち,2,200004,10050016,3,4,3853,3939,5442,01005_0016_00,01005_0016_01,3,,,1,10050016,0,0,A Shower of Gifts!,223110102
30090012,3009,FULL COMBO！！,1,100004,30090012,3,4,5439,3905,3890,03009_0012_00,03009_0012_01,3,,,1,30090012,0,0,FULL COMBO!,223111302
40050011,4005,苺スイーツビュッフェ,1,100004,40050011,3,4,5438,3751,4045,04005_0011_00,04005_0011_01,3,,,1,40050011,0,0,Strawberry Dessert Buffet,223112402
30060011,3006,ずっとあなたのことを,2,200004,30060011,3,4,4048,3903,5205,03006_0011_00,03006_0011_01,3,,,1,30060011,1000,0,"You, Always on My Mind",223110702
30070014,3007,みんなに伝えるラブ,1,100004,30070014,3,4,5201,3892,4063,03007_0014_00,03007_0014_01,3,,,1,30070014,1000,0,Let This Love Reach Everyone,223111402
30080011,3008,記憶のなかのあなた,1,100004,30080011,3,4,5242,3847,4067,03008_0011_00,03008_0011_01,3,,,1,30080011,1000,0,My Memories of You,223112102
30090013,3009,大切なあなたへ,2,200004,30090013,3,4,4000,3949,5207,03009_0013_00,03009_0013_01,3,,,1,30090013,1000,0,To My Beloved You,223112802
10040018,1004,愛をあなたに,1,100003,10040018,2,3,4684,3595,3359,01004_0018_00,01004_0018_01,2,,,0,0,1000,0,To You With Love,223103001
20050016,2005,楽しむであります！,2,200003,20050016,2,3,3671,3289,4678,02005_0016_00,02005_0016_01,2,,,0,0,1000,0,This Is Going to Be Fun!,223103001
30070015,3007,行きますよー！,2,200003,30070015,2,3,3517,3375,4746,03007_0015_00,03007_0015_01,2,,,0,0,1000,0,Here We Go!,223103001
40030013,4003,準備はマルッ♪,3,300003,40030013,2,3,3531,4678,3429,04003_0013_00,04003_0013_01,2,,,0,0,1000,0,Ready to Go! ♪,223103001
10010019,1001,春らんまんっ！,1,100003,10010019,2,3,4781,3540,3340,01001_0019_00,01001_0019_01,2,b_card_0088,b_card_0088,1,0,1000,0,Spring in Full Bloom!,223110103
20010017,2001,灼熱の夏浜,2,200003,20010017,2,3,3516,3420,4725,02001_0017_00,02001_0017_01,2,b_card_0089,b_card_0089,1,0,1000,0,Scorching Summer Beach,223110103
30010013,3001,秋の夜長に,3,300003,30010013,2,3,3661,4732,3268,03001_0013_00,03001_0013_01,2,b_card_0090,b_card_0090,1,0,1000,0,Long Autumn Nights,223110103
40010013,4001,煌めく冬天,1,100003,40010013,2,3,4667,3454,3540,04001_0013_00,04001_0013_01,2,b_card_0091,b_card_0091,1,0,1000,0,Shimmering Winter Sky,223110103
30010014,3001,準備はできたよ,1,100003,30010014,2,3,4781,3504,3376,03001_0014_00,03001_0014_01,2,b_card_0092,b_card_0092,0,0,1000,0,I'm Ready!,223110108
30020013,3002,フォーマルかすみん,2,200003,30020013,2,3,3285,3628,4748,03002_0013_00,03002_0013_01,2,b_card_0092,b_card_0092,0,0,1000,0,Formal Kasumin,224011105
30030013,3003,社会人になりきります,3,300003,30030013,2,3,3368,4775,3518,03003_0013_00,03003_0013_01,2,b_card_0092,b_card_0092,0,0,1000,0,Acting All Grown-Up,224011105
30040013,3004,格好よく行きましょう,1,100003,30040013,2,3,4787,3458,3416,03004_0013_00,03004_0013_01,2,b_card_0092,b_card_0092,0,0,1000,0,Let's Go in Style!,224011105
30050014,3005,部下を選『ぶか』！,1,100003,30050014,2,3,4797,3422,3442,03005_0014_00,03005_0014_01,2,b_card_0092,b_card_0092,0,0,1000,0,I'll Manage to Manage!,224011105
30060012,3006,すやぴの前の一仕事,3,300003,30060012,2,3,3405,4746,3510,03006_0012_00,03006_0012_01,2,b_card_0092,b_card_0092,0,0,1000,0,Some Work Before Bedtime,224011105
30070016,3007,ビシッと行きましょう,3,300003,30070016,2,3,3556,4792,3313,03007_0016_00,03007_0016_01,2,b_card_0092,b_card_0092,0,0,1000,0,Let's Go All Out!,224011105
30080012,3008,キマってるかな？,2,200003,30080012,2,3,3563,3352,4746,03008_0012_00,03008_0012_01,2,b_card_0092,b_card_0092,0,0,1000,0,Do I Look Cool?,224011105
30090014,3009,いつもと違う感覚,3,300003,30090014,2,3,3414,4742,3505,03009_0014_00,03009_0014_01,2,b_card_0092,b_card_0092,0,0,1000,0,A Different Feeling,224011105
30100012,3010,さあ、お仕事です♪,3,300003,30100012,2,3,3465,4781,3415,03010_0012_00,03010_0012_01,2,b_card_0092,b_card_0092,0,0,1000,0,Time for Work! ♪,224011105
30110012,3011,行くよベイビーちゃん,2,200003,30110012,2,3,3549,3317,4795,03011_0012_00,03011_0012_01,2,b_card_0092,b_card_0092,0,0,1000,0,"Let's Go, Baby!",224011105
30120012,3012,ランジュが上司よ！,2,200003,30120012,2,3,3562,3308,4791,03012_0012_00,03012_0012_01,2,b_card_0092,b_card_0092,0,0,1000,0,Lanzhu's the Boss!,224011105
40100001,4010,圧倒的音楽センス,1,100002,40100001,2,3,4732,3467,3485,04010_0001_00,04010_0001_01,2,,,1,0,0,0,Unrivaled Musical Sense,223121510
40110001,4011,シビアに分析,1,100002,40110001,2,3,4687,3307,3690,04011_0001_00,04011_0001_01,2,,,1,0,0,0,Sharp Analysis,223121510
10040019,1004,µ'sのクリスマス,2,200019,10040019,3,4,4109,3725,5478,01004_0019_00,01004_0019_01,3,,,1,10040019,0,0,A Very µ's Christmas,223113010
10090018,1009,ごちそう準備中,2,200005,10090018,3,4,3756,4082,5474,01009_0018_00,01009_0018_01,3,,,1,10090018,0,0,Preparing the Feast,223113010
10010020,1001,冬の星は木の上に,2,200003,10010020,3,4,4220,4016,5076,01001_0020_00,01001_0020_01,3,,,2,10010020,0,0,A Winter Star Atop the Tree,223113006
40010014,4001,ふたりでポーズ,2,200019,40010014,3,4,4018,3812,5482,04001_0014_00,04001_0014_01,3,,,1,40010014,0,0,Posing Together,223121506
40020012,4002,雪と氷のツリー,2,200008,40020012,3,4,3871,3958,5483,04002_0012_00,04002_0012_01,3,,,1,40020012,0,0,A Tree of Snow and Ice,223121506
40080011,4008,太古の世界から,2,200003,40080011,3,4,4051,4223,5038,04008_0011_00,04008_0011_01,3,,,2,40080011,0,0,From a Primordial World,223121509
30110013,3011,憧れの選手が日本に！,3,300004,30110013,3,4,4033,5484,3795,03011_0013_00,03011_0013_01,3,,,1,30110013,0,0,My Idol Athlete Is in Japan!,223120602
30060013,3006,抗えないこたつの魅力,1,100004,30060013,3,4,5486,3992,3834,03006_0013_00,03006_0013_01,3,,,1,30060013,0,0,Irresistible Kotatsu,223121602
40110002,4011,Jellyfish,3,300004,40110002,3,4,3953,5489,3870,04011_0002_00,04011_0002_01,3,,,1,40110002,0,0,Jellyfish,223122802
30100013,3010,私の印,2,200004,30100013,3,4,3840,4110,5206,03010_0013_00,03010_0013_01,3,,,1,30100013,1000,0,My Mark,223120502
30110014,3011,高鳴る気持ち,1,100004,30110014,3,4,5227,4162,3767,03011_0014_00,03011_0014_01,3,,,1,30110014,1000,0,Racing Heart,223121202
30120013,3012,最高の恋しましょ！,3,300004,30120013,3,4,3957,5205,3994,03012_0013_00,03012_0013_01,3,,,1,30120013,1000,0,Let's Have the Best Romance!,223121902
60010001,6001,占い屋の少女,2,200003,60010001,2,3,3545,3296,4843,06001_0001_00,06001_0001_01,2,b_card_0093,b_card_0102,1,60010001,0,0,Fortune Teller Girl,223121403
60020001,6002,屋台の売り子,1,100003,60020001,2,3,4992,3395,3297,06002_0001_00,06002_0001_01,2,b_card_0094,b_card_0103,1,60020001,0,0,Food Stall Vendor,223121403
60030001,6003,執務長官,3,300003,60030001,2,3,3463,4974,3247,06003_0001_00,06003_0001_01,2,b_card_0095,b_card_0104,1,60030001,0,0,Executive Director-General,223121403
60040001,6004,妖精族の末裔,2,200003,60040001,2,3,3335,3714,4635,06004_0001_00,06004_0001_01,2,b_card_0096,b_card_0105,1,60040001,0,0,Descendant of the Fairy Clan,223121403
60050001,6005,老舗旅館の看板娘,1,100003,60050001,2,3,4631,3453,3600,06005_0001_00,06005_0001_01,2,b_card_0097,b_card_0106,1,60050001,0,0,Ryokan Poster Girl,223121403
60060001,6006,メッセンジャー,3,300003,60060001,2,3,3527,4762,3395,06006_0001_00,06006_0001_01,2,b_card_0098,b_card_0107,1,60060001,0,0,Messenger,223121403
60070001,6007,メカニック,2,200003,60070001,2,3,3466,3455,4763,06007_0001_00,06007_0001_01,2,b_card_0099,b_card_0108,1,60070001,0,0,Mechanic,223121403
60080001,6008,動物学者,1,100003,60080001,2,3,4824,3466,3394,06008_0001_00,06008_0001_01,2,b_card_0100,b_card_0109,1,60080001,0,0,Zoologist,223121403
60090001,6009,魔王の末裔,3,300003,60090001,2,3,3710,4628,3346,06009_0001_00,06009_0001_01,2,b_card_0101,b_card_0110,1,60090001,0,0,Descendant of the Demon Lord,223121403
20010018,2001,にぎやかな街！,1,100003,20010018,2,3,4602,3530,3552,02001_0018_00,02001_0018_01,2,,,0,0,0,0,A Bustling City!,223120806
30010015,3001,新たなステージへ,2,200003,30010015,2,3,3574,3432,4678,03001_0015_00,03001_0015_01,2,,,0,0,0,0,To a New Stage,223120906
40010015,4001,出会いの予感,3,300003,40010015,2,3,3436,4683,3565,04001_0015_00,04001_0015_01,2,,,0,0,0,0,A Hint of an Encounter,223121003
20050017,2005,おせちと特製シャイ煮,1,100019,20050017,3,4,5527,4126,3737,02005_0017_00,02005_0017_01,3,,,1,20050017,0,0,Osechi and Special Shy-ni,223123103
20090016,2009,ペンギンさんたちと♡,1,100006,20090016,3,4,5529,3779,4082,02009_0016_00,02009_0016_01,3,,,1,20090016,0,0,With the Penguins ♡,223123103
20010019,2001,海で眺める初日の出,1,100003,20010019,3,4,5061,4288,4041,02001_0019_00,02001_0019_01,3,,,2,20010019,0,0,First Sunrise at the Beach,223123106
10030018,1003,あ～ん、こけちゃった,3,300019,10030018,3,4,4001,5543,3846,01003_0018_00,01003_0018_01,3,,,1,10030018,0,0,"Ahh, I Slipped!",224011503
10060017,1006,雪舞うリンクで,3,300005,10060017,3,4,3940,5506,3944,01006_0017_00,01006_0017_01,3,,,1,10060017,0,0,On the Snowy Rink,224011503
10050018,1005,手助けは任せるにゃ！,3,300003,10050018,3,4,4319,5049,4022,01005_0018_00,01005_0018_01,3,,,2,10050018,0,0,You Can Count on Me!,224011506
20040016,2004,絵馬に記す願いは,2,200004,20040016,3,4,4134,3756,5500,02004_0016_00,02004_0016_01,3,,,1,20040016,0,0,A Wish on the Ema,224010104
10080017,1008,高まる理由はひとつ,1,100004,10080017,3,4,5527,4042,3821,01008_0017_00,01008_0017_01,3,,,1,10080017,0,0,Just One Reason to Get Pumped,224011703
40100002,4010,デュエット,2,200004,40100002,3,4,3878,3965,5547,04010_0002_00,04010_0002_01,3,,,1,40100002,0,0,Duet,224012003
30020014,3002,メイクアップかすみん,3,300004,30020014,3,4,3955,5536,3899,03002_0014_00,03002_0014_01,3,,,1,30020014,0,0,Makeup Kasumin,224012303
30030014,3003,オフィーリアと協力♪,2,200019,30030014,3,4,3838,4052,5578,03003_0014_00,03003_0014_01,3,,,1,30030014,0,0,Some Help from Ophelia ♪,224013103
30040014,3004,チョコレート試作中,2,200004,30040014,3,4,3995,3912,5561,03004_0014_00,03004_0014_01,3,,,1,30040014,0,0,Testing Chocolate Recipes,224013103
30010017,3001,あ～んして♡,2,200003,30010017,3,4,4347,4019,5102,03001_0017_00,03001_0017_01,3,,,2,30010017,0,0,Say Ahh~♡,224013106
20020016,2002,鬼のお面を手作りして,2,200004,20020016,3,4,3920,3976,5572,02002_0016_00,02002_0016_01,3,,,1,20020016,0,0,Making Demon Masks,224021403
20060016,2006,強力すぎる鬼は外,2,200019,20060016,3,4,3916,3965,5587,02006_0016_00,02006_0016_01,3,,,1,20060016,0,0,Overzealous Exorcist,224021403
20080016,2008,超豪華恵方巻,2,200003,20080016,3,4,4343,4006,5119,02008_0016_00,02008_0016_01,3,,,2,20080016,0,0,Super Deluxe Ehomaki,224021406
30080014,3008,パンならいくらでも♡,2,200004,30080014,3,4,3770,4122,5576,03008_0014_00,03008_0014_01,3,,,1,30080014,0,0,Always Room for More Bread♡,224020503
20030016,2003,特別なティータイム,3,300004,20030016,3,4,3988,5577,3903,02003_0016_00,02003_0016_01,3,,,1,20030016,0,0,Special Tea Time,224021005
30120014,3012,空中ブランコに乗って,2,200004,30120014,3,4,4116,3787,5565,03012_0014_00,03012_0014_01,3,,,1,30120014,0,0,On the Flying Trapeze,224021503
40030014,4003,マルをめぐった一日,3,300004,40030014,3,4,4020,5587,3861,04003_0014_00,04003_0014_01,3,,,1,40030014,0,0,A Day All About Maru,224022503
40010016,4001,お待ちどおさま♪,1,100003,40010016,2,3,5022,3351,3357,04001_0016_00,04001_0016_01,2,,,4,0,0,0,Thanks for Waiting~♪,224020102
40020014,4002,クッキングデス！,3,300003,40020014,2,3,3446,4969,3315,04002_0014_00,04002_0014_01,2,,,4,0,0,0,It's Cooking Death!,224020102
40030015,4003,ひとくち食べちゃえ,2,200003,40030015,2,3,3448,3279,5003,04003_0015_00,04003_0015_01,2,,,4,0,0,0,Take a Bite,224020102
40040012,4004,あ～んがお望み？,1,100003,40040012,2,3,5019,3354,3357,04004_0012_00,04004_0012_01,2,,,4,0,0,0,Want Me to Feed You?,224020102
40050012,4005,はい、どうぞ♪,2,200003,40050012,2,3,3239,3489,5002,04005_0012_00,04005_0012_01,2,,,4,0,0,0,Here You Go ♪,224020102
40060012,4006,ほっぺた落ちそうっす,1,100003,40060012,2,3,4959,3402,3369,04006_0012_00,04006_0012_01,2,,,4,0,0,0,My Cheeks Are Gonna Fall Off!,224020102
40070012,4007,美味しくできたぞ,1,100003,40070012,2,3,4995,3298,3437,04007_0012_00,04007_0012_01,2,,,4,0,0,0,It Came Out Delicious!,224020102
40080013,4008,試食挑戦者募集中,3,300003,40080013,2,3,3376,4980,3374,04008_0013_00,04008_0013_01,2,,,4,0,0,0,Taste Testers Wanted,224020102
40090013,4009,特製スムージーですの,2,200003,40090013,2,3,3419,3333,4978,04009_0013_00,04009_0013_01,2,,,4,0,0,0,My Special Smoothie,224020102
40100003,4010,気持ちを込めるわ,3,300003,40100003,2,3,3357,5016,3357,04010_0003_00,04010_0003_01,2,,,4,0,0,0,Pouring My Heart Into It,224020102
40110003,4011,効率的に調理完了,2,200003,40110003,2,3,3442,3270,5018,04011_0003_00,04011_0003_01,2,,,4,0,0,0,Efficiently Cooked,224020102
40050013,4005,ありがとうの気持ちを,3,300019,40050013,3,4,3954,5607,3985,04005_0013_00,04005_0013_01,3,,,1,40050013,0,0,Filled with Gratitude,224030103
40070013,4007,先輩達への差し入れ,3,300004,40070013,3,4,3780,5610,4156,04007_0013_00,04007_0013_01,3,,,1,40070013,0,0,Snacks for the Senpai,224030103
40040013,4004,素直になれなくて,3,300003,40040013,3,4,4018,5149,4379,04004_0013_00,04004_0013_01,3,,,2,40040013,0,0,Can't Be Honest,224030106
30010018,3001,生け花に挑戦！,1,100004,30010018,3,4,5610,4010,3926,03001_0018_00,03001_0018_01,3,,,1,30010018,0,0,Trying Out Ikebana!,224030108
20070016,2007,感動！VR体験,2,200004,20070016,3,4,4100,3852,5594,02007_0016_00,02007_0016_01,3,,,1,20070016,0,0,Amazing VR Experience!,224030403
10040020,1004,縁側にこぼれる微笑,3,300004,10040020,3,4,3967,5594,3985,01004_0020_00,01004_0020_01,3,,,1,10040020,0,0,A Smile on the Veranda,224031503
30030015,3003,ふたりはヒーロー☆,3,300004,30030015,3,4,4075,5591,3880,03003_0015_00,03003_0015_01,3,,,1,30030015,0,0,We're Both Heroes☆,224031603
40060013,4006,東京フライドポテト,3,300004,40060013,3,4,4036,5602,3908,04006_0013_00,04006_0013_01,3,,,1,40060013,0,0,Tokyo French Fries,224031603
20050019,2005,思い出の場所で再撮影,2,200004,20050019,3,4,4045,3882,5619,02005_0019_00,02005_0019_01,3,,,1,20050019,0,0,Reshooting at a Cherished Spot,224031603
10060018,1006,春の天体観測,1,100004,10060018,3,4,5599,3940,4007,01006_0018_00,01006_0018_01,3,,,1,10060018,0,0,Spring Stargazing,224031603
10020018,1002,エガオ、エイエン,1,100004,10020018,3,4,5150,4243,4075,01002_0018_00,01002_0018_01,3,,,4,0,1000,0,"Smiles, Forever",224020903
20060017,2006,どうしよう！？,1,100004,20060017,3,4,5118,4096,4254,02006_0017_00,02006_0017_01,3,,,4,0,1000,0,What Should I Do?!,224020903
30010019,3001,近くにいてくれない？,1,100004,30010019,3,4,5114,4065,4289,03001_0019_00,03001_0019_01,3,,,4,0,1000,0,Won't You Stay Close to Me?,224020903
120030001,3003,桜坂しずく,1,100001,120030001,1,2,1340,500,690,12003_0001_00,12003_0001_01,1,,,0,0,0,0,Shizuku Osaka,1
140020001,5002,宮下ココ,2,200001,140020001,1,2,560,620,1370,14002_0001_00,14002_0001_01,1,,,0,0,0,0,Coco Miyashita,1
140030001,5003,逢沢遊宇,3,300001,140030001,1,2,590,1420,570,14003_0001_00,14003_0001_01,1,,,0,0,0,0,Yuu Aizawa,1
140040001,5004,一之瀬マリカ,1,100001,140040001,1,2,1460,570,640,14004_0001_00,14004_0001_01,1,,,0,0,0,0,Marika Ichinose,1
140050001,5005,結城紗菜,2,200001,140050001,1,2,510,720,1500,14005_0001_00,14005_0001_01,1,,,0,0,0,0,Sana Yuki,1
140060001,5006,西村文絵,3,300001,140060001,1,2,640,1500,590,14006_0001_00,14006_0001_01,1,,,0,0,0,0,Fumie Nishimura,1
140070001,5007,永山みなみ,1,100001,140070001,1,2,1550,590,650,14007_0001_00,14007_0001_01,1,,,0,0,0,0,Minami Nagayama,1
140080001,5008,クリスティーナ,2,200001,140080001,1,2,640,610,1590,14008_0001_00,14008_0001_01,1,,,0,0,0,0,Christina,1
140090001,5009,菊池朱美,3,300001,140090001,1,2,750,1680,510,14009_0001_00,14009_0001_01,1,,,0,0,0,0,Akemi Kikuchi,1
140100001,5010,須田いるか,1,100001,140100001,1,2,1740,520,740,14010_0001_00,14010_0001_01,1,,,0,0,0,0,Iruka Suda,1
140110001,5011,杉崎亜矢,2,200001,140110001,1,2,610,660,1780,14011_0001_00,14011_0001_01,1,,,0,0,0,0,Aya Sugisaki,1
140120001,5012,御堂優理,3,300001,140120001,1,2,740,1820,550,14012_0001_00,14012_0001_01,1,,,0,0,0,0,Yuri Mido,1
140130001,5013,佐伯麗音,1,100001,140130001,1,2,1900,500,790,14013_0001_00,14013_0001_01,1,,,0,0,0,0,Reine Saeki,1
140140001,5014,鳥居歩美,2,200001,140140001,1,2,590,670,1900,14014_0001_00,14014_0001_01,1,,,0,0,0,0,Ayumi Torii,1
140150001,5015,神谷理華,3,300001,140150001,1,2,800,1920,520,14015_0001_00,14015_0001_01,1,,,0,0,0,0,Rika Kamiya,1
140160001,5016,森嶋ななか,1,100001,140160001,1,2,1980,670,690,14016_0001_00,14016_0001_01,1,,,0,0,0,0,Nanaka Morishima,1
140170001,5017,九条聖来,2,200001,140170001,1,2,580,810,1980,14017_0001_00,14017_0001_01,1,,,0,0,0,0,Seira Kujo,1
120060001,3006,近江彼方,3,300001,120060001,1,2,690,2060,690,12006_0001_00,12006_0001_01,1,,,0,0,0,0,Kanata Konoe,1
140180001,5018,近江遥,1,100001,140180001,1,2,2140,550,840,14018_0001_00,14018_0001_01,1,,,0,0,0,0,Haruka Konoe,1
140190001,5019,下園咲,2,200001,140190001,1,2,690,680,2170,14019_0001_00,14019_0001_01,1,,,0,0,0,0,Saki Shimozono,1
140200001,5020,田中さち子,3,300001,140200001,1,2,820,2220,580,14020_0001_00,14020_0001_01,1,,,0,0,0,0,Sachiko Tanaka,1
140210001,5021,支倉かさね,1,100001,140210001,1,2,2560,730,1040,14021_0001_00,14021_0001_01,1,,,0,0,0,0,Kasane Hasekura,1
140220001,5022,多々良るう,2,200001,140220001,1,2,730,1010,2590,14022_0001_00,14022_0001_01,1,,,0,0,0,0,Ru Tatara,1
140230001,5023,篠宮あきる,3,300001,140230001,1,2,1020,2650,740,14023_0001_00,14023_0001_01,1,,,0,0,0,0,Akiru Shinomiya,1
140240001,5024,吉川瑞希,1,100001,140240001,1,2,2710,980,1100,14024_0001_00,14024_0001_01,1,,,0,0,0,0,Mizuki Kikkawa,1
140250001,5025,白木凪,2,200001,140250001,1,2,880,1230,2760,14025_0001_00,14025_0001_01,1,,,0,0,0,0,Nagi Shiraki,1
140260001,5026,藤城悠弓,3,300001,140260001,1,2,1130,2790,980,14026_0001_00,14026_0001_01,1,,,0,0,0,0,Yumi Fujishiro,1
140270001,5027,深山聡子,1,100001,140270001,1,2,1,1,1,14027_0001_00,14027_0001_01,1,,,0,0,0,0,Satoko Miyama,1
140280001,5028,山内奈々子,2,200001,140280001,1,2,1,1,1,14028_0001_00,14028_0001_01,1,,,0,0,0,0,Nanako Yamauchi,1
140290001,5029,笹原京子,3,300001,140290001,1,2,1,1,1,14029_0001_00,14029_0001_01,1,,,0,0,0,0,Kyoko Sasahara,1
100010001,1001,高坂穂乃果,3,300001,100010001,1,2,2510,3050,1860,10001_0001_00,10001_0001_01,1,,,0,0,0,0,Honoka Kosaka,1
100020001,1002,絢瀬絵里,3,300001,100020001,1,2,2020,3830,1770,10002_0001_00,10002_0001_01,1,,,0,0,0,0,Eli Ayase,1
100030001,1003,南ことり,3,300001,100030001,1,2,1790,3270,2360,10003_0001_00,10003_0001_01,1,,,0,0,0,0,Kotori Minami,1
100040001,1004,園田海未,3,300001,100040001,1,2,2160,3670,1790,10004_0001_00,10004_0001_01,1,,,0,0,0,0,Umi Sonoda,1
100050001,1005,星空凛,3,300001,100050001,1,2,2390,3110,1960,10005_0001_00,10005_0001_01,1,,,0,0,0,0,Rin Hoshizora,1
100060001,1006,西木野真姫,3,300001,100060001,1,2,1840,3720,2060,10006_0001_00,10006_0001_01,1,,,0,0,0,0,Maki Nishikino,1
100070001,1007,東條希,3,300001,100070001,1,2,1850,3230,2350,10007_0001_00,10007_0001_01,1,,,0,0,0,0,Nozomi Tojo,1
100080001,1008,小泉花陽,3,300001,100080001,1,2,1960,3080,2380,10008_0001_00,10008_0001_01,1,,,0,0,0,0,Hanayo Koizumi,1
100090001,1009,矢澤にこ,3,300001,100090001,1,2,2250,3260,1910,10009_0001_00,10009_0001_01,1,,,0,0,0,0,Nico Yazawa,1
100010002,1001,高坂穂乃果,2,200001,100010002,1,2,1950,2400,3270,10001_0002_00,10001_0002_01,1,,,0,0,0,0,Honoka Kosaka,1
100020002,1002,絢瀬絵里,2,200001,100020002,1,2,2030,2340,3250,10002_0002_00,10002_0002_01,1,,,0,0,0,0,Eli Ayase,1
100030002,1003,南ことり,2,200001,100030002,1,2,2130,1770,3810,10003_0002_00,10003_0002_01,1,,,0,0,0,0,Kotori Minami,1
100040002,1004,園田海未,2,200001,100040002,1,2,1880,2330,3410,10004_0002_00,10004_0002_01,1,,,0,0,0,0,Umi Sonoda,1
100050002,1005,星空凛,2,200001,100050002,1,2,2240,1920,3460,10005_0002_00,10005_0002_01,1,,,0,0,0,0,Rin Hoshizora,1
100060002,1006,西木野真姫,2,200001,100060002,1,2,2060,2440,3110,10006_0002_00,10006_0002_01,1,,,0,0,0,0,Maki Nishikino,1
100070002,1007,東條希,2,200001,100070002,1,2,1790,2050,3870,10007_0002_00,10007_0002_01,1,,,0,0,0,0,Nozomi Tojo,1
100080002,1008,小泉花陽,2,200001,100080002,1,2,2000,1780,3930,10008_0002_00,10008_0002_01,1,,,0,0,0,0,Hanayo Koizumi,1
100090002,1009,矢澤にこ,2,200001,100090002,1,2,1970,2430,3210,10009_0002_00,10009_0002_01,1,,,0,0,0,0,Nico Yazawa,1
100010003,1001,高坂穂乃果,1,100001,100010003,1,2,4060,1980,1850,10001_0003_00,10001_0003_01,1,,,0,0,0,0,Honoka Kosaka,1
100020003,1002,絢瀬絵里,1,100001,100020003,1,2,3280,2030,2460,10002_0003_00,10002_0003_01,1,,,0,0,0,0,Eli Ayase,1
100030003,1003,南ことり,1,100001,100030003,1,2,3260,2070,2440,10003_0003_00,10003_0003_01,1,,,0,0,0,0,Kotori Minami,1
100040003,1004,園田海未,1,100001,100040003,1,2,3350,2370,2050,10004_0003_00,10004_0003_01,1,,,0,0,0,0,Umi Sonoda,1
100050003,1005,星空凛,1,100001,100050003,1,2,3840,2190,1860,10005_0003_00,10005_0003_01,1,,,0,0,0,0,Rin Hoshizora,1
100060003,1006,西木野真姫,1,100001,100060003,1,2,3420,2030,2320,10006_0003_00,10006_0003_01,1,,,0,0,0,0,Maki Nishikino,1
100070003,1007,東條希,1,100001,100070003,1,2,3470,1960,2340,10007_0003_00,10007_0003_01,1,,,0,0,0,0,Nozomi Tojo,1
100080003,1008,小泉花陽,1,100001,100080003,1,2,3340,2420,2010,10008_0003_00,10008_0003_01,1,,,0,0,0,0,Hanayo Koizumi,1
100090003,1009,矢澤にこ,1,100001,100090003,1,2,3900,1800,2070,10009_0003_00,10009_0003_01,1,,,0,0,0,0,Nico Yazawa,1
100010004,1001,笑顔全開！,1,100002,100010004,2,3,4610,3510,4010,10001_0004_00,10001_0004_01,2,,,0,0,0,0,Full Smile!,1
100020004,1002,ハラショー♪,3,300002,100020004,2,3,3760,4310,4060,10002_0004_00,10002_0004_01,2,,,0,0,0,0,Harasho,1
100030004,1003,癒しの女神,2,200002,100030004,2,3,3910,3620,4600,10003_0004_00,10003_0004_01,2,,,0,0,0,0,Goddess of Healing,1
100040004,1004,精神統一,3,300002,100040004,2,3,4110,4440,3580,10004_0004_00,10004_0004_01,2,,,0,0,0,0,All Psyched Up,1
100050004,1005,μ'ｓの元気印,1,100002,100050004,2,3,4710,3460,3960,10005_0004_00,10005_0004_01,2,,,0,0,0,0,μ's Energy Seal,1
100060004,1006,放課後の歌姫,3,300002,100060004,2,3,3540,4680,3910,10006_0004_00,10006_0004_01,2,,,0,0,0,0,After-School Song,1
100070004,1007,スピリチュアルパワー,2,200002,100070004,2,3,3750,3970,4410,10007_0004_00,10007_0004_01,2,,,0,0,0,0,Spiritual Power,1
100080004,1008,炊き立てご飯です♪,2,200002,100080004,2,3,4050,3450,4630,10008_0004_00,10008_0004_01,2,,,0,0,0,0,Piping Hot Rice,1
100090004,1009,にっこにっこにー,1,100002,100090004,2,3,4460,3990,3680,10009_0004_00,10009_0004_01,2,,,0,0,0,0,With a Smile,1
100010005,1001,笑顔のステージ,1,100005,100010005,3,4,5220,4080,4490,10001_0005_00,10001_0005_01,3,,,0,0,0,0,Stage of Smiles,1
100020005,1002,あなたの心、頂きます,3,300005,100020005,3,4,4340,5260,4190,10002_0005_00,10002_0005_01,3,,,0,0,0,0,Your Heart is Mine,1
100080005,1008,アイドルへの想い,2,200005,100080005,3,4,4490,4070,5230,10008_0005_00,10008_0005_01,3,,,0,0,0,0,Love for an Idol,1
100010006,1001,高坂穂乃果,1,100001,100010006,3,4,4850,3850,4150,10001_0006_00,10001_0006_01,3,,,0,0,0,0,Honoka Kosaka,1
100040005,1004,ラブアローシュート！,3,300005,100040005,3,4,4190,5250,4350,10004_0005_00,10004_0005_01,3,,,0,0,0,0,Love Arrow Shot!,1
100090005,1009,小悪魔ガール,1,100005,100090005,3,4,5280,4120,4390,10009_0005_00,10009_0005_01,3,,,0,0,0,0,Little Demon Girl,1
100040006,1004,園田海未,3,300001,100040006,3,4,3920,4840,4080,10004_0006_00,10004_0006_01,3,,,0,0,0,0,Umi Sonoda,1
140300001,5030,黒崎隼,1,100001,140300001,1,2,2170,840,640,14030_0001_00,14030_0001_01,1,,,0,0,0,0,Shun Kurosaki,1
140310001,5031,設楽ふみ,2,200001,140310001,1,2,730,1000,2370,14031_0001_00,14031_0001_01,1,,,0,0,0,0,Fumi Shitara,1
140340001,5034,桐原優香,2,200001,140340001,1,2,590,810,1800,14034_0001_00,14034_0001_01,1,,,0,0,0,0,Yuuka Kirihara,1
140320001,5032,門田剣,3,300001,140320001,1,2,890,2050,710,14032_0001_00,14032_0001_01,1,,,0,0,0,0,Tsurugi Kadota,1
100010007,1001,炎の心,1,100002,100010007,2,3,4680,4030,3580,10001_0007_00,10001_0007_01,2,,,0,0,0,0,Heart of Fire,1
100030005,1003,ひつじのきもち,2,200002,100030005,2,3,3910,4050,4330,10003_0005_00,10003_0005_01,2,,,0,0,0,0,Sheep's Feelings,1
100070005,1007,運命のカード,2,200002,100070005,2,3,3990,3790,4510,10007_0005_00,10007_0005_01,2,,,0,0,0,0,Destiny Card,1
100060005,1006,誓いのメロディー,3,300005,100060005,3,4,4190,5280,4320,10006_0005_00,10006_0005_01,3,,,0,0,0,0,Melody of Promise,1
140350001,5035,斉木風,1,100001,140350001,1,2,2410,720,970,14035_0001_00,14035_0001_01,1,,,0,0,0,0,Fuu Saiki,1
100020006,1002,狐の嫁入り,3,300002,100020006,2,3,3860,4480,3950,10002_0006_00,10002_0006_01,2,,,0,0,0,0,Sun Shower,1
100040007,1004,幸運の白うさぎ,3,300002,100040007,2,3,3860,4380,4050,10004_0007_00,10004_0007_01,2,,,0,0,0,0,Good Fortune Rabbit,1
100080006,1008,ご注文のお品物です♪,2,200002,100080006,2,3,3570,4010,4710,10008_0006_00,10008_0006_01,2,,,0,0,0,0,Here You Go!,1
100080007,1008,小泉花陽,2,200001,100080007,3,4,4220,3850,4870,10008_0007_00,10008_0007_01,3,,,0,0,0,0,Hanayo Koizumi,1
100030006,1003,南ことり,2,200001,100030006,3,4,4240,3840,4860,10003_0006_00,10003_0006_01,3,,,0,0,0,0,Kotori Minami,1
100060006,1006,秘密の診察室,3,300002,100060006,2,3,3890,4730,3670,10006_0006_00,10006_0006_01,2,,,0,0,0,0,Secret Exam Room,1
140330001,5033,アルパカ[白],1,100001,140330001,1,2,1,1,1,14033_0001_00,14033_0001_01,1,,,0,0,0,0,Alpaca [White],1
140360001,5036,福原命,1,100001,140360001,1,2,2180,1170,750,14036_0001_00,14036_0001_01,1,,,0,0,0,0,Mikoto Fukuhara,1
140370001,5037,坂巻千鶴子,2,200001,140370001,1,2,980,510,1910,14037_0001_00,14037_0001_01,1,,,0,0,0,0,Chiduko Sakamaki,1
140380001,5038,志賀仁美,3,300001,140380001,1,2,730,2080,590,14038_0001_00,14038_0001_01,1,,,0,0,0,0,Hitomi Shiga,1
100040008,1004,ラブバインド,3,300002,100040008,2,3,3940,4560,3790,10004_0008_00,10004_0008_01,2,,,0,0,0,0,Love Bind,1
100050005,1005,凛をご覧下さいにゃ♪,1,100002,100050005,2,3,4720,3990,3580,10005_0005_00,10005_0005_01,2,,,0,0,0,0,Please Look at Rin,1
100090006,1009,にこは人気者,1,100002,100090006,2,3,4360,4020,3910,10009_0006_00,10009_0006_01,2,,,0,0,0,0,Nico Is Popular,1
100030007,1003,天使の歌声,2,200005,100030007,3,4,4380,4220,5190,10003_0007_00,10003_0007_01,3,,,0,0,0,0,An Angel's Voice,1
100050006,1005,星空凛,1,100001,100050006,3,4,4870,3860,4120,10005_0006_00,10005_0006_01,3,,,0,0,0,0,Rin Hoshizora,1
100060007,1006,西木野真姫,3,300001,100060007,3,4,3910,4870,4060,10006_0007_00,10006_0007_01,3,,,0,0,0,0,Maki Nishikino,1
140390001,5039,鬼崎アキラ,1,100001,140390001,1,2,1630,820,610,14039_0001_00,14039_0001_01,1,,,0,0,0,0,Akira Kizaki,1
100030008,1003,素敵なお菓子,2,200002,100030008,2,3,3930,3730,4630,10003_0008_00,10003_0008_01,2,,,0,0,0,0,Wonderful Candy,1
100070006,1007,たぬき寝入り♪,2,200002,100070006,2,3,3910,3650,4730,10007_0006_00,10007_0006_01,2,,,0,0,0,0,Feigning Sleep,1
140400001,5040,紫藤美咲,3,300001,140400001,1,2,1010,2000,640,14040_0001_00,14040_0001_01,1,,,0,0,0,0,Misaki Shido,1
100050007,1005,きまぐれにゃんこ,1,100002,100050007,2,3,4760,3680,3850,10005_0007_00,10005_0007_01,2,,,0,0,0,0,Whimsical Girl,1
140410001,5041,月島結架,1,100001,140410001,1,2,1660,750,600,14041_0001_00,14041_0001_01,1,,,0,0,0,0,Yuka Tsukishima,1
140420001,5042,兵藤さゆり,3,300001,140420001,1,2,680,2030,940,14042_0001_00,14042_0001_01,1,,,0,0,0,0,Sayuri Hyodo,1
100060008,1006,次の獲物はアナタ,3,300002,100060008,2,3,3750,4610,3920,10006_0008_00,10006_0008_01,2,,,0,0,0,0,I'll Catch You Next,1
100090007,1009,教えてあげる♪,1,100002,100090007,2,3,4590,3910,3790,10009_0007_00,10009_0007_01,2,,,0,0,0,0,I'll Teach You,1
100070007,1007,運命の相手,2,200005,100070007,3,4,4190,4300,5300,10007_0007_00,10007_0007_01,3,,,0,0,0,0,Partner of Destiny,1
140430001,5043,蘭花,2,200001,140430001,1,2,890,520,1820,14043_0001_00,14043_0001_01,1,,,0,0,0,0,Ranpha,1
140480001,5048,黒羽咲夜,2,200001,140480001,1,2,920,630,2100,14048_0001_00,14048_0001_01,1,,,0,0,0,0,Sakuya Kurobane,1
100010008,1001,たべちゃうぞ？,1,100002,100010008,2,3,4530,3970,3790,10001_0008_00,10001_0008_01,2,,,0,0,0,0,I'm Gonna Eat It!,1
100020007,1002,エリーの懺悔室,3,300002,100020007,2,3,3950,4600,3740,10002_0007_00,10002_0007_01,2,,,0,0,0,0,Eli's Confessional,1
100050008,1005,伝説のラーメン！,1,100005,100050008,3,4,5290,4160,4340,10005_0008_00,10005_0008_01,3,,,0,0,0,0,Legendary Ramen!,1
100010009,1001,高坂穂乃果,1,100001,100010009,2,3,4300,4060,3780,10001_0009_00,10001_0009_01,2,,,0,0,0,0,Honoka Kosaka,1
100090008,1009,矢澤にこ,1,100001,100090008,3,4,4860,3870,4160,10009_0008_00,10009_0008_01,3,,,0,0,0,0,Nico Yazawa,1
100010010,1001,高坂穂乃果,1,100001,100010010,2,3,4510,3720,4000,10001_0010_00,10001_0010_01,2,,,0,0,0,0,Honoka Kosaka,1
100020008,1002,絢瀬絵里,3,300001,100020008,2,3,3950,4510,3710,10002_0008_00,10002_0008_01,2,,,0,0,0,0,Eli Ayase,1
100030009,1003,南ことり,2,200001,100030009,2,3,3730,3990,4430,10003_0009_00,10003_0009_01,2,,,0,0,0,0,Kotori Minami,1
100040009,1004,園田海未,3,300001,100040009,2,3,4050,4420,3700,10004_0009_00,10004_0009_01,2,,,0,0,0,0,Umi Sonoda,1
100050009,1005,星空凛,1,100001,100050009,2,3,4450,4050,3730,10005_0009_00,10005_0009_01,2,,,0,0,0,0,Rin Hoshizora,1
100060009,1006,西木野真姫,3,300001,100060009,2,3,3730,4460,3980,10006_0009_00,10006_0009_01,2,,,0,0,0,0,Maki Nishikino,1
100070008,1007,東條希,2,200001,100070008,2,3,3770,3960,4420,10007_0008_00,10007_0008_01,2,,,0,0,0,0,Nozomi Tojo,1
100080008,1008,小泉花陽,2,200001,100080008,2,3,3930,3670,4550,10008_0008_00,10008_0008_01,2,,,0,0,0,0,Hanayo Koizumi,1
100090009,1009,矢澤にこ,1,100001,100090009,2,3,4430,3770,4030,10009_0009_00,10009_0009_01,2,,,0,0,0,0,Nico Yazawa,1
100030010,1003,南ことり,2,200001,100030010,3,4,4270,3820,4800,10003_0010_00,10003_0010_01,3,,,0,0,0,0,Kotori Minami,1
140440001,5044,ラクシャータ,2,200001,140440001,1,2,590,790,2120,14044_0001_00,14044_0001_01,1,,,0,0,0,0,Rakshata,1
140450001,5045,レベッカ,3,300001,140450001,1,2,780,2150,570,14045_0001_00,14045_0001_01,1,,,0,0,0,0,Rebecca,1
100010011,1001,海辺の太陽,3,300002,100010011,2,3,3960,4680,3590,10001_0011_00,10001_0011_01,2,,,0,0,0,0,Sun on the Seashore,1
100020009,1002,魅惑のマーメイド,1,100002,100020009,2,3,4710,3930,3590,10002_0009_00,10002_0009_01,2,,,0,0,0,0,Bewitching Mermaid,1
100040010,1004,今日は海未の日♪,2,200002,100040010,2,3,3580,3900,4750,10004_0010_00,10004_0010_01,2,,,0,0,0,0,Today is Umi's Day,1
100050010,1005,夕焼けサマーガール,3,300002,100050010,2,3,3990,4660,3580,10005_0010_00,10005_0010_01,2,,,0,0,0,0,Summer Sunset Girl,1
100090010,1009,真夏の熱視線☆,2,200005,100090010,3,4,4340,4200,5250,10009_0010_00,10009_0010_01,3,,,0,0,0,0,Summer Glances,1
140460001,5046,綾小路姫乃,1,100001,140460001,1,2,2060,600,990,14046_0001_00,14046_0001_01,1,,,0,0,0,0,Himeno Ayanokoji,1
140470001,5047,黒羽咲良,3,300001,140470001,1,2,570,2080,850,14047_0001_00,14047_0001_01,1,,,0,0,0,0,Sakura Kurobane,1
100030011,1003,可憐なマリンガール,1,100002,100030011,2,3,4670,3600,3960,10003_0011_00,10003_0011_01,2,,,0,0,0,0,Lovely Marine Girl,1
100060010,1006,渚の歌姫,2,200002,100060010,2,3,3600,3910,4720,10006_0010_00,10006_0010_01,2,,,0,0,0,0,Singing by the Shore,1
100080009,1008,波打際のプリンセス,3,300002,100080009,2,3,3550,4690,3990,10008_0009_00,10008_0009_01,2,,,0,0,0,0,Queen of the Shore,1
100070009,1007,真夏の果実☆,1,100005,100070009,3,4,5270,4200,4320,10007_0009_00,10007_0009_01,3,,,0,0,0,0,Fruit of Summer,1
100080010,1008,不思議なシンパシー,2,200002,100080010,2,3,3960,3770,4560,10008_0010_00,10008_0010_01,2,,,0,0,0,0,Strange Sympathy,1
100020010,1002,絢瀬絵里,3,300001,100020010,3,4,3870,4850,4170,10002_0010_00,10002_0010_01,3,,,0,0,0,0,Eli Ayase,1
100070010,1007,東條希,2,200001,100070010,3,4,3920,4200,4860,10007_0010_00,10007_0010_01,3,,,0,0,0,0,Nozomi Tojo,1
100010012,1001,高坂穂乃果,1,100001,100010012,3,4,4860,4260,3860,10001_0012_00,10001_0012_01,3,,,0,0,0,0,Honoka Kosaka,1
140490001,5049,白瀬小雪,2,200001,140490001,1,2,550,780,2070,14049_0001_00,14049_0001_01,1,,,0,0,0,0,Koyuki Shirase,1
140520001,5052,高天原睦月,2,200001,140520001,1,2,870,490,2040,14052_0001_00,14052_0001_01,1,,,0,0,0,0,Mutsuki Takamagahara,1
100010013,1001,みんなと夏祭り,2,200002,100010013,2,3,3880,3700,4650,10001_0013_00,10001_0013_01,2,,,0,0,0,0,Everyone's Festival,1
100050011,1005,盆踊りするにゃ！,2,200002,100050011,2,3,3850,3690,4690,10005_0011_00,10005_0011_01,2,,,0,0,0,0,Bon Dance!,1
100060011,1006,金魚すくい名人？,1,100002,100060011,2,3,4670,3950,3610,10006_0011_00,10006_0011_01,2,,,0,0,0,0,Goldfish Scooper,1
100070011,1007,お祭り娘,3,300002,100070011,2,3,3610,4710,3910,10007_0011_00,10007_0011_01,2,,,0,0,0,0,Festival Girl,1
100040011,1004,晩夏の浴衣美人,1,100005,100040011,3,4,5240,4360,4190,10004_0011_00,10004_0011_01,3,,,0,0,0,0,Cotton Kimono Girl,1
140500001,5050,相川涼,3,300001,140500001,1,2,780,2230,990,14050_0001_00,14050_0001_01,1,,,0,0,0,0,Ryo Aikawa,1
100070012,1007,わしわし,3,300002,100070012,2,3,4080,4440,3770,10007_0012_00,10007_0012_01,2,,,0,0,0,0,Hug Attack,1
140510001,5051,イザベラ,3,300001,140510001,1,2,730,2110,560,14051_0001_00,14051_0001_01,1,,,0,0,0,0,Isabella,1
100020011,1002,あなたとリンゴ飴,2,200002,100020011,2,3,3640,3880,4710,10002_0011_00,10002_0011_01,2,,,0,0,0,0,Apple Candy and You,1
100080011,1008,夜店めぐり♪,1,100002,100080011,2,3,4730,3610,3890,10008_0011_00,10008_0011_01,2,,,0,0,0,0,Night Stall-Hopping,1
100090011,1009,夏休みの思い出,3,300002,100090011,2,3,3950,4700,3580,10009_0011_00,10009_0011_01,2,,,0,0,0,0,Great Summer Break,1
100030012,1003,夕涼みガール,3,300005,100030012,3,4,4250,5200,4340,10003_0012_00,10003_0012_01,3,,,0,0,0,0,Cool Evening Breeze,1
120080001,3008,エマ・ヴェルデ,1,100001,120080001,1,2,2270,780,950,12008_0001_00,12008_0001_01,1,,,0,0,0,0,Emma Verde,1
100050012,1005,お月見するにゃ！,2,200002,100050012,2,3,3870,4010,4410,10005_0012_00,10005_0012_01,2,,,0,0,0,0,View the Full Moon!,1
100040012,1004,園田海未,3,300001,100040012,2,3,3850,4330,4050,10004_0012_00,10004_0012_01,2,,,0,0,0,0,Umi Sonoda,1
100010014,1001,高坂穂乃果,1,100001,100010014,3,4,4850,4140,3900,10001_0014_00,10001_0014_01,3,,,0,0,0,0,Honoka Kosaka,1
100020012,1002,おつかれさま！,1,100002,100020012,2,3,4740,3840,3650,10002_0012_00,10002_0012_01,2,,,0,0,0,0,A Job Well Done,1
100040013,1004,敏腕マネージャー,2,200002,100040013,2,3,3650,3820,4760,10004_0013_00,10004_0013_01,2,,,0,0,0,0,Apt Manager,1
100080012,1008,精一杯の応援,3,300002,100080012,2,3,3610,4750,3870,10008_0012_00,10008_0012_01,2,,,0,0,0,0,Full Hearted Support,1
100070013,1007,必勝のおまじない,1,100002,100070013,2,3,4770,3620,3840,10007_0013_00,10007_0013_01,2,,,0,0,0,0,Victory Prayer,1
100010015,1001,あなたへのエール,2,200005,100010015,3,4,4400,4180,5210,10001_0015_00,10001_0015_01,3,,,0,0,0,0,Cheering You On,1
140530001,5053,ジェニファー,1,100001,140530001,1,2,2320,920,760,14053_0001_00,14053_0001_01,1,,,0,0,0,0,Jennifer,1
100060012,1006,ご奉仕してあげる♪,1,100002,100060012,2,3,4590,3780,3920,10006_0012_00,10006_0012_01,2,,,0,0,0,0,A Service for You,1
140540001,5054,マリア,3,300001,140540001,1,2,500,2190,810,14054_0001_00,14054_0001_01,1,,,0,0,0,0,Maria,1
100030013,1003,エンジェルホイッスル,1,100002,100030013,2,3,4760,3580,3890,10003_0013_00,10003_0013_01,2,,,0,0,0,0,Angel's Whistle,1
100060013,1006,一等賞の笑顔,2,200002,100060013,2,3,3580,3870,4780,10006_0013_00,10006_0013_01,2,,,0,0,0,0,A Winning Smile,1
100090012,1009,にこにこサポート,3,300002,100090012,2,3,3850,4790,3590,10009_0012_00,10009_0012_01,2,,,0,0,0,0,Smile Support,1
100050013,1005,いっしょにゴール,3,300005,100050013,3,4,4300,5260,4230,10005_0013_00,10005_0013_01,3,,,0,0,0,0,Go for the Goal!,1
140550001,5055,レオ,1,100001,140550001,1,2,2300,950,800,14055_0001_00,14055_0001_01,1,,,0,0,0,0,Leo,1
100020013,1002,読書の秋,1,100002,100020013,2,3,4610,3700,3820,10002_0013_00,10002_0013_01,2,,,0,0,0,0,Autumn With Books,1
140560001,5056,早乙女紫,2,200001,140560001,1,2,840,570,2240,14056_0001_00,14056_0001_01,1,,,0,0,0,0,Yukari Saotome,1
100010016,1001,至福のつまみ食い,3,300002,100010016,2,3,3840,4750,3640,10001_0016_00,10001_0016_01,2,,,0,0,0,0,Blissful Snacks,1
100020014,1002,特製ボルシチ,2,200002,100020014,2,3,3580,3880,4770,10002_0014_00,10002_0014_01,2,,,0,0,0,0,Special Stew,1
100030014,1003,はい、あーん♪,1,100002,100030014,2,3,4740,3670,3820,10003_0014_00,10003_0014_01,2,,,0,0,0,0,Open Wide!,1
100090013,1009,家庭的アイドル,2,200002,100090013,2,3,3970,3550,4710,10009_0013_00,10009_0013_01,2,,,0,0,0,0,Homely Idol,1
100080013,1008,癒やしのメニュー,3,300005,100080013,3,4,3990,5220,4580,10008_0013_00,10008_0013_01,3,,,0,0,0,0,Happy Servings,1
100030015,1003,南ことり,2,200001,100030015,2,3,4000,3810,4420,10003_0015_00,10003_0015_01,2,,,0,0,0,0,Kotori Minami,1
120060002,3006,近江彼方,2,200001,120060002,1,2,620,720,2140,12006_0002_00,12006_0002_01,1,,,0,0,0,0,Kanata Konoe,1
100030016,1003,保健室の天使,3,300002,100030016,2,3,3800,4640,3690,10003_0016_00,10003_0016_01,2,,,0,0,0,0,Angel? Nurse?,1
140070002,5007,永山みなみ,3,300001,140070002,1,2,690,1620,560,14007_0002_00,14007_0002_01,1,,,0,0,0,0,Minami Nagayama,1
100040014,1004,食物への感謝,1,100002,100040014,2,3,4760,3870,3600,10004_0014_00,10004_0014_01,2,,,0,0,0,0,Thankful Feast,1
100050014,1005,お手製ラーメン,2,200002,100050014,2,3,3890,3610,4730,10005_0014_00,10005_0014_01,2,,,0,0,0,0,Home-made Ramen,1
100070014,1007,開運フルコース,3,300002,100070014,2,3,3650,4790,3790,10007_0014_00,10007_0014_01,2,,,0,0,0,0,Full Course of Luck,1
100060014,1006,秘密の手料理,1,100005,100060014,3,4,5210,4420,4160,10006_0014_00,10006_0014_01,3,,,0,0,0,0,Secret Recipes,1
120030002,3003,桜坂しずく,3,300001,120030002,1,2,710,1470,490,12003_0002_00,12003_0002_01,1,,,0,0,0,0,Shizuku Osaka,1
100010017,1001,穂むらの看板娘,2,200002,100010017,2,3,3630,3880,4620,10001_0017_00,10001_0017_01,2,,,0,0,0,0,Homura's Star,1
140210002,5021,支倉かさね,2,200001,140210002,1,2,1110,630,2630,14021_0002_00,14021_0002_01,1,,,0,0,0,0,Kasane Hasekura,1
100040015,1004,きよしこの夜,1,100002,100040015,2,3,4830,3900,3500,10004_0015_00,10004_0015_01,2,,,0,0,0,0,Pure Night,1
100050015,1005,クリスマス・ベル,3,300002,100050015,2,3,3860,4850,3520,10005_0015_00,10005_0015_01,2,,,0,0,0,0,Christmas Bells,1
100060015,1006,クリスマスキャロル,1,100002,100060015,2,3,4870,3920,3440,10006_0015_00,10006_0015_01,2,,,0,0,0,0,Christmas Carol,1
100090014,1009,良い子のクリスマス,2,200002,100090014,2,3,3910,3460,4860,10009_0014_00,10009_0014_01,2,,,0,0,0,0,Good Girl Christmas,1
100020015,1002,あなたへのプレゼント,2,200005,100020015,3,4,4160,4390,5240,10002_0015_00,10002_0015_01,3,,,0,0,0,0,Present for You,1
140230002,5023,篠宮あきる,1,100001,140230002,1,2,2720,1070,660,14023_0002_00,14023_0002_01,1,,,0,0,0,0,Akiru Shinomiya,1
100080014,1008,リンクの妖精,3,300002,100080014,2,3,3910,4610,3610,10008_0014_00,10008_0014_01,2,,,0,0,0,0,Elven Ties,1
140370002,5037,坂巻千鶴子,1,100001,140370002,1,2,2120,450,870,14037_0002_00,14037_0002_01,1,,,0,0,0,0,Chiduko Sakamaki,1
100010018,1001,キャンドルナイト,2,200002,100010018,2,3,3950,3440,4840,10001_0018_00,10001_0018_01,2,,,0,0,0,0,Candle Night,1
100030017,1003,ホワイトクリスマス,3,300002,100030017,2,3,3480,4880,3870,10003_0017_00,10003_0017_01,2,,,0,0,0,0,White Christmas,1
100080015,1008,クリスマスのごちそう,1,100002,100080015,2,3,4860,3510,3860,10008_0015_00,10008_0015_01,2,,,0,0,0,0,My Christmas Treat,1
100070015,1007,あなたのサンタさん,3,300004,100070015,3,4,3790,5200,4800,10007_0015_00,10007_0015_01,3,,,0,0,0,0,Your Special Santa,1
100030018,1003,ことり式雪だるま,2,200001,100030018,3,4,4140,3920,4830,10003_0018_00,10003_0018_01,3,,,0,0,0,0,"Snowman, Kotori Style",1
140430002,5043,蘭花,3,300001,140430002,1,2,430,1900,940,14043_0002_00,14043_0002_01,1,,,0,0,0,0,Ranpha,1
100040016,1004,雪の降る夜に,2,200002,100040016,2,3,3840,3640,4650,10004_0016_00,10004_0016_01,2,,,0,0,0,0,Snowy Night,1
100090015,1009,プレゼントはわたし？,1,100001,100090015,2,3,4320,4060,3760,10009_0015_00,10009_0015_01,2,,,0,0,0,0,Can I be your Present?,1
140110002,5011,杉崎亜矢,1,100001,140110002,1,2,1870,530,730,14011_0002_00,14011_0002_01,1,,,0,0,0,0,Aya Sugisaki,1
100030019,1003,素敵な初夢,2,200002,100030019,2,3,3540,3790,4900,10003_0019_00,10003_0019_01,2,,,0,0,0,0,New Year's Dream,1
100050016,1005,今年は大吉！,1,100002,100050016,2,3,4870,3590,3770,10005_0016_00,10005_0016_01,2,,,0,0,0,0,365 Happy Days,1
100070016,1007,新年のおまじない,1,100002,100070016,2,3,4860,3550,3820,10007_0016_00,10007_0016_01,2,,,0,0,0,0,Lucky New Year!,1
100090016,1009,福娘ここにあり,3,300002,100090016,2,3,3810,4850,3570,10009_0016_00,10009_0016_01,2,,,0,0,0,0,Happiest Girl,1
100040017,1004,謹賀新年,2,200004,100040017,3,4,3840,4730,5220,10004_0017_00,10004_0017_01,3,,,0,0,0,0,Yearly Greetings,1
140300002,5030,黒崎隼,2,200001,140300002,1,2,850,600,2240,14030_0002_00,14030_0002_01,1,,,0,0,0,0,Shun Kurosaki,1
100090017,1009,手作りおせち,1,100002,100090017,2,3,4690,3720,3880,10009_0017_00,10009_0017_01,2,,,0,0,0,0,New Year's Treat,1
100060016,1006,氷上の舞姫,3,300001,100060016,2,3,3740,4480,3980,10006_0016_00,10006_0016_01,2,,,0,0,0,0,A Princess on Ice,1
100040018,1004,園田海未,3,300001,100040018,3,4,4180,4850,3910,10004_0018_00,10004_0018_01,3,,,0,0,0,0,Umi Sonoda,1
140460002,5046,綾小路姫乃,3,300001,140460002,1,2,1010,2130,550,14046_0002_00,14046_0002_01,1,,,0,0,0,0,Himeno Ayanokoji,1
100020016,1002,内緒のお年玉,3,300002,100020016,2,3,3800,4870,3560,10002_0016_00,10002_0016_01,2,,,0,0,0,0,Secret Gift,1
100060017,1006,年に一度の晴れ姿,2,200002,100060017,2,3,3490,3890,4850,10006_0017_00,10006_0017_01,2,,,0,0,0,0,Finest Once a Year,1
100080016,1008,お餅もお米,1,100002,100080016,2,3,4890,3590,3750,10008_0016_00,10008_0016_01,2,,,0,0,0,0,Mochi is Rice Too,1
100010019,1001,ハッピーニューイヤー,3,300004,100010019,3,4,4830,5180,3780,10001_0019_00,10001_0019_01,3,,,0,0,0,0,Happy New Year,1
140320002,5032,門田剣,1,100001,140320002,1,2,2100,940,650,14032_0002_00,14032_0002_01,1,,,0,0,0,0,Tsurugi Kadota,1
100070017,1007,願いを込めて,3,300002,100070017,2,3,3920,4590,3780,10007_0017_00,10007_0017_01,2,,,0,0,0,0,With All My Wishes,1
100050017,1005,星空凛,1,100001,100050017,1,2,3600,1770,2120,10005_0017_00,10005_0017_01,1,,,0,0,0,0,Rin Hoshizora,1
100010020,1001,高坂穂乃果,1,100001,100010020,2,3,4480,4010,3680,10001_0020_00,10001_0020_01,2,,,0,0,0,0,Honoka Kosaka,1
100020017,1002,絢瀬絵里,3,300001,100020017,2,3,3710,4480,3950,10002_0017_00,10002_0017_01,2,,,0,0,0,0,Eli Ayase,1
100030020,1003,南ことり,2,200001,100030020,2,3,3980,3690,4560,10003_0020_00,10003_0020_01,2,,,0,0,0,0,Kotori Minami,1
100040019,1004,園田海未,3,300001,100040019,2,3,3670,4430,4040,10004_0019_00,10004_0019_01,2,,,0,0,0,0,Umi Sonoda,1
100050018,1005,星空凛,1,100001,100050018,2,3,4450,3700,4020,10005_0018_00,10005_0018_01,2,,,0,0,0,0,Rin Hoshizora,1
100060018,1006,西木野真姫,3,300001,100060018,2,3,3990,4500,3650,10006_0018_00,10006_0018_01,2,,,0,0,0,0,Maki Nishikino,1
100070018,1007,東條希,2,200001,100070018,2,3,4000,3720,4510,10007_0018_00,10007_0018_01,2,,,0,0,0,0,Nozomi Tojo,1
100080017,1008,小泉花陽,2,200001,100080017,2,3,4020,3680,4530,10008_0017_00,10008_0017_01,2,,,0,0,0,0,Hanayo Koizumi,1
100090018,1009,矢澤にこ,1,100001,100090018,2,3,4530,3960,3680,10009_0018_00,10009_0018_01,2,,,0,0,0,0,Nico Yazawa,1
100010021,1001,高坂穂乃果,1,100001,100010021,2,3,4460,3760,3930,10001_0021_00,10001_0021_01,2,,,0,0,0,0,Honoka Kosaka,1
100020018,1002,絢瀬絵里,3,300001,100020018,2,3,3970,4510,3730,10002_0018_00,10002_0018_01,2,,,0,0,0,0,Eli Ayase,1
100030021,1003,南ことり,2,200001,100030021,2,3,3690,3970,4480,10003_0021_00,10003_0021_01,2,,,0,0,0,0,Kotori Minami,1
100040020,1004,園田海未,3,300001,100040020,2,3,3940,4560,3710,10004_0020_00,10004_0020_01,2,,,0,0,0,0,Umi Sonoda,1
100050019,1005,星空凛,1,100001,100050019,2,3,4500,3940,3710,10005_0019_00,10005_0019_01,2,,,0,0,0,0,Rin Hoshizora,1
100060019,1006,西木野真姫,3,300001,100060019,2,3,3660,4530,4020,10006_0019_00,10006_0019_01,2,,,0,0,0,0,Maki Nishikino,1
100070019,1007,東條希,2,200001,100070019,2,3,3720,3920,4500,10007_0019_00,10007_0019_01,2,,,0,0,0,0,Nozomi Tojo,1
100080018,1008,小泉花陽,2,200001,100080018,2,3,3670,3990,4480,10008_0018_00,10008_0018_01,2,,,0,0,0,0,Hanayo Koizumi,1
100090019,1009,矢澤にこ,1,100001,100090019,2,3,4450,3730,3970,10009_0019_00,10009_0019_01,2,,,0,0,0,0,Nico Yazawa,1
140130002,5013,佐伯麗音,2,200001,140130002,1,2,820,450,2000,14013_0002_00,14013_0002_01,1,,,0,0,0,0,Reine Saeki,1
100010022,1001,動物がいっぱい,1,100002,100010022,2,3,4880,3510,3840,10001_0022_00,10001_0022_01,2,,,0,0,0,0,Lots o' Animals,1
100040021,1004,秘めた想い,1,100002,100040021,2,3,4860,3810,3560,10004_0021_00,10004_0021_01,2,,,0,0,0,0,Secret Desire,1
100050020,1005,凛のひみつ,3,300002,100050020,2,3,3890,4810,3530,10005_0020_00,10005_0020_01,2,,,0,0,0,0,Rin's Secret,1
100080019,1008,ドキドキバレンタイン,2,200002,100080019,2,3,3530,3860,4840,10008_0019_00,10008_0019_01,2,,,0,0,0,0,Romantic Valentine,1
100090020,1009,超レアチョコ,3,300004,100090020,3,4,4740,5190,3860,10009_0020_00,10009_0020_01,3,,,0,0,0,0,Special Chocolate,1
100030022,1003,南ことり,2,200001,100030022,3,4,3780,4220,4840,10003_0022_00,10003_0022_01,3,,,0,0,0,0,Kotori Minami,1
140250002,5025,白木凪,3,300001,140250002,1,2,810,2840,1260,14025_0002_00,14025_0002_01,1,,,0,0,0,0,Nagi Shiraki,1
100050021,1005,冬の思い出♪,2,200002,100050021,2,3,3710,3940,4640,10005_0021_00,10005_0021_01,2,,,0,0,0,0,Winter Memories,1
140530002,5053,ジェニファー,2,200001,140530002,1,2,990,630,2420,14053_0002_00,14053_0002_01,1,,,0,0,0,0,Jennifer,1
100020019,1002,一粒チョコレート,2,200002,100020019,2,3,3570,3840,4820,10002_0019_00,10002_0019_01,2,,,0,0,0,0,A Piece of Chocolate,1
100030023,1003,口溶けスイーツ♪,3,300002,100030023,2,3,3470,4850,3910,10003_0023_00,10003_0023_01,2,,,0,0,0,0,Sweet and Smooth,1
100070020,1007,ハッピーバレンタイン,1,100002,100070020,2,3,4900,3600,3730,10007_0020_00,10007_0020_01,2,,,0,0,0,0,Happy Valentine,1
100060020,1006,真姫の隠し事,2,200004,100060020,3,4,3870,4690,5230,10006_0020_00,10006_0020_01,3,,,0,0,0,0,Maki's Secret,1
140380002,5038,志賀仁美,1,100001,140380002,1,2,2180,780,520,14038_0002_00,14038_0002_01,1,,,0,0,0,0,Hitomi Shiga,1
100060021,1006,鬼はうち,1,100002,100060021,2,3,4670,3560,3900,10006_0021_00,10006_0021_01,2,,,0,0,0,0,More Luck for Me!,1
140020002,5002,宮下ココ,1,100001,140020002,1,2,1510,530,650,14002_0002_00,14002_0002_01,1,,,0,0,0,0,Coco Miyashita,1
100010023,1001,おひさまパワー☆,3,300002,100010023,2,3,4010,4770,3550,10001_0023_00,10001_0023_01,2,,,0,0,0,0,Sunny Power,1
100020020,1002,音ノ木坂のお姉さん,1,100002,100020020,2,3,4840,3970,3520,10002_0020_00,10002_0020_01,2,,,0,0,0,0,Girl of Otonokizaka,1
100040022,1004,雪どけの季節,3,300002,100040022,2,3,3530,4810,3990,10004_0022_00,10004_0022_01,2,,,0,0,0,0,Snow Melt Season,1
100070021,1007,新しい風,2,200002,100070021,2,3,3500,4040,4790,10007_0021_00,10007_0021_01,2,,,0,0,0,0,Fresh Wind,1
100080020,1008,花陽の春コーデ♪,1,100004,100080020,3,4,5240,3950,4600,10008_0020_00,10008_0020_01,3,,,0,0,0,0,My Spring Looks,1
140220002,5022,多々良るう,3,300001,140220002,1,2,640,2680,1050,14022_0002_00,14022_0002_01,1,,,0,0,0,0,Ru Tatara,1
100090021,1009,女の子の好きなもの,2,200002,100090021,2,3,3550,3820,4710,10009_0021_00,10009_0021_01,2,,,0,0,0,0,What a Girl Likes,1
140120002,5012,御堂優理,2,200001,140120002,1,2,490,800,1900,14012_0002_00,14012_0002_01,1,,,0,0,0,0,Yuri Mido,1
100030024,1003,ことりのまくら♪,1,100002,100030024,2,3,4860,3540,3930,10003_0024_00,10003_0024_01,2,,,0,0,0,0,Kotori's Pillow,1
100060022,1006,募る想い,2,200002,100060022,2,3,3520,4050,4760,10006_0022_00,10006_0022_01,2,,,0,0,0,0,Growing Love,1
100090022,1009,挑戦者にこ,3,300002,100090022,2,3,3980,4800,3550,10009_0022_00,10009_0022_01,2,,,0,0,0,0,Nico the Challenger,1
100050022,1005,遊びに行こうっ！,2,200004,100050022,3,4,4780,3780,5230,10005_0022_00,10005_0022_01,3,,,0,0,0,0,Let's Go Out!,1
140310002,5031,設楽ふみ,1,100001,140310002,1,2,2450,610,1080,14031_0002_00,14031_0002_01,1,,,0,0,0,0,Fumi Shitara,1
100030025,1003,綺麗なことりさん,3,300002,100030025,2,3,3740,4670,3670,10003_0025_00,10003_0025_01,2,,,0,0,0,0,Pretty Bird,1
100050023,1005,星空凛,1,100001,100050023,2,3,4320,3700,4120,10005_0023_00,10005_0023_01,2,,,0,0,0,0,Rin Hoshizora,1
100080021,1008,小泉花陽,2,200001,100080021,2,3,3740,4060,4370,10008_0021_00,10008_0021_01,2,,,0,0,0,0,Hanayo Koizumi,1
140260002,5026,藤城悠弓,2,200001,140260002,1,2,900,1170,2870,14026_0002_00,14026_0002_01,1,,,0,0,0,0,Yumi Fujishiro,1
100010024,1001,やっぱり幸せ！,2,200002,100010024,2,3,3970,3540,4820,10001_0024_00,10001_0024_01,2,,,0,0,0,0,I'm Happy!,1
100030026,1003,甘みたっぷり☆,2,200002,100030026,2,3,3540,3990,4800,10003_0026_00,10003_0026_01,2,,,0,0,0,0,Juicy Fruity,1
100050024,1005,スイートラーメン,1,100002,100050024,2,3,4780,4030,3520,10005_0024_00,10005_0024_01,2,,,0,0,0,0,Sweet Ramen,1
100080022,1008,まかせてください！,3,300002,100080022,2,3,3500,4830,4000,10008_0022_00,10008_0022_01,2,,,0,0,0,0,Leave it to Me!,1
100020021,1002,亜里沙も一緒♪,1,100004,100020021,3,4,5220,4690,3880,10002_0021_00,10002_0021_01,3,,,0,0,0,0,With Alisa!,1
140360002,5036,福原命,2,200001,140360002,1,2,1240,650,2250,14036_0002_00,14036_0002_01,1,,,0,0,0,0,Mikoto Fukuhara,1
100060023,1006,桜の木の下で,3,300002,100060023,2,3,3670,4700,3710,10006_0023_00,10006_0023_01,2,,,0,0,0,0,Cherry Blossoms,1
140170002,5017,九条聖来,3,300001,140170002,1,2,540,2070,840,14017_0002_00,14017_0002_01,1,,,0,0,0,0,Seira Kujo,1
100010025,1001,高坂穂乃果,1,100001,100010025,1,2,4010,1790,2060,10001_0025_00,10001_0025_01,1,,,0,0,0,0,Honoka Kosaka,1
100020022,1002,絢瀬絵里,3,300001,100020022,1,2,1880,3990,1990,10002_0022_00,10002_0022_01,1,,,0,0,0,0,Eli Ayase,1
100030027,1003,南ことり,2,200001,100030027,1,2,1810,2030,4020,10003_0027_00,10003_0027_01,1,,,0,0,0,0,Kotori Minami,1
100040023,1004,園田海未,3,300001,100040023,1,2,1770,4050,2040,10004_0023_00,10004_0023_01,1,,,0,0,0,0,Umi Sonoda,1
100050025,1005,星空凛,1,100001,100050025,1,2,3970,1820,2070,10005_0025_00,10005_0025_01,1,,,0,0,0,0,Rin Hoshizora,1
100060024,1006,西木野真姫,3,300001,100060024,1,2,1980,4030,1850,10006_0024_00,10006_0024_01,1,,,0,0,0,0,Maki Nishikino,1
100070022,1007,東條希,2,200001,100070022,1,2,1970,1840,4040,10007_0022_00,10007_0022_01,1,,,0,0,0,0,Nozomi Tojo,1
100080023,1008,小泉花陽,2,200001,100080023,1,2,1870,2010,3980,10008_0023_00,10008_0023_01,1,,,0,0,0,0,Hanayo Koizumi,1
100090023,1009,矢澤にこ,1,100001,100090023,1,2,4020,2000,1840,10009_0023_00,10009_0023_01,1,,,0,0,0,0,Nico Yazawa,1
100060025,1006,フルーツガール,1,100002,100060025,2,3,4870,3910,3550,10006_0025_00,10006_0025_01,2,,,0,0,0,0,Fruity Girl,1
100070023,1007,自然の恵み♪,3,300002,100070023,2,3,3540,4840,3950,10007_0023_00,10007_0023_01,2,,,0,0,0,0,Natural Goodness,1
100090024,1009,スイーツアイドル,2,200002,100090024,2,3,3900,3620,4810,10009_0024_00,10009_0024_01,2,,,0,0,0,0,Sweet Idol,1
100040024,1004,甘味のちから,3,300003,100040024,3,4,4300,5290,4230,10004_0024_00,10004_0024_01,3,,,0,0,0,0,Desserts Rule,1
100010026,1001,高坂穂乃果,1,100001,100010026,1,2,3610,2030,1820,10001_0026_00,10001_0026_01,1,,,0,0,0,0,Honoka Kosaka,1
100020023,1002,絢瀬絵里,3,300001,100020023,1,2,1970,3630,1860,10002_0023_00,10002_0023_01,1,,,0,0,0,0,Eli Ayase,1
100030028,1003,南ことり,2,200001,100030028,1,2,2010,1850,3600,10003_0028_00,10003_0028_01,1,,,0,0,0,0,Kotori Minami,1
100040025,1004,園田海未,3,300001,100040025,1,2,1990,3560,1910,10004_0025_00,10004_0025_01,1,,,0,0,0,0,Umi Sonoda,1
100050026,1005,星空凛,1,100001,100050026,1,2,3570,2050,1840,10005_0026_00,10005_0026_01,1,,,0,0,0,0,Rin Hoshizora,1
100060026,1006,西木野真姫,3,300001,100060026,1,2,1850,3590,2020,10006_0026_00,10006_0026_01,1,,,0,0,0,0,Maki Nishikino,1
100070024,1007,東條希,2,200001,100070024,1,2,1850,1960,3650,10007_0024_00,10007_0024_01,1,,,0,0,0,0,Nozomi Tojo,1
100080024,1008,小泉花陽,2,200001,100080024,1,2,1960,1860,3640,10008_0024_00,10008_0024_01,1,,,0,0,0,0,Hanayo Koizumi,1
100090025,1009,矢澤にこ,1,100001,100090025,1,2,3580,1870,2010,10009_0025_00,10009_0025_01,1,,,0,0,0,0,Nico Yazawa,1
140550002,5055,レオ,3,300001,140550002,1,2,1000,2370,720,14055_0002_00,14055_0002_01,1,,,0,0,0,0,Leo,1
100080025,1008,ご飯とお味噌汁,2,200002,100080025,2,3,3610,3790,4680,10008_0025_00,10008_0025_01,2,,,0,0,0,0,Rice and Miso Soup,1
140490002,5049,白瀬小雪,1,100001,140490002,1,2,2160,480,800,14049_0002_00,14049_0002_01,1,,,0,0,0,0,Koyuki Shirase,1
100040026,1004,海未の恩返し,1,100002,100040026,2,3,4850,3980,3500,10004_0026_00,10004_0026_01,2,,,0,0,0,0,Umi Returns the Favor,1
100050027,1005,魔法のランプ,3,300002,100050027,2,3,4020,4790,3520,10005_0027_00,10005_0027_01,2,,,0,0,0,0,Magic Lamp,1
100060027,1006,目覚めの口づけ,3,300002,100060027,2,3,3560,4810,3960,10006_0027_00,10006_0027_01,2,,,0,0,0,0,Awakening Kiss,1
100070025,1007,塔の中の乙女,2,200002,100070025,2,3,3590,4000,4740,10007_0025_00,10007_0025_01,2,,,0,0,0,0,Let Your Hair Down,1
100030029,1003,小さなお姫様,1,100004,100030029,3,4,5210,3830,4750,10003_0029_00,10003_0029_01,3,,,0,0,0,0,Little Princess,1
140450002,5045,レベッカ,2,200001,140450002,1,2,460,810,2270,14045_0002_00,14045_0002_01,1,,,0,0,0,0,Rebecca,1
100040027,1004,勇敢なる乙女,2,200002,100040027,2,3,3720,3640,4720,10004_0027_00,10004_0027_01,2,,,0,0,0,0,Brave Maiden,1
140500002,5050,相川涼,2,200001,140500002,1,2,690,1030,2320,14050_0002_00,14050_0002_01,1,,,0,0,0,0,Ryo Aikawa,1
100010027,1001,とろーりチーズ♪,3,300002,100010027,2,3,3980,4820,3530,10001_0027_00,10001_0027_01,2,,,0,0,0,0,Melty Cheese,1
100020024,1002,魔法が解けても,2,200002,100020024,2,3,3600,3920,4810,10002_0024_00,10002_0024_01,2,,,0,0,0,0,Enchanted Forever,1
100090026,1009,食べちゃダメよ？,1,100002,100090026,2,3,4790,3580,3960,10009_0026_00,10009_0026_01,2,,,0,0,0,0,Please Don't Eat Me,1
100080026,1008,ちびっこおにぎり！,2,200003,100080026,3,4,4090,4450,5280,10008_0026_00,10008_0026_01,3,,,0,0,0,0,Tiny Rice Balls!,1
140390002,5039,鬼崎アキラ,3,300001,140390002,1,2,870,1690,580,14039_0002_00,14039_0002_01,1,,,0,0,0,0,Akira Kizaki,1
100010028,1001,ゆっくり行こう！,1,100002,100010028,2,3,4660,3580,3840,10001_0028_00,10001_0028_01,2,,,0,0,0,0,Let's Take It Slow!,1
140440002,5044,ラクシャータ,3,300001,140440002,1,2,480,2240,820,14044_0002_00,14044_0002_01,1,,,0,0,0,0,Rakshata,1
100040028,1004,寄り添いポーズ,2,200002,100040028,2,3,3520,3820,4840,10004_0028_00,10004_0028_01,2,,,0,0,0,0,Pose with You,1
100050028,1005,大人みたい♪,2,200002,100050028,2,3,3790,3530,4860,10005_0028_00,10005_0028_01,2,,,0,0,0,0,All Grown Up?,1
100070026,1007,空想ブライダル,1,100002,100070026,2,3,4820,3550,3810,10007_0026_00,10007_0026_01,2,,,0,0,0,0,Bridal Dreams,1
100090027,1009,人気モデルにこ♪,3,300002,100090027,2,3,3760,4870,3550,10009_0027_00,10009_0027_01,2,,,0,0,0,0,Nico on the Runway,1
100020025,1002,シンプルドレス,3,300003,100020025,3,4,4180,5320,4320,10002_0025_00,10002_0025_01,3,,,0,0,0,0,Simple Dress?,1
140470002,5047,黒羽咲良,2,200001,140470002,1,2,420,930,2190,14047_0002_00,14047_0002_01,1,,,0,0,0,0,Sakura Kurobane,1
100050029,1005,おっきな水たまり,1,100002,100050029,2,3,4680,3810,3590,10005_0029_00,10005_0029_01,2,,,0,0,0,0,Making Ripples,1
100010029,1001,高坂穂乃果,1,100001,100010029,3,4,4860,3960,4110,10001_0029_00,10001_0029_01,3,,,0,0,0,0,Honoka Kosaka,1
140080002,5008,クリスティーナ,1,100001,140080002,1,2,1680,520,720,14008_0002_00,14008_0002_01,1,,,0,0,0,0,Christina,1
100030030,1003,ことりデザイン,3,300002,100030030,2,3,3540,4900,3740,10003_0030_00,10003_0030_01,2,,,0,0,0,0,Kotori Design,1
100060028,1006,付き添いパーティ♪,2,200002,100060028,2,3,3500,3850,4830,10006_0028_00,10006_0028_01,2,,,0,0,0,0,Come to the Party,1
100080027,1008,はじめてのドレス,1,100002,100080027,2,3,4870,3490,3820,10008_0027_00,10008_0027_01,2,,,0,0,0,0,My First Dress,1
100010030,1001,その日が来るまで,1,100003,100010030,3,4,5340,4390,4090,10001_0030_00,10001_0030_01,3,,,0,0,0,0,Until That Day...,1
100010031,1001,高坂穂乃果,3,300001,100010031,1,2,2170,3900,1890,10001_0031_00,10001_0031_01,1,,,0,0,0,0,Honoka Kosaka,1
100020026,1002,絢瀬絵里,3,300001,100020026,1,2,2040,4040,1870,10002_0026_00,10002_0026_01,1,,,0,0,0,0,Eli Ayase,1
100030031,1003,南ことり,3,300001,100030031,1,2,1890,3970,2100,10003_0031_00,10003_0031_01,1,,,0,0,0,0,Kotori Minami,1
100040029,1004,園田海未,3,300001,100040029,1,2,2100,4030,1830,10004_0029_00,10004_0029_01,1,,,0,0,0,0,Umi Sonoda,1
100050030,1005,星空凛,3,300001,100050030,1,2,2130,3910,1920,10005_0030_00,10005_0030_01,1,,,0,0,0,0,Rin Hoshizora,1
100060029,1006,西木野真姫,3,300001,100060029,1,2,1840,4090,2050,10006_0029_00,10006_0029_01,1,,,0,0,0,0,Maki Nishikino,1
100070027,1007,東條希,3,300001,100070027,1,2,1820,3950,2190,10007_0027_00,10007_0027_01,1,,,0,0,0,0,Nozomi Tojo,1
100080028,1008,小泉花陽,3,300001,100080028,1,2,1900,3990,2070,10008_0028_00,10008_0028_01,1,,,0,0,0,0,Hanayo Koizumi,1
100090028,1009,矢澤にこ,3,300001,100090028,1,2,2120,3890,1950,10009_0028_00,10009_0028_01,1,,,0,0,0,0,Nico Yazawa,1
140480002,5048,黒羽咲夜,1,100001,140480002,1,2,2200,510,980,14048_0002_00,14048_0002_01,1,,,0,0,0,0,Sakuya Kurobane,1
100020027,1002,キミとの時間,3,300002,100020027,2,3,3790,4660,3630,10002_0027_00,10002_0027_01,2,,,0,0,0,0,Time with You,1
100010032,1001,高坂穂乃果,1,100001,100010032,2,3,4330,3980,3860,10001_0032_00,10001_0032_01,2,,,0,0,0,0,Honoka Kosaka,1
100020028,1002,絢瀬絵里,3,300001,100020028,2,3,3690,4320,4140,10002_0028_00,10002_0028_01,2,,,0,0,0,0,Eli Ayase,1
100070028,1007,東條希,2,200001,100070028,2,3,4080,3740,4350,10007_0028_00,10007_0028_01,2,,,0,0,0,0,Nozomi Tojo,1
140100002,5010,須田いるか,3,300001,140100002,1,2,810,1810,460,14010_0002_00,14010_0002_01,1,,,0,0,0,0,Iruka Suda,1
100010033,1001,ゆらゆらダンス,2,200002,100010033,2,3,3820,3510,4850,10001_0033_00,10001_0033_01,2,,,0,0,0,0,Under the Waves,1
100040030,1004,海のお友達,1,100002,100040030,2,3,4860,3800,3520,10004_0030_00,10004_0030_01,2,,,0,0,0,0,Friend of the Sea,1
100050031,1005,ホントの人魚,3,300002,100050031,2,3,3880,4830,3470,10005_0031_00,10005_0031_01,2,,,0,0,0,0,True Mermaid,1
100090029,1009,虜にしちゃう☆,1,100002,100090029,2,3,4880,3490,3810,10009_0029_00,10009_0029_01,2,,,0,0,0,0,I'll Charm You,1
100060030,1006,今の幸せ,3,300003,100060030,3,4,4350,5300,4170,10006_0030_00,10006_0030_01,3,,,0,0,0,0,Happy Where I Am,1
140400002,5040,紫藤美咲,2,200001,140400002,1,2,590,1040,2060,14040_0002_00,14040_0002_01,1,,,0,0,0,0,Misaki Shido,1
100070029,1007,ホッと一息♪,1,100002,100070029,2,3,4730,3750,3600,10007_0029_00,10007_0029_01,2,,,0,0,0,0,Sigh of Relief,1
100020029,1002,絢瀬絵里,3,300001,100020029,3,4,4380,4840,3620,10002_0029_00,10002_0029_01,3,,,0,0,0,0,Eli Ayase,1
100060031,1006,西木野真姫,3,300001,100060031,3,4,4320,4840,3690,10006_0031_00,10006_0031_01,3,,,0,0,0,0,Maki Nishikino,1
140540002,5054,マリア,1,100001,140540002,1,2,2280,850,410,14054_0002_00,14054_0002_01,1,,,0,0,0,0,Maria,1
100020030,1002,人魚姫の強さ,2,200002,100020030,2,3,3450,3850,4880,10002_0030_00,10002_0030_01,2,,,0,0,0,0,Mermaid Power!,1
100030032,1003,カラフルうろこ,1,100002,100030032,2,3,4860,3440,3880,10003_0032_00,10003_0032_01,2,,,0,0,0,0,Colorful Scales,1
100080029,1008,マーメイドアイドル,3,300002,100080029,2,3,3510,4900,3770,10008_0029_00,10008_0029_01,2,,,0,0,0,0,Mermaid Idol,1
100070030,1007,一途な想い,2,200003,100070030,3,4,4330,4160,5330,10007_0030_00,10007_0030_01,3,,,0,0,0,0,Honest Emotion,1
100060032,1006,西木野真姫,3,300001,100060032,3,4,4040,4870,4070,10006_0032_00,10006_0032_01,3,,,0,0,0,0,Maki Nishikino,1
100090030,1009,矢澤にこ,1,100001,100090030,3,4,4850,4170,3820,10009_0030_00,10009_0030_01,3,,,0,0,0,0,Nico Yazawa,1
140030002,5003,逢沢遊宇,2,200001,140030002,1,2,490,670,1560,14003_0002_00,14003_0002_01,1,,,0,0,0,0,Yuu Aizawa,1
100030033,1003,夏のウォーターガール,2,200002,100030033,2,3,3820,3620,4640,10003_0033_00,10003_0033_01,2,,,0,0,0,0,Summer Water Girls,1
100020031,1002,二人っきりの海水浴,3,300001,100020031,3,4,3640,4860,4360,10002_0031_00,10002_0031_01,3,,,0,0,0,0,Together at the Beach,1
140060002,5006,西村文絵,1,100001,140060002,1,2,1590,720,560,14006_0002_00,14006_0002_01,1,,,0,0,0,0,Fumie Nishimura,1
100010034,1001,世界のありがとう,3,300002,100010034,2,3,3880,4830,3320,10001_0034_00,10001_0034_01,2,,,0,0,0,0,Worldwide Thank You,1
100020032,1002,いつもと違う私,1,100002,100020032,2,3,4750,3910,3370,10002_0032_00,10002_0032_01,2,,,0,0,0,0,A Different Me,1
100050032,1005,最強カンフーアイドル,2,200002,100050032,2,3,3880,3360,4790,10005_0032_00,10005_0032_01,2,,,0,0,0,0,Great Kung-Fu Idol,1
100070031,1007,香ばしき中国茶,3,300002,100070031,2,3,3390,4770,3870,10007_0031_00,10007_0031_01,2,,,0,0,0,0,Fragrant Chinese Tea,1
100030034,1003,幸せな夢,2,200003,100030034,3,4,4190,4330,5300,10003_0034_00,10003_0034_01,3,,,0,0,0,0,Sweet Dreams,1
140570001,5057,矢澤ここあ,1,100001,140570001,1,2,1,1,1,14057_0001_00,14057_0001_01,1,,,0,0,0,0,Cocoa Yazawa,1
140580001,5058,矢澤虎太郎,2,200001,140580001,1,2,1,1,1,14058_0001_00,14058_0001_01,1,,,0,0,0,0,Cotaro Yazawa,1
140590001,5059,矢澤こころ,3,300001,140590001,1,2,1,1,1,14059_0001_00,14059_0001_01,1,,,0,0,0,0,Cocoro Yazawa,1
140710001,5071,アルパカ[茶],1,100001,140710001,1,2,1,1,1,14071_0001_00,14071_0001_01,1,,,0,0,0,0,Alpaca [Brown],1
140600001,5060,ミカ,1,100001,140600001,2,3,1,1,1,14060_0001_00,14060_0001_01,2,,,0,0,0,0,Mika,1
140610001,5061,フミコ,2,200001,140610001,2,3,1,1,1,14061_0001_00,14061_0001_01,2,,,0,0,0,0,Fumiko,1
140620001,5062,ヒデコ,3,300001,140620001,2,3,1,1,1,14062_0001_00,14062_0001_01,2,,,0,0,0,0,Hideko,1
140630001,5063,山田博子,1,100001,140630001,2,3,1,1,1,14063_0001_00,14063_0001_01,2,,,0,0,0,0,Hiroko Yamada,1
140640001,5064,にこの母,1,100001,140640001,3,4,1,1,1,14064_0001_00,14064_0001_01,3,,,0,0,0,0,Nico's mother,1
140650001,5065,ことりの母,2,200001,140650001,3,4,1,1,1,14065_0001_00,14065_0001_01,3,,,0,0,0,0,Kotori's mother,1
140660001,5066,真姫の母,3,300001,140660001,3,4,1,1,1,14066_0001_00,14066_0001_01,3,,,0,0,0,0,Maki's mother,1
140670001,5067,穂乃果の母,1,100001,140670001,3,4,1,1,1,14067_0001_00,14067_0001_01,3,,,0,0,0,0,Honoka's mother,1
140150002,5015,神谷理華,1,100001,140150002,1,2,2020,820,480,14015_0002_00,14015_0002_01,1,,,0,0,0,0,Rika Kamiya,1
100090031,1009,スク水にこ♪,2,200002,100090031,2,3,3640,3710,4730,10009_0031_00,10009_0031_01,2,,,0,0,0,0,School Swimsuit Nico,1
140190002,5019,下園咲,3,300001,140190002,1,2,610,2260,710,14019_0002_00,14019_0002_01,1,,,0,0,0,0,Saki Shimozono,1
100040031,1004,笑顔をあげたい,3,300002,100040031,2,3,3890,4760,3380,10004_0031_00,10004_0031_01,2,,,0,0,0,0,I Want You to Smile!,1
100060033,1006,オーダーメイド,1,100002,100060033,2,3,4850,3880,3300,10006_0033_00,10006_0033_01,2,,,0,0,0,0,Maid to Order,1
100080030,1008,スリットの秘密,2,200002,100080030,2,3,3940,3280,4810,10008_0030_00,10008_0030_01,2,,,0,0,0,0,The Slit's Secret,1
100090032,1009,にこにー飯店,1,100003,100090032,3,4,5320,4290,4210,10009_0032_00,10009_0032_01,3,,,0,0,0,0,Nico's Restaurant,1
140200002,5020,田中さち子,2,200001,140200002,1,2,490,870,2300,14020_0002_00,14020_0002_01,1,,,0,0,0,0,Sachiko Tanaka,1
100060034,1006,おばけなんてキライ！,3,300002,100060034,2,3,3770,4680,3630,10006_0034_00,10006_0034_01,2,,,0,0,0,0,I Hate Ghosts!,1
100060035,1006,西木野真姫,3,300001,100060035,2,3,3910,4510,3800,10006_0035_00,10006_0035_01,2,,,0,0,0,0,Maki Nishikino,1
100090033,1009,矢澤にこ,1,100001,100090033,2,3,4380,4040,3740,10009_0033_00,10009_0033_01,2,,,0,0,0,0,Nico Yazawa,1
100050033,1005,星空凛,1,100001,100050033,3,4,4870,4190,3880,10005_0033_00,10005_0033_01,3,,,0,0,0,0,Rin Hoshizora,1
140160002,5016,森嶋ななか,3,300001,140160002,1,2,740,2160,580,14016_0002_00,14016_0002_01,1,,,0,0,0,0,Nanaka Morishima,1
100030035,1003,後ろも見てね♪,3,300002,100030035,2,3,3540,4980,3790,10003_0035_00,10003_0035_01,2,,,0,0,0,0,Look Behind You,1
100060036,1006,お絵かきホットケーキ,3,300002,100060036,2,3,3450,4890,4010,10006_0036_00,10006_0036_01,2,,,0,0,0,0,Pancake Doodle,1
100070032,1007,じゃんけんゲーム,1,100002,100070032,2,3,4850,3300,3920,10007_0032_00,10007_0032_01,2,,,0,0,0,0,Rock-Paper-Scissors,1
100090034,1009,クッキングパワー☆,2,200002,100090034,2,3,4000,3580,4790,10009_0034_00,10009_0034_01,2,,,0,0,0,0,Cooking Power!,1
100050034,1005,パフェ一丁！,1,100003,100050034,3,4,5330,4400,4080,10005_0034_00,10005_0034_01,3,,,0,0,0,0,One Parfait!,1
140350002,5035,斉木風,3,300001,140350002,1,2,1020,2490,630,14035_0002_00,14035_0002_01,1,,,0,0,0,0,Fuu Saiki,1
100010035,1001,お祭りはっぴ,1,100002,100010035,2,3,4760,3280,3980,10001_0035_00,10001_0035_01,2,,,0,0,0,0,Festival Happi,1
140090002,5009,菊池朱美,1,100001,140090002,1,2,1760,800,420,14009_0002_00,14009_0002_01,1,,,0,0,0,0,Akemi Kikuchi,1
100010036,1001,メイド見習い,2,200002,100010036,2,3,3950,3260,4890,10001_0036_00,10001_0036_01,2,,,0,0,0,0,Maid in Training,1
100020033,1002,ほどけたリボン,3,300002,100020033,2,3,3280,4830,3960,10002_0033_00,10002_0033_01,2,,,0,0,0,0,Loose Ribbon,1
100080031,1008,着てもかわいい！,1,100002,100080031,2,3,4860,3210,4000,10008_0031_00,10008_0031_01,2,,,0,0,0,0,It Looks so Cute!,1
100040032,1004,クラシックメイド,2,200005,100040032,3,4,4170,4370,5320,10004_0032_00,10004_0032_01,3,,,0,0,0,0,Classic Maid,1
140510002,5051,イザベラ,2,200001,140510002,1,2,470,780,2190,14051_0002_00,14051_0002_01,1,,,0,0,0,0,Isabella,1
100040033,1004,ヒーロー登場！,3,300002,100040033,2,3,3570,4690,3800,10004_0033_00,10004_0033_01,2,,,0,0,0,0,The Savior Arrives!,1
100020034,1002,絢瀬絵里,3,300001,100020034,3,4,4460,4860,3520,10002_0034_00,10002_0034_01,3,,,0,0,0,0,Eli Ayase,1
100040034,1004,園田海未,3,300001,100040034,3,4,3830,4870,4240,10004_0034_00,10004_0034_01,3,,,0,0,0,0,Umi Sonoda,1
140040002,5004,一之瀬マリカ,3,300001,140040002,1,2,690,1640,480,14004_0002_00,14004_0002_01,1,,,0,0,0,0,Marika Ichinose,1
100010037,1001,とことん遊ぼう！,1,100002,100010037,2,3,4910,4000,3230,10001_0037_00,10001_0037_01,2,,,0,0,0,0,Let's Play!,1
100040035,1004,二人でデート,2,200002,100040035,2,3,3490,3830,4780,10004_0035_00,10004_0035_01,2,,,0,0,0,0,A Date Together,1
100060037,1006,照れ隠しハロウィン,2,200002,100060037,2,3,3360,4060,4800,10006_0037_00,10006_0037_01,2,,,0,0,0,0,Bashful Halloween,1
100090035,1009,みんなを元気に♪,3,300002,100090035,2,3,4000,4830,3440,10009_0035_00,10009_0035_01,2,,,0,0,0,0,Cheer Them Up!,1
100080032,1008,魔法にかけられて,1,100005,100080032,3,4,5310,4000,4500,10008_0032_00,10008_0032_01,3,,,0,0,0,0,Under a Spell,1
100080033,1008,小泉花陽,2,200001,100080033,1,2,2010,1770,3720,10008_0033_00,10008_0033_01,1,,,0,0,0,0,Hanayo Koizumi,1
140340002,5034,桐原優香,3,300001,140340002,1,2,500,1880,860,14034_0002_00,14034_0002_01,1,,,0,0,0,0,Yuuka Kirihara,1
100080034,1008,豊穣の女神,3,300002,100080034,2,3,4150,4710,3250,10008_0034_00,10008_0034_01,2,,,0,0,0,0,Goddess of Harvest,1
140050002,5005,結城紗菜,1,100001,140050002,1,2,1610,490,770,14005_0002_00,14005_0002_01,1,,,0,0,0,0,Sana Yuki,1
100010038,1001,高坂穂乃果,1,100001,100010038,1,2,4040,2170,1810,10001_0038_00,10001_0038_01,1,,,0,0,0,0,Honoka Kosaka,1
100020035,1002,絢瀬絵里,1,100001,100020035,1,2,3910,2260,1820,10002_0035_00,10002_0035_01,1,,,0,0,0,0,Eli Ayase,1
100030036,1003,南ことり,1,100001,100030036,1,2,3950,1830,2220,10003_0036_00,10003_0036_01,1,,,0,0,0,0,Kotori Minami,1
100040036,1004,園田海未,1,100001,100040036,1,2,3990,2200,1800,10004_0036_00,10004_0036_01,1,,,0,0,0,0,Umi Sonoda,1
100050035,1005,星空凛,1,100001,100050035,1,2,4090,1890,2040,10005_0035_00,10005_0035_01,1,,,0,0,0,0,Rin Hoshizora,1
100060038,1006,西木野真姫,1,100001,100060038,1,2,3890,2250,1850,10006_0038_00,10006_0038_01,1,,,0,0,0,0,Maki Nishikino,1
100070033,1007,東條希,1,100001,100070033,1,2,3900,1800,2300,10007_0033_00,10007_0033_01,1,,,0,0,0,0,Nozomi Tojo,1
100080035,1008,小泉花陽,1,100001,100080035,1,2,3970,1800,2230,10008_0035_00,10008_0035_01,1,,,0,0,0,0,Hanayo Koizumi,1
100090036,1009,矢澤にこ,1,100001,100090036,1,2,4030,1860,2130,10009_0036_00,10009_0036_01,1,,,0,0,0,0,Nico Yazawa,1
100020036,1002,イタズラしちゃうぞ？,1,100002,100020036,2,3,4900,4010,3200,10002_0036_00,10002_0036_01,2,,,0,0,0,0,How About a Trick?,1
100030037,1003,イタズラしません！,2,200002,100030037,2,3,3270,3930,4870,10003_0037_00,10003_0037_01,2,,,0,0,0,0,I Don't Play Tricks!,1
100050036,1005,言うこと聞くにゃ！,3,300002,100050036,2,3,3730,4910,3580,10005_0036_00,10005_0036_01,2,,,0,0,0,0,Listen to Me!,1
100070034,1007,ハロウィンデート,3,300005,100070034,3,4,4120,5300,4440,10007_0034_00,10007_0034_01,3,,,0,0,0,0,Halloween Date,1
140410002,5041,月島結架,2,200001,140410002,1,2,800,510,1740,14041_0002_00,14041_0002_01,1,,,0,0,0,0,Yuka Tsukishima,1
100050037,1005,妖怪にゃんこ,1,100002,100050037,2,3,4700,3560,3860,10005_0037_00,10005_0037_01,2,,,0,0,0,0,Kitty Spirit,1
100010039,1001,高坂穂乃果,1,100001,100010039,2,3,4430,3590,4130,10001_0039_00,10001_0039_01,2,,,0,0,0,0,Honoka Kosaka,1
100040037,1004,園田海未,3,300001,100040037,2,3,4230,4480,3500,10004_0037_00,10004_0037_01,2,,,0,0,0,0,Umi Sonoda,1
100010040,1001,高坂穂乃果,1,100001,100010040,2,3,4530,4000,3690,10001_0040_00,10001_0040_01,2,,,0,0,0,0,Honoka Kosaka,1
100030038,1003,南ことり,1,100001,100030038,2,3,4480,3680,4060,10003_0038_00,10003_0038_01,2,,,0,0,0,0,Kotori Minami,1
100080036,1008,小泉花陽,1,100001,100080036,2,3,4420,3820,3980,10008_0036_00,10008_0036_01,2,,,0,0,0,0,Hanayo Koizumi,1
100070035,1007,東條希,2,200001,100070035,3,4,4220,3800,4870,10007_0035_00,10007_0035_01,3,,,0,0,0,0,Nozomi Tojo,1
140420002,5042,兵藤さゆり,1,100001,140420002,1,2,2110,990,590,14042_0002_00,14042_0002_01,1,,,0,0,0,0,Sayuri Hyodo,1
100010041,1001,みんなで一緒に……♪,2,200002,100010041,2,3,4050,3270,4870,10001_0041_00,10001_0041_01,2,,,0,0,0,0,All Together Now,1
100030039,1003,歌声を響かせて,1,100002,100030039,2,3,4860,3280,3970,10003_0039_00,10003_0039_01,2,,,0,0,0,0,Vocal Vibration,1
100070036,1007,幸せな双子,3,300002,100070036,2,3,3630,4880,3770,10007_0036_00,10007_0036_01,2,,,0,0,0,0,Joyful Twins,1
100080037,1008,感動です！,1,100002,100080037,2,3,4900,3250,4050,10008_0037_00,10008_0037_01,2,,,0,0,0,0,I'm Moved!,1
100060039,1006,神話の世界へ,2,200005,100060039,3,4,4150,4400,5310,10006_0039_00,10006_0039_01,3,,,0,0,0,0,Into Legend,1
140180002,5018,近江遥,3,300001,140180002,1,2,890,2220,460,14018_0002_00,14018_0002_01,1,,,0,0,0,0,Haruka Konoe,1
100020037,1002,二人でアクセ作り♪,1,100002,100020037,2,3,4640,3540,3940,10002_0037_00,10002_0037_01,2,,,0,0,0,0,Making Accessories,1
120080002,3008,エマ・ヴェルデ,2,200001,120080002,1,2,1000,690,2350,12008_0002_00,12008_0002_01,1,,,0,0,0,0,Emma Verde,1
100020038,1002,正義、審判せず？,2,200002,100020038,2,3,3350,4050,4910,10002_0038_00,10002_0038_01,2,,,0,0,0,0,Justice Is Blind,1
100040038,1004,夜の星見,3,300002,100040038,2,3,3440,4820,3880,10004_0038_00,10004_0038_01,2,,,0,0,0,0,Night Sky,1
100090037,1009,矢澤にこの輝き,1,100002,100090037,2,3,4900,4060,3190,10009_0037_00,10009_0037_01,2,,,0,0,0,0,Nico Yazawa's Shine,1
100050038,1005,きらきら星,3,300004,100050038,3,4,4500,5280,4070,10005_0038_00,10005_0038_01,3,,,0,0,0,0,Twinkling Stars,1
100030040,1003,南ことり,2,200001,100030040,3,4,4270,3800,4870,10003_0040_00,10003_0040_01,3,,,0,0,0,0,Kotori Minami,1
100080038,1008,小泉花陽,2,200001,100080038,3,4,3710,4250,4880,10008_0038_00,10008_0038_01,3,,,0,0,0,0,Hanayo Koizumi,1
140140002,5014,鳥居歩美,1,100001,140140002,1,2,1980,500,720,14014_0002_00,14014_0002_01,1,,,0,0,0,0,Ayumi Torii,1
100070037,1007,百発百中！,2,200002,100070037,2,3,3800,3510,4710,10007_0037_00,10007_0037_01,2,,,0,0,0,0,Bull's-eye!,1
100040039,1004,園田海未,2,200001,100040039,2,3,3270,4180,4710,10004_0039_00,10004_0039_01,2,,,0,0,0,0,Umi Sonoda,1
100050039,1005,星空凛,2,200001,100050039,2,3,3980,3400,4780,10005_0039_00,10005_0039_01,2,,,0,0,0,0,Rin Hoshizora,1
100070038,1007,東條希,2,200001,100070038,2,3,3420,3930,4810,10007_0038_00,10007_0038_01,2,,,0,0,0,0,Nozomi Tojo,1
140240002,5024,吉川瑞希,3,300001,140240002,1,2,1150,2790,890,14024_0002_00,14024_0002_01,1,,,0,0,0,0,Mizuki Kikkawa,1
100040040,1004,雪山特訓,1,100002,100040040,2,3,4880,3930,3370,10004_0040_00,10004_0040_01,2,,,0,0,0,0,Snowy Training,1
100070039,1007,温泉卓球♪,2,200002,100070039,2,3,4020,3340,4890,10007_0039_00,10007_0039_01,2,,,0,0,0,0,Hot Spring Ping-Pong,1
100080039,1008,転びますっ……！,3,300002,100080039,2,3,3120,4930,4100,10008_0039_00,10008_0039_01,2,,,0,0,0,0,I'm Gonna Fall!,1
100090038,1009,温泉のマドンナ,3,300002,100090038,2,3,4000,4840,3320,10009_0038_00,10009_0038_01,2,,,0,0,0,0,Hot Spring Madonna,1
100030041,1003,海未ちゃんと猛特訓,1,100005,100030041,3,4,5320,4030,4500,10003_0041_00,10003_0041_01,3,,,0,0,0,0,Umi's Harsh Training,1
140520002,5052,高天原睦月,3,300001,140520002,1,2,400,2120,920,14052_0002_00,14052_0002_01,1,,,0,0,0,0,Mutsuki Takamagahara,1
100060040,1006,当然のおもてなし,2,200002,100060040,2,3,3800,3540,4740,10006_0040_00,10006_0040_01,2,,,0,0,0,0,Welcoming Santa,1
140560002,5056,早乙女紫,1,100001,140560002,1,2,2320,480,890,14056_0002_00,14056_0002_01,1,,,0,0,0,0,Yukari Saotome,1
100020039,1002,手加減しないから♪,3,300002,100020039,2,3,4110,4880,3200,10002_0039_00,10002_0039_01,2,,,0,0,0,0,No Holding Back!,1
100050040,1005,凛のスノボレッスン,2,200002,100050040,2,3,3910,3570,4780,10005_0040_00,10005_0040_01,2,,,0,0,0,0,Snowboarding Lesson,1
100060041,1006,今日はゲレンデで,1,100002,100060041,2,3,4880,4050,3270,10006_0041_00,10006_0041_01,2,,,0,0,0,0,Let's Hit the Slopes,1
100010042,1001,二人で抜け出そうっ！,2,200004,100010042,3,4,4520,4100,5240,10001_0042_00,10001_0042_01,3,,,0,0,0,0,Let's Sneak Out!,1
100060042,1006,クリスマスの夜,1,100001,100060042,3,4,4850,4200,3800,10006_0042_00,10006_0042_01,3,,,0,0,0,0,Christmas Night,1
140340003,5034,桐原優香,1,100001,140340003,1,2,1920,520,840,14034_0003_00,14034_0003_01,1,,,0,0,0,0,Yuuka Kirihara,1
100090039,1009,にこにーエンジェル,1,100002,100090039,2,3,4710,3600,3810,10009_0039_00,10009_0039_01,2,,,0,0,0,0,Angel Nico,1
100020040,1002,絢瀬絵里,3,300001,100020040,2,3,3340,4810,4030,10002_0040_00,10002_0040_01,2,,,0,0,0,0,Eli Ayase,1
100060043,1006,西木野真姫,3,300001,100060043,2,3,3680,4690,3810,10006_0043_00,10006_0043_01,2,,,0,0,0,0,Maki Nishikino,1
100090040,1009,矢澤にこ,3,300001,100090040,2,3,3550,4580,4050,10009_0040_00,10009_0040_01,2,,,0,0,0,0,Nico Yazawa,1
100020041,1002,絢瀬絵里,3,300001,100020041,2,3,4240,4500,3430,10002_0041_00,10002_0041_01,2,,,0,0,0,0,Eli Ayase,1
100070040,1007,東條希,2,200001,100070040,2,3,3930,3770,4530,10007_0040_00,10007_0040_01,2,,,0,0,0,0,Nozomi Tojo,1
100010043,1001,高坂穂乃果,1,100001,100010043,3,4,4860,4170,3910,10001_0043_00,10001_0043_01,3,,,0,0,0,0,Honoka Kosaka,1
140450003,5045,レベッカ,1,100001,140450003,1,2,2310,790,480,14045_0003_00,14045_0003_01,1,,,0,0,0,0,Rebecca,1
100010044,1001,高坂穂乃果,2,200001,100010044,1,2,2200,1900,3910,10001_0044_00,10001_0044_01,1,,,0,0,0,0,Honoka Kosaka,1
100020042,1002,絢瀬絵里,2,200001,100020042,1,2,1840,2280,3920,10002_0042_00,10002_0042_01,1,,,0,0,0,0,Eli Ayase,1
100030042,1003,南ことり,2,200001,100030042,1,2,2110,1860,4050,10003_0042_00,10003_0042_01,1,,,0,0,0,0,Kotori Minami,1
100040041,1004,園田海未,2,200001,100040041,1,2,1870,2240,3930,10004_0041_00,10004_0041_01,1,,,0,0,0,0,Umi Sonoda,1
100050041,1005,星空凛,2,200001,100050041,1,2,2210,1810,3990,10005_0041_00,10005_0041_01,1,,,0,0,0,0,Rin Hoshizora,1
100060044,1006,西木野真姫,2,200001,100060044,1,2,1870,2200,3970,10006_0044_00,10006_0044_01,1,,,0,0,0,0,Maki Nishikino,1
100070041,1007,東條希,2,200001,100070041,1,2,1890,2020,4110,10007_0041_00,10007_0041_01,1,,,0,0,0,0,Nozomi Tojo,1
100080040,1008,小泉花陽,2,200001,100080040,1,2,2130,1830,4060,10008_0040_00,10008_0040_01,1,,,0,0,0,0,Hanayo Koizumi,1
100090041,1009,矢澤にこ,2,200001,100090041,1,2,2150,1850,4010,10009_0041_00,10009_0041_01,1,,,0,0,0,0,Nico Yazawa,1
100010045,1001,目指せ大漁♪,3,300002,100010045,2,3,4020,4940,3190,10001_0045_00,10001_0045_01,2,,,0,0,0,0,Reel it in!,1
100030043,1003,幸せの大袋,2,200002,100030043,2,3,4070,3300,4920,10003_0043_00,10003_0043_01,2,,,0,0,0,0,Big Bag of Joy,1
100070042,1007,ありがたーい神様,1,100002,100070042,2,3,4910,3180,4100,10007_0042_00,10007_0042_01,2,,,0,0,0,0,Grateful to the Gods,1
100080041,1008,幸せの神様,2,200002,100080041,2,3,3210,4130,4900,10008_0041_00,10008_0041_01,2,,,0,0,0,0,God of Happiness,1
100020043,1002,恋をした天女,1,100005,100020043,3,4,5300,4420,4140,10002_0043_00,10002_0043_01,3,,,0,0,0,0,Angel in Love,1
140070003,5007,永山みなみ,2,200001,140070003,1,2,670,580,1660,14007_0003_00,14007_0003_01,1,,,0,0,0,0,Minami Nagayama,1
100030044,1003,幸せの香り,3,300002,100030044,2,3,3870,4720,3530,10003_0044_00,10003_0044_01,2,,,0,0,0,0,Scent of Happiness,1
140470003,5047,黒羽咲良,1,100001,140470003,1,2,2230,910,440,14047_0003_00,14047_0003_01,1,,,0,0,0,0,Sakura Kurobane,1
100040042,1004,勝負事ならおまかせ！,2,200002,100040042,2,3,3370,4070,4860,10004_0042_00,10004_0042_01,2,,,0,0,0,0,Let Me Handle This!,1
100050042,1005,じゅろうじん,1,100002,100050042,2,3,4920,3420,3900,10005_0042_00,10005_0042_01,2,,,0,0,0,0,God of Longevity,1
100060045,1006,芸術と智の女神,3,300002,100060045,2,3,4090,4960,3170,10006_0045_00,10006_0045_01,2,,,0,0,0,0,Goddess of Arts,1
100090042,1009,天に感謝♪,3,300005,100090042,3,4,4420,5240,4200,10009_0042_00,10009_0042_01,3,,,0,0,0,0,Thank the Heavens,1
100010046,1001,高坂穂乃果,1,100001,100010046,2,3,4560,3680,3940,10001_0046_00,10001_0046_01,2,,,0,0,0,0,Honoka Kosaka,1
100020044,1002,絢瀬絵里,3,300001,100020044,2,3,3950,4560,3720,10002_0044_00,10002_0044_01,2,,,0,0,0,0,Eli Ayase,1
100030045,1003,南ことり,2,200001,100030045,2,3,3710,3950,4480,10003_0045_00,10003_0045_01,2,,,0,0,0,0,Kotori Minami,1
100040043,1004,園田海未,3,300001,100040043,2,3,4060,4460,3710,10004_0043_00,10004_0043_01,2,,,0,0,0,0,Umi Sonoda,1
100050043,1005,星空凛,1,100001,100050043,2,3,4500,4000,3680,10005_0043_00,10005_0043_01,2,,,0,0,0,0,Rin Hoshizora,1
100060046,1006,西木野真姫,3,300001,100060046,2,3,3740,4510,3980,10006_0046_00,10006_0046_01,2,,,0,0,0,0,Maki Nishikino,1
100070043,1007,東條希,2,200001,100070043,2,3,3760,3920,4460,10007_0043_00,10007_0043_01,2,,,0,0,0,0,Nozomi Tojo,1
100080042,1008,小泉花陽,2,200001,100080042,2,3,3640,3900,4600,10008_0042_00,10008_0042_01,2,,,0,0,0,0,Hanayo Koizumi,1
100090043,1009,矢澤にこ,1,100001,100090043,2,3,4480,3730,3970,10009_0043_00,10009_0043_01,2,,,0,0,0,0,Nico Yazawa,1
140550003,5055,レオ,2,200001,140550003,1,2,980,740,2410,14055_0003_00,14055_0003_01,1,,,0,0,0,0,Leo,1
100080043,1008,雪の精,1,100002,100080043,2,3,4790,4070,3260,10008_0043_00,10008_0043_01,2,,,0,0,0,0,Snow Sprite,1
140180003,5018,近江遥,2,200001,140180003,1,2,870,480,2260,14018_0003_00,14018_0003_01,1,,,0,0,0,0,Haruka Konoe,1
100010047,1001,二人で味見,1,100002,100010047,2,3,4910,3160,4160,10001_0047_00,10001_0047_01,2,,,0,0,0,0,Tasting Together,1
100020045,1002,二人で食べたい♪,3,300002,100020045,2,3,3120,4980,4180,10002_0045_00,10002_0045_01,2,,,0,0,0,0,Let's Eat Together,1
100060047,1006,ちょっと考え事,2,200002,100060047,2,3,3230,4140,4890,10006_0047_00,10006_0047_01,2,,,0,0,0,0,Thing to Think About,1
100080044,1008,女の子のチョコレート,3,300002,100080044,2,3,3150,4920,4120,10008_0044_00,10008_0044_01,2,,,0,0,0,0,Girls' Chocolate,1
100070044,1007,気合い入れよう♪,1,100004,100070044,3,4,5230,4040,4590,10007_0044_00,10007_0044_01,3,,,0,0,0,0,Give It All,1
140370003,5037,坂巻千鶴子,3,300001,140370003,1,2,470,2160,850,14037_0003_00,14037_0003_01,1,,,0,0,0,0,Chiduko Sakamaki,1
100010048,1001,豆を避ける！,3,300002,100010048,2,3,3440,4680,3980,10001_0048_00,10001_0048_01,2,,,0,0,0,0,Bean Throw!,1
120060003,3006,近江彼方,1,100001,120060003,1,2,2180,700,640,12006_0003_00,12006_0003_01,1,,,0,0,0,0,Kanata Konoe,1
100030046,1003,特別な日,3,300002,100030046,2,3,3210,4970,4120,10003_0046_00,10003_0046_01,2,,,0,0,0,0,Special Day,1
100040044,1004,二人のそばに,1,100002,100040044,2,3,4830,4050,3320,10004_0044_00,10004_0044_01,2,,,0,0,0,0,Beside You Two,1
100090044,1009,世界中でたった一つ,2,200002,100090044,2,3,4050,3270,4920,10009_0044_00,10009_0044_01,2,,,0,0,0,0,Only 1 in the World,1
100050044,1005,初めての手作りチョコ,2,200005,100050044,3,4,4550,3980,5330,10005_0044_00,10005_0044_01,3,,,0,0,0,0,Handmade Chocolates,1
140460003,5046,綾小路姫乃,2,200001,140460003,1,2,990,570,2170,14046_0003_00,14046_0003_01,1,,,0,0,0,0,Himeno Ayanokoji,1
100070045,1007,あったか雪うさぎ,2,200002,100070045,2,3,3530,3780,4750,10007_0045_00,10007_0045_01,2,,,0,0,0,0,Snow Rabbits,1
100090045,1009,矢澤にこ,1,100001,100090045,1,2,3660,2070,1770,10009_0045_00,10009_0045_01,1,,,0,0,0,0,Nico Yazawa,1
100050045,1005,星空凛,1,100001,100050045,2,3,4560,3440,4200,10005_0045_00,10005_0045_01,2,,,0,0,0,0,Rin Hoshizora,1
100080045,1008,小泉花陽,2,200001,100080045,2,3,3850,3690,4600,10008_0045_00,10008_0045_01,2,,,0,0,0,0,Hanayo Koizumi,1
140380003,5038,志賀仁美,2,200001,140380003,1,2,540,760,2220,14038_0003_00,14038_0003_01,1,,,0,0,0,0,Hitomi Shiga,1
100020046,1002,クマくんと一緒！,2,200002,100020046,2,3,3150,4230,4940,10002_0046_00,10002_0046_01,2,,,0,0,0,0,With Teds!,1
100030047,1003,大好きの魔法,2,200002,100030047,2,3,3420,3950,4910,10003_0047_00,10003_0047_01,2,,,0,0,0,0,Magic of Love,1
100050046,1005,輝くチョコレート！！,3,300002,100050046,2,3,4170,4960,3210,10005_0046_00,10005_0046_01,2,,,0,0,0,0,Shiny Chocolate,1
100060048,1006,にこちゃんのチョコ,1,100002,100060048,2,3,4920,4190,3190,10006_0048_00,10006_0048_01,2,,,0,0,0,0,Nico's Chocolate,1
100040045,1004,気持ちは一つ,1,100004,100040045,3,4,5280,4420,4200,10004_0045_00,10004_0045_01,3,,,0,0,0,0,One Feeling,1
140250003,5025,白木凪,1,100001,140250003,1,2,2880,830,1240,14025_0003_00,14025_0003_01,1,,,0,0,0,0,Nagi Shiraki,1
100020047,1002,キミの心に届けたい,3,300002,100020047,2,3,3450,4720,3990,10002_0047_00,10002_0047_01,2,,,0,0,0,0,Reach Your Heart,1
140500003,5050,相川涼,1,100001,140500003,1,2,2360,1010,710,14050_0003_00,14050_0003_01,1,,,0,0,0,0,Ryo Aikawa,1
100010049,1001,おひさま穂乃果,2,200002,100010049,2,3,4210,3210,4920,10001_0049_00,10001_0049_01,2,,,0,0,0,0,Princess Honoka,1
100070046,1007,お揃いクマちゃん,3,300002,100070046,2,3,3240,4890,4150,10007_0046_00,10007_0046_01,2,,,0,0,0,0,Teddy Bears,1
100090046,1009,びっくりホワイトデー,1,100002,100090046,2,3,4900,3310,4100,10009_0046_00,10009_0046_01,2,,,0,0,0,0,Surprising White Day,1
100080046,1008,キラキラリップ,3,300004,100080046,3,4,4090,5240,4570,10008_0046_00,10008_0046_01,3,,,0,0,0,0,Sparkly Lipstick,1
100090047,1009,矢澤にこ,1,100001,100090047,3,4,4870,3760,4260,10009_0047_00,10009_0047_01,3,,,0,0,0,0,Nico Yazawa,1
140530003,5053,ジェニファー,3,300001,140530003,1,2,970,2460,650,14053_0003_00,14053_0003_01,1,,,0,0,0,0,Jennifer,1
100050047,1005,二人でキャッチボール,1,100002,100050047,2,3,4720,3810,3630,10005_0047_00,10005_0047_01,2,,,0,0,0,0,Two-Player Catch,1
140110003,5011,杉崎亜矢,3,300001,140110003,1,2,550,1910,710,14011_0003_00,14011_0003_01,1,,,0,0,0,0,Aya Sugisaki,1
100010050,1001,高坂穂乃果,1,100001,100010050,1,2,4060,1810,2150,10001_0050_00,10001_0050_01,1,,,0,0,0,0,Honoka Kosaka,1
100020048,1002,絢瀬絵里,1,100001,100020048,1,2,3930,2240,1870,10002_0048_00,10002_0048_01,1,,,0,0,0,0,Eli Ayase,1
100030048,1003,南ことり,1,100001,100030048,1,2,3970,1840,2200,10003_0048_00,10003_0048_01,1,,,0,0,0,0,Kotori Minami,1
100040046,1004,園田海未,1,100001,100040046,1,2,4010,2180,1850,10004_0046_00,10004_0046_01,1,,,0,0,0,0,Umi Sonoda,1
100050048,1005,星空凛,1,100001,100050048,1,2,4110,2020,1890,10005_0048_00,10005_0048_01,1,,,0,0,0,0,Rin Hoshizora,1
100060049,1006,西木野真姫,1,100001,100060049,1,2,3910,2230,1900,10006_0049_00,10006_0049_01,1,,,0,0,0,0,Maki Nishikino,1
100070047,1007,東條希,1,100001,100070047,1,2,3920,1810,2280,10007_0047_00,10007_0047_01,1,,,0,0,0,0,Nozomi Tojo,1
100080047,1008,小泉花陽,1,100001,100080047,1,2,3990,1810,2210,10008_0047_00,10008_0047_01,1,,,0,0,0,0,Hanayo Koizumi,1
100090048,1009,矢澤にこ,1,100001,100090048,1,2,4050,2110,1860,10009_0048_00,10009_0048_01,1,,,0,0,0,0,Nico Yazawa,1
100010051,1001,早口言葉もまかせて！,1,100002,100010051,2,3,4930,4220,3120,10001_0051_00,10001_0051_01,2,,,0,0,0,0,Tongue Twister,1
100050049,1005,おでこコッツン,2,200002,100050049,2,3,4110,3270,4890,10005_0049_00,10005_0049_01,2,,,0,0,0,0,Foreheads Together,1
100060050,1006,あなたの旅をサポート,3,300002,100060050,2,3,3120,4980,4210,10006_0050_00,10006_0050_01,2,,,0,0,0,0,Your Travel Advisor,1
100070048,1007,迎えに行くからね,1,100002,100070048,2,3,4920,3220,4200,10007_0048_00,10007_0048_01,2,,,0,0,0,0,I'll Come Get You,1
100030049,1003,捕まえちゃいます♪,3,300004,100030049,3,4,4100,5250,4550,10003_0049_00,10003_0049_01,3,,,0,0,0,0,Get Ready!,1
140440003,5044,ラクシャータ,1,100001,140440003,1,2,2280,500,800,14044_0003_00,14044_0003_01,1,,,0,0,0,0,Rakshata,1
100040047,1004,あなたと一緒なら……,2,200002,100040047,2,3,3850,3550,4760,10004_0047_00,10004_0047_01,2,,,0,0,0,0,If You Are There...,1
140200003,5020,田中さち子,1,100001,140200003,1,2,2340,850,510,14020_0003_00,14020_0003_01,1,,,0,0,0,0,Sachiko Tanaka,1
100040048,1004,シスター体験,3,300002,100040048,2,3,4100,4910,3260,10004_0048_00,10004_0048_01,2,,,0,0,0,0,Sister Experience,1
100080048,1008,ご案内しますっ,1,100002,100080048,2,3,4920,3180,4170,10008_0048_00,10008_0048_01,2,,,0,0,0,0,"This Way, Please",1
100090049,1009,美しい花,2,200002,100090049,2,3,4150,3250,4940,10009_0049_00,10009_0049_01,2,,,0,0,0,0,Beautiful Flowers,1
100020049,1002,ターゲットはキミ♪,2,200004,100020049,3,4,4130,4470,5280,10002_0049_00,10002_0049_01,3,,,0,0,0,0,Target: You!,1
140400003,5040,紫藤美咲,1,100001,140400003,1,2,2100,1020,610,14040_0003_00,14040_0003_01,1,,,0,0,0,0,Misaki Shido,1
100030050,1003,たまごを交換♪,1,100002,100030050,2,3,4750,3920,3470,10003_0050_00,10003_0050_01,2,,,0,0,0,0,Eggs-change,1
100070049,1007,すごくドキドキしてる,3,300001,100070049,3,4,3640,4860,4340,10007_0049_00,10007_0049_01,3,,,0,0,0,0,Try Your Luck,1
140060003,5006,西村文絵,2,200001,140060003,1,2,580,700,1630,14006_0003_00,14006_0003_01,1,,,0,0,0,0,Fumie Nishimura,1
100030051,1003,かわいいお洋服♪,1,100002,100030051,2,3,4890,3430,4000,10003_0051_00,10003_0051_01,2,,,0,0,0,0,A Cute Outfit,1
100040049,1004,スカート丈に要注意！,1,100002,100040049,2,3,4900,4150,3300,10004_0049_00,10004_0049_01,2,,,0,0,0,0,Watch the Length!,1
100050050,1005,放課後ひとりじめ！,3,300002,100050050,2,3,4130,4970,3180,10005_0050_00,10005_0050_01,2,,,0,0,0,0,All to Myself!,1
100070050,1007,ふかふかパンケーキ,2,200002,100070050,2,3,3180,4230,4950,10007_0050_00,10007_0050_01,2,,,0,0,0,0,Fluffy Pancakes,1
100090050,1009,ゲームで入試,2,200004,100090050,3,4,4470,4130,5320,10009_0050_00,10009_0050_01,3,,,0,0,0,0,Gaming Exam,1
140420003,5042,兵藤さゆり,2,200001,140420003,1,2,610,970,2150,14042_0003_00,14042_0003_01,1,,,0,0,0,0,Sayuri Hyodo,1
100060051,1006,褒めてあげるから,3,300002,100060051,2,3,3450,4840,3850,10006_0051_00,10006_0051_01,2,,,0,0,0,0,I'll Compliment You,1
100010052,1001,高坂穂乃果,1,100001,100010052,1,2,3700,2120,1680,10001_0052_00,10001_0052_01,1,,,0,0,0,0,Honoka Kosaka,1
100030052,1003,南ことり,2,200001,100030052,1,2,2120,1680,3700,10003_0052_00,10003_0052_01,1,,,0,0,0,0,Kotori Minami,1
100040050,1004,園田海未,3,300001,100040050,1,2,1680,3700,2120,10004_0050_00,10004_0050_01,1,,,0,0,0,0,Umi Sonoda,1
140130003,5013,佐伯麗音,3,300001,140130003,1,2,800,2040,470,14013_0003_00,14013_0003_01,1,,,0,0,0,0,Reine Saeki,1
100020050,1002,純粋な気持ちで,1,100002,100020050,2,3,4920,4280,3160,10002_0050_00,10002_0050_01,2,,,0,0,0,0,Sweet & Pure,1
100060052,1006,拭いてあげる,2,200002,100060052,2,3,3150,4200,4940,10006_0052_00,10006_0052_01,2,,,0,0,0,0,I'll Wipe You Up,1
100080049,1008,映画に集中！,3,300002,100080049,2,3,3160,4950,4220,10008_0049_00,10008_0049_01,2,,,0,0,0,0,Focus on the Movie!,1
100010053,1001,にこちゃんと遊ぼう！,3,300005,100010053,3,4,4570,5320,4030,10001_0053_00,10001_0053_01,3,,,0,0,0,0,Come Play With Nico!,1
140040003,5004,一之瀬マリカ,2,200001,140040003,1,2,670,500,1680,14004_0003_00,14004_0003_01,1,,,0,0,0,0,Marika Ichinose,1
100080050,1008,大事件です！,1,100002,100080050,2,3,4770,4120,3270,10008_0050_00,10008_0050_01,2,,,0,0,0,0,Big News!,1
100090051,1009,矢澤にこ,1,100001,100090051,3,4,4860,4460,3530,10009_0051_00,10009_0051_01,3,,,0,0,0,0,Nico Yazawa,1
140390003,5039,鬼崎アキラ,2,200001,140390003,1,2,850,600,1730,14039_0003_00,14039_0003_01,1,,,0,0,0,0,Akira Kizaki,1
100010054,1001,あなたのことだけ,1,100002,100010054,2,3,4960,3110,4270,10001_0054_00,10001_0054_01,2,,,0,0,0,0,Only You,1
100020051,1002,素敵なシルクハット,3,300002,100020051,2,3,4230,4980,3090,10002_0051_00,10002_0051_01,2,,,0,0,0,0,Wonderful Silk Hat,1
100040051,1004,わくわく手品,3,300002,100040051,2,3,3230,4990,4150,10004_0051_00,10004_0051_01,2,,,0,0,0,0,Thrilling Tricks,1
100080051,1008,ポーカーフェイスで！,2,200002,100080051,2,3,4180,3170,4980,10008_0051_00,10008_0051_01,2,,,0,0,0,0,Poker Face,1
100060053,1006,ことりのためにも,1,100004,100060053,3,4,5290,4450,4170,10006_0053_00,10006_0053_01,3,,,0,0,0,0,For Kotori,1
140220003,5022,多々良るう,1,100001,140220003,1,2,2720,660,1030,14022_0003_00,14022_0003_01,1,,,0,0,0,0,Ru Tatara,1
100010055,1001,高坂穂乃果,1,100001,100010055,1,2,3650,1840,2010,10001_0055_00,10001_0055_01,1,,,0,0,0,0,Honoka Kosaka,1
100020052,1002,絢瀬絵里,3,300001,100020052,1,2,1880,3670,1950,10002_0052_00,10002_0052_01,1,,,0,0,0,0,Eli Ayase,1
100030053,1003,南ことり,2,200001,100030053,1,2,1870,1990,3640,10003_0053_00,10003_0053_01,1,,,0,0,0,0,Kotori Minami,1
100040052,1004,園田海未,3,300001,100040052,1,2,1970,3600,1930,10004_0052_00,10004_0052_01,1,,,0,0,0,0,Umi Sonoda,1
100050051,1005,星空凛,1,100001,100050051,1,2,3610,1860,2030,10005_0051_00,10005_0051_01,1,,,0,0,0,0,Rin Hoshizora,1
100060054,1006,西木野真姫,3,300001,100060054,1,2,2000,3630,1870,10006_0054_00,10006_0054_01,1,,,0,0,0,0,Maki Nishikino,1
100070051,1007,東條希,2,200001,100070051,1,2,1940,1870,3690,10007_0051_00,10007_0051_01,1,,,0,0,0,0,Nozomi Tojo,1
100080052,1008,小泉花陽,2,200001,100080052,1,2,1880,1940,3680,10008_0052_00,10008_0052_01,1,,,0,0,0,0,Hanayo Koizumi,1
100090052,1009,矢澤にこ,1,100001,100090052,1,2,3620,1890,1990,10009_0052_00,10009_0052_01,1,,,0,0,0,0,Nico Yazawa,1
100090053,1009,座敷にこにー,3,300002,100090053,2,3,3620,4750,3790,10009_0053_00,10009_0053_01,2,,,0,0,0,0,Nico the Imp,1
100010056,1001,高坂穂乃果,1,100001,100010056,2,3,4690,3950,3500,10001_0056_00,10001_0056_01,2,,,0,0,0,0,Honoka Kosaka,1
100020053,1002,絢瀬絵里,3,300001,100020053,2,3,3520,4690,3940,10002_0053_00,10002_0053_01,2,,,0,0,0,0,Eli Ayase,1
100030054,1003,南ことり,2,200001,100030054,2,3,3990,3560,4610,10003_0054_00,10003_0054_01,2,,,0,0,0,0,Kotori Minami,1
100040053,1004,園田海未,3,300001,100040053,2,3,3510,4600,4040,10004_0053_00,10004_0053_01,2,,,0,0,0,0,Umi Sonoda,1
100050052,1005,星空凛,1,100001,100050052,2,3,4630,3500,4010,10005_0052_00,10005_0052_01,2,,,0,0,0,0,Rin Hoshizora,1
100060055,1006,西木野真姫,3,300001,100060055,2,3,3970,4650,3530,10006_0055_00,10006_0055_01,2,,,0,0,0,0,Maki Nishikino,1
100070052,1007,東條希,2,200001,100070052,2,3,3960,3600,4600,10007_0052_00,10007_0052_01,2,,,0,0,0,0,Nozomi Tojo,1
100080053,1008,小泉花陽,2,200001,100080053,2,3,3940,3490,4730,10008_0053_00,10008_0053_01,2,,,0,0,0,0,Hanayo Koizumi,1
100090054,1009,矢澤にこ,1,100001,100090054,2,3,4610,3980,3550,10009_0054_00,10009_0054_01,2,,,0,0,0,0,Nico Yazawa,1
140330002,5033,アルパカ[白],1,100001,140330002,2,3,1,1,1,14033_0002_00,14033_0002_01,2,,,0,0,0,0,Alpaca [White],1
140360003,5036,福原命,3,300001,140360003,1,2,1220,2290,670,14036_0003_00,14036_0003_01,1,,,0,0,0,0,Mikoto Fukuhara,1
100050053,1005,凛のマジックショー,2,200002,100050053,2,3,4160,3260,4920,10005_0053_00,10005_0053_01,2,,,0,0,0,0,Rin's Magic Show,1
100070053,1007,手品です！,3,300002,100070053,2,3,3250,4920,4200,10007_0053_00,10007_0053_01,2,,,0,0,0,0,It's Magical!,1
100090055,1009,にこのマジックショー,1,100002,100090055,2,3,4950,4150,3210,10009_0055_00,10009_0055_01,2,,,0,0,0,0,Nico's Magic Show,1
100030055,1003,マジシャンことり,2,200009,100030055,3,4,4590,4010,5330,10003_0055_00,10003_0055_01,3,,,0,0,0,0,Magician Kotori,1
140240003,5024,吉川瑞希,2,200001,140240003,1,2,1130,910,2830,14024_0003_00,14024_0003_01,1,,,0,0,0,0,Mizuki Kikkawa,1
100010057,1001,幸せのきびだんご,2,200002,100010057,2,3,3540,3930,4700,10001_0057_00,10001_0057_01,2,,,0,0,0,0,Delightful Dumplings,1
140100003,5010,須田いるか,2,200001,140100003,1,2,790,480,1850,14010_0003_00,14010_0003_01,1,,,0,0,0,0,Iruka Suda,1
100010058,1001,海って最高！,2,200002,100010058,2,3,4260,3100,4950,10001_0058_00,10001_0058_01,2,,,0,0,0,0,The Beach Is Best!,1
100050054,1005,ひりひり日焼け,1,100002,100050054,2,3,4980,3990,3420,10005_0054_00,10005_0054_01,2,,,0,0,0,0,Stinging Sunburn,1
100060056,1006,楽しい海の旅,1,100002,100060056,2,3,4950,4220,3150,10006_0056_00,10006_0056_01,2,,,0,0,0,0,A Fun Beach Trip,1
100090056,1009,プライベートタイム,3,300002,100090056,2,3,4100,4970,3280,10009_0056_00,10009_0056_01,2,,,0,0,0,0,Private Time,1
100040054,1004,海への憧れ,3,300010,100040054,3,4,4110,5350,4470,10004_0054_00,10004_0054_01,3,,,0,0,0,0,Love of the Sea,1
140510003,5051,イザベラ,1,100001,140510003,1,2,2230,760,490,14051_0003_00,14051_0003_01,1,,,0,0,0,0,Isabella,1
100020054,1002,マスカレード,2,200002,100020054,2,3,4040,3360,4760,10002_0054_00,10002_0054_01,2,,,0,0,0,0,Masquerade,1
140190003,5019,下園咲,1,100001,140190003,1,2,2300,630,690,14019_0003_00,14019_0003_01,1,,,0,0,0,0,Saki Shimozono,1
100020055,1002,初めての場所,1,100002,100020055,2,3,4950,4280,3070,10002_0055_00,10002_0055_01,2,,,0,0,0,0,In a New Place,1
100030056,1003,初めましての気持ち,2,200002,100030056,2,3,4000,3410,4940,10003_0056_00,10003_0056_01,2,,,0,0,0,0,First Impressions,1
100080054,1008,絶対かき氷！,3,300002,100080054,2,3,3130,4980,4270,10008_0054_00,10008_0054_01,2,,,0,0,0,0,Snow Cones or Bust!,1
100070054,1007,冒険の旅に出よう！,2,200010,100070054,3,4,3960,4640,5310,10007_0054_00,10007_0054_01,3,,,0,0,0,0,Let's Explore!,1
140560003,5056,早乙女紫,3,300001,140560003,1,2,500,2360,870,14056_0003_00,14056_0003_01,1,,,0,0,0,0,Yukari Saotome,1
100040055,1004,レトロポップ,1,100002,100040055,2,3,4820,3460,3900,10004_0055_00,10004_0055_01,2,,,0,0,0,0,Retro-Pop,1
100090057,1009,矢澤にこ,1,100001,100090057,2,3,4380,3650,4130,10009_0057_00,10009_0057_01,2,,,0,0,0,0,Nico Yazawa,1
140310003,5031,設楽ふみ,3,300001,140310003,1,2,630,2490,1060,14031_0003_00,14031_0003_01,1,,,0,0,0,0,Fumi Shitara,1
100030057,1003,水もしたたる？,3,300002,100030057,2,3,3170,4950,4170,10003_0057_00,10003_0057_01,2,,,0,0,0,0,Splendid Looks?,1
100040056,1004,授業中ですよっ,2,200002,100040056,2,3,3240,4120,4940,10004_0056_00,10004_0056_01,2,,,0,0,0,0,We're in Class!,1
100070055,1007,ついでにわしわし,1,100002,100070055,2,3,4950,3130,4250,10007_0055_00,10007_0055_01,2,,,0,0,0,0,Sudden Bear Hug,1
100080055,1008,ずうっと一緒に,2,200002,100080055,2,3,3190,4230,4960,10008_0055_00,10008_0055_01,2,,,0,0,0,0,Together Forever,1
100020056,1002,めざせ目標タイム,3,300011,100020056,3,4,4520,5350,4060,10002_0056_00,10002_0056_01,3,,,0,0,0,0,Time Attack,1
140230003,5023,篠宮あきる,2,200001,140230003,1,2,680,1050,2760,14023_0003_00,14023_0003_01,1,,,0,0,0,0,Akiru Shinomiya,1
100070056,1007,ウチの新たな魅力♪,2,200002,100070056,2,3,3760,3630,4790,10007_0056_00,10007_0056_01,2,,,0,0,0,0,My Newest Charm,1
140520003,5052,高天原睦月,1,100001,140520003,1,2,2160,420,900,14052_0003_00,14052_0003_01,1,,,0,0,0,0,Mutsuki Takamagahara,1
100010059,1001,授業なんて楽勝だっ,3,300002,100010059,2,3,4050,4920,3330,10001_0059_00,10001_0059_01,2,,,0,0,0,0,Class Is a Breeze!,1
100060057,1006,思い出の場所で,2,200002,100060057,2,3,3080,4280,4980,10006_0057_00,10006_0057_01,2,,,0,0,0,0,My Memories,1
100090058,1009,にこにこハッピー☆,1,100002,100090058,2,3,4970,3190,4220,10009_0058_00,10009_0058_01,2,,,0,0,0,0,Happy Happy Nico,1
100050055,1005,気楽にプール♪,1,100010,100050055,3,4,5370,4080,4460,10005_0055_00,10005_0055_01,3,,,0,0,0,0,Chillin' by the Pool,1
140350003,5035,斉木風,2,200001,140350003,1,2,980,660,2540,14035_0003_00,14035_0003_01,1,,,0,0,0,0,Fuu Saiki,1
100050056,1005,一日助っ人！,3,300002,100050056,2,3,3470,4770,3920,10005_0056_00,10005_0056_01,2,,,0,0,0,0,One Day Only Helper!,1
100050057,1005,星空凛,1,100001,100050057,1,2,3670,2140,1700,10005_0057_00,10005_0057_01,1,,,0,0,0,0,Rin Hoshizora,1
140160003,5016,森嶋ななか,2,200001,140160003,1,2,680,640,2200,14016_0003_00,14016_0003_01,1,,,0,0,0,0,Nanaka Morishima,1
100010060,1001,忍者の道は険しい……,1,100002,100010060,2,3,4990,4290,3100,10001_0060_00,10001_0060_01,2,,,0,0,0,0,Way of the Ninja,1
100020057,1002,忍者のお茶屋さん,2,200002,100020057,2,3,3110,4260,4970,10002_0057_00,10002_0057_01,2,,,0,0,0,0,Ninja Tea House,1
100040057,1004,かわいい忍者,3,300002,100040057,2,3,4210,4990,3140,10004_0057_00,10004_0057_01,2,,,0,0,0,0,Cute Ninja,1
100060058,1006,壁と同化？,3,300002,100060058,2,3,4320,4930,3050,10006_0058_00,10006_0058_01,2,,,0,0,0,0,Wall Concealment?,1
100080056,1008,花陽のにぎりめし,2,200009,100080056,3,4,4530,4040,5300,10008_0056_00,10008_0056_01,3,,,0,0,0,0,Hanayo's Rice Ball,1
140210003,5021,支倉かさね,3,300001,140210003,1,2,1050,2670,690,14021_0003_00,14021_0003_01,1,,,0,0,0,0,Kasane Hasekura,1
100030058,1003,お祭りドレス,2,200002,100030058,2,3,3630,3750,4800,10003_0058_00,10003_0058_01,2,,,0,0,0,0,Festival Dress,1
140080003,5008,クリスティーナ,3,300001,140080003,1,2,550,1730,680,14008_0003_00,14008_0003_01,1,,,0,0,0,0,Christina,1
100010061,1001,高坂穂乃果,3,300001,100010061,1,2,2180,3920,1910,10001_0061_00,10001_0061_01,1,,,0,0,0,0,Honoka Kosaka,1
100020058,1002,絢瀬絵里,3,300001,100020058,1,2,1880,4090,2070,10002_0058_00,10002_0058_01,1,,,0,0,0,0,Eli Ayase,1
100030059,1003,南ことり,3,300001,100030059,1,2,1910,4000,2110,10003_0059_00,10003_0059_01,1,,,0,0,0,0,Kotori Minami,1
100040058,1004,園田海未,3,300001,100040058,1,2,1840,4080,2120,10004_0058_00,10004_0058_01,1,,,0,0,0,0,Umi Sonoda,1
100050058,1005,星空凛,3,300001,100050058,1,2,2140,3930,1940,10005_0058_00,10005_0058_01,1,,,0,0,0,0,Rin Hoshizora,1
100060059,1006,西木野真姫,3,300001,100060059,1,2,2080,4110,1850,10006_0059_00,10006_0059_01,1,,,0,0,0,0,Maki Nishikino,1
100070057,1007,東條希,3,300001,100070057,1,2,1830,3990,2200,10007_0057_00,10007_0057_01,1,,,0,0,0,0,Nozomi Tojo,1
100080057,1008,小泉花陽,3,300001,100080057,1,2,1920,4010,2090,10008_0057_00,10008_0057_01,1,,,0,0,0,0,Hanayo Koizumi,1
100090059,1009,矢澤にこ,3,300001,100090059,1,2,2130,3910,1970,10009_0059_00,10009_0059_01,1,,,0,0,0,0,Nico Yazawa,1
100030060,1003,手裏剣はじめました,1,100002,100030060,2,3,4970,3390,4020,10003_0060_00,10003_0060_01,2,,,0,0,0,0,Shuriken Training,1
100050059,1005,星空忍法！！,3,300002,100050059,2,3,4250,4990,3110,10005_0059_00,10005_0059_01,2,,,0,0,0,0,Rin Ninja Magic!,1
100070058,1007,忍者でござるっ,2,200002,100070058,2,3,4250,3120,4930,10007_0058_00,10007_0058_01,2,,,0,0,0,0,I Am a Ninja!,1
100090060,1009,本気の忍びにこっ,1,100011,100090060,3,4,5380,4200,4350,10009_0060_00,10009_0060_01,3,,,0,0,0,0,Seriously Stealthy,1
100020059,1002,絢瀬絵里,3,300001,100020059,3,4,3510,4860,4480,10002_0059_00,10002_0059_01,3,,,0,0,0,0,Eli Ayase,1
140320003,5032,門田剣,2,200001,140320003,1,2,680,900,2150,14032_0003_00,14032_0003_01,1,,,0,0,0,0,Tsurugi Kadota,1
100080058,1008,今夜の月は,3,300002,100080058,2,3,4190,4760,3210,10008_0058_00,10008_0058_01,2,,,0,0,0,0,The Moon Tonight,1
100060060,1006,西木野真姫,3,300001,100060060,2,3,3610,4370,4160,10006_0060_00,10006_0060_01,2,,,0,0,0,0,Maki Nishikino,1
140120003,5012,御堂優理,1,100001,140120003,1,2,1950,760,520,14012_0003_00,14012_0003_01,1,,,0,0,0,0,Yuri Mido,1
100040059,1004,エサやりチャレンジ,2,200002,100040059,2,3,3210,4180,4990,10004_0059_00,10004_0059_01,2,,,0,0,0,0,Feeding Challenge,1
100070059,1007,ペンギンウォーキング,3,300002,100070059,2,3,3160,4980,4220,10007_0059_00,10007_0059_01,2,,,0,0,0,0,Penguin Walk,1
100080059,1008,ぷくぷくほっぺ,1,100002,100080059,2,3,4990,3150,4240,10008_0059_00,10008_0059_01,2,,,0,0,0,0,Chubby Cheeks,1
100090061,1009,カラフルな私を見て？,2,200002,100090061,2,3,4200,3170,4920,10009_0061_00,10009_0061_01,2,,,0,0,0,0,Look at These Colors!,1
100060061,1006,白馬と一緒,3,300011,100060061,3,4,4070,5340,4480,10006_0061_00,10006_0061_01,3,,,0,0,0,0,With a White Horse,1
140540003,5054,マリア,2,200001,140540003,1,2,440,820,2320,14054_0003_00,14054_0003_01,1,,,0,0,0,0,Maria,1
100060062,1006,ロックンロール！,2,200002,100060062,2,3,3890,3500,4790,10006_0062_00,10006_0062_01,2,,,0,0,0,0,Rock 'n'Roll!,1
140020003,5002,宮下ココ,3,300001,140020003,1,2,550,1570,610,14002_0003_00,14002_0003_01,1,,,0,0,0,0,Coco Miyashita,1
100020060,1002,しましまシマウマ,3,300002,100020060,2,3,3080,4960,4300,10002_0060_00,10002_0060_01,2,,,0,0,0,0,Zebra Stripes,1
100030061,1003,アニマルスケッチ,2,200002,100030061,2,3,3340,4030,4930,10003_0061_00,10003_0061_01,2,,,0,0,0,0,Animal Sketch,1
100050060,1005,キリンさんとお散歩！,1,100002,100050060,2,3,4990,3350,4040,10005_0060_00,10005_0060_01,2,,,0,0,0,0,Walks With a Giraffe,1
100010062,1001,白黒ワンちゃん,1,100009,100010062,3,4,5320,4070,4490,10001_0062_00,10001_0062_01,3,,,0,0,0,0,Black & White Puppy,1
140170003,5017,九条聖来,1,100001,140170003,1,2,2110,570,810,14017_0003_00,14017_0003_01,1,,,0,0,0,0,Seira Kujo,1
100020061,1002,ムービー・スター！,1,100002,100020061,2,3,4700,3500,3960,10002_0061_00,10002_0061_01,2,,,0,0,0,0,Movie Star,1
100010063,1001,高坂穂乃果,1,100001,100010063,2,3,4450,3950,3760,10001_0063_00,10001_0063_01,2,,,0,0,0,0,Honoka Kosaka,1
100020062,1002,絢瀬絵里,3,300001,100020062,2,3,3780,4500,3900,10002_0062_00,10002_0062_01,2,,,0,0,0,0,Eli Ayase,1
100030062,1003,南ことり,2,200001,100030062,2,3,3840,3780,4600,10003_0062_00,10003_0062_01,2,,,0,0,0,0,Kotori Minami,1
100040060,1004,園田海未,3,300001,100040060,2,3,3730,4500,3950,10004_0060_00,10004_0060_01,2,,,0,0,0,0,Umi Sonoda,1
100050061,1005,星空凛,1,100001,100050061,2,3,4450,3720,3990,10005_0061_00,10005_0061_01,2,,,0,0,0,0,Rin Hoshizora,1
100060063,1006,西木野真姫,3,300001,100060063,2,3,3920,4500,3760,10006_0063_00,10006_0063_01,2,,,0,0,0,0,Maki Nishikino,1
100070060,1007,東條希,2,200001,100070060,2,3,3850,3770,4600,10007_0060_00,10007_0060_01,2,,,0,0,0,0,Nozomi Tojo,1
100080060,1008,小泉花陽,2,200001,100080060,2,3,3910,3700,4610,10008_0060_00,10008_0060_01,2,,,0,0,0,0,Hanayo Koizumi,1
100090062,1009,矢澤にこ,1,100001,100090062,2,3,4450,3930,3780,10009_0062_00,10009_0062_01,2,,,0,0,0,0,Nico Yazawa,1
100080061,1008,μ'sのさくらんぼ！,1,100001,100080061,3,4,4860,3630,4370,10008_0061_00,10008_0061_01,3,,,0,0,0,0,μ's Cherries!,1
120030003,3003,桜坂しずく,2,200001,120030003,1,2,670,530,1510,12003_0003_00,12003_0003_01,1,,,0,0,0,0,Shizuku Osaka,1
100020063,1002,みんなとの写真,2,200002,100020063,2,3,3090,4300,4990,10002_0063_00,10002_0063_01,2,,,0,0,0,0,Group Photo,1
100040061,1004,世界史のお時間,1,100002,100040061,2,3,4910,4200,3180,10004_0061_00,10004_0061_01,2,,,0,0,0,0,World History,1
100050062,1005,軽やかステップ,2,200002,100050062,2,3,4210,3160,4930,10005_0062_00,10005_0062_01,2,,,0,0,0,0,Light Steps,1
100090063,1009,豪華絢爛！,3,300002,100090063,2,3,4150,4960,3230,10009_0063_00,10009_0063_01,2,,,0,0,0,0,How Luxurious!,1
100030063,1003,スイーツパラダイス,1,100004,100030063,3,4,5350,4000,4560,10003_0063_00,10003_0063_01,3,,,0,0,0,0,Sweets Paradise,1
140150003,5015,神谷理華,2,200001,140150003,1,2,500,780,2080,14015_0003_00,14015_0003_01,1,,,0,0,0,0,Rika Kamiya,1
100090064,1009,紅葉に囲まれて,1,100002,100090064,2,3,4800,3760,3620,10009_0064_00,10009_0064_01,2,,,0,0,0,0,Fall Colors,1
140430003,5043,蘭花,1,100001,140430003,1,2,1940,450,920,14043_0003_00,14043_0003_01,1,,,0,0,0,0,Ranpha,1
100010064,1001,たまには洋菓子も,3,300002,100010064,2,3,4080,4960,3300,10001_0064_00,10001_0064_01,2,,,0,0,0,0,Import Sweets,1
100060064,1006,憧れよりも大事なもの,2,200002,100060064,2,3,3050,4340,4990,10006_0064_00,10006_0064_01,2,,,0,0,0,0,More than Admiration,1
100080062,1008,憧れのドレス！,1,100002,100080062,2,3,4910,3110,4280,10008_0062_00,10008_0062_01,2,,,0,0,0,0,Dresses to Admire,1
100070061,1007,秘密の想い,3,300004,100070061,3,4,4020,5320,4540,10007_0061_00,10007_0061_01,3,,,0,0,0,0,Secret Feelings,1
140090003,5009,菊池朱美,2,200001,140090003,1,2,460,760,1800,14009_0003_00,14009_0003_01,1,,,0,0,0,0,Akemi Kikuchi,1
100040062,1004,ドキドキ探検隊,3,300002,100040062,2,3,4000,4760,3400,10004_0062_00,10004_0062_01,2,,,0,0,0,0,Search Party,1
100010065,1001,高坂穂乃果,1,100001,100010065,2,3,4580,3560,4040,10001_0065_00,10001_0065_01,2,,,0,0,0,0,Honoka Kosaka,1
100030064,1003,南ことり,1,100001,100030064,2,3,4580,3590,4010,10003_0064_00,10003_0064_01,2,,,0,0,0,0,Kotori Minami,1
100080063,1008,小泉花陽,1,100001,100080063,2,3,4580,3570,4030,10008_0063_00,10008_0063_01,2,,,0,0,0,0,Hanayo Koizumi,1
120080003,3008,エマ・ヴェルデ,3,300001,120080003,1,2,970,2390,720,12008_0003_00,12008_0003_01,1,,,0,0,0,0,Emma Verde,1
100040063,1004,雪玉合戦！,2,200002,100040063,2,3,3160,4220,4960,10004_0063_00,10004_0063_01,2,,,0,0,0,0,Snowball Fight!,1
100050063,1005,自分のリズムで,3,300002,100050063,2,3,4300,4910,3090,10005_0063_00,10005_0063_01,2,,,0,0,0,0,Beat of My Own Drum,1
100060065,1006,今年を締めくくる歌,1,100002,100060065,2,3,4960,4260,3130,10006_0065_00,10006_0065_01,2,,,0,0,0,0,Song to End the Year,1
100070062,1007,優しい賛美歌,2,200002,100070062,2,3,3100,4310,4970,10007_0062_00,10007_0062_01,2,,,0,0,0,0,Gentle Hymn,1
100020064,1002,秘密のプレゼント,1,100004,100020064,3,4,5340,4480,4080,10002_0064_00,10002_0064_01,3,,,0,0,0,0,Secret Present,1
140480003,5048,黒羽咲夜,3,300001,140480003,1,2,540,2240,950,14048_0003_00,14048_0003_01,1,,,0,0,0,0,Sakuya Kurobane,1
100010066,1001,血を吸っちゃうぞ,3,300002,100010066,2,3,3470,4820,3890,10001_0066_00,10001_0066_01,2,,,0,0,0,0,I'll Suck Your Blood!,1
100010067,1001,高坂穂乃果,1,100001,100010067,3,4,4850,3890,4100,10001_0067_00,10001_0067_01,3,,,0,0,0,0,Honoka Kosaka,1
140490003,5049,白瀬小雪,3,300001,140490003,1,2,500,2220,760,14049_0003_00,14049_0003_01,1,,,0,0,0,0,Koyuki Shirase,1
100010068,1001,高坂穂乃果,2,200001,100010068,1,2,2130,1840,4060,10001_0068_00,10001_0068_01,1,,,0,0,0,0,Honoka Kosaka,1
100020065,1002,絢瀬絵里,2,200001,100020065,1,2,1810,2210,4000,10002_0065_00,10002_0065_01,1,,,0,0,0,0,Eli Ayase,1
100030065,1003,南ことり,2,200001,100030065,1,2,1830,2270,3900,10003_0065_00,10003_0065_01,1,,,0,0,0,0,Kotori Minami,1
100040064,1004,園田海未,2,200001,100040064,1,2,1820,2190,4010,10004_0064_00,10004_0064_01,1,,,0,0,0,0,Umi Sonoda,1
100050064,1005,星空凛,2,200001,100050064,1,2,2110,1850,4070,10005_0064_00,10005_0064_01,1,,,0,0,0,0,Rin Hoshizora,1
100060066,1006,西木野真姫,2,200001,100060066,1,2,1830,2170,4020,10006_0066_00,10006_0066_01,1,,,0,0,0,0,Maki Nishikino,1
100070063,1007,東條希,2,200001,100070063,1,2,2290,1820,3890,10007_0063_00,10007_0063_01,1,,,0,0,0,0,Nozomi Tojo,1
100080064,1008,小泉花陽,2,200001,100080064,1,2,1810,2310,3880,10008_0064_00,10008_0064_01,1,,,0,0,0,0,Hanayo Koizumi,1
100090065,1009,矢澤にこ,2,200001,100090065,1,2,2150,1830,4050,10009_0065_00,10009_0065_01,1,,,0,0,0,0,Nico Yazawa,1
100010069,1001,大切なプレゼント,1,100002,100010069,2,3,4890,3100,4290,10001_0069_00,10001_0069_01,2,,,0,0,0,0,Special Present,1
100030066,1003,シンプルが一番,3,300002,100030066,2,3,3130,4920,4300,10003_0066_00,10003_0066_01,2,,,0,0,0,0,Keep It Simple,1
100090066,1009,あったかいもの,2,200002,100090066,2,3,4340,3060,4980,10009_0066_00,10009_0066_01,2,,,0,0,0,0,Something Warm,1
100080065,1008,お揃いのストラップ,3,300004,100080065,3,4,4210,5340,4360,10008_0065_00,10008_0065_01,3,,,0,0,0,0,Matching Straps,1
140260003,5026,藤城悠弓,1,100001,140260003,1,2,2910,1120,950,14026_0003_00,14026_0003_01,1,,,0,0,0,0,Yumi Fujishiro,1
100050065,1005,究極のラーメン！,2,200002,100050065,2,3,3670,3800,4690,10005_0065_00,10005_0065_01,2,,,0,0,0,0,The Ultimate Ramen!,1
100040065,1004,園田海未,2,200001,100040065,2,3,3530,3950,4740,10004_0065_00,10004_0065_01,2,,,0,0,0,0,Umi Sonoda,1
100050066,1005,星空凛,2,200001,100050066,2,3,3980,3500,4740,10005_0066_00,10005_0066_01,2,,,0,0,0,0,Rin Hoshizora,1
100070064,1007,東條希,2,200001,100070064,2,3,3510,3970,4740,10007_0064_00,10007_0064_01,2,,,0,0,0,0,Nozomi Tojo,1
140140003,5014,鳥居歩美,3,300001,140140003,1,2,540,2020,680,14014_0003_00,14014_0003_01,1,,,0,0,0,0,Ayumi Torii,1
100010070,1001,サーカスのステージ,2,200002,100010070,2,3,4320,3070,4960,10001_0070_00,10001_0070_01,2,,,0,0,0,0,Circus Stage,1
100050067,1005,身体が軽い！,1,100002,100050067,2,3,4900,4080,3310,10005_0067_00,10005_0067_01,2,,,0,0,0,0,I Feel So Light!,1
100070065,1007,ミステリアスステージ,3,300002,100070065,2,3,3120,4970,4280,10007_0065_00,10007_0065_01,2,,,0,0,0,0,Mysterious Stage,1
100090067,1009,前座から全開！,3,300002,100090067,2,3,4190,4890,3210,10009_0067_00,10009_0067_01,2,,,0,0,0,0,Full Throttle!,1
100060067,1006,奏でたい音楽,2,200004,100060067,3,4,4290,4300,5340,10006_0067_00,10006_0067_01,3,,,0,0,0,0,Music I Want to Play,1
140410003,5041,月島結架,3,300001,140410003,1,2,760,1780,550,14041_0003_00,14041_0003_01,1,,,0,0,0,0,Yuka Tsukishima,1
100070066,1007,今年もよろしくね♪,1,100002,100070066,2,3,4760,3980,3420,10007_0066_00,10007_0066_01,2,,,0,0,0,0,Have a Great Year!,1
140050003,5005,結城紗菜,3,300001,140050003,1,2,550,1650,710,14005_0003_00,14005_0003_01,1,,,0,0,0,0,Sana Yuki,1
100020066,1002,本番前の緊張感,3,300002,100020066,2,3,4350,4940,3050,10002_0066_00,10002_0066_01,2,,,0,0,0,0,Pre-Show Jitters,1
100030067,1003,動物たちのサーカス,1,100002,100030067,2,3,4960,3340,4080,10003_0067_00,10003_0067_01,2,,,0,0,0,0,Animal Circus,1
100080066,1008,ワンちゃんとお昼寝,2,200002,100080066,2,3,4270,3110,4920,10008_0066_00,10008_0066_01,2,,,0,0,0,0,Napping With Puppy,1
100040066,1004,期待に応えます！,1,100004,100040066,3,4,5310,4700,3870,10004_0066_00,10004_0066_01,3,,,0,0,0,0,I Won't Disappoint!,1
140300003,5030,黒崎隼,3,300001,140300003,1,2,770,2280,680,14030_0003_00,14030_0003_01,1,,,0,0,0,0,Shun Kurosaki,1
100030068,1003,かわいい鬼さん,3,300002,100030068,2,3,3910,4810,3460,10003_0068_00,10003_0068_01,2,,,0,0,0,0,Cute Ogre,1
100020067,1002,絢瀬絵里,3,300001,100020067,2,3,4110,4420,3630,10002_0067_00,10002_0067_01,2,,,0,0,0,0,Eli Ayase,1
100060068,1006,西木野真姫,3,300001,100060068,2,3,3660,4420,4080,10006_0068_00,10006_0068_01,2,,,0,0,0,0,Maki Nishikino,1
100090068,1009,矢澤にこ,3,300001,100090068,2,3,4100,4420,3640,10009_0068_00,10009_0068_01,2,,,0,0,0,0,Nico Yazawa,1
140030003,5003,逢沢遊宇,1,100001,140030003,1,2,1600,630,530,14003_0003_00,14003_0003_01,1,,,0,0,0,0,Yuu Aizawa,1
110010001,2001,高海千歌,2,200001,110010001,1,2,2160,1810,4030,11001_0001_00,11001_0001_01,1,,,0,0,0,0,Chika Takami,1
110020001,2002,桜内梨子,2,200001,110020001,1,2,1880,2150,3960,11002_0001_00,11002_0001_01,1,,,0,0,0,0,Riko Sakurauchi,1
110030001,2003,松浦果南,2,200001,110030001,1,2,2330,1770,3880,11003_0001_00,11003_0001_01,1,,,0,0,0,0,Kanan Matsuura,1
110040001,2004,黒澤ダイヤ,2,200001,110040001,1,2,1850,2200,3940,11004_0001_00,11004_0001_01,1,,,0,0,0,0,Dia Kurosawa,1
110050001,2005,渡辺曜,2,200001,110050001,1,2,2290,1790,3900,11005_0001_00,11005_0001_01,1,,,0,0,0,0,You Watanabe,1
110060001,2006,津島善子,2,200001,110060001,1,2,1860,2180,3950,11006_0001_00,11006_0001_01,1,,,0,0,0,0,Yoshiko Tsushima,1
110070001,2007,国木田花丸,2,200001,110070001,1,2,2140,1820,4040,11007_0001_00,11007_0001_01,1,,,0,0,0,0,Hanamaru Kunikida,1
110080001,2008,小原鞠莉,2,200001,110080001,1,2,2180,1800,4020,11008_0001_00,11008_0001_01,1,,,0,0,0,0,Mari Ohara,1
110090001,2009,黒澤ルビィ,2,200001,110090001,1,2,1780,2310,3890,11009_0001_00,11009_0001_01,1,,,0,0,0,0,Ruby Kurosawa,1
100020068,1002,いっしょに練習,1,100002,100020068,2,3,4950,4400,2990,10002_0068_00,10002_0068_01,2,,,0,0,0,0,Practice Together,1
100040067,1004,妖精の音楽家,2,200002,100040067,2,3,3130,4260,4980,10004_0067_00,10004_0067_01,2,,,0,0,0,0,Musical Fairy,1
100070067,1007,羽根を広げて,2,200002,100070067,2,3,4320,3070,4890,10007_0067_00,10007_0067_01,2,,,0,0,0,0,Spread Your Wings,1
100080067,1008,一番美しいのは？,3,300002,100080067,2,3,3090,4950,4310,10008_0067_00,10008_0067_01,2,,,0,0,0,0,Who's the Fairest?,1
100090069,1009,妹にしてあげる♪,2,200004,100090069,3,4,4490,4080,5320,10009_0069_00,10009_0069_01,3,,,0,0,0,0,You Can Be My Sister,1
140130004,5013,佐伯麗音,1,100001,140130004,1,2,2080,780,490,14013_0004_00,14013_0004_01,1,,,0,0,0,0,Reine Saeki,1
100020069,1002,ロックな撮影会,2,200002,100020069,2,3,4100,3330,4730,10002_0069_00,10002_0069_01,2,,,0,0,0,0,A Rocking Photoshoot,1
100010071,1001,高坂穂乃果,3,300001,100010071,1,2,2010,3670,1820,10001_0071_00,10001_0071_01,1,,,0,0,0,0,Honoka Kosaka,1
100020070,1002,絢瀬絵里,3,300001,100020070,1,2,2000,3600,1900,10002_0070_00,10002_0070_01,1,,,0,0,0,0,Eli Ayase,1
100030069,1003,南ことり,3,300001,100030069,1,2,1850,3650,2000,10003_0069_00,10003_0069_01,1,,,0,0,0,0,Kotori Minami,1
100040068,1004,園田海未,3,300001,100040068,1,2,1860,3610,2030,10004_0068_00,10004_0068_01,1,,,0,0,0,0,Umi Sonoda,1
100050068,1005,星空凛,3,300001,100050068,1,2,1940,3690,1870,10005_0068_00,10005_0068_01,1,,,0,0,0,0,Rin Hoshizora,1
100060069,1006,西木野真姫,3,300001,100060069,1,2,1880,3590,2030,10006_0069_00,10006_0069_01,1,,,0,0,0,0,Maki Nishikino,1
100070068,1007,東條希,3,300001,100070068,1,2,1830,3630,2040,10007_0068_00,10007_0068_01,1,,,0,0,0,0,Nozomi Tojo,1
100080068,1008,小泉花陽,3,300001,100080068,1,2,1890,3640,1970,10008_0068_00,10008_0068_01,1,,,0,0,0,0,Hanayo Koizumi,1
100090070,1009,矢澤にこ,3,300001,100090070,1,2,1940,3680,1880,10009_0070_00,10009_0070_01,1,,,0,0,0,0,Nico Yazawa,1
140470004,5047,黒羽咲良,3,300001,140470004,1,2,890,2270,460,14047_0004_00,14047_0004_01,1,,,0,0,0,0,Sakura Kurobane,1
100010072,1001,妖精さんの願い事,3,300002,100010072,2,3,4050,4990,3340,10001_0072_00,10001_0072_01,2,,,0,0,0,0,The Fairy's Wish,1
100030070,1003,ロマンチックな気分で,2,200002,100030070,2,3,4150,3250,4950,10003_0070_00,10003_0070_01,2,,,0,0,0,0,A Romantic Mood,1
100060070,1006,こっそり練習,1,100002,100060070,2,3,4890,4300,3100,10006_0070_00,10006_0070_01,2,,,0,0,0,0,Secret Practice,1
100050069,1005,お姉ちゃんみたい♪,3,300004,100050069,3,4,4450,5330,4130,10005_0069_00,10005_0069_01,3,,,0,0,0,0,Like a Big Sister,1
140110004,5011,杉崎亜矢,2,200001,140110004,1,2,690,570,1950,14011_0004_00,14011_0004_01,1,,,0,0,0,0,Aya Sugisaki,1
100040069,1004,しゃぼん玉いっぱい,1,100002,100040069,2,3,4740,3260,4160,10004_0069_00,10004_0069_01,2,,,0,0,0,0,Bubbles Everywhere!,1
100010073,1001,高坂穂乃果,1,100001,100010073,3,4,4890,4160,3810,10001_0073_00,10001_0073_01,3,,,0,0,0,0,Honoka Kosaka,1
140100004,5010,須田いるか,1,100001,140100004,1,2,1890,770,500,14010_0004_00,14010_0004_01,1,,,0,0,0,0,Iruka Suda,1
100020071,1002,温故知新の心,2,200002,100020071,2,3,3060,4330,4910,10002_0071_00,10002_0071_01,2,,,0,0,0,0,Learn from the Past,1
100030071,1003,女の子はいつだって,3,300002,100030071,2,3,3070,4900,4320,10003_0071_00,10003_0071_01,2,,,0,0,0,0,Girls Are Always...,1
100050070,1005,たまには昔の制服も,3,300002,100050070,2,3,4350,4980,3050,10005_0070_00,10005_0070_01,2,,,0,0,0,0,Hakama Uniform,1
100070069,1007,大正時代の自分,1,100002,100070069,2,3,4940,3080,4330,10007_0069_00,10007_0069_01,2,,,0,0,0,0,My Taisho Era Self,1
100010074,1001,大正スクールアイドル,2,200004,100010074,3,4,4580,4000,5310,10001_0074_00,10001_0074_01,3,,,0,0,0,0,Taisho School Idols,1
100010075,1001,高坂穂乃果,1,100001,100010075,2,3,4610,3980,3630,10001_0075_00,10001_0075_01,2,,,0,0,0,0,Honoka Kosaka,1
100020072,1002,絢瀬絵里,3,300001,100020072,2,3,3600,4530,4050,10002_0072_00,10002_0072_01,2,,,0,0,0,0,Eli Ayase,1
100030072,1003,南ことり,2,200001,100030072,2,3,3620,4090,4450,10003_0072_00,10003_0072_01,2,,,0,0,0,0,Kotori Minami,1
100040070,1004,園田海未,3,300001,100040070,2,3,4040,4530,3610,10004_0070_00,10004_0070_01,2,,,0,0,0,0,Umi Sonoda,1
100050071,1005,星空凛,1,100001,100050071,2,3,4610,4010,3600,10005_0071_00,10005_0071_01,2,,,0,0,0,0,Rin Hoshizora,1
100060071,1006,西木野真姫,3,300001,100060071,2,3,4060,4530,3590,10006_0071_00,10006_0071_01,2,,,0,0,0,0,Maki Nishikino,1
100070070,1007,東條希,2,200001,100070070,2,3,4100,3610,4450,10007_0070_00,10007_0070_01,2,,,0,0,0,0,Nozomi Tojo,1
100080069,1008,小泉花陽,2,200001,100080069,2,3,3590,4120,4450,10008_0069_00,10008_0069_01,2,,,0,0,0,0,Hanayo Koizumi,1
100090071,1009,矢澤にこ,1,100001,100090071,2,3,4610,3610,4000,10009_0071_00,10009_0071_01,2,,,0,0,0,0,Nico Yazawa,1
140450004,5045,レベッカ,3,300001,140450004,1,2,500,2350,770,14045_0004_00,14045_0004_01,1,,,0,0,0,0,Rebecca,1
100060072,1006,仲良くエッグハント,1,100002,100060072,2,3,4810,3370,4000,10006_0072_00,10006_0072_01,2,,,0,0,0,0,A Friendly Egg Hunt,1
140490004,5049,白瀬小雪,2,200001,140490004,1,2,740,520,2260,14049_0004_00,14049_0004_01,1,,,0,0,0,0,Koyuki Shirase,1
100040071,1004,似合っていますか？,1,100002,100040071,2,3,4880,4330,3070,10004_0071_00,10004_0071_01,2,,,0,0,0,0,Does This Suit Me?,1
100060073,1006,時代を越えるメロディ,3,300002,100060073,2,3,3040,4990,4350,10006_0073_00,10006_0073_01,2,,,0,0,0,0,Timeless Melody,1
100090072,1009,時代が私についてくる,2,200002,100090072,2,3,4200,3210,4940,10009_0072_00,10009_0072_01,2,,,0,0,0,0,Trendsetter,1
100080070,1008,今は何の時代？,1,100004,100080070,3,4,5340,3990,4620,10008_0070_00,10008_0070_01,3,,,0,0,0,0,What Era Is It?,1
140680001,5068,綺羅ツバサ,3,300001,140680001,1,2,1990,3620,1890,14068_0001_00,14068_0001_01,1,,,0,0,0,0,Tsubasa Kira,1
140690001,5069,優木あんじゅ,3,300001,140690001,1,2,1900,3640,1960,14069_0001_00,14069_0001_01,1,,,0,0,0,0,Anju Yuki,1
140700001,5070,統堂英玲奈,3,300001,140700001,1,2,1890,3630,1980,14070_0001_00,14070_0001_01,1,,,0,0,0,0,Erena Todo,1
140510004,5051,イザベラ,3,300001,140510004,1,2,510,2270,740,14051_0004_00,14051_0004_01,1,,,0,0,0,0,Isabella,1
100090073,1009,ロックなライブ,3,300002,100090073,2,3,3600,4690,3870,10009_0073_00,10009_0073_01,2,,,0,0,0,0,A Rocking Live Show,1
100010076,1001,高坂穂乃果,1,100001,100010076,3,4,4880,3750,4220,10001_0076_00,10001_0076_01,3,,,0,0,0,0,Honoka Kosaka,1
140500004,5050,相川涼,3,300001,140500004,1,2,990,2400,730,14050_0004_00,14050_0004_01,1,,,0,0,0,0,Ryo Aikawa,1
100010077,1001,お酢パワー！？,1,100002,100010077,2,3,4900,4310,3080,10001_0077_00,10001_0077_01,2,,,0,0,0,0,Vinegar Power?!,1
100050072,1005,体力作り,2,200002,100050072,2,3,4400,3030,4920,10005_0072_00,10005_0072_01,2,,,0,0,0,0,Building Stamina,1
100070071,1007,イメージトレーニング,3,300002,100070071,2,3,3090,4980,4310,10007_0071_00,10007_0071_01,2,,,0,0,0,0,Mental Training,1
100080071,1008,自主練,3,300002,100080071,2,3,3020,4910,4370,10008_0071_00,10008_0071_01,2,,,0,0,0,0,Voluntary Practice,1
100060074,1006,ライブの準備,1,100004,100060074,3,4,5330,4700,3920,10006_0074_00,10006_0074_01,3,,,0,0,0,0,Live Show Prep,1
100010078,1001,高坂穂乃果,1,100001,100010078,3,4,4880,4210,3750,10001_0078_00,10001_0078_01,3,,,0,0,0,0,Honoka Kosaka,1
100030073,1003,南ことり,2,200001,100030073,3,4,3870,4100,4890,10003_0073_00,10003_0073_01,3,,,0,0,0,0,Kotori Minami,1
100040072,1004,園田海未,3,300001,100040072,3,4,4150,4880,3820,10004_0072_00,10004_0072_01,3,,,0,0,0,0,Umi Sonoda,1
140020004,5002,宮下ココ,2,200001,140020004,1,2,600,560,1610,14002_0004_00,14002_0004_01,1,,,0,0,0,0,Coco Miyashita,1
100080072,1008,読書中はお静かに,2,200002,100080072,2,3,3830,3580,4750,10008_0072_00,10008_0072_01,2,,,0,0,0,0,Quiet Reading,1
140120004,5012,御堂優理,3,300001,140120004,1,2,520,1990,760,14012_0004_00,14012_0004_01,1,,,0,0,0,0,Yuri Mido,1
100030074,1003,んんんんーっ！,2,200002,100030074,2,3,3250,4150,4950,10003_0074_00,10003_0074_01,2,,,0,0,0,0,Hnnnnngh!,1
100040073,1004,早朝の自主練,3,300002,100040073,2,3,3010,4950,4390,10004_0073_00,10004_0073_01,2,,,0,0,0,0,Morning Training,1
100090074,1009,アイドルの笑顔,1,100002,100090074,2,3,4890,4210,3190,10009_0074_00,10009_0074_01,2,,,0,0,0,0,An Idol's Smile,1
100020073,1002,あなたのアドバイス,2,200004,100020073,3,4,4300,4330,5320,10002_0073_00,10002_0073_01,3,,,0,0,0,0,Your Advice,1
140160004,5016,森嶋ななか,1,100001,140160004,1,2,2240,710,610,14016_0004_00,14016_0004_01,1,,,0,0,0,0,Nanaka Morishima,1
100050073,1005,花見といえば♪,3,300002,100050073,2,3,3350,4800,4030,10005_0073_00,10005_0073_01,2,,,0,0,0,0,Cherry Blossom Party,1
100080073,1008,小泉花陽,2,200001,100080073,1,2,2020,1750,3730,10008_0073_00,10008_0073_01,1,,,0,0,0,0,Hanayo Koizumi,1
140400004,5040,紫藤美咲,3,300001,140400004,1,2,730,2140,900,14040_0004_00,14040_0004_01,1,,,0,0,0,0,Misaki Shido,1
100010079,1001,みんなでがんばった！,2,200002,100010079,2,3,3970,3440,4970,10001_0079_00,10001_0079_01,2,,,0,0,0,0,We Did Our Best!,1
100020074,1002,あなただけに届く音,3,300002,100020074,2,3,3070,4890,4330,10002_0074_00,10002_0074_01,2,,,0,0,0,0,A Song Just for You,1
100040074,1004,露出度高め！？,1,100002,100040074,2,3,4980,4180,3220,10004_0074_00,10004_0074_01,2,,,0,0,0,0,Increased Exposure?!,1
100080074,1008,ご飯ｄｅダイエット,1,100002,100080074,2,3,4950,3230,4170,10008_0074_00,10008_0074_01,2,,,0,0,0,0,Rice Diet,1
100030075,1003,みんなでって嬉しいな,3,300004,100030075,3,4,4070,5320,4500,10003_0075_00,10003_0075_01,3,,,0,0,0,0,Happier Together,1
100050074,1005,星空凛,1,100001,100050074,3,4,4880,3820,4150,10005_0074_00,10005_0074_01,3,,,0,0,0,0,Rin Hoshizora,1
100060075,1006,西木野真姫,3,300001,100060075,3,4,4100,4890,3870,10006_0075_00,10006_0075_01,3,,,0,0,0,0,Maki Nishikino,1
100080075,1008,小泉花陽,2,200001,100080075,3,4,3750,4210,4880,10008_0075_00,10008_0075_01,3,,,0,0,0,0,Hanayo Koizumi,1
140220004,5022,多々良るう,2,200001,140220004,1,2,900,790,2760,14022_0004_00,14022_0004_01,1,,,0,0,0,0,Ru Tatara,1
100070072,1007,正義の刃！,2,200002,100070072,2,3,3520,3900,4740,10007_0072_00,10007_0072_01,2,,,0,0,0,0,Blade of Justice!,1
140170004,5017,九条聖来,2,200001,140170004,1,2,730,650,2150,14017_0004_00,14017_0004_01,1,,,0,0,0,0,Seira Kujo,1
100060076,1006,踊り子のお酌,2,200002,100060076,2,3,3130,4280,4940,10006_0076_00,10006_0076_01,2,,,0,0,0,0,Dancing Geisha,1
100070073,1007,踊り子の占い師,1,100002,100070073,2,3,4890,3050,4350,10007_0073_00,10007_0073_01,2,,,0,0,0,0,Dancing Psychic,1
100090075,1009,向き不向きがあるの！,3,300002,100090075,2,3,4330,4980,3070,10009_0075_00,10009_0075_01,2,,,0,0,0,0,Different Skill Sets,1
100050075,1005,尊敬するにゃ！,2,200004,100050075,3,4,4660,3930,5300,10005_0075_00,10005_0075_01,3,,,0,0,0,0,Respect!,1
140060004,5006,西村文絵,3,300001,140060004,1,2,530,1670,750,14006_0004_00,14006_0004_01,1,,,0,0,0,0,Fumie Nishimura,1
100010080,1001,イチゴショートケーキ,1,100002,100010080,2,3,4690,4230,3240,10001_0080_00,10001_0080_01,2,,,0,0,0,0,Strawberry Shortcake,1
140240004,5024,吉川瑞希,1,100001,140240004,1,2,2870,1170,870,14024_0004_00,14024_0004_01,1,,,0,0,0,0,Mizuki Kikkawa,1
100020075,1002,さらなる高みに,2,200002,100020075,2,3,3210,4190,4950,10002_0075_00,10002_0075_01,2,,,0,0,0,0,To Greater Heights,1
100030076,1003,胸の高鳴り,1,100002,100030076,2,3,4880,3070,4340,10003_0076_00,10003_0076_01,2,,,0,0,0,0,Throbbing Heart,1
100040075,1004,投げキッス,2,200002,100040075,2,3,3350,4010,4930,10004_0075_00,10004_0075_01,2,,,0,0,0,0,Blowing Kisses,1
100080076,1008,練習の成果,3,300002,100080076,2,3,3320,4980,4080,10008_0076_00,10008_0076_01,2,,,0,0,0,0,Fruits of Labor,1
100070074,1007,ずっとこのまま……。,1,100004,100070074,3,4,5330,3910,4710,10007_0074_00,10007_0074_01,3,,,0,0,0,0,Just Like This...,1
100020076,1002,絢瀬絵里,3,300001,100020076,3,4,4780,4880,3180,10002_0076_00,10002_0076_01,3,,,0,0,0,0,Eli Ayase,1
100070075,1007,東條希,2,200001,100070075,3,4,3540,4430,4880,10007_0075_00,10007_0075_01,3,,,0,0,0,0,Nozomi Tojo,1
100090076,1009,矢澤にこ,1,100001,100090076,3,4,4890,3180,4790,10009_0076_00,10009_0076_01,3,,,0,0,0,0,Nico Yazawa,1
140200004,5020,田中さち子,3,300001,140200004,1,2,570,2380,790,14020_0004_00,14020_0004_01,1,,,0,0,0,0,Sachiko Tanaka,1
110010002,2001,カエルと歌おう,1,100002,110010002,2,3,4810,3950,3420,11001_0002_00,11001_0002_01,2,,,0,0,0,0,Singing with Frogs,1
110020002,2002,ひとつの音楽,3,300002,110020002,2,3,3900,4690,3570,11002_0002_00,11002_0002_01,2,,,0,0,0,0,A Kind of Music,1
140140004,5014,鳥居歩美,2,200001,140140004,1,2,690,530,2060,14014_0004_00,14014_0004_01,1,,,0,0,0,0,Ayumi Torii,1
100050076,1005,以前の写真を見て,1,100002,100050076,2,3,4940,3140,4270,10005_0076_00,10005_0076_01,2,,,0,0,0,0,Looking at Old Pics,1
100060077,1006,写真で見る成長,3,300002,100060077,2,3,4400,4920,2980,10006_0077_00,10006_0077_01,2,,,0,0,0,0,Progress Photo,1
100090077,1009,感謝してるの,2,200002,100090077,2,3,4220,3170,4890,10009_0077_00,10009_0077_01,2,,,0,0,0,0,I'm So Grateful,1
100010081,1001,成長できたかな？,3,300004,100010081,3,4,4540,5320,4090,10001_0081_00,10001_0081_01,3,,,0,0,0,0,Did I Improve?,1
140420004,5042,兵藤さゆり,3,300001,140420004,1,2,1000,2190,580,14042_0004_00,14042_0004_01,1,,,0,0,0,0,Sayuri Hyodo,1
100070076,1007,特別だよ？,3,300002,100070076,2,3,3990,4810,3380,10007_0076_00,10007_0076_01,2,,,0,0,0,0,It's Special!,1
100080077,1008,カタツムリ,1,100002,100080077,2,3,4730,3860,3570,10008_0077_00,10008_0077_01,2,,,0,0,0,0,Snail,1
140080004,5008,クリスティーナ,2,200001,140080004,1,2,530,700,1770,14008_0004_00,14008_0004_01,1,,,0,0,0,0,Christina,1
100010082,1001,小悪魔を目指して,1,100002,100010082,2,3,4950,4230,3170,10001_0082_00,10001_0082_01,2,,,0,0,0,0,Be a Little Devil,1
100060078,1006,気持ちがうれしい,2,200002,100060078,2,3,3130,4260,4910,10006_0078_00,10006_0078_01,2,,,0,0,0,0,I'm So Happy,1
100070077,1007,魂をいただいちゃう！,3,300002,100070077,2,3,3040,4890,4350,10007_0077_00,10007_0077_01,2,,,0,0,0,0,Gimmie Your Soul,1
100080078,1008,小悪魔なイメージで,1,100002,100080078,2,3,4980,3100,4300,10008_0078_00,10008_0078_01,2,,,0,0,0,0,Like a Little Devil,1
100090078,1009,小悪魔猛特訓！,3,300004,100090078,3,4,4530,5320,4060,10009_0078_00,10009_0078_01,3,,,0,0,0,0,Feisty Imp Training,1
110010003,2001,高海千歌,3,300001,110010003,1,2,2200,3940,1850,11001_0003_00,11001_0003_01,1,,,0,0,0,0,Chika Takami,1
110020003,2002,桜内梨子,3,300001,110020003,1,2,2300,3920,1760,11002_0003_00,11002_0003_01,1,,,0,0,0,0,Riko Sakurauchi,1
110030002,2003,松浦果南,3,300001,110030002,1,2,1810,4030,2160,11003_0002_00,11003_0002_01,1,,,0,0,0,0,Kanan Matsuura,1
110040002,2004,黒澤ダイヤ,3,300001,110040002,1,2,1770,3930,2280,11004_0002_00,11004_0002_01,1,,,0,0,0,0,Dia Kurosawa,1
110050002,2005,渡辺曜,3,300001,110050002,1,2,1800,4020,2180,11005_0002_00,11005_0002_01,1,,,0,0,0,0,You Watanabe,1
110060002,2006,津島善子,3,300001,110060002,1,2,1750,3910,2320,11006_0002_00,11006_0002_01,1,,,0,0,0,0,Yoshiko Tsushima,1
110070002,2007,国木田花丸,3,300001,110070002,1,2,2180,3950,1860,11007_0002_00,11007_0002_01,1,,,0,0,0,0,Hanamaru Kunikida,1
110080002,2008,小原鞠莉,3,300001,110080002,1,2,2150,3960,1880,11008_0002_00,11008_0002_01,1,,,0,0,0,0,Mari Ohara,1
110090002,2009,黒澤ルビィ,3,300001,110090002,1,2,1820,4040,2140,11009_0002_00,11009_0002_01,1,,,0,0,0,0,Ruby Kurosawa,1
110010004,2001,高海千歌,1,100001,110010004,1,2,3870,2320,1800,11001_0004_00,11001_0004_01,1,,,0,0,0,0,Chika Takami,1
110020004,2002,桜内梨子,1,100001,110020004,1,2,4020,2180,1800,11002_0004_00,11002_0004_01,1,,,0,0,0,0,Riko Sakurauchi,1
110030003,2003,松浦果南,1,100001,110030003,1,2,3960,1880,2150,11003_0003_00,11003_0003_01,1,,,0,0,0,0,Kanan Matsuura,1
110040003,2004,黒澤ダイヤ,1,100001,110040003,1,2,4030,2160,1810,11004_0003_00,11004_0003_01,1,,,0,0,0,0,Dia Kurosawa,1
110050003,2005,渡辺曜,1,100001,110050003,1,2,3950,1860,2180,11005_0003_00,11005_0003_01,1,,,0,0,0,0,You Watanabe,1
110060003,2006,津島善子,1,100001,110060003,1,2,4040,2140,1820,11006_0003_00,11006_0003_01,1,,,0,0,0,0,Yoshiko Tsushima,1
110070003,2007,国木田花丸,1,100001,110070003,1,2,3850,2330,1810,11007_0003_00,11007_0003_01,1,,,0,0,0,0,Hanamaru Kunikida,1
110080003,2008,小原鞠莉,1,100001,110080003,1,2,3860,1790,2340,11008_0003_00,11008_0003_01,1,,,0,0,0,0,Mari Ohara,1
110090003,2009,黒澤ルビィ,1,100001,110090003,1,2,3940,1850,2200,11009_0003_00,11009_0003_01,1,,,0,0,0,0,Ruby Kurosawa,1
110010005,2001,みかんパワー！,1,100002,110010005,2,3,4980,4230,3170,11001_0005_00,11001_0005_01,2,,,0,0,0,0,Mikan Orange Power!,1
110020005,2002,新しい自分へ,3,300002,110020005,2,3,3150,4940,4260,11002_0005_00,11002_0005_01,2,,,0,0,0,0,A New Me,1
110030004,2003,衣装合わせ,2,200002,110030004,2,3,4180,3230,4940,11003_0004_00,11003_0004_01,2,,,0,0,0,0,Fitting Outfits,1
110040004,2004,断固2cm！,3,300002,110040004,2,3,4200,4970,3210,11004_0004_00,11004_0004_01,2,,,0,0,0,0,At Least 2 cm!,1
110050004,2005,衣装作り,2,200002,110050004,2,3,3210,4180,4890,11005_0004_00,11005_0004_01,2,,,0,0,0,0,Making Clothes,1
110060004,2006,罪深き闇のドレス,3,300002,110060004,2,3,3200,4900,4190,11006_0004_00,11006_0004_01,2,,,0,0,0,0,Dark Sinful Dress,1
110070004,2007,本は財産,1,100002,110070004,2,3,4940,3190,4220,11007_0004_00,11007_0004_01,2,,,0,0,0,0,Books Are Treasures,1
110080004,2008,リゾートコーデ,1,100002,110080004,2,3,4900,3200,4200,11008_0004_00,11008_0004_01,2,,,0,0,0,0,Resort Coordination,1
110090004,2009,出来るもんっ,2,200002,110090004,2,3,3120,4280,4980,11009_0004_00,11009_0004_01,2,,,0,0,0,0,I Can Do It!,1
100010083,1001,伸びたラーメン,1,100002,100010083,2,3,5110,4290,3470,10001_0083_00,10001_0083_01,2,,,0,0,0,0,Stretchy Ramen,1
100020077,1002,頼りにしてるのよ？,3,300011,100020077,2,3,4280,5100,3480,10002_0077_00,10002_0077_01,2,,,0,0,0,0,I'm Counting on You,1
100030077,1003,限定さくらプリン☆,2,200009,100030077,2,3,3350,4430,5140,10003_0077_00,10003_0077_01,2,,,0,0,0,0,Cherry Pudding,1
100040076,1004,似たもの同士,3,300005,100040076,2,3,4490,5170,3290,10004_0076_00,10004_0076_01,2,,,0,0,0,0,Similar Tastes,1
100050077,1005,ラーメン大好き！,1,100010,100050077,2,3,5170,3380,4400,10005_0077_00,10005_0077_01,2,,,0,0,0,0,I Love Ramen!,1
100060079,1006,小さな違和感,3,300002,100060079,2,3,3370,5140,4410,10006_0079_00,10006_0079_01,2,,,0,0,0,0,A Little Unsettling,1
100070078,1007,新しいお店,2,200002,100070078,2,3,4380,3400,5170,10007_0078_00,10007_0078_01,2,,,0,0,0,0,A New Store,1
100080079,1008,白米への愛,2,200005,100080079,2,3,4260,3510,5080,10008_0079_00,10008_0079_01,2,,,0,0,0,0,I Love White Rice,1
100090079,1009,にこの魅力☆,1,100005,100090079,2,3,5140,4400,3380,10009_0079_00,10009_0079_01,2,,,0,0,0,0,Nico's Charms,1
110010006,2001,海に向かって宣言！,1,100012,110010006,2,3,5140,3490,4290,11001_0006_00,11001_0006_01,2,,,0,0,0,0,Shout at the Ocean,1
110020006,2002,かわいい天使,3,300002,110020006,2,3,4220,5090,3560,11002_0006_00,11002_0006_01,2,,,0,0,0,0,Cute Angel,1
110030005,2003,海のように,2,200013,110030005,2,3,3540,4230,5090,11003_0005_00,11003_0005_01,2,,,0,0,0,0,Like the Ocean,1
110040005,2004,想いをのせて,3,300006,110040005,2,3,4270,5140,3510,11004_0005_00,11004_0005_01,2,,,0,0,0,0,With This Feeling,1
110050005,2005,アイドルも水泳も,2,200006,110050005,2,3,3440,4340,5170,11005_0005_00,11005_0005_01,2,,,0,0,0,0,An Idol & a Swimmer,1
110060005,2006,闇の住人,3,300014,110060005,2,3,4300,5170,3480,11006_0005_00,11006_0005_01,2,,,0,0,0,0,Dark Dweller,1
110070005,2007,幸せのお届けずら,1,100006,110070005,2,3,5080,4190,3580,11007_0005_00,11007_0005_01,2,,,0,0,0,0,Messenger of Joy,1
110080005,2008,潮風クルーズ,1,100002,110080005,2,3,5170,4320,3460,11008_0005_00,11008_0005_01,2,,,0,0,0,0,Sea Breeze Cruise,1
110090005,2009,ドジしませんっ,2,200002,110090005,2,3,4310,3470,5140,11009_0005_00,11009_0005_01,2,,,0,0,0,0,I Won't Be Clumsy!,1
110010007,2001,お下がり卒業,1,100006,110010007,3,4,5340,4320,4240,11001_0007_00,11001_0007_01,3,,,0,0,0,0,No More Leftovers,1
110020007,2002,上手く言えないの,3,300006,110020007,3,4,4280,5350,4330,11002_0007_00,11002_0007_01,3,,,0,0,0,0,Hard to Say It,1
110050006,2005,たのもー！,2,200006,110050006,3,4,4470,4110,5330,11005_0006_00,11005_0006_01,3,,,0,0,0,0,Come On!,1
120030004,3003,桜坂しずく,1,100001,120030004,1,2,1550,690,510,12003_0004_00,12003_0004_01,1,,,0,0,0,0,Shizuku Osaka,1
110040006,2004,努力が大前提,3,300002,110040006,2,3,3510,4760,3890,11004_0006_00,11004_0006_01,2,,,0,0,0,0,Hard Work Is Key!,1
110090006,2009,目指せお姉ちゃん,2,200002,110090006,2,3,3940,3430,4810,11009_0006_00,11009_0006_01,2,,,0,0,0,0,Be Like Big Sis,1
140250004,5025,白木凪,2,200001,140250004,1,2,1010,760,3220,14025_0004_00,14025_0004_01,1,,,0,0,0,0,Nagi Shiraki,1
100020078,1002,小悪魔っぽい？,1,100002,100020078,2,3,4900,4330,3070,10002_0078_00,10002_0078_01,2,,,0,0,0,0,Little Devil-like?,1
100030078,1003,ちょっとした違い,3,300002,100030078,2,3,3120,4940,4290,10003_0078_00,10003_0078_01,2,,,0,0,0,0,A Little Difference,1
100050078,1005,凛のお願い！,2,200002,100050078,2,3,3890,3510,4980,10005_0078_00,10005_0078_01,2,,,0,0,0,0,Rin's Wish!,1
100040077,1004,小悪魔な台詞,2,200004,100040077,3,4,4120,4460,5330,10004_0077_00,10004_0077_01,3,,,0,0,0,0,Suggestive Phrase,1
140390004,5039,鬼崎アキラ,1,100001,140390004,1,2,1770,550,900,14039_0004_00,14039_0004_01,1,,,0,0,0,0,Akira Kizaki,1
100020079,1002,エリチカ妖狐,3,300002,100020079,2,3,3980,4810,3390,10002_0079_00,10002_0079_01,2,,,0,0,0,0,Fox Spirit Elichika,1
100030079,1003,μ's肝試し大会,1,100002,100030079,2,3,4750,3900,3510,10003_0079_00,10003_0079_01,2,,,0,0,0,0,μ's Scare Dare,1
120060004,3006,近江彼方,3,300001,120060004,1,2,700,2220,640,12006_0004_00,12006_0004_01,1,,,0,0,0,0,Kanata Konoe,1
110010008,2001,これって普段着？,3,300002,110010008,2,3,4290,4950,3130,11001_0008_00,11001_0008_01,2,,,0,0,0,0,Our Normal Clothes,1
110040007,2004,私たちの海,1,100002,110040007,2,3,4910,4270,3170,11004_0007_00,11004_0007_01,2,,,0,0,0,0,Our Sea,1
110080006,2008,体力勝負どんとこい,2,200002,110080006,2,3,4310,3100,4950,11008_0006_00,11008_0006_01,2,,,0,0,0,0,Test Your Stamina,1
110060006,2006,罪を背負いし者,2,200002,110060006,2,3,3610,4240,5100,11006_0006_00,11006_0006_01,2,,,0,0,0,0,Bearer of Sin,1
110070006,2007,失礼のないように,1,100006,110070006,3,4,5340,4090,4490,11007_0006_00,11007_0006_01,3,,,0,0,0,0,Do It Justice,1
140040004,5004,一之瀬マリカ,1,100001,140040004,1,2,1720,670,500,14004_0004_00,14004_0004_01,1,,,0,0,0,0,Marika Ichinose,1
110050007,2005,わくわくキャンプ,2,200002,110050007,2,3,3850,3580,4720,11005_0007_00,11005_0007_01,2,,,0,0,0,0,Camping Adventure,1
110070007,2007,マルの読み聞かせ,1,100002,110070007,2,3,4770,3900,3490,11007_0007_00,11007_0007_01,2,,,0,0,0,0,Maru's Storytime,1
100020080,1002,いいお天気だから,3,300002,100020080,2,3,4340,4970,3060,10002_0080_00,10002_0080_01,2,,,0,0,0,0,It's So Nice Out,1
100070079,1007,びっくりさせちゃお,2,200002,100070079,2,3,4190,3220,4920,10007_0079_00,10007_0079_01,2,,,0,0,0,0,We'll Surprise Them!,1
100010084,1001,２人でプール掃除,1,100003,100010084,3,4,5330,4470,4110,10001_0084_00,10001_0084_01,3,,,0,0,0,0,Pool Cleaning Duo,1
140190004,5019,下園咲,2,200001,140190004,1,2,630,690,2340,14019_0004_00,14019_0004_01,1,,,0,0,0,0,Saki Shimozono,1
110020008,2002,水着でステージ,1,100002,110020008,2,3,4960,4360,3050,11002_0008_00,11002_0008_01,2,,,0,0,0,0,Swimsuit Stage Show,1
110030006,2003,一肌脱ぎましょう♪,3,300002,110030006,2,3,3080,4900,4320,11003_0006_00,11003_0006_01,2,,,0,0,0,0,Time to Pitch In!,1
110050008,2005,海育ち♪,3,300012,110050008,2,3,3590,5100,4260,11005_0008_00,11005_0008_01,2,,,0,0,0,0,Raised by the Sea,1
110090007,2009,負けない！,2,200006,110090007,3,4,4480,4090,5320,11009_0007_00,11009_0007_01,3,,,0,0,0,0,I Won't Lose!,1
140360004,5036,福原命,1,100001,140360004,1,2,2330,670,1220,14036_0004_00,14036_0004_01,1,,,0,0,0,0,Mikoto Fukuhara,1
100040078,1004,懐かしのりんご飴,2,200002,100040078,2,3,3420,3950,4810,10004_0078_00,10004_0078_01,2,,,0,0,0,0,Nostalgic Candy Apple,1
100060080,1006,初めての屋台,3,300002,100060080,2,3,3910,4690,3560,10006_0080_00,10006_0080_01,2,,,0,0,0,0,First Festival Stand,1
100040079,1004,作業開始です！,1,100002,100040079,2,3,4910,4330,3080,10004_0079_00,10004_0079_01,2,,,0,0,0,0,Let's Get to Work!,1
100090080,1009,日焼けは大敵！,3,300002,100090080,2,3,4360,5170,3420,10009_0080_00,10009_0080_01,2,,,0,0,0,0,Mortal Enemy,1
100090081,1009,矢澤にこ,1,100001,100090081,1,2,3680,1750,2070,10009_0081_00,10009_0081_01,1,,,0,0,0,0,Nico Yazawa,1
140540004,5054,マリア,3,300001,140540004,1,2,440,2360,820,14054_0004_00,14054_0004_01,1,,,0,0,0,0,Maria,1
110010009,2001,くるくる風車♪,2,200002,110010009,2,3,4270,3110,4930,11001_0009_00,11001_0009_01,2,,,0,0,0,0,Spinning Pinwheels,1
110060007,2006,現世の者が多すぎて,1,100002,110060007,2,3,4970,4220,3190,11006_0007_00,11006_0007_01,2,,,0,0,0,0,Too Many Humans,1
110090008,2009,綺麗な女性に憧れて,3,300002,110090008,2,3,3100,4950,4300,11009_0008_00,11009_0008_01,2,,,0,0,0,0,Admirer of Grace,1
110040008,2004,愛しのルビィ,2,200006,110040008,2,3,3580,4180,5090,11004_0008_00,11004_0008_01,2,,,0,0,0,0,Dearest Ruby,1
110080007,2008,バーニングシャイニー,1,100006,110080007,3,4,5340,4120,4450,11008_0007_00,11008_0007_01,3,,,0,0,0,0,Burning Shiny,1
140050004,5005,結城紗菜,2,200001,140050004,1,2,710,550,1690,14005_0004_00,14005_0004_01,1,,,0,0,0,0,Sana Yuki,1
110030007,2003,海と仲良し,2,200002,110030007,2,3,3570,3910,4680,11003_0007_00,11003_0007_01,2,,,0,0,0,0,Appreciate the Sea,1
110080008,2008,もっと甘えて,1,100002,110080008,2,3,4810,3960,3410,11008_0008_00,11008_0008_01,2,,,0,0,0,0,Let Me Share the Load,1
100050079,1005,デッキブラシ競争,1,100002,100050079,2,3,4910,4310,3080,10005_0079_00,10005_0079_01,2,,,0,0,0,0,Deck Brush Race,1
100030080,1003,プールで２人きり,2,200003,100030080,3,4,4120,4420,5370,10003_0080_00,10003_0080_01,3,,,0,0,0,0,Poolside Together,1
140320004,5032,門田剣,3,300001,140320004,1,2,680,2190,900,14032_0004_00,14032_0004_01,1,,,0,0,0,0,Tsurugi Kadota,1
110050009,2005,叩け！　和太鼓名人,3,300002,110050009,2,3,4350,4980,3050,11005_0009_00,11005_0009_01,2,,,0,0,0,0,Bang the Taiko Drum!,1
110070008,2007,青いりんご飴,3,300002,110070008,2,3,4250,4920,3820,11007_0008_00,11007_0008_01,2,,,0,0,0,0,Blue Candy Apple,1
110020009,2002,大切な想い,1,100014,110020009,2,3,5140,4410,3400,11002_0009_00,11002_0009_01,2,,,0,0,0,0,Treasured Memory,1
110030008,2003,そばにいるよ,2,200006,110030008,3,4,4440,4090,5380,11003_0008_00,11003_0008_01,3,,,0,0,0,0,Right by Your Side,1
140380004,5038,志賀仁美,3,300001,140380004,1,2,540,2260,760,14038_0004_00,14038_0004_01,1,,,0,0,0,0,Hitomi Shiga,1
100010085,1001,ほんの少しの違い,1,100002,100010085,2,3,4760,3570,3830,10001_0085_00,10001_0085_01,2,,,0,0,0,0,Slight Difference,1
100090082,1009,悪代官！？,2,200002,100090082,2,3,3420,3940,4820,10009_0082_00,10009_0082_01,2,,,0,0,0,0,Supervillain?!,1
100080080,1008,制服で大丈夫！,3,300002,100080080,2,3,3150,4950,4270,10008_0080_00,10008_0080_01,2,,,0,0,0,0,PE Kit is Fine!,1
100060081,1006,暑い日に２人で,2,200011,100060081,2,3,3520,4240,5100,10006_0081_00,10006_0081_01,2,,,0,0,0,0,Us Two On a Hot Day,1
140430004,5043,蘭花,2,200001,140430004,1,2,450,920,1980,14043_0004_00,14043_0004_01,1,,,0,0,0,0,Ranpha,1
110020010,2002,黒に満ちた翼,2,200002,110020010,2,3,3230,4170,4880,11002_0010_00,11002_0010_01,2,,,0,0,0,0,Wings of Black,1
110030009,2003,恐怖のハグ,1,100002,110030009,2,3,4970,3050,4360,11003_0009_00,11003_0009_01,2,,,0,0,0,0,Horrifying Hug,1
110080009,2008,堕天ハロウィンナイト,2,200002,110080009,2,3,4290,3130,4950,11008_0009_00,11008_0009_01,2,,,0,0,0,0,Fallen Halloween,1
110090009,2009,平和なお祭り,1,100012,110090009,2,3,5090,3590,4170,11009_0009_00,11009_0009_01,2,,,0,0,0,0,Peaceful Festival,1
110060008,2006,下界の儀式,3,300006,110060008,3,4,4210,5330,4370,11006_0008_00,11006_0008_01,3,,,0,0,0,0,Underworld Ritual,1
140310004,5031,設楽ふみ,2,200001,140310004,1,2,1060,630,2530,14031_0004_00,14031_0004_01,1,,,0,0,0,0,Fumi Shitara,1
110060009,2006,宴をはじめるわ！,3,300002,110060009,2,3,4000,4820,3360,11006_0009_00,11006_0009_01,2,,,0,0,0,0,Let It Begin!,1
110090010,2009,小動物系堕天使,1,100002,110090010,2,3,4680,3550,3930,11009_0010_00,11009_0010_01,2,,,0,0,0,0,Cuddly Fallen Angel,1
140760001,5076,しいたけ,2,200001,140760001,1,2,1,1,1,14076_0001_00,14076_0001_01,1,,,0,0,0,0,Shiitake,1
100040080,1004,12の貴石,2,200002,100040080,2,3,3090,4310,4980,10004_0080_00,10004_0080_01,2,,,0,0,0,0,Precious Stones,1
100090083,1009,ルビー色の輝き☆,1,100002,100090083,2,3,4920,3100,4280,10009_0083_00,10009_0083_01,2,,,0,0,0,0,A Sparkling Ruby,1
100020081,1002,すべてを満たす,3,300011,100020081,3,4,4140,5330,4440,10002_0081_00,10002_0081_01,3,,,0,0,0,0,A Sympathetic Heart,1
140300004,5030,黒崎隼,1,100001,140300004,1,2,2320,680,770,14030_0004_00,14030_0004_01,1,,,0,0,0,0,Shun Kurosaki,1
110050010,2005,二人の全速前進,1,100002,110050010,2,3,4950,3190,4230,11005_0010_00,11005_0010_01,2,,,0,0,0,0,Full Speed Ahead,1
110070009,2007,おばけのお祭り,2,200002,110070009,2,3,3910,3500,4970,11007_0009_00,11007_0009_01,2,,,0,0,0,0,Monster Party,1
110010010,2001,本物来ちゃった！？,3,300006,110010010,2,3,4260,5090,3510,11001_0010_00,11001_0010_01,2,,,0,0,0,0,The Real Deal!?,1
110040009,2004,はろうぃんぱーてぃ,3,300006,110040009,3,4,3880,5320,4690,11004_0009_00,11004_0009_01,3,,,0,0,0,0,Halloween Party,1
140410004,5041,月島結架,1,100001,140410004,1,2,1820,550,760,14041_0004_00,14041_0004_01,1,,,0,0,0,0,Yuka Tsukishima,1
100050080,1005,かっこいいライブ,2,200002,100050080,2,3,3840,3580,4760,10005_0080_00,10005_0080_01,2,,,0,0,0,0,A Cool Live Show,1
100070080,1007,着てみたい衣装,1,100002,100070080,2,3,4820,3950,3410,10007_0080_00,10007_0080_01,2,,,0,0,0,0,I Gotta Try That On,1
100050081,1005,誕生石は特別☆,3,300002,100050081,2,3,3140,4940,4290,10005_0081_00,10005_0081_01,2,,,0,0,0,0,Beautiful Birthstones,1
100080081,1008,いつもと違う衣装,1,100002,100080081,2,3,5100,3510,4250,10008_0081_00,10008_0081_01,2,,,0,0,0,0,A Different Design,1
140440004,5044,ラクシャータ,2,200001,140440004,1,2,800,500,2320,14044_0004_00,14044_0004_01,1,,,0,0,0,0,Rakshata,1
110030010,2003,何度でも頑張ろう♪,3,300002,110030010,2,3,3060,4900,4330,11003_0010_00,11003_0010_01,2,,,0,0,0,0,Always Do Our Best,1
110060010,2006,極上堕天使の応援,2,200002,110060010,2,3,3210,4200,4960,11006_0010_00,11006_0010_01,2,,,0,0,0,0,Fallen Angel's Help,1
110090011,2009,目指せチアガールさん,1,100002,110090011,2,3,4980,3080,4320,11009_0011_00,11009_0011_01,2,,,0,0,0,0,Cheerleader Challenge,1
110070010,2007,せーのでレッツゴー♪,3,300013,110070010,2,3,4150,5090,3610,11007_0010_00,11007_0010_01,2,,,0,0,0,0,"1, 2, 3...Let's Go!",1
110020011,2002,私の声、聞こえますか,1,100014,110020011,3,4,5320,4490,4100,11002_0011_00,11002_0011_01,3,,,0,0,0,0,Can You Hear Me?,1
140070004,5007,永山みなみ,1,100001,140070004,1,2,1700,670,580,14007_0004_00,14007_0004_01,1,,,0,0,0,0,Minami Nagayama,1
110010011,2001,自分のことは自分でっ,2,200002,110010011,2,3,3950,3410,4820,11001_0011_00,11001_0011_01,2,,,0,0,0,0,Do Your Job!,1
110050011,2005,手伝いならまかせて！,3,300002,110050011,2,3,3360,4770,4030,11005_0011_00,11005_0011_01,2,,,0,0,0,0,Happy Helping Hand,1
100030081,1003,思い切ったデザイン,1,100002,100030081,2,3,4980,3120,4280,10003_0081_00,10003_0081_01,2,,,0,0,0,0,Dramatic Design,1
100070081,1007,信じる心,2,200003,100070081,3,4,4720,3860,5310,10007_0081_00,10007_0081_01,3,,,0,0,0,0,Faithful Heart,1
140770001,5077,鹿角理亞,3,300001,140770001,1,2,1990,3630,1880,14077_0001_00,14077_0001_01,1,,,0,0,0,0,Leah Kazuno,1
140810001,5081,佐藤洋子,1,100001,140810001,2,3,1,1,1,14081_0001_00,14081_0001_01,2,,,0,0,0,0,Yoko Sato,1
140030004,5003,逢沢遊宇,3,300001,140030004,1,2,530,1640,630,14003_0004_00,14003_0004_01,1,,,0,0,0,0,Yuu Aizawa,1
110040010,2004,Aqoursと申しますわ！,2,200002,110040010,2,3,3190,4220,4970,11004_0010_00,11004_0010_01,2,,,0,0,0,0,We Are Aqours!,1
110050012,2005,近くで寄り添って,1,100002,110050012,2,3,4870,3070,4340,11005_0012_00,11005_0012_01,2,,,0,0,0,0,Come Closer,1
110080010,2008,全員ヴィクトリィ！,2,200002,110080010,2,3,4090,3670,5090,11008_0010_00,11008_0010_01,2,,,0,0,0,0,Team Victory!,1
110010012,2001,頑張る姿、見てるよ♪,3,300012,110010012,3,4,4460,5330,4120,11001_0012_00,11001_0012_01,3,,,0,0,0,0,Cheering For You!,1
100090084,1009,食い倒れツアー！？,1,100001,100090084,3,4,4890,4140,3810,10009_0084_00,10009_0084_01,3,,,0,0,0,0,Gluttony Tour?!,1
140780001,5078,鹿角聖良,3,300001,140780001,1,2,1860,3650,1990,14078_0001_00,14078_0001_01,1,,,0,0,0,0,Sarah Kazuno,1
140520004,5052,高天原睦月,2,200001,140520004,1,2,420,900,2200,14052_0004_00,14052_0004_01,1,,,0,0,0,0,Mutsuki Takamagahara,1
100030082,1003,衣装の修理,2,200002,100030082,2,3,3950,3410,4820,10003_0082_00,10003_0082_01,2,,,0,0,0,0,Costume Repair,1
100060082,1006,ドキドキしちゃう,1,100002,100060082,2,3,4760,3860,3560,10006_0082_00,10006_0082_01,2,,,0,0,0,0,An Exciting Thought,1
100060083,1006,ダイヤモンド,2,200002,100060083,2,3,3180,4230,4960,10006_0083_00,10006_0083_01,2,,,0,0,0,0,Diamond,1
100010086,1001,サプライズプレゼント,3,300002,100010086,2,3,3510,5100,4250,10001_0086_00,10001_0086_01,2,,,0,0,0,0,A Surprise Present,1
120080004,3008,エマ・ヴェルデ,1,100001,120080004,1,2,2430,970,720,12008_0004_00,12008_0004_01,1,,,0,0,0,0,Emma Verde,1
110010013,2001,夢と希望を,1,100002,110010013,2,3,4890,3050,4310,11001_0013_00,11001_0013_01,2,,,0,0,0,0,Hopes and Dreams,1
110020012,2002,手作りケーキ♪,2,200002,110020012,2,3,3240,4160,4970,11002_0012_00,11002_0012_01,2,,,0,0,0,0,Homemade Cake,1
110080011,2008,ヒミツの夜,3,300002,110080011,2,3,4120,4980,3280,11008_0011_00,11008_0011_01,2,,,0,0,0,0,Secret Night,1
110030011,2003,特別な時間,1,100013,110030011,2,3,5120,3410,4420,11003_0011_00,11003_0011_01,2,,,0,0,0,0,Special Time,1
110050013,2005,楽しいを発信しよう♪,3,300003,110050013,3,4,4190,5330,4430,11005_0013_00,11005_0013_01,3,,,0,0,0,0,Let's Bring Some Joy!,1
140090004,5009,菊池朱美,3,300001,140090004,1,2,460,1840,760,14009_0004_00,14009_0004_01,1,,,0,0,0,0,Akemi Kikuchi,1
110020013,2002,舞う姿に憧れて,1,100002,110020013,2,3,4820,3930,3410,11002_0013_00,11002_0013_01,2,,,0,0,0,0,I Adore the Dance,1
110040011,2004,氷上のプリンセス,2,200002,110040011,2,3,3260,4130,4770,11004_0011_00,11004_0011_01,2,,,0,0,0,0,Ice Princess,1
140790001,5079,うちっちー,3,300001,140790001,1,2,1,1,1,14079_0001_00,14079_0001_01,1,,,0,0,0,0,Uchicchi,1
100020082,1002,たぬきのぬいぐるみ,1,100002,100020082,2,3,4910,4290,3090,10002_0082_00,10002_0082_01,2,,,0,0,0,0,Tanuki Plushie,1
100070082,1007,みんなの衣装,2,200002,100070082,2,3,3170,4230,4980,10007_0082_00,10007_0082_01,2,,,0,0,0,0,Everyone's Costumes,1
100060084,1006,うさぎはね,3,300003,100060084,3,4,4720,5310,3860,10006_0084_00,10006_0084_01,3,,,0,0,0,0,All About Rabbits,1
140150004,5015,神谷理華,3,300001,140150004,1,2,500,2120,780,14015_0004_00,14015_0004_01,1,,,0,0,0,0,Rika Kamiya,1
110040012,2004,一足お先に♪,3,300002,110040012,2,3,3100,4910,4290,11004_0012_00,11004_0012_01,2,,,0,0,0,0,One Step Ahead,1
110090012,2009,二人でお揃いの,2,200002,110090012,2,3,4260,3140,4970,11009_0012_00,11009_0012_01,2,,,0,0,0,0,Matching Pair,1
110060011,2006,聖夜に降臨せし堕天使,1,100002,110060011,2,3,5090,4170,3590,11006_0011_00,11006_0011_01,2,,,0,0,0,0,Xmas Fallen Angel,1
110070011,2007,ブーケに想いを込めて,2,200013,110070011,3,4,4560,4020,5320,11007_0011_00,11007_0011_01,3,,,0,0,0,0,Bouquet of Feelings,1
140350004,5035,斉木風,1,100001,140350004,1,2,2580,980,660,14035_0004_00,14035_0004_01,1,,,0,0,0,0,Fuu Saiki,1
100010087,1001,サプライズで☆,2,200002,100010087,2,3,3970,3380,4810,10001_0087_00,10001_0087_01,2,,,0,0,0,0,Make It a Surprise!,1
100040081,1004,クリスマスツリー,3,300002,100040081,2,3,3500,4770,3910,10004_0081_00,10004_0081_01,2,,,0,0,0,0,Christmas Tree,1
110050014,2005,スノーステージ,2,200001,110050014,3,4,4130,3830,4890,11005_0014_00,11005_0014_01,3,,,0,0,0,0,Snow Stage,1
140800001,5080,千歌の母,1,100001,140800001,3,4,1,1,1,14080_0001_00,14080_0001_01,3,,,0,0,0,0,Chika's mother,1
100090085,1009,たぬきじゃない！,3,300002,100090085,2,3,4260,4960,3150,10009_0085_00,10009_0085_01,2,,,0,0,0,0,I'm Not a Tanuki!,1
100040082,1004,可愛いの基準,2,200002,100040082,2,3,3620,4240,5090,10004_0082_00,10004_0082_01,2,,,0,0,0,0,Cuteness in Question,1
140370004,5037,坂巻千鶴子,2,200001,140370004,1,2,470,850,2200,14037_0004_00,14037_0004_01,1,,,0,0,0,0,Chiduko Sakamaki,1
110010014,2001,高海千歌,2,200001,110010014,1,2,2140,1820,4040,11001_0014_00,11001_0014_01,1,,,0,0,0,0,Chika Takami,1
110020014,2002,桜内梨子,2,200001,110020014,1,2,1850,2200,3940,11002_0014_00,11002_0014_01,1,,,0,0,0,0,Riko Sakurauchi,1
110030012,2003,松浦果南,2,200001,110030012,1,2,1780,2310,3890,11003_0012_00,11003_0012_01,1,,,0,0,0,0,Kanan Matsuura,1
110040013,2004,黒澤ダイヤ,2,200001,110040013,1,2,1860,2180,3950,11004_0013_00,11004_0013_01,1,,,0,0,0,0,Dia Kurosawa,1
110050015,2005,渡辺曜,2,200001,110050015,1,2,1770,2330,3880,11005_0015_00,11005_0015_01,1,,,0,0,0,0,You Watanabe,1
110060012,2006,津島善子,2,200001,110060012,1,2,1880,2150,3960,11006_0012_00,11006_0012_01,1,,,0,0,0,0,Yoshiko Tsushima,1
110070012,2007,国木田花丸,2,200001,110070012,1,2,2180,1800,4020,11007_0012_00,11007_0012_01,1,,,0,0,0,0,Hanamaru Kunikida,1
110080012,2008,小原鞠莉,2,200001,110080012,1,2,2160,1810,4030,11008_0012_00,11008_0012_01,1,,,0,0,0,0,Mari Ohara,1
110090013,2009,黒澤ルビィ,2,200001,110090013,1,2,1790,2290,3900,11009_0013_00,11009_0013_01,1,,,0,0,0,0,Ruby Kurosawa,1
110010015,2001,いざ、おみくじ！,3,300002,110010015,2,3,4320,4980,3080,11001_0015_00,11001_0015_01,2,,,0,0,0,0,Draw Your Fortune!,1
110050016,2005,目移りしちゃう！,2,200002,110050016,2,3,4280,3110,4910,11005_0016_00,11005_0016_01,2,,,0,0,0,0,Ideas for Outfits,1
110070013,2007,自慢のお雑煮,1,100002,110070013,2,3,4950,4230,3190,11007_0013_00,11007_0013_01,2,,,0,0,0,0,My Famous Soup,1
110080013,2008,シンケンショーブ！,3,300014,110080013,2,3,4240,5100,3520,11008_0013_00,11008_0013_01,2,,,0,0,0,0,Serious Prayer,1
110040014,2004,ハートキャッチ♪,2,200003,110040014,3,4,4130,4440,5370,11004_0014_00,11004_0014_01,3,,,0,0,0,0,Capture Your Heart,1
140230004,5023,篠宮あきる,3,300001,140230004,1,2,680,2800,1050,14023_0004_00,14023_0004_01,1,,,0,0,0,0,Akiru Shinomiya,1
110060013,2006,スリーステップ,1,100002,110060013,2,3,4820,3420,3930,11006_0013_00,11006_0013_01,2,,,0,0,0,0,Three Steps,1
110080014,2008,つまみ食いストップ,3,300002,110080014,2,3,3560,4760,3860,11008_0014_00,11008_0014_01,2,,,0,0,0,0,Stop Snacking,1
100080082,1008,イメージの動物,2,200002,100080082,2,3,3220,4180,4880,10008_0082_00,10008_0082_01,2,,,0,0,0,0,Befitting Animal,1
100050082,1005,ねずみ担当だから,1,100003,100050082,3,4,5370,4670,3910,10005_0082_00,10005_0082_01,3,,,0,0,0,0,Master Mouse,1
140180004,5018,近江遥,1,100001,140180004,1,2,2300,870,480,14018_0004_00,14018_0004_01,1,,,0,0,0,0,Haruka Konoe,1
110030013,2003,二人でお参り,1,100002,110030013,2,3,4910,3170,4270,11003_0013_00,11003_0013_01,2,,,0,0,0,0,A Visit Together,1
110060014,2006,さよなら不幸,3,300002,110060014,2,3,4250,4960,3150,11006_0014_00,11006_0014_01,2,,,0,0,0,0,"Farewell, Bad Luck",1
110020015,2002,神様にご報告,2,200002,110020015,2,3,3420,4360,5170,11002_0015_00,11002_0015_01,2,,,0,0,0,0,Reporting to God,1
110090014,2009,神様、お願い♪,1,100012,110090014,3,4,5330,4270,4310,11009_0014_00,11009_0014_01,3,,,0,0,0,0,Dear God,1
140340004,5034,桐原優香,2,200001,140340004,1,2,850,510,1960,14034_0004_00,14034_0004_01,1,,,0,0,0,0,Yuuka Kirihara,1
100020083,1002,絵里の特製☆お節,2,200002,100020083,2,3,4120,3270,4770,10002_0083_00,10002_0083_01,2,,,0,0,0,0,Eli's Special Osechi,1
100080083,1008,μ's新年会,3,300002,100080083,2,3,4030,4820,3330,10008_0083_00,10008_0083_01,2,,,0,0,0,0,μ's New Year's Party,1
100010088,1001,ブタのぬいぐるみ,3,300002,100010088,2,3,4240,4970,3160,10001_0088_00,10001_0088_01,2,,,0,0,0,0,Piggie Plushie,1
100030083,1003,想像上の鳥さん,1,100009,100030083,2,3,5090,3580,4180,10003_0083_00,10003_0083_01,2,,,0,0,0,0,Imaginary Birdy,1
140550004,5055,レオ,1,100001,140550004,1,2,2450,740,980,14055_0004_00,14055_0004_01,1,,,0,0,0,0,Leo,1
110020016,2002,心を撃ち抜いて,3,300002,110020016,2,3,4250,4910,3830,11002_0016_00,11002_0016_01,2,,,0,0,0,0,Pierce Your Heart,1
110030014,2003,ハートをお届け,2,200002,110030014,2,3,3120,4270,4910,11003_0014_00,11003_0014_01,2,,,0,0,0,0,Take My Heart,1
110040015,2004,大人のチョコレート,1,100002,110040015,2,3,4960,4240,3170,11004_0015_00,11004_0015_01,2,,,0,0,0,0,Mature Chocolate,1
110010016,2001,あなたのメイド,2,200012,110010016,2,3,4360,3410,5180,11001_0016_00,11001_0016_01,2,,,0,0,0,0,I'll Be Your Maid,1
110060015,2006,罪のくちづけ,1,100003,110060015,3,4,5360,4660,3920,11006_0015_00,11006_0015_01,3,,,0,0,0,0,Sinful Smooch,1
140260004,5026,藤城悠弓,3,300001,140260004,1,2,930,2950,1100,14026_0004_00,14026_0004_01,1,,,0,0,0,0,Yumi Fujishiro,1
110030015,2003,雪球一球入魂,3,300002,110030015,2,3,4040,4810,3330,11003_0015_00,11003_0015_01,2,,,0,0,0,0,Snowball with Heart,1
110070014,2007,夢の四段雪だるま,2,200002,110070014,2,3,3240,4240,4680,11007_0014_00,11007_0014_01,2,,,0,0,0,0,Four-Tiered Snowman,1
100030084,1003,μ'sの雲,2,200002,100030084,2,3,4250,3110,4930,10003_0084_00,10003_0084_01,2,,,0,0,0,0,μ's in the Clouds,1
100080084,1008,お散歩デート,1,100002,100080084,2,3,4890,3050,4350,10008_0084_00,10008_0084_01,2,,,0,0,0,0,Walking Date,1
100040083,1004,春の和菓子,3,300003,100040083,3,4,4430,5320,4160,10004_0083_00,10004_0083_01,3,,,0,0,0,0,Spring Sweets,1
140210004,5021,支倉かさね,1,100001,140210004,1,2,2710,1050,690,14021_0004_00,14021_0004_01,1,,,0,0,0,0,Kasane Hasekura,1
110070015,2007,みんなマルのお姉さん,3,300002,110070015,2,3,4140,4980,3260,11007_0015_00,11007_0015_01,2,,,0,0,0,0,Hanamaru's Sisters,1
110090015,2009,食べてくださいませ♪,3,300002,110090015,2,3,3110,4920,4270,11009_0015_00,11009_0015_01,2,,,0,0,0,0,"Eat, and Enjoy!",1
110050017,2005,夢のバレンタイン,1,100002,110050017,2,3,5090,3520,4250,11005_0017_00,11005_0017_01,2,,,0,0,0,0,Dream Valentine,1
110080015,2008,あなただけに,2,200014,110080015,3,4,4450,4120,5340,11008_0015_00,11008_0015_01,3,,,0,0,0,0,Only for You,1
140460004,5046,綾小路姫乃,1,100001,140460004,1,2,2210,990,570,14046_0004_00,14046_0004_01,1,,,0,0,0,0,Himeno Ayanokoji,1
100050083,1005,キュートな鬼さん,3,300002,100050083,2,3,3350,4790,4040,10005_0083_00,10005_0083_01,2,,,0,0,0,0,Cute Little Demon,1
100090086,1009,鬼役に決定にこ,1,100002,100090086,2,3,4770,3260,4130,10009_0086_00,10009_0086_01,2,,,0,0,0,0,Nico the Demon,1
100070083,1007,ぽかぽか陽気,3,300002,100070083,2,3,3060,4910,4330,10007_0083_00,10007_0083_01,2,,,0,0,0,0,Warm Sunshine,1
100020084,1002,春のデート服,2,200002,100020084,2,3,3390,4430,5130,10002_0084_00,10002_0084_01,2,,,0,0,0,0,Spring Date Outfit,1
140760002,5076,しいたけ,1,100001,140760002,2,3,1,1,1,14076_0002_00,14076_0002_01,2,,,0,0,0,0,Shiitake,1
140530004,5053,ジェニファー,1,100001,140530004,1,2,2500,650,970,14053_0004_00,14053_0004_01,1,,,0,0,0,0,Jennifer,1
110010017,2001,ブラッシングタイム！,2,200002,110010017,2,3,4250,3140,4910,11001_0017_00,11001_0017_01,2,,,0,0,0,0,Brushing Time!,1
110050018,2005,犯人は、お前だ！,3,300002,110050018,2,3,3070,4980,4330,11005_0018_00,11005_0018_01,2,,,0,0,0,0,It's Elementary,1
110080016,2008,愛の調剤,1,100002,110080016,2,3,4980,4180,3210,11008_0016_00,11008_0016_01,2,,,0,0,0,0,Love Prescription,1
110070016,2007,一筆入魂！,2,200006,110070016,2,3,4080,3650,5100,11007_0016_00,11007_0016_01,2,,,0,0,0,0,Writing with Heart,1
110030016,2003,わんわん巡回,3,300013,110030016,3,4,4100,5360,4460,11003_0016_00,11003_0016_01,3,,,0,0,0,0,Officer on Duty,1
140480004,5048,黒羽咲夜,2,200001,140480004,1,2,540,950,2280,14048_0004_00,14048_0004_01,1,,,0,0,0,0,Sakuya Kurobane,1
110020017,2002,White Sugar,2,200002,110020017,2,3,3950,3430,4800,11002_0017_00,11002_0017_01,2,,,0,0,0,0,White Sugar,1
110090016,2009,大好き詰め合わせ,3,300002,110090016,2,3,4090,4760,3330,11009_0016_00,11009_0016_01,2,,,0,0,0,0,Packed Full of Love,1
100010089,1001,今年最後のいちご大福,2,200002,100010089,2,3,4310,3070,4930,10001_0089_00,10001_0089_01,2,,,0,0,0,0,Strawberry Daifuku,1
100090087,1009,どんな花でも,1,100003,100090087,3,4,5350,4630,3970,10009_0087_00,10009_0087_01,3,,,0,0,0,0,Any Flower Would Do,1
140560004,5056,早乙女紫,2,200001,140560004,1,2,500,870,2400,14056_0004_00,14056_0004_01,1,,,0,0,0,0,Yukari Saotome,1
110020018,2002,お注射の時間,1,100002,110020018,2,3,4970,4200,3210,11002_0018_00,11002_0018_01,2,,,0,0,0,0,Time for Your Shot!,1
110060016,2006,暗黒魔術,2,200002,110060016,2,3,3070,4290,4930,11006_0016_00,11006_0016_01,2,,,0,0,0,0,Black Magic Woman,1
110090017,2009,泡立つクリーム,3,300002,110090017,2,3,3590,5090,4270,11009_0017_00,11009_0017_01,2,,,0,0,0,0,Whipped Cream,1
110040016,2004,巫女舞ステップ,1,100003,110040016,3,4,5320,4320,4270,11004_0016_00,11004_0016_01,3,,,0,0,0,0,Shrine Maiden Steps,1
140490005,5049,白瀬小雪,1,100001,140490005,1,2,2300,740,520,14049_0005_00,14049_0005_01,1,,,0,0,0,0,Koyuki Shirase,1
100060085,1006,お雛様☆真姫,2,200002,100060085,2,3,3900,3470,4810,10006_0085_00,10006_0085_01,2,,,0,0,0,0,Hina Doll Maki,1
100080085,1008,μ'sみんなの顔を,1,100002,100080085,2,3,4680,3970,3510,10008_0085_00,10008_0085_01,2,,,0,0,0,0,The Faces of μ's,1
100060086,1006,菜の花畑で,1,100002,100060086,2,3,4980,3970,3430,10006_0086_00,10006_0086_01,2,,,0,0,0,0,Field of Blossoms,1
100050084,1005,緊張するにゃ〜,3,300002,100050084,2,3,4220,5090,3540,10005_0084_00,10005_0084_01,2,,,0,0,0,0,I'm Nervous!,1
140060005,5006,西村文絵,1,100001,140060005,1,2,1710,530,750,14006_0005_00,14006_0005_01,1,,,0,0,0,0,Fumie Nishimura,1
110010018,2001,コアラの眠り,1,100002,110010018,2,3,4970,4150,3250,11001_0018_00,11001_0018_01,2,,,0,0,0,0,Koala Nap,1
110080017,2008,熱いパッション,3,300002,110080017,2,3,4220,4890,3170,11008_0017_00,11008_0017_01,2,,,0,0,0,0,Burning Passion,1
110090018,2009,ルビィの勇気,2,200002,110090018,2,3,3140,4260,4980,11009_0018_00,11009_0018_01,2,,,0,0,0,0,Ruby's Courage,1
110030017,2003,ふわふわパンダ,3,300002,110030017,2,3,3380,5180,4390,11003_0017_00,11003_0017_01,2,,,0,0,0,0,Fluffy Panda,1
110060017,2006,たゆたうクラゲ,2,200003,110060017,3,4,4040,4540,5310,11006_0017_00,11006_0017_01,3,,,0,0,0,0,Floating Jellyfish,1
140820001,5082,わたあめ,1,100001,140820001,1,2,1,1,1,14082_0001_00,14082_0001_01,1,,,0,0,0,0,Wataame,1
140210005,5021,支倉かさね,2,200001,140210005,1,2,690,1050,2750,14021_0005_00,14021_0005_01,1,,,0,0,0,0,Kasane Hasekura,1
110040017,2004,ポーカー･フェイス,1,100002,110040017,2,3,4810,3390,3980,11004_0017_00,11004_0017_01,2,,,0,0,0,0,My Poker Face,1
110080018,2008,ストレートフラッシュ,2,200002,110080018,2,3,3340,4050,4770,11008_0018_00,11008_0018_01,2,,,0,0,0,0,Straight Flush,1
100040084,1004,一緒に練習！,1,100002,100040084,2,3,4980,4210,3190,10004_0084_00,10004_0084_01,2,,,0,0,0,0,Practicing Together!,1
100060087,1006,テニス経験者,3,300002,100060087,2,3,3220,4980,4170,10006_0087_00,10006_0087_01,2,,,0,0,0,0,Tennis Pro,1
100080086,1008,疲れたあとには,2,200003,100080086,3,4,4030,4540,5330,10008_0086_00,10008_0086_01,3,,,0,0,0,0,When You're Tired...,1
140200005,5020,田中さち子,2,200001,140200005,1,2,790,570,2420,14020_0005_00,14020_0005_01,1,,,0,0,0,0,Sachiko Tanaka,1
110020019,2002,ショーの相棒,2,200002,110020019,2,3,3070,4330,4880,11002_0019_00,11002_0019_01,2,,,0,0,0,0,Live Show Pals,1
110050019,2005,気付ける力,1,100002,110050019,2,3,4970,3100,4300,11005_0019_00,11005_0019_01,2,,,0,0,0,0,Power of Perception,1
110040018,2004,スネークを選んだ理由,1,100002,110040018,2,3,5180,4340,3430,11004_0018_00,11004_0018_01,2,,,0,0,0,0,Why I Chose Snakes,1
110070017,2007,ヒツジさん集め,3,300003,110070017,3,4,4500,5350,4100,11007_0017_00,11007_0017_01,3,,,0,0,0,0,Sheep Catching,1
140360005,5036,福原命,2,200001,140360005,1,2,670,1220,2370,14036_0005_00,14036_0005_01,1,,,0,0,0,0,Mikoto Fukuhara,1
100010090,1001,エッグハント,3,300002,100010090,2,3,3580,4770,3810,10001_0090_00,10001_0090_01,2,,,0,0,0,0,Egg Hunt,1
100050085,1005,イースターエッグ,1,100002,100050085,2,3,4810,3420,3950,10005_0085_00,10005_0085_01,2,,,0,0,0,0,Easter Eggs,1
100090088,1009,貴族の遊び,2,200002,100090088,2,3,4230,3180,4970,10009_0088_00,10009_0088_01,2,,,0,0,0,0,Noble Entertainment,1
100070084,1007,テニスの練習,1,100010,100070084,2,3,5100,3470,4290,10007_0084_00,10007_0084_01,2,,,0,0,0,0,Tennis Practice,1
140350005,5035,斉木風,3,300001,140350005,1,2,660,2620,980,14035_0005_00,14035_0005_01,1,,,0,0,0,0,Fuu Saiki,1
110040019,2004,伝える言葉,3,300002,110040019,2,3,4230,4980,3160,11004_0019_00,11004_0019_01,2,,,0,0,0,0,Words to Tell You,1
110050020,2005,ラッキー☆ガール,3,300002,110050020,2,3,3070,4900,4310,11005_0020_00,11005_0020_01,2,,,0,0,0,0,Lucky Girl,1
110090019,2009,好きなものは好き！,1,100002,110090019,2,3,4960,3140,4270,11009_0019_00,11009_0019_01,2,,,0,0,0,0,I Like What I Like!,1
110030018,2003,幸せの入り口,2,200002,110030018,2,3,4290,3560,5100,11003_0018_00,11003_0018_01,2,,,0,0,0,0,Gateway to Happiness,1
110020020,2002,happy life,2,200003,110020020,3,4,4100,4470,5340,11002_0020_00,11002_0020_01,3,,,0,0,0,0,Happy Life,1
140260005,5026,藤城悠弓,2,200001,140260005,1,2,1120,890,2970,14026_0005_00,14026_0005_01,1,,,0,0,0,0,Yumi Fujishiro,1
110030019,2003,母の日ダイビング,1,100002,110030019,2,3,4760,3880,3520,11003_0019_00,11003_0019_01,2,,,0,0,0,0,Mother's Day Diving,1
110070018,2007,温かい心,3,300002,110070018,2,3,3420,4810,3950,11007_0018_00,11007_0018_01,2,,,0,0,0,0,Warm Hearts,1
100050086,1005,２つのイベント,3,300002,100050086,2,3,4360,4970,3050,10005_0086_00,10005_0086_01,2,,,0,0,0,0,Two Events,1
100030085,1003,ラリーのコツ,1,100003,100030085,3,4,5330,4050,4530,10003_0085_00,10003_0085_01,3,,,0,0,0,0,The Trick to Rallies,1
140080005,5008,クリスティーナ,1,100001,140080005,1,2,1810,700,530,14008_0005_00,14008_0005_01,1,,,0,0,0,0,Christina,1
110060018,2006,天使で悪魔,1,100002,110060018,2,3,4970,4270,3130,11006_0018_00,11006_0018_01,2,,,0,0,0,0,Angelic Devil,1
110070019,2007,うららかな日々,2,200002,110070019,2,3,4310,3080,4910,11007_0019_00,11007_0019_01,2,,,0,0,0,0,It's a Beautiful Day,1
110010019,2001,おっきな幸せ,1,100002,110010019,2,3,5180,4480,3290,11001_0019_00,11001_0019_01,2,,,0,0,0,0,The Greatest Joy,1
110080019,2008,ラッキーアイテム,3,300014,110080019,3,4,4460,5320,4130,11008_0019_00,11008_0019_01,3,,,0,0,0,0,Lucky Charm,1
140250005,5025,白木凪,3,300001,140250005,1,2,990,3260,740,14025_0005_00,14025_0005_01,1,,,0,0,0,0,Nagi Shiraki,1
100020085,1002,サバイバルゲーム,1,100002,100020085,2,3,4810,3350,4020,10002_0085_00,10002_0085_01,2,,,0,0,0,0,Survival Game,1
100040085,1004,対戦相手は……,2,200002,100040085,2,3,4020,3450,4690,10004_0085_00,10004_0085_01,2,,,0,0,0,0,Your Opponent Is...,1
100020086,1002,テニスで勝負,3,300002,100020086,2,3,3190,4890,4200,10002_0086_00,10002_0086_01,2,,,0,0,0,0,Tennis Match,1
100010091,1001,μ'sテニス大会,2,200009,100010091,2,3,4360,3420,5170,10001_0091_00,10001_0091_01,2,,,0,0,0,0,μ's Tennis Tournament,1
140450005,5045,レベッカ,2,200001,140450005,1,2,770,500,2390,14045_0005_00,14045_0005_01,1,,,0,0,0,0,Rebecca,1
110020021,2002,心を交わす,3,300002,110020021,2,3,3210,4920,4170,11002_0021_00,11002_0021_01,2,,,0,0,0,0,Heart to Heart,1
110040020,2004,歴史のねじれ,2,200002,110040020,2,3,3110,4260,4920,11004_0020_00,11004_0020_01,2,,,0,0,0,0,Changing History,1
110070020,2007,毎日が大冒険♪,3,300002,110070020,2,3,4180,4970,3220,11007_0020_00,11007_0020_01,2,,,0,0,0,0,Life's an Adventure!,1
110080020,2008,お江戸カルチャー,1,100014,110080020,2,3,5130,3410,4410,11008_0020_00,11008_0020_01,2,,,0,0,0,0,Edo Culture,1
110010020,2001,どこだっていいよ♪,2,200003,110010020,3,4,4510,4070,5370,11001_0020_00,11001_0020_01,3,,,0,0,0,0,"Anywhere, Any Time",1
140520005,5052,高天原睦月,3,300001,140520005,1,2,900,2240,420,14052_0005_00,14052_0005_01,1,,,0,0,0,0,Mutsuki Takamagahara,1
110050021,2005,地獄の海へヨーソロー,1,100002,110050021,2,3,4810,3940,3430,11005_0021_00,11005_0021_01,2,,,0,0,0,0,Aye Aye Hell's Ocean!,1
110060019,2006,リトルデーモンご案内,2,200002,110060019,2,3,3880,3510,4770,11006_0019_00,11006_0019_01,2,,,0,0,0,0,Guiding Little Demons,1
100020087,1002,大好きなフレーバー,2,200002,100020087,2,3,3040,4340,4920,10002_0087_00,10002_0087_01,2,,,0,0,0,0,My Favorite Flavor,1
100050087,1005,後味スッキリ☆,1,100002,100050087,2,3,4960,3260,4150,10005_0087_00,10005_0087_01,2,,,0,0,0,0,Awesome Aftertaste,1
100010092,1001,穂乃果のオススメ！,2,200004,100010092,3,4,4660,3920,5370,10001_0092_00,10001_0092_01,3,,,0,0,0,0,Honoka's Choice!,1
120030005,3003,桜坂しずく,3,300001,120030005,1,2,510,1590,690,12003_0005_00,12003_0005_01,1,,,0,0,0,0,Shizuku Osaka,1
110030020,2003,自然に惹かれて,1,100002,110030020,2,3,4970,3180,4220,11003_0020_00,11003_0020_01,2,,,0,0,0,0,Entranced by Nature,1
110060020,2006,ヨハネの新生活,3,300002,110060020,2,3,3220,4980,4180,11006_0020_00,11006_0020_01,2,,,0,0,0,0,Yohane's New Life,1
110090020,2009,未来へ託して,2,200012,110090020,2,3,3490,4270,5100,11009_0020_00,11009_0020_01,2,,,0,0,0,0,Faith in the Future,1
110050022,2005,新しい発見,1,100003,110050022,3,4,5320,3920,4650,11005_0022_00,11005_0022_01,3,,,0,0,0,0,New Discovery,1
140540005,5054,マリア,1,100001,140540005,1,2,2400,440,820,14054_0005_00,14054_0005_01,1,,,0,0,0,0,Maria,1
100070085,1007,甘い物が１番♪,2,200002,100070085,2,3,3870,3620,4670,10007_0085_00,10007_0085_01,2,,,0,0,0,0,Can't Beat Sweets!,1
100090089,1009,にこのこだわり,3,300002,100090089,2,3,3390,4820,3970,10009_0089_00,10009_0089_01,2,,,0,0,0,0,Nico's Specialty,1
100040086,1004,差し入れアイス,3,300002,100040086,2,3,4150,4970,3250,10004_0086_00,10004_0086_01,2,,,0,0,0,0,Ice Cream Snack,1
100090090,1009,究極のアイス☆,2,200002,100090090,2,3,4330,3510,5110,10009_0090_00,10009_0090_01,2,,,0,0,0,0,Ultimate Ice Cream,1
110060021,2006,店長スラッシュ,3,300001,110060021,3,4,3800,4890,4160,11006_0021_00,11006_0021_01,3,,,0,0,0,0,Tencho Slash!,1
140030005,5003,逢沢遊宇,2,200001,140030005,1,2,630,530,1680,14003_0005_00,14003_0005_01,1,,,0,0,0,0,Yuu Aizawa,1
110050023,2005,本番目指して！？,2,200002,110050023,2,3,3250,4150,4980,11005_0023_00,11005_0023_01,2,,,0,0,0,0,I Might Join Them!,1
110070021,2007,ボールを四角く,1,100002,110070021,2,3,4880,3180,4220,11007_0021_00,11007_0021_01,2,,,0,0,0,0,A Cubic Ball,1
110080021,2008,Aqoursの世界,2,200002,110080021,2,3,4210,3150,4930,11008_0021_00,11008_0021_01,2,,,0,0,0,0,The World of Aqours,1
110020022,2002,あなたを見ていたい,3,300006,110020022,2,3,3440,5180,4330,11002_0022_00,11002_0022_01,2,,,0,0,0,0,Looking at You,1
110030021,2003,綺麗なお姉さん,1,100013,110030021,3,4,5340,4060,4510,11003_0021_00,11003_0021_01,3,,,0,0,0,0,Pretty Instructors,1
140460005,5046,綾小路姫乃,3,300001,140460005,1,2,570,2250,990,14046_0005_00,14046_0005_01,1,,,0,0,0,0,Himeno Ayanokoji,1
110010021,2001,いつだって果南ちゃん,3,300002,110010021,2,3,3540,4770,3860,11001_0021_00,11001_0021_01,2,,,0,0,0,0,Forever Kanan,1
110030022,2003,目が離せない子,2,200002,110030022,2,3,4030,3330,4820,11003_0022_00,11003_0022_01,2,,,0,0,0,0,All Eyes on Her,1
100030086,1003,オススメはね,1,100002,100030086,2,3,4890,3080,4310,10003_0086_00,10003_0086_01,2,,,0,0,0,0,I Recommend...,1
100070086,1007,紅茶のアイス,3,300004,100070086,3,4,3910,5330,4710,10007_0086_00,10007_0086_01,3,,,0,0,0,0,Black Tea Ice Cream,1
110010022,2001,台湾の魅力,1,100001,110010022,3,4,4890,3180,4790,11001_0022_00,11001_0022_01,3,,,0,0,0,0,Taiwan's Charm,1
110020023,2002,ドイツに学ぶ,3,300001,110020023,3,4,4780,4880,3180,11002_0023_00,11002_0023_01,3,,,0,0,0,0,Studying in Germany,1
110030023,2003,広がる景色,2,200001,110030023,3,4,3870,4100,4890,11003_0023_00,11003_0023_01,3,,,0,0,0,0,Expansive View,1
110040021,2004,マーライオンへの道,3,300001,110040021,3,4,3820,4880,4150,11004_0021_00,11004_0021_01,3,,,0,0,0,0,You Know the Merlion?,1
110050024,2005,ニーハオヨーソロー！,2,200001,110050024,3,4,3750,4210,4880,11005_0024_00,11005_0024_01,3,,,0,0,0,0,"Aye Aye, Ni Hao!",1
110060022,2006,イギリス魔法の歴史,3,300001,110060022,3,4,4100,4890,3870,11006_0022_00,11006_0022_01,3,,,0,0,0,0,The British Wizardry,1
110070022,2007,微笑みの国へ,1,100001,110070022,3,4,4880,4140,3830,11007_0022_00,11007_0022_01,3,,,0,0,0,0,To the Land of Smiles,1
110080022,2008,鞠莉inU.S.A,1,100001,110080022,3,4,4880,3830,4130,11008_0022_00,11008_0022_01,3,,,0,0,0,0,Mari in the U.S.A.,1
110090021,2009,韓国を知りたくて,2,200001,110090021,3,4,4180,3790,4880,11009_0021_00,11009_0021_01,3,,,0,0,0,0,Learning About Korea,1
140220005,5022,多々良るう,3,300001,140220005,1,2,900,2800,790,14022_0005_00,14022_0005_01,1,,,0,0,0,0,Ru Tatara,1
110010023,2001,高海千歌,1,100001,110010023,1,2,4020,1820,2160,11001_0023_00,11001_0023_01,1,,,0,0,0,0,Chika Takami,1
110020024,2002,桜内梨子,1,100001,110020024,1,2,3940,2200,1850,11002_0024_00,11002_0024_01,1,,,0,0,0,0,Riko Sakurauchi,1
110030024,2003,松浦果南,1,100001,110030024,1,2,3860,1780,2340,11003_0024_00,11003_0024_01,1,,,0,0,0,0,Kanan Matsuura,1
110040022,2004,黒澤ダイヤ,1,100001,110040022,1,2,3950,2230,1810,11004_0022_00,11004_0022_01,1,,,0,0,0,0,Dia Kurosawa,1
110050025,2005,渡辺曜,1,100001,110050025,1,2,3850,1810,2320,11005_0025_00,11005_0025_01,1,,,0,0,0,0,You Watanabe,1
110060023,2006,津島善子,1,100001,110060023,1,2,3960,2150,1880,11006_0023_00,11006_0023_01,1,,,0,0,0,0,Yoshiko Tsushima,1
110070023,2007,国木田花丸,1,100001,110070023,1,2,4030,1810,2160,11007_0023_00,11007_0023_01,1,,,0,0,0,0,Hanamaru Kunikida,1
110080023,2008,小原鞠莉,1,100001,110080023,1,2,4040,2140,1820,11008_0023_00,11008_0023_01,1,,,0,0,0,0,Mari Ohara,1
110090022,2009,黒澤ルビィ,1,100001,110090022,1,2,3850,1820,2310,11009_0022_00,11009_0022_01,1,,,0,0,0,0,Ruby Kurosawa,1
110010024,2001,見える景色,2,200002,110010024,2,3,4220,3190,4960,11001_0024_00,11001_0024_01,2,,,0,0,0,0,What a View!,1
110040023,2004,類い希なる才能,1,100002,110040023,2,3,4980,4210,3190,11004_0023_00,11004_0023_01,2,,,0,0,0,0,Rare Talent,1
110060024,2006,堕天のナイフ,3,300002,110060024,2,3,3630,5100,4220,11006_0024_00,11006_0024_01,2,,,0,0,0,0,Unholy Knife,1
110090023,2009,ルビィのひとりだち,3,300012,110090023,3,4,4230,5340,4380,11009_0023_00,11009_0023_01,3,,,0,0,0,0,Ruby on Her Own,1
140380005,5038,志賀仁美,1,100001,140380005,1,2,2300,540,760,14038_0005_00,14038_0005_01,1,,,0,0,0,0,Hitomi Shiga,1
100030087,1003,ロックになりきれ☆,3,300002,100030087,2,3,3920,4760,3480,10003_0087_00,10003_0087_01,2,,,0,0,0,0,Going Full Rocker,1
100080087,1008,ロックな振り付け,2,200002,100080087,2,3,3400,3970,4810,10008_0087_00,10008_0087_01,2,,,0,0,0,0,Rockin' Moves,1
100080088,1008,おいしいですよね？,3,300002,100080088,2,3,3110,4910,4280,10008_0088_00,10008_0088_01,2,,,0,0,0,0,Isn't It Delicious?,1
100060088,1006,真姫のアイス,1,100011,100060088,2,3,5100,4220,3540,10006_0088_00,10006_0088_01,2,,,0,0,0,0,Maki's Ice Cream,1
140230005,5023,篠宮あきる,1,100001,140230005,1,2,2840,680,1050,14023_0005_00,14023_0005_01,1,,,0,0,0,0,Akiru Shinomiya,1
110020025,2002,あの夏この夏,2,200002,110020025,2,3,3070,4330,4980,11002_0025_00,11002_0025_01,2,,,0,0,0,0,Summer Then and Now,1
110030025,2003,青い世界,3,300002,110030025,2,3,3110,4970,4290,11003_0025_00,11003_0025_01,2,,,0,0,0,0,World of Blue,1
110090024,2009,ご注文をどうぞ,1,100002,110090024,2,3,4900,3160,4220,11009_0024_00,11009_0024_01,2,,,0,0,0,0,May I Take Your Order,1
110070024,2007,波音を聴きながら,1,100002,110070024,2,3,5170,3270,4490,11007_0024_00,11007_0024_01,2,,,0,0,0,0,Listen to the Waves,1
110060025,2006,渚の堕天使,3,300014,110060025,3,4,4250,5350,4300,11006_0025_00,11006_0025_01,3,,,0,0,0,0,Seaside Fallen Angel,1
140480005,5048,黒羽咲夜,1,100001,140480005,1,2,2320,950,540,14048_0005_00,14048_0005_01,1,,,0,0,0,0,Sakuya Kurobane,1
110020026,2002,海の音,3,300002,110020026,2,3,3280,4760,4130,11002_0026_00,11002_0026_01,2,,,0,0,0,0,Sound of the Sea,1
110050026,2005,音探し,2,200002,110050026,2,3,3370,3990,4820,11005_0026_00,11005_0026_01,2,,,0,0,0,0,Sound Search,1
100010093,1001,海賊団の冒険譚,3,300002,100010093,2,3,4180,4930,3180,10001_0093_00,10001_0093_01,2,,,0,0,0,0,A Pirate Crew's Tale,1
100070087,1007,突撃☆希海賊,2,200002,100070087,2,3,4260,3140,4970,10007_0087_00,10007_0087_01,2,,,0,0,0,0,Attack of the Pirates,1
100020088,1002,μ's海賊物語,1,100003,100020088,3,4,5320,4700,3870,10002_0088_00,10002_0088_01,3,,,0,0,0,0,μ's Pirate Tales,1
140110005,5011,杉崎亜矢,1,100001,140110005,1,2,1990,700,560,14011_0005_00,14011_0005_01,1,,,0,0,0,0,Aya Sugisaki,1
110040024,2004,spicy summer,2,200002,110040024,2,3,3130,4260,4890,11004_0024_00,11004_0024_01,2,,,0,0,0,0,Spicy Summer,1
110080024,2008,千客万来！,3,300002,110080024,2,3,4280,4970,3120,11008_0024_00,11008_0024_01,2,,,0,0,0,0,Capacity Crowd!,1
110050027,2005,ミラクルオーシャン,2,200012,110050027,2,3,4340,3530,5100,11005_0027_00,11005_0027_01,2,,,0,0,0,0,Miracle Ocean,1
110010025,2001,おいでませ海の家！,1,100003,110010025,3,4,5340,4070,4500,11001_0025_00,11001_0025_01,3,,,0,0,0,0,"Come One, Come All!",1
140100005,5010,須田いるか,3,300001,140100005,1,2,500,1930,770,14010_0005_00,14010_0005_01,1,,,0,0,0,0,Iruka Suda,1
100020089,1002,飴細工,2,200002,100020089,2,3,3890,3480,4810,10002_0089_00,10002_0089_01,2,,,0,0,0,0,Candy Making,1
100050088,1005,あなたと分けっこ,3,300002,100050088,2,3,3460,4670,4030,10005_0088_00,10005_0088_01,2,,,0,0,0,0,Share and Share Alike,1
100080089,1008,私にできること,2,200002,100080089,2,3,4330,3080,4970,10008_0089_00,10008_0089_01,2,,,0,0,0,0,What I Can Do,1
100030088,1003,必要な小道具,3,300009,100030088,2,3,3580,5090,4280,10003_0088_00,10003_0088_01,2,,,0,0,0,0,Tools of the Trade,1
140340005,5034,桐原優香,3,300001,140340005,1,2,860,2000,500,14034_0005_00,14034_0005_01,1,,,0,0,0,0,Yuuka Kirihara,1
110010026,2001,フォーリン☆ワンダー,3,300002,110010026,2,3,4220,4910,3160,11001_0026_00,11001_0026_01,2,,,0,0,0,0,Falling Wonder,1
110070025,2007,不思議の味,2,200002,110070025,2,3,4230,3170,4950,11007_0025_00,11007_0025_01,2,,,0,0,0,0,Mystery Flavor,1
110080025,2008,ワンダーランド,1,100002,110080025,2,3,4980,3110,4290,11008_0025_00,11008_0025_01,2,,,0,0,0,0,Wonderland,1
110040025,2004,ワンダフルドリーム,3,300013,110040025,2,3,3550,5100,4300,11004_0025_00,11004_0025_01,2,,,0,0,0,0,Wonderful Dream,1
110050028,2005,うさぎを追って,2,200012,110050028,3,4,3970,4640,5340,11005_0028_00,11005_0028_01,3,,,0,0,0,0,Follow the Rabbit,1
140440005,5044,ラクシャータ,3,300001,140440005,1,2,800,2360,500,14044_0005_00,14044_0005_01,1,,,0,0,0,0,Rakshata,1
110060026,2006,月下の宴,3,300002,110060026,2,3,3540,4770,3850,11006_0026_00,11006_0026_01,2,,,0,0,0,0,Moonlight Banquet,1
110070026,2007,夢待ち月,1,100002,110070026,2,3,4820,3420,3940,11007_0026_00,11007_0026_01,2,,,0,0,0,0,Waiting on a Dream,1
100090091,1009,スペクタクルな仕掛け,1,100002,100090091,2,3,4970,4240,3160,10009_0091_00,10009_0091_01,2,,,0,0,0,0,A Spectacular Trick,1
100050089,1005,華麗に登場,3,300010,100050089,3,4,4310,5340,4250,10005_0089_00,10005_0089_01,3,,,0,0,0,0,A Graceful Entrance,1
140180005,5018,近江遥,3,300001,140180005,1,2,470,2340,880,14018_0005_00,14018_0005_01,1,,,0,0,0,0,Haruka Konoe,1
110030026,2003,夢の扉,2,200002,110030026,2,3,4300,3110,4970,11003_0026_00,11003_0026_01,2,,,0,0,0,0,Door of Dreams,1
110060027,2006,悠久の物語,1,100002,110060027,2,3,4890,4300,3090,11006_0027_00,11006_0027_01,2,,,0,0,0,0,Timeless Tale,1
110090025,2009,不思議の国のルビィ,1,100006,110090025,2,3,5170,3450,4330,11009_0025_00,11009_0025_01,2,,,0,0,0,0,Ruby in Wonderland,1
110020027,2002,"Hello,WONDER!",3,300014,110020027,3,4,4530,5340,4040,11002_0027_00,11002_0027_01,3,,,0,0,0,0,"Hello, Wonder!",1
140560005,5056,早乙女紫,1,100001,140560005,1,2,2440,880,490,14056_0005_00,14056_0005_01,1,,,0,0,0,0,Yukari Saotome,1
100010094,1001,海だ〜〜〜！,1,100002,100010094,2,3,4820,4040,3320,10001_0094_00,10001_0094_01,2,,,0,0,0,0,It's the Sea!,1
100060089,1006,乙女のこだわり,3,300002,100060089,2,3,3560,4690,3910,10006_0089_00,10006_0089_01,2,,,0,0,0,0,A Maiden's Focus,1
100060090,1006,本格的な劇には,2,200002,100060090,2,3,3060,4340,4980,10006_0090_00,10006_0090_01,2,,,0,0,0,0,A Real Script Has...,1
100040087,1004,期待に応えたい！,1,100002,100040087,2,3,5090,4260,3510,10004_0087_00,10004_0087_01,2,,,0,0,0,0,I Want to Succeed!,1
140070005,5007,永山みなみ,3,300001,140070005,1,2,590,1740,660,14007_0005_00,14007_0005_01,1,,,0,0,0,0,Minami Nagayama,1
110010027,2001,高海千歌,3,300001,110010027,1,2,2300,3920,1760,11001_0027_00,11001_0027_01,1,,,0,0,0,0,Chika Takami,1
110020028,2002,桜内梨子,3,300001,110020028,1,2,1820,4040,2140,11002_0028_00,11002_0028_01,1,,,0,0,0,0,Riko Sakurauchi,1
110030027,2003,松浦果南,3,300001,110030027,1,2,1850,3940,2200,11003_0027_00,11003_0027_01,1,,,0,0,0,0,Kanan Matsuura,1
110040026,2004,黒澤ダイヤ,3,300001,110040026,1,2,2160,4030,1810,11004_0026_00,11004_0026_01,1,,,0,0,0,0,Dia Kurosawa,1
110050029,2005,渡辺曜,3,300001,110050029,1,2,1880,3960,2150,11005_0029_00,11005_0029_01,1,,,0,0,0,0,You Watanabe,1
110060028,2006,津島善子,3,300001,110060028,1,2,2180,4020,1800,11006_0028_00,11006_0028_01,1,,,0,0,0,0,Yoshiko Tsushima,1
110070027,2007,国木田花丸,3,300001,110070027,1,2,2280,3930,1770,11007_0027_00,11007_0027_01,1,,,0,0,0,0,Hanamaru Kunikida,1
110080026,2008,小原鞠莉,3,300001,110080026,1,2,2320,3910,1750,11008_0026_00,11008_0026_01,1,,,0,0,0,0,Mari Ohara,1
110090026,2009,黒澤ルビィ,3,300001,110090026,1,2,1860,3950,2180,11009_0026_00,11009_0026_01,1,,,0,0,0,0,Ruby Kurosawa,1
110010028,2001,誘惑いっぱい,2,200002,110010028,2,3,4340,3060,4980,11001_0028_00,11001_0028_01,2,,,0,0,0,0,Night of Temptations,1
110040027,2004,魔除けのお菓子,1,100002,110040027,2,3,4880,4340,3060,11004_0027_00,11004_0027_01,2,,,0,0,0,0,Candy Talisman,1
110050030,2005,お化けと一緒♪,3,300002,110050030,2,3,3100,4970,4300,11005_0030_00,11005_0030_01,2,,,0,0,0,0,Monster Party!,1
110080027,2008,シャイニーハロウィン,3,300014,110080027,2,3,3450,5170,4330,11008_0027_00,11008_0027_01,2,,,0,0,0,0,Shiny Halloween!,1
110070028,2007,迷い火,1,100003,110070028,3,4,5310,4460,4140,11007_0028_00,11007_0028_01,3,,,0,0,0,0,Wandering Flame,1
140050005,5005,結城紗菜,1,100001,140050005,1,2,1730,720,540,14005_0005_00,14005_0005_01,1,,,0,0,0,0,Sana Yuki,1
110010029,2001,ハニーミルク気分,1,100002,110010029,2,3,4770,3260,4130,11001_0029_00,11001_0029_01,2,,,0,0,0,0,Honey Milk Mood,1
110040028,2004,梅の花言葉,3,300002,110040028,2,3,3880,4660,3620,11004_0028_00,11004_0028_01,2,,,0,0,0,0,The Flower's Meaning,1
100020090,1002,水色のクレヨン,2,200002,100020090,2,3,3120,4280,4970,10002_0090_00,10002_0090_01,2,,,0,0,0,0,Aqua Crayon,1
100090092,1009,傑作が描けたわ！,3,300002,100090092,2,3,4180,4940,3170,10009_0092_00,10009_0092_01,2,,,0,0,0,0,What a Masterpiece!,1
100040088,1004,楽しいこと,1,100004,100040088,3,4,5380,4700,3870,10004_0088_00,10004_0088_01,3,,,0,0,0,0,Fun Times,1
110060029,2006,堕天の翼,3,300006,110060029,3,4,4500,5350,4100,11006_0029_00,11006_0029_01,3,,,0,0,0,0,Fallen Angel's Wing,1
110070029,2007,9人の世界,1,100006,110070029,3,4,5300,4170,4400,11007_0029_00,11007_0029_01,3,,,0,0,0,0,"9 Persons, 9 Worlds",1
110090027,2009,勇気をもらった日,2,200006,110090027,3,4,4160,4390,5270,11009_0027_00,11009_0027_01,3,,,0,0,0,0,When I Found Courage,1
140370005,5037,坂巻千鶴子,1,100001,140370005,1,2,2240,840,480,14037_0005_00,14037_0005_01,1,,,0,0,0,0,Chiduko Sakamaki,1
110020029,2002,引き合う心,1,100002,110020029,2,3,4960,4230,3180,11002_0029_00,11002_0029_01,2,,,0,0,0,0,Drawn Together,1
110090028,2009,怖いのお断り,3,300002,110090028,2,3,3050,4980,4350,11009_0028_00,11009_0028_01,2,,,0,0,0,0,No Scary Stuff!,1
110060030,2006,ハロウィンリンク,2,200006,110060030,2,3,3400,4420,5130,11006_0030_00,11006_0030_01,2,,,0,0,0,0,Halloween Link,1
110030028,2003,キャンディシャワー,2,200003,110030028,3,4,3890,4690,5310,11003_0028_00,11003_0028_01,3,,,0,0,0,0,Candy Shower,1
140310005,5031,設楽ふみ,1,100001,140310005,1,2,2570,1050,640,14031_0005_00,14031_0005_01,1,,,0,0,0,0,Fumi Shitara,1
100040089,1004,肌見せへの抵抗,1,100002,100040089,2,3,4670,3580,3910,10004_0089_00,10004_0089_01,2,,,0,0,0,0,I'd Rather Cover Up,1
100090093,1009,にこ×アオザイ,2,200002,100090093,2,3,3320,4040,4820,10009_0093_00,10009_0093_01,2,,,0,0,0,0,"Nico, Ao Dai Style",1
100070088,1007,希らしい絵,1,100002,100070088,2,3,4920,3050,4330,10007_0088_00,10007_0088_01,2,,,0,0,0,0,Rare Picture,1
100080090,1008,おそろい,3,300009,100080090,2,3,3380,5140,4430,10008_0090_00,10008_0090_01,2,,,0,0,0,0,Matching Set,1
140190005,5019,下園咲,3,300001,140190005,1,2,700,2380,620,14019_0005_00,14019_0005_01,1,,,0,0,0,0,Saki Shimozono,1
110030029,2003,息を合わせて,2,200002,110030029,2,3,3160,4230,4890,11003_0029_00,11003_0029_01,2,,,0,0,0,0,In Sync,1
110070030,2007,植物ハカセ,3,300002,110070030,2,3,4360,4960,3060,11007_0030_00,11007_0030_01,2,,,0,0,0,0,Plant Professor,1
110090029,2009,モミジのおふとん,1,100002,110090029,2,3,4960,3200,4210,11009_0029_00,11009_0029_01,2,,,0,0,0,0,Bed of Leaves,1
110020030,2002,あの日の思い出,2,200014,110020030,2,3,3500,4270,5090,11002_0030_00,11002_0030_01,2,,,0,0,0,0,Memories of That Day,1
110040029,2004,カメラ練習中,3,300003,110040029,3,4,4380,5330,4240,11004_0029_00,11004_0029_01,3,,,0,0,0,0,Photography Practice,1
140830001,5083,よしみ,1,100001,140830001,2,3,1,1,1,14083_0001_00,14083_0001_01,2,,,0,0,0,0,Yoshimi,1
140840001,5084,いつき,2,200001,140840001,2,3,1,1,1,14084_0001_00,14084_0001_01,2,,,0,0,0,0,Itsuki,1
140850001,5085,むつ,3,300001,140850001,2,3,1,1,1,14085_0001_00,14085_0001_01,2,,,0,0,0,0,Mutsu,1
140860001,5086,高海美渡,1,100001,140860001,3,4,1,1,1,14086_0001_00,14086_0001_01,3,,,0,0,0,0,Mito Takami,1
140870001,5087,高海志満,2,200001,140870001,3,4,1,1,1,14087_0001_00,14087_0001_01,3,,,0,0,0,0,Shima Takami,1
140880001,5088,梨子の母,3,300001,140880001,3,4,1,1,1,14088_0001_00,14088_0001_01,3,,,0,0,0,0,Riko's mother,1
140550005,5055,レオ,3,300001,140550005,1,2,750,2490,970,14055_0005_00,14055_0005_01,1,,,0,0,0,0,Leo,1
110080028,2008,リラックスの魔法,1,100002,110080028,2,3,4800,3280,4090,11008_0028_00,11008_0028_01,2,,,0,0,0,0,Relaxation Spell,1
110090030,2009,今夜は眠れない♪,2,200002,110090030,2,3,3250,4140,4770,11009_0030_00,11009_0030_01,2,,,0,0,0,0,No Sleep Tonight!,1
110010030,2001,特別な夏,1,100006,110010030,3,4,5270,4400,4150,11001_0030_00,11001_0030_01,3,,,0,0,0,0,A Special Summer,1
110020031,2002,潮風に誘われて,3,300006,110020031,3,4,4240,5350,4330,11002_0031_00,11002_0031_01,3,,,0,0,0,0,Led by the Sea Breeze,1
110050031,2005,青春したい！,2,200006,110050031,3,4,4290,4130,5280,11005_0031_00,11005_0031_01,3,,,0,0,0,0,Enjoying My Youth!,1
100010095,1001,新しい衣装は,1,100002,100010095,2,3,4980,3190,4210,10001_0095_00,10001_0095_01,2,,,0,0,0,0,The New Costume,1
100060091,1006,一緒に並んで,2,200011,100060091,3,4,4130,4470,5310,10006_0091_00,10006_0091_01,3,,,0,0,0,0,Side By Side,1
140120005,5012,御堂優理,2,200001,140120005,1,2,770,510,2030,14012_0005_00,14012_0005_01,1,,,0,0,0,0,Yuri Mido,1
110050032,2005,山頂ヨーソロー,1,100002,110050032,2,3,4910,3100,4290,11005_0032_00,11005_0032_01,2,,,0,0,0,0,Aye Aye Summit!,1
110060031,2006,地獄流・紅葉狩り,2,200002,110060031,2,3,3020,4370,4980,11006_0031_00,11006_0031_01,2,,,0,0,0,0,Fall Colors in Hades,1
110010031,2001,同じなのに違う景色,3,300002,110010031,2,3,4180,5090,3580,11001_0031_00,11001_0031_01,2,,,0,0,0,0,Different Scenery,1
110080029,2008,冬が訪れるまで,1,100014,110080029,3,4,5370,4500,4080,11008_0029_00,11008_0029_01,3,,,0,0,0,0,Until Winter Comes,1
140390005,5039,鬼崎アキラ,3,300001,140390005,1,2,560,1810,890,14039_0005_00,14039_0005_01,1,,,0,0,0,0,Akira Kizaki,1
100030089,1003,あなたもお揃い☆,1,100002,100030089,2,3,4810,4090,3270,10003_0089_00,10003_0089_01,2,,,0,0,0,0,We'll Match,1
100070089,1007,心の叫び？,3,300002,100070089,2,3,3930,4770,3470,10007_0089_00,10007_0089_01,2,,,0,0,0,0,Shout from the Heart?,1
100030090,1003,クレヨン衣装？,3,300002,100030090,2,3,3160,4980,4240,10003_0090_00,10003_0090_01,2,,,0,0,0,0,Crayon Costumes?,1
100050090,1005,ネコさん描くにゃ！,2,200010,100050090,2,3,4430,3400,5120,10005_0090_00,10005_0090_01,2,,,0,0,0,0,Draw a Kitty!,1
140300005,5030,黒崎隼,2,200001,140300005,1,2,670,780,2360,14030_0005_00,14030_0005_01,1,,,0,0,0,0,Shun Kurosaki,1
110010032,2001,おそろい千歌うさぎ,1,100002,110010032,2,3,4940,3170,4190,11001_0032_00,11001_0032_01,2,,,0,0,0,0,Matching Chika Bunny,1
110060032,2006,今日だけの天使,3,300002,110060032,2,3,4380,4980,3010,11006_0032_00,11006_0032_01,2,,,0,0,0,0,An Angel for the Day,1
110080030,2008,歌の想い,2,200002,110080030,2,3,4320,3080,4900,11008_0030_00,11008_0030_01,2,,,0,0,0,0,Emotions of a Song,1
110030030,2003,神様のいたずら,1,100006,110030030,2,3,5180,3360,4410,11003_0030_00,11003_0030_01,2,,,0,0,0,0,Divine Message,1
110090031,2009,言葉に出せないくらい,2,200003,110090031,3,4,4440,4130,5340,11009_0031_00,11009_0031_01,3,,,0,0,0,0,The Gift of a Song,1
140020005,5002,宮下ココ,1,100001,140020005,1,2,1650,610,550,14002_0005_00,14002_0005_01,1,,,0,0,0,0,Coco Miyashita,1
100020091,1002,クリスマスをみんなで,3,300002,100020091,2,3,3580,4670,3910,10002_0091_00,10002_0091_01,2,,,0,0,0,0,Christmas Together,1
100090094,1009,クリスマスディナー,1,100002,100090094,2,3,4810,3980,3390,10009_0094_00,10009_0094_01,2,,,0,0,0,0,Christmas Dinner,1
100020092,1002,スクユニ・絢瀬絵里,3,300005,100020092,3,4,4290,5280,4130,10002_0092_00,10002_0092_01,3,,,0,0,0,0,School Unity: Eli,1
100070090,1007,スクユニ・東條希,2,200005,100070090,3,4,4170,4400,5300,10007_0090_00,10007_0090_01,3,,,0,0,0,0,School Unity: Nozomi,1
100090095,1009,スクユニ・矢澤にこ,1,100005,100090095,3,4,5270,4160,4390,10009_0095_00,10009_0095_01,3,,,0,0,0,0,School Unity: Nico,1
140770002,5077,燃える心,3,300002,140770002,2,3,3410,4770,3980,14077_0002_00,14077_0002_01,2,,,0,0,0,0,Burning Soul,1
140780002,5078,ライバルとして,3,300002,140780002,2,3,3980,4770,3410,14078_0002_00,14078_0002_01,2,,,0,0,0,0,As Their Rival,1
100010096,1001,ティンパニ担当☆,2,200002,100010096,2,3,4220,3180,4980,10001_0096_00,10001_0096_01,2,,,0,0,0,0,Timpani Drummer!,1
100060092,1006,例え１日でも,1,100002,100060092,2,3,4990,4400,2980,10006_0092_00,10006_0092_01,2,,,0,0,0,0,If Only for a Day,1
100080091,1008,イメージの相違,3,300009,100080091,3,4,4160,5320,4410,10008_0091_00,10008_0091_01,3,,,0,0,0,0,Not What I Expected,1
140470005,5047,黒羽咲良,2,200001,140470005,1,2,900,450,2310,14047_0005_00,14047_0005_01,1,,,0,0,0,0,Sakura Kurobane,1
110040030,2004,失格・サンタクロース,3,300002,110040030,2,3,3190,4980,4210,11004_0030_00,11004_0030_01,2,,,0,0,0,0,Failed Santa,1
110050033,2005,勇気の贈り物,2,200002,110050033,2,3,4190,3220,4960,11005_0033_00,11005_0033_01,2,,,0,0,0,0,Present of Courage,1
110070031,2007,マル先生の聖歌隊,3,300002,110070031,2,3,4220,5080,3560,11007_0031_00,11007_0031_01,2,,,0,0,0,0,Hanamaru's Choir,1
110020032,2002,雪の結晶,1,100003,110020032,3,4,5380,4710,3860,11002_0032_00,11002_0032_01,3,,,0,0,0,0,Snow Crystals,1
110010033,2001,水族館を巡って,1,100006,110010033,2,3,4990,3030,4360,11001_0033_00,11001_0033_01,2,,,0,0,0,0,Aquarium Tour,1
110020033,2002,美しい景色を一緒に,3,300006,110020033,2,3,4350,4980,3040,11002_0033_00,11002_0033_01,2,,,0,0,0,0,A Breathtaking View,1
110030031,2003,コツメカワウソと握手,2,200006,110030031,2,3,3040,4350,4980,11003_0031_00,11003_0031_01,2,,,0,0,0,0,Otter's Handshake,1
110040031,2004,イルカのジャンプ,3,300006,110040031,2,3,4360,4990,3030,11004_0031_00,11004_0031_01,2,,,0,0,0,0,Dolphin Jumps,1
110050034,2005,イルカでハッピーに,2,200006,110050034,2,3,3030,4330,4920,11005_0034_00,11005_0034_01,2,,,0,0,0,0,The Joy of Dolphins,1
110060033,2006,セイウチのタッチ,3,300006,110060033,2,3,4330,4930,3030,11006_0033_00,11006_0033_01,2,,,0,0,0,0,The Walrus Touch,1
110070032,2007,ペンギンに囲まれて,1,100006,110070032,2,3,4980,3040,4350,11007_0032_00,11007_0032_01,2,,,0,0,0,0,Encircled by Penguins,1
110080031,2008,気持ちをひとつに,1,100006,110080031,2,3,4940,4330,3030,11008_0031_00,11008_0031_01,2,,,0,0,0,0,Together as One,1
110090032,2009,ツンツンペンギン,2,200006,110090032,2,3,3040,4360,4980,11009_0032_00,11009_0032_01,2,,,0,0,0,0,Pecking Penguins,1
140330003,5033,アルパカ[白],1,100001,140330003,2,3,1,1,1,14033_0003_00,14033_0003_01,2,,,0,0,0,0,Alpaca [White],1
140790002,5079,メリークリスマス,1,100001,140790002,2,3,1,1,1,14079_0002_00,14079_0002_01,2,,,0,0,0,0,Merry Christmas,1
140790003,5079,みとしー×スクフェス,1,100001,140790003,2,3,1,1,1,14079_0003_00,14079_0003_01,2,,,0,0,0,0,Izu Mito Sea Paradise,1
120080005,3008,エマ・ヴェルデ,2,200001,120080005,1,2,730,960,2470,12008_0005_00,12008_0005_01,1,,,0,0,0,0,Emma Verde,1
110020034,2002,星空に包まれて,2,200002,110020034,2,3,3910,3580,4670,11002_0034_00,11002_0034_01,2,,,0,0,0,0,Surrounded by Stars,1
110070033,2007,夜空なびげーたー,3,300002,110070033,2,3,3580,4770,3810,11007_0033_00,11007_0033_01,2,,,0,0,0,0,Nighttime Navigator,1
110030032,2003,クリアにする時間,2,200006,110030032,3,4,4330,4240,5350,11003_0032_00,11003_0032_01,3,,,0,0,0,0,Time to Clear My Head,1
110040032,2004,妹と一緒に,3,300006,110040032,3,4,4160,5270,4390,11004_0032_00,11004_0032_01,3,,,0,0,0,0,With My Little Sister,1
110080032,2008,輝く時を,1,100006,110080032,3,4,5280,4130,4290,11008_0032_00,11008_0032_01,3,,,0,0,0,0,It's Time to Shine,1
100050091,1005,盛り上げ役にゃ☆,3,300002,100050091,2,3,4180,4970,3220,10005_0091_00,10005_0091_01,2,,,0,0,0,0,Get The Party Started,1
100020093,1002,初めてだから,1,100005,100020093,2,3,5100,4290,3560,10002_0093_00,10002_0093_01,2,,,0,0,0,0,It's My First Time,1
140090005,5009,菊池朱美,1,100001,140090005,1,2,1880,450,770,14009_0005_00,14009_0005_01,1,,,0,0,0,0,Akemi Kikuchi,1
110020035,2002,楽しいお正月,3,300002,110020035,2,3,4210,4970,3200,11002_0035_00,11002_0035_01,2,,,0,0,0,0,Fun New Year's,1
110060034,2006,新年の堕天,1,100002,110060034,2,3,4910,4250,3140,11006_0034_00,11006_0034_01,2,,,0,0,0,0,New Year's Descent,1
110090033,2009,ルビィはお母さん,2,200002,110090033,2,3,4300,3070,4920,11009_0033_00,11009_0033_01,2,,,0,0,0,0,Mama Ruby,1
110040033,2004,ダイヤの着付け教室,2,200013,110040033,2,3,3410,4410,5130,11004_0033_00,11004_0033_01,2,,,0,0,0,0,Dia's Dressing Class,1
110030033,2003,かわいらしい女の子,1,100003,110030033,3,4,5350,3880,4720,11003_0033_00,11003_0033_01,3,,,0,0,0,0,Lovely Lady,1
140400005,5040,紫藤美咲,2,200001,140400005,1,2,910,720,2180,14040_0005_00,14040_0005_01,1,,,0,0,0,0,Misaki Shido,1
100010097,1001,ここ掘れ、わんわん♪,3,300002,100010097,2,3,3620,4660,3880,10001_0097_00,10001_0097_01,2,,,0,0,0,0,"Dig Here, Girl!",1
100050092,1005,１番好きなもの,2,200002,100050092,2,3,3290,4080,4810,10005_0092_00,10005_0092_01,2,,,0,0,0,0,My Favorite Thing,1
100010098,1001,スクユニ・高坂穂乃果,1,100005,100010098,3,4,5350,4100,4500,10001_0098_00,10001_0098_01,3,,,0,0,0,0,School Unity: Honoka,1
100030091,1003,スクユニ・南ことり,2,200005,100030091,3,4,4390,4160,5270,10003_0091_00,10003_0091_01,3,,,0,0,0,0,School Unity: Kotori,1
100040090,1004,スクユニ・園田海未,3,300005,100040090,3,4,4170,5300,4400,10004_0090_00,10004_0090_01,3,,,0,0,0,0,School Unity: Umi,1
100030092,1003,無意識に,1,100002,100030092,2,3,4970,3100,4300,10003_0092_00,10003_0092_01,2,,,0,0,0,0,Subconsciously,1
100090096,1009,主役は私っ！,2,200004,100090096,3,4,4720,3850,5320,10009_0096_00,10009_0096_01,3,,,0,0,0,0,I'm the Lead!,1
140150005,5015,神谷理華,1,100001,140150005,1,2,2160,510,770,14015_0005_00,14015_0005_01,1,,,0,0,0,0,Rika Kamiya,1
110070034,2007,1秒でも長く話したい,2,200002,110070034,2,3,4230,3170,4880,11007_0034_00,11007_0034_01,2,,,0,0,0,0,One Second Longer,1
110080033,2008,富士の高嶺,3,300002,110080033,2,3,4270,4920,3100,11008_0033_00,11008_0033_01,2,,,0,0,0,0,Mount Fuji's Peak,1
110050035,2005,コマ回しの曜ちゃん,1,100012,110050035,2,3,5130,3420,4400,11005_0035_00,11005_0035_01,2,,,0,0,0,0,Spinning Top Master!,1
110010034,2001,サイコロ名人,3,300003,110010034,3,4,4720,5350,3880,11001_0034_00,11001_0034_01,3,,,0,0,0,0,Dice-Rolling Celebrity,1
100080092,1008,山羊座の女神,2,200003,100080092,3,4,4470,4110,5330,10008_0092_00,10008_0092_01,3,,,0,0,0,0,Horned Goat Goddess,1
140160005,5016,森嶋ななか,3,300001,140160005,1,2,600,2280,720,14016_0005_00,14016_0005_01,1,,,0,0,0,0,Nanaka Morishima,1
110050036,2005,ポカポカ雪遊び,3,300002,110050036,2,3,3910,4670,3580,11005_0036_00,11005_0036_01,2,,,0,0,0,0,Rare Snow,1
110090034,2009,夢みたい銀世界,1,100002,110090034,2,3,4820,4100,3260,11009_0034_00,11009_0034_01,2,,,0,0,0,0,Winter Dreamland,1
100040091,1004,諦めません！,2,200002,100040091,2,3,3070,4330,4880,10004_0091_00,10004_0091_01,2,,,0,0,0,0,Never Quit!,1
100070091,1007,サクソフォーン担当,3,300005,100070091,2,3,3400,5130,4420,10007_0091_00,10007_0091_01,2,,,0,0,0,0,Saxophonist,1
140320005,5032,門田剣,1,100001,140320005,1,2,2230,670,910,14032_0005_00,14032_0005_01,1,,,0,0,0,0,Tsurugi Kadota,1
110010035,2001,高海千歌,1,100001,110010035,1,2,3950,2230,1810,11001_0035_00,11001_0035_01,1,,,0,0,0,0,Chika Takami,1
110020036,2002,桜内梨子,3,300001,110020036,1,2,2320,3870,1800,11002_0036_00,11002_0036_01,1,,,0,0,0,0,Riko Sakurauchi,1
110030034,2003,松浦果南,2,200001,110030034,1,2,2160,1810,4030,11003_0034_00,11003_0034_01,1,,,0,0,0,0,Kanan Matsuura,1
110040034,2004,黒澤ダイヤ,3,300001,110040034,1,2,1810,3850,2330,11004_0034_00,11004_0034_01,1,,,0,0,0,0,Dia Kurosawa,1
110050037,2005,渡辺曜,2,200001,110050037,1,2,2140,1820,4040,11005_0037_00,11005_0037_01,1,,,0,0,0,0,You Watanabe,1
110060035,2006,津島善子,3,300001,110060035,1,2,1790,3860,2340,11006_0035_00,11006_0035_01,1,,,0,0,0,0,Yoshiko Tsushima,1
110070035,2007,国木田花丸,1,100001,110070035,1,2,3960,2150,1880,11007_0035_00,11007_0035_01,1,,,0,0,0,0,Hanamaru Kunikida,1
110080034,2008,小原鞠莉,1,100001,110080034,1,2,3940,1850,2200,11008_0034_00,11008_0034_01,1,,,0,0,0,0,Mari Ohara,1
110090035,2009,黒澤ルビィ,2,200001,110090035,1,2,2180,1800,4020,11009_0035_00,11009_0035_01,1,,,0,0,0,0,Ruby Kurosawa,1
110010036,2001,チョコの泉,3,300002,110010036,2,3,4390,4980,3000,11001_0036_00,11001_0036_01,2,,,0,0,0,0,Chocolate Fountain,1
110030035,2003,レシピ開発中！,1,100002,110030035,2,3,4980,3100,4300,11003_0035_00,11003_0035_01,2,,,0,0,0,0,Recipe in Progress!,1
110060036,2006,甘い香りに誘われて,2,200002,110060036,2,3,3210,4190,4880,11006_0036_00,11006_0036_01,2,,,0,0,0,0,Sweet Scent's Allure,1
110020037,2002,にぎやかバレンタイン,1,100002,110020037,2,3,5100,4240,3510,11002_0037_00,11002_0037_01,2,,,0,0,0,0,Lively Valentine's,1
110050038,2005,魔法のチョコ,3,300012,110050038,3,4,4250,5330,4330,11005_0038_00,11005_0038_01,3,,,0,0,0,0,Magic Chocolate,1
140530005,5053,ジェニファー,2,200001,140530005,1,2,640,980,2540,14053_0005_00,14053_0005_01,1,,,0,0,0,0,Jennifer,1
100070092,1007,福はウチ！？,2,200002,100070092,2,3,3580,3910,4670,10007_0092_00,10007_0092_01,2,,,0,0,0,0,Repeating After Me?,1
100080093,1008,凛ちゃん専用！,1,100002,100080093,2,3,4810,3960,3410,10008_0093_00,10008_0093_01,2,,,0,0,0,0,Just for Rin!,1
100050093,1005,スクユニ・星空凛,1,100005,100050093,3,4,5350,4240,4330,10005_0093_00,10005_0093_01,3,,,0,0,0,0,School Unity: Rin,1
100060093,1006,スクユニ・西木野真姫,3,300005,100060093,3,4,4160,5270,4390,10006_0093_00,10006_0093_01,3,,,0,0,0,0,School Unity: Maki,1
100080094,1008,スクユニ・小泉花陽,2,200005,100080094,3,4,4500,4100,5350,10008_0094_00,10008_0094_01,3,,,0,0,0,0,School Unity: Hanayo,1
100020094,1002,会場案内☆,1,100002,100020094,2,3,4990,4330,3060,10002_0094_00,10002_0094_01,2,,,0,0,0,0,Guide to the Stage,1
100040092,1004,清楚なイメージ,3,300002,100040092,2,3,3080,4880,4320,10004_0092_00,10004_0092_01,2,,,0,0,0,0,Wholesome Image,1
100030093,1003,間違えないで〜！,3,300009,100030093,3,4,4020,5330,4550,10003_0093_00,10003_0093_01,3,,,0,0,0,0,Don't Get Confused!,1
140130005,5013,佐伯麗音,2,200001,140130005,1,2,500,770,2120,14013_0005_00,14013_0005_01,1,,,0,0,0,0,Reine Saeki,1
110070036,2007,華やか和風ガールズ,1,100002,110070036,2,3,4920,4280,3090,11007_0036_00,11007_0036_01,2,,,0,0,0,0,Japanese Beauties,1
110080035,2008,ハートあふれる空間,2,200002,110080035,2,3,4350,3040,4990,11008_0035_00,11008_0035_01,2,,,0,0,0,0,Joyful Hearts,1
110090036,2009,誰かの幸せに,3,300012,110090036,2,3,3430,5180,4340,11009_0036_00,11009_0036_01,2,,,0,0,0,0,Spreading Happiness,1
110040035,2004,お味見いかが？,2,200013,110040035,3,4,4100,4480,5330,11004_0035_00,11004_0035_01,3,,,0,0,0,0,Care for a Taste?,1
140140005,5014,鳥居歩美,1,100001,140140005,1,2,2100,700,520,14014_0005_00,14014_0005_01,1,,,0,0,0,0,Ayumi Torii,1
110010037,2001,夕闇の乙女,2,200002,110010037,2,3,3270,4090,4810,11001_0037_00,11001_0037_01,2,,,0,0,0,0,Midnight Maiden,1
110080036,2008,classical dark,3,300002,110080036,2,3,3370,4810,4000,11008_0036_00,11008_0036_01,2,,,0,0,0,0,Classical Dark,1
100090097,1009,憧れの……！,2,200002,100090097,2,3,4320,3060,4920,10009_0097_00,10009_0097_01,2,,,0,0,0,0,My Beloved!,1
100010099,1001,ステキな空の旅へ,1,100005,100010099,2,3,5140,3410,4400,10001_0099_00,10001_0099_01,2,,,0,0,0,0,A Pleasant Flight,1
110060037,2006,堕天使が愛する店,3,300001,110060037,3,4,4790,4890,3180,11006_0037_00,11006_0037_01,3,,,0,0,0,0,Fallen Angel's Haunt,1
140240005,5024,吉川瑞希,3,300001,140240005,1,2,880,2910,1160,14024_0005_00,14024_0005_01,1,,,0,0,0,0,Mizuki Kikkawa,1
110030036,2003,筋肉ロック,3,300002,110030036,2,3,3060,4980,4340,11003_0036_00,11003_0036_01,2,,,0,0,0,0,Muscle Rocker,1
110040036,2004,頑固者のロック,1,100002,110040036,2,3,4960,4400,3010,11004_0036_00,11004_0036_01,2,,,0,0,0,0,Stubborn Rockers,1
110050039,2005,冥利に尽きます♪,3,300002,110050039,2,3,3070,4920,4300,11005_0039_00,11005_0039_01,2,,,0,0,0,0,More Than I Deserve,1
110010038,2001,いつでも高海千歌！,2,200002,110010038,2,3,4280,3580,5090,11001_0038_00,11001_0038_01,2,,,0,0,0,0,Forever Chika Takami,1
110060038,2006,堕天使ロック,2,200014,110060038,3,4,4070,4500,5380,11006_0038_00,11006_0038_01,3,,,0,0,0,0,Fallen Angel Rocker,1
120010001,3001,上原歩夢,2,200002,120010001,2,3,3660,3990,4500,12001_0001_00,12001_0001_01,2,,,0,0,0,0,Ayumu Uehara,1
120050001,3005,宮下愛,1,100002,120050001,2,3,4600,3670,3950,12005_0001_00,12005_0001_01,2,,,0,0,0,0,Ai Miyashita,1
120070001,3007,優木せつ菜,3,300002,120070001,2,3,3630,4560,3990,12007_0001_00,12007_0001_01,2,,,0,0,0,0,Setsuna Yuki,1
140040005,5004,一之瀬マリカ,3,300001,140040005,1,2,490,1760,680,14004_0005_00,14004_0005_01,1,,,0,0,0,0,Marika Ichinose,1
100030094,1003,妖精☆ことり,2,200002,100030094,2,3,3450,3960,4760,10003_0094_00,10003_0094_01,2,,,0,0,0,0,Fairy Kotori,1
100060094,1006,花の妖精？,1,100002,100060094,2,3,4660,3580,3920,10006_0094_00,10006_0094_01,2,,,0,0,0,0,A Flower Fairy?,1
100050094,1005,心のポカポカ,2,200004,100050094,3,4,4390,4160,5270,10005_0094_00,10005_0094_01,3,,,0,0,0,0,Heart's Warmth,1
100060095,1006,大事な友達,1,100004,100060095,3,4,5280,4380,4160,10006_0095_00,10006_0095_01,3,,,0,0,0,0,Dear Friends,1
100080095,1008,熱くなれるコト,3,300004,100080095,3,4,3990,5330,4600,10008_0095_00,10008_0095_01,3,,,0,0,0,0,Getting Worked Up,1
100080096,1008,飛行機雲,2,200002,100080096,2,3,3100,4310,4960,10008_0096_00,10008_0096_01,2,,,0,0,0,0,Vapor Trail,1
100070093,1007,サプライズ希望☆,1,100010,100070093,3,4,5350,4230,4320,10007_0093_00,10007_0093_01,3,,,0,0,0,0,Hope to Surprise Ya,1
100040093,1004,魚座の女神,3,300003,100040093,3,4,4110,5330,4470,10004_0093_00,10004_0093_01,3,,,0,0,0,0,Fish Goddess,1
140790004,5079,うちっちーのお誕生日,1,100001,140790004,2,3,1,1,1,14079_0004_00,14079_0004_01,2,,,0,0,0,0,Uchicchi's Birthday!,1
140430005,5043,蘭花,3,300001,140430005,1,2,910,2020,460,14043_0005_00,14043_0005_01,1,,,0,0,0,0,Ranpha,1
110020038,2002,パワフルガール,1,100002,110020038,2,3,4900,4330,3070,11002_0038_00,11002_0038_01,2,,,0,0,0,0,Powerful Girl,1
110070037,2007,ごつごつロック,3,300002,110070037,2,3,4280,4960,3130,11007_0037_00,11007_0037_01,2,,,0,0,0,0,Rugged Rock,1
110080037,2008,ダンシングハート,2,200006,110080037,2,3,4340,3490,5120,11008_0037_00,11008_0037_01,2,,,0,0,0,0,Dancing Heart,1
110090037,2009,悪い子ルビィ,1,100003,110090037,3,4,5380,3830,4740,11009_0037_00,11009_0037_01,3,,,0,0,0,0,Rebellious Ruby,1
110010039,2001,脱出を目指せ！,3,300006,110010039,2,3,3030,4940,4330,11001_0039_00,11001_0039_01,2,,,0,0,0,0,We've Gotta Escape!,1
110020039,2002,最後の鍵,2,200006,110020039,2,3,4360,3040,4980,11002_0039_00,11002_0039_01,2,,,0,0,0,0,The Final Key,1
110030037,2003,難問に挑戦！,1,100006,110030037,2,3,4990,4360,3030,11003_0037_00,11003_0037_01,2,,,0,0,0,0,Ready for Hard Mode!,1
110040037,2004,柔軟な思考,2,200006,110040037,2,3,4330,3030,4930,11004_0037_00,11004_0037_01,2,,,0,0,0,0,Flexible Thinking,1
110050040,2005,山勘最強？,1,100006,110050040,2,3,4980,4350,3040,11005_0040_00,11005_0040_01,2,,,0,0,0,0,Ultimate Guess,1
110060039,2006,悪魔の解答,2,200006,110060039,2,3,4350,3040,4980,11006_0039_00,11006_0039_01,2,,,0,0,0,0,Demon's Answer,1
110070038,2007,ひらめきの鍛錬,3,300006,110070038,2,3,3030,4990,4360,11007_0038_00,11007_0038_01,2,,,0,0,0,0,Epiphany Practice,1
110080038,2008,実力行使,3,300006,110080038,2,3,3040,4980,4350,11008_0038_00,11008_0038_01,2,,,0,0,0,0,Brute Force,1
110090038,2009,遥かなるゴール,1,100006,110090038,2,3,4920,4330,3030,11009_0038_00,11009_0038_01,2,,,0,0,0,0,Distant Goal,1
140420005,5042,兵藤さゆり,1,100001,140420005,1,2,2230,570,1010,14042_0005_00,14042_0005_01,1,,,0,0,0,0,Sayuri Hyodo,1
110030038,2003,美味しいが１番,1,100002,110030038,2,3,4670,3920,3570,11003_0038_00,11003_0038_01,2,,,0,0,0,0,Flavor First,1
110040038,2004,笑顔を願う,2,200002,110040038,2,3,4120,3240,4820,11004_0038_00,11004_0038_01,2,,,0,0,0,0,Hoping for a Smile,1
110030039,2003,楽しい仲間,3,300004,110030039,3,4,3850,5320,4740,11003_0039_00,11003_0039_01,3,,,0,0,0,0,Fun Friends,1
110040039,2004,私たちの力,1,100004,110040039,3,4,5340,4730,3830,11004_0039_00,11004_0039_01,3,,,0,0,0,0,Our Power,1
110080039,2008,弾ける笑顔,2,200004,110080039,3,4,4390,4160,5270,11008_0039_00,11008_0039_01,3,,,0,0,0,0,Ear to Ear Grin,1
100050095,1005,星空は特別☆,2,200002,100050095,2,3,4350,3050,4880,10005_0095_00,10005_0095_01,2,,,0,0,0,0,Stars are Special!,1
100060096,1006,単純ね,3,300005,100060096,2,3,4400,5180,3370,10006_0096_00,10006_0096_01,2,,,0,0,0,0,So Simple!,1
140500005,5050,相川涼,2,200001,140500005,1,2,1000,720,2440,14050_0005_00,14050_0005_01,1,,,0,0,0,0,Ryo Aikawa,1
110020040,2002,輝く姿,3,300002,110020040,2,3,3190,4890,4200,11002_0040_00,11002_0040_01,2,,,0,0,0,0,Shining Bright,1
110030040,2003,マンツーマン,2,200002,110030040,2,3,4340,3070,4960,11003_0040_00,11003_0040_01,2,,,0,0,0,0,One-on-One,1
110050041,2005,学ぶ楽しさ,1,100002,110050041,2,3,4990,3040,4350,11005_0041_00,11005_0041_01,2,,,0,0,0,0,Joy of Studying,1
110040040,2004,文武両道,1,100013,110040040,2,3,5120,4400,3430,11004_0040_00,11004_0040_01,2,,,0,0,0,0,Renaissance Woman,1
110070039,2007,手の中の無限,3,300013,110070039,3,4,4690,5330,3870,11007_0039_00,11007_0039_01,3,,,0,0,0,0,Unlimited Potential,1
120020001,3002,中須かすみ,2,200002,120020001,2,3,3990,3630,4560,12002_0001_00,12002_0001_01,2,,,0,0,0,0,Kasumi Nakasu,1
120030006,3003,桜坂しずく,3,300002,120030006,2,3,3950,4600,3670,12003_0006_00,12003_0006_01,2,,,0,0,0,0,Shizuku Osaka,1
120090001,3009,天王寺璃奈,1,100002,120090001,2,3,4530,3600,4030,12009_0001_00,12009_0001_01,2,,,0,0,0,0,Rina Tennoji,1
100010100,1001,パンにかこまれて,1,100001,100010100,1,2,3860,2340,1790,10001_0100_00,10001_0100_01,1,,,0,0,0,0,Surrounded by Bread,1
100020095,1002,うれしいおまけ,3,300001,100020095,1,2,1750,3910,2320,10002_0095_00,10002_0095_01,1,,,0,0,0,0,Happy Bonus,1
100030095,1003,おひとついかが？,2,200001,100030095,1,2,2180,1800,4020,10003_0095_00,10003_0095_01,1,,,0,0,0,0,Want One?,1
100040094,1004,さがさないでください,3,300001,100040094,1,2,2150,3960,1880,10004_0094_00,10004_0094_01,1,,,0,0,0,0,Don't Look for Me,1
100050096,1005,凛をつかまえて♪,1,100001,100050096,1,2,3950,1860,2180,10005_0096_00,10005_0096_01,1,,,0,0,0,0,Catch Rin If You Can!,1
100060097,1006,真姫のえすこーと,3,300001,100060097,1,2,2290,3900,1790,10006_0097_00,10006_0097_01,1,,,0,0,0,0,Maki's Escort,1
100070094,1007,ひみつのうらない,2,200001,100070094,1,2,1850,2200,3940,10007_0094_00,10007_0094_01,1,,,0,0,0,0,Secret Fortune,1
100080097,1008,とくせいおにぎり,2,200001,100080097,1,2,1820,2310,3850,10008_0097_00,10008_0097_01,1,,,0,0,0,0,Special Rice Ball,1
100090098,1009,ぱーふぇくとすまいる,1,100001,100090098,1,2,4040,2140,1820,10009_0098_00,10009_0098_01,1,,,0,0,0,0,Perfect Smile,1
110010040,2001,みかんえらびめいじん,1,100001,110010040,1,2,3950,1860,2180,11001_0040_00,11001_0040_01,1,,,0,0,0,0,Mikan Orange Expert,1
110020041,2002,じゆうなはっそう,3,300001,110020041,1,2,1820,4040,2140,11002_0041_00,11002_0041_01,1,,,0,0,0,0,Free Thinker,1
110030041,2003,うみをごあんない♪,2,200001,110030041,1,2,1790,2290,3900,11003_0041_00,11003_0041_01,1,,,0,0,0,0,Follow Me to the Sea!,1
110040041,2004,わたしのたからもの,3,300001,110040041,1,2,2200,3940,1850,11004_0041_00,11004_0041_01,1,,,0,0,0,0,My Treasure,1
110050042,2005,いっしょにあそぼう,2,200001,110050042,1,2,1750,2320,3910,11005_0042_00,11005_0042_01,1,,,0,0,0,0,Let's Play Together!,1
110060040,2006,てんしのツバサ,3,300001,110060040,1,2,2340,3860,1790,11006_0040_00,11006_0040_01,1,,,0,0,0,0,Angel Wing,1
110070040,2007,むちゅうになれること,1,100001,110070040,1,2,4020,1800,2180,11007_0040_00,11007_0040_01,1,,,0,0,0,0,Getting Into It,1
110080040,2008,じゅんびばんたん♪,1,100001,110080040,1,2,3850,2310,1820,11008_0040_00,11008_0040_01,1,,,0,0,0,0,Fully Prepared!,1
110090039,2009,たくさんめしあがれ,2,200001,110090039,1,2,1880,2150,3960,11009_0039_00,11009_0039_01,1,,,0,0,0,0,Eat Up!,1
140170005,5017,九条聖来,3,300001,140170005,1,2,740,2190,640,14017_0005_00,14017_0005_01,1,,,0,0,0,0,Seira Kujo,1
100040095,1004,イースターバニー,3,300002,100040095,2,3,4000,4820,3360,10004_0095_00,10004_0095_01,2,,,0,0,0,0,Easter Bunny,1
100090099,1009,もこもこうさぎにこ,2,200002,100090099,2,3,3270,4090,4810,10009_0099_00,10009_0099_01,2,,,0,0,0,0,Fluffy Bunny Nico,1
100010101,1001,力を合わせて,2,200004,100010101,3,4,4580,3980,5340,10001_0101_00,10001_0101_01,3,,,0,0,0,0,Joining Forces,1
100030096,1003,私たちの絆,3,300004,100030096,3,4,4160,5280,4380,10003_0096_00,10003_0096_01,3,,,0,0,0,0,Our Bond,1
100040096,1004,振り回されたいの,1,100004,100040096,3,4,5280,4400,4140,10004_0096_00,10004_0096_01,3,,,0,0,0,0,I Want to Be Led,1
100020096,1002,ハートの女王,2,200002,100020096,2,3,3080,4340,4950,10002_0096_00,10002_0096_01,2,,,0,0,0,0,Queen of Hearts,1
100070095,1007,占わなくても,3,300002,100070095,2,3,3080,4910,4300,10007_0095_00,10007_0095_01,2,,,0,0,0,0,No Prediction Needed,1
100080098,1008,舞台挨拶ぅぅ！？,1,100009,100080098,3,4,5350,3880,4720,10008_0098_00,10008_0098_01,3,,,0,0,0,0,Do the Intro?!,1
140410005,5041,月島結架,2,200001,140410005,1,2,540,770,1860,14041_0005_00,14041_0005_01,1,,,0,0,0,0,Yuka Tsukishima,1
110010041,2001,居眠りチェック,2,200002,110010041,2,3,4260,3110,4930,11001_0041_00,11001_0041_01,2,,,0,0,0,0,Nap Check,1
110090040,2009,臨時授業,3,300002,110090040,2,3,3150,4970,4250,11009_0040_00,11009_0040_01,2,,,0,0,0,0,Special Tutoring,1
110060041,2006,知識の雫,1,100014,110060041,2,3,5170,4420,3360,11006_0041_00,11006_0041_01,2,,,0,0,0,0,Droplet of Knowledge,1
110080041,2008,ティーチャー☆マリー,2,200003,110080041,3,4,4540,4010,5350,11008_0041_00,11008_0041_01,3,,,0,0,0,0,Teacher Mari,1
100060098,1006,牡羊座の女神,3,300003,100060098,3,4,4100,5330,4480,10006_0098_00,10006_0098_01,3,,,0,0,0,0,Ram Goddess,1
140510005,5051,イザベラ,2,200001,140510005,1,2,730,520,2310,14051_0005_00,14051_0005_01,1,,,0,0,0,0,Isabella,1
110040042,2004,ダイヤの手紙指南,3,300002,110040042,2,3,3560,4820,3800,11004_0042_00,11004_0042_01,2,,,0,0,0,0,Dia's Letter Editing,1
110060042,2006,想いを募らせて,1,100002,110060042,2,3,4690,3530,3940,11006_0042_00,11006_0042_01,2,,,0,0,0,0,With Strong Feelings,1
110060043,2006,ヨハネと契約,1,100004,110060043,3,4,5290,4400,4130,11006_0043_00,11006_0043_01,3,,,0,0,0,0,A Pact with Yohane,1
110070041,2007,広がる未来,2,200004,110070041,3,4,4380,4160,5280,11007_0041_00,11007_0041_01,3,,,0,0,0,0,Expanding Future,1
110090041,2009,みんな大好き,3,300004,110090041,3,4,3870,5300,4720,11009_0041_00,11009_0041_01,3,,,0,0,0,0,I Love Everyone!,1
100030097,1003,うさぎの行方,2,200002,100030097,2,3,3070,4350,4960,10003_0097_00,10003_0097_01,2,,,0,0,0,0,The Rabbit's Path,1
100040097,1004,９人のアリス！？,3,300010,100040097,2,3,3470,5130,4350,10004_0097_00,10004_0097_01,2,,,0,0,0,0,Nine Alices?!,1
140770003,5077,進化するために,2,200002,140770003,2,3,3650,3820,4700,14077_0003_00,14077_0003_01,2,,,0,0,0,0,To Keep Evolving,1
140780003,5078,私達だけが出来ること,2,200002,140780003,2,3,3650,3820,4700,14078_0003_00,14078_0003_01,2,,,0,0,0,0,Like Only We Can,1
120060005,3006,近江彼方,2,200001,120060005,1,2,710,630,2260,12006_0005_00,12006_0005_01,1,,,0,0,0,0,Kanata Konoe,1
110010042,2001,オズにお願い☆,1,100002,110010042,2,3,4970,4380,3020,11001_0042_00,11001_0042_01,2,,,0,0,0,0,Ask the Great Oz!,1
110060044,2006,黒きいばら,3,300002,110060044,2,3,3090,4970,4320,11006_0044_00,11006_0044_01,2,,,0,0,0,0,Black Briars,1
110090042,2009,物語が降る夜,2,200002,110090042,2,3,3090,4280,4930,11009_0042_00,11009_0042_01,2,,,0,0,0,0,Night of 1001 Tales,1
110030042,2003,運命を握る髪,3,300013,110030042,2,3,3410,5130,4410,11003_0042_00,11003_0042_01,2,,,0,0,0,0,Hair of Destiny,1
110020042,2002,りんごの誘惑,2,200014,110020042,3,4,4170,4390,5330,11002_0042_00,11002_0042_01,3,,,0,0,0,0,The Apple's Allure,1
110010043,2001,みんなのファン,1,100002,110010043,2,3,4810,3960,3470,11001_0043_00,11001_0043_01,2,,,0,0,0,0,Fan of Everyone,1
110050043,2005,函館港ロマンス,1,100002,110050043,2,3,4800,3410,3970,11005_0043_00,11005_0043_01,2,,,0,0,0,0,Hakodate Romance,1
110090043,2009,秘密の差し入れ,1,100002,110090043,2,3,4770,3410,3980,11009_0043_00,11009_0043_01,2,,,0,0,0,0,Secret Surprise,1
110060045,2006,真・極上堕天使の応援,3,300006,110060045,2,3,4330,4920,3030,11006_0045_00,11006_0045_01,2,,,0,0,0,0,Ultra Demon Support,1
120040001,3004,朝香果林,3,300002,120040001,2,3,3990,4490,3660,12004_0001_00,12004_0001_01,2,,,0,0,0,0,Karin Asaka,1
120060006,3006,近江彼方,1,100002,120060006,2,3,4560,3990,3630,12006_0006_00,12006_0006_01,2,,,0,0,0,0,Kanata Konoe,1
120080006,3008,エマ・ヴェルデ,2,200002,120080006,2,3,3670,3950,4600,12008_0006_00,12008_0006_01,2,,,0,0,0,0,Emma Verde,1
100060099,1006,感性の違い,2,200002,100060099,2,3,4140,3260,4760,10006_0099_00,10006_0099_01,2,,,0,0,0,0,Different Viewpoints,1
100080099,1008,絶対おいしい！,3,300002,100080099,2,3,4090,4810,3270,10008_0099_00,10008_0099_01,2,,,0,0,0,0,Guaranteed Delicious!,1
100020097,1002,引き寄せられて,1,100004,100020097,3,4,5310,4690,3890,10002_0097_00,10002_0097_01,3,,,0,0,0,0,Pulled Along,1
100070096,1007,大好きな仲間,3,300004,100070096,3,4,4130,5270,4420,10007_0096_00,10007_0096_01,3,,,0,0,0,0,My Dear Friends,1
100090100,1009,素直になれたら,2,200004,100090100,3,4,4740,3850,5320,10009_0100_00,10009_0100_01,3,,,0,0,0,0,If I Could Be Honest,1
100010102,1001,あなたの分も☆,1,100002,100010102,2,3,4920,4330,3050,10001_0102_00,10001_0102_01,2,,,0,0,0,0,"One for You, Too!",1
100050097,1005,凛の悩み,2,200010,100050097,3,4,4470,4100,5340,10005_0097_00,10005_0097_01,3,,,0,0,0,0,Rin's Worry,1
110070042,2007,0時の鐘が鳴る前に,2,200002,110070042,2,3,4260,3160,4960,11007_0042_00,11007_0042_01,2,,,0,0,0,0,Before Midnight,1
110080042,2008,魔法が解けたら,1,100002,110080042,2,3,4970,4340,3060,11008_0042_00,11008_0042_01,2,,,0,0,0,0,The Spell is Broken,1
110050044,2005,手乗りサイズ☆,3,300002,110050044,2,3,3430,5170,4350,11005_0044_00,11005_0044_01,2,,,0,0,0,0,Palm-Sized,1
110040043,2004,狼にご用心,1,100013,110040043,3,4,5360,4570,3970,11004_0043_00,11004_0043_01,3,,,0,0,0,0,Wolf Wariness,1
110030043,2003,夢の舞台,2,200002,110030043,2,3,3910,3590,4660,11003_0043_00,11003_0043_01,2,,,0,0,0,0,Stage of Dreams,1
110040044,2004,個人的なこと,2,200002,110040044,2,3,3470,3970,4800,11004_0044_00,11004_0044_01,2,,,0,0,0,0,Something Personal,1
110070043,2007,夜景をあなたと,2,200002,110070043,2,3,3980,3420,4780,11007_0043_00,11007_0043_01,2,,,0,0,0,0,Nighttime Scenery,1
120030007,3003,桜坂しずく,3,300001,120030007,2,3,2960,4170,3920,12003_0007_00,12003_0007_01,2,,,0,0,0,0,Shizuku Osaka,1
140080006,5008,クリスティーナ,2,200001,140080006,2,3,3930,2970,4190,14008_0006_00,14008_0006_01,2,,,0,0,0,0,Christina,1
110010044,2001,ありがとうの一冊,3,300002,110010044,2,3,3340,4800,4040,11001_0044_00,11001_0044_01,2,,,0,0,0,0,Book of Thanks,1
110020043,2002,花のように,1,100002,110020043,2,3,4770,3260,4130,11002_0043_00,11002_0043_01,2,,,0,0,0,0,Like a Flower,1
110010045,2001,熱くなっちゃう,2,200004,110010045,3,4,4500,4100,5310,11001_0045_00,11001_0045_01,3,,,0,0,0,0,I'm Fired Up!,1
110020044,2002,夢中になれること,1,100004,110020044,3,4,5320,4740,3850,11002_0044_00,11002_0044_01,3,,,0,0,0,0,Getting Immersed,1
110050045,2005,元気の源,3,300004,110050045,3,4,4120,5270,4430,11005_0045_00,11005_0045_01,3,,,0,0,0,0,Fountain of Energy,1
100060100,1006,結束力アップ☆,3,300002,100060100,2,3,4220,4890,3170,10006_0100_00,10006_0100_01,2,,,0,0,0,0,More Unified,1
100090101,1009,にこの役は,1,100011,100090101,2,3,5170,3380,4400,10009_0101_00,10009_0101_01,2,,,0,0,0,0,Nico's Role,1
110010046,2001,食べる愛,3,300002,110010046,2,3,4330,4930,3040,11001_0046_00,11001_0046_01,2,,,0,0,0,0,Gluttonous Heart,1
110080043,2008,広がる幸せ,2,200002,110080043,2,3,4220,3180,4880,11008_0043_00,11008_0043_01,2,,,0,0,0,0,Expansive Happiness,1
110090044,2009,小さな約束,1,100002,110090044,2,3,4980,3070,4330,11009_0044_00,11009_0044_01,2,,,0,0,0,0,A Small Promise,1
110070044,2007,祝福の歌,2,200013,110070044,2,3,4370,3410,5170,11007_0044_00,11007_0044_01,2,,,0,0,0,0,Blessed Song,1
110050046,2005,花嫁カウントダウン,1,100012,110050046,3,4,5340,4050,4520,11005_0046_00,11005_0046_01,3,,,0,0,0,0,Bridal Countdown,1
110020045,2002,大人の階段,3,300002,110020045,2,3,3650,4700,3820,11002_0045_00,11002_0045_01,2,,,0,0,0,0,Steps to Adulthood,1
110060046,2006,空飛ぶ漆黒の翼,3,300002,110060046,2,3,3470,4800,3970,11006_0046_00,11006_0046_01,2,,,0,0,0,0,Soaring Ebony Wings,1
110080044,2008,ギルティなのは誰？,3,300002,110080044,2,3,3980,4780,3420,11008_0044_00,11008_0044_01,2,,,0,0,0,0,Who's Guilty?,1
100090102,1009,応援するにこっ☆,1,100005,100090102,2,3,4920,4330,3030,10009_0102_00,10009_0102_01,2,,,0,0,0,0,Cheering Nico,1
100010103,1001,ロックな穂乃果☆,2,200002,100010103,2,3,3380,3990,4810,10001_0103_00,10001_0103_01,2,,,0,0,0,0,Honoka the Rock Star,1
100040098,1004,ロックだぜ〜！！,1,100002,100040098,2,3,4760,3500,3910,10004_0098_00,10004_0098_01,2,,,0,0,0,0,Rock Out,1
140310006,5031,設楽ふみ,2,200001,140310006,2,3,2980,3940,4210,14031_0006_00,14031_0006_01,2,,,0,0,0,0,Fumi Shitara,1
140360006,5036,福原命,1,100001,140360006,2,3,4160,3920,2950,14036_0006_00,14036_0006_01,2,,,0,0,0,0,Mikoto Fukuhara,1
100070097,1007,双子座の女神,2,200003,100070097,3,4,4110,4470,5330,10007_0097_00,10007_0097_01,3,,,0,0,0,0,Twin Goddess,1
100040099,1004,みんなのを参考に,2,200002,100040099,2,3,3100,4280,4920,10004_0099_00,10004_0099_01,2,,,0,0,0,0,Reference Material,1
100080100,1008,花陽らしい呪文,3,300002,100080100,2,3,3100,4970,4310,10008_0100_00,10008_0100_01,2,,,0,0,0,0,A Spell Suited to Me,1
100020098,1002,亜里沙のイタズラ？,2,200011,100020098,3,4,3960,4610,5380,10002_0098_00,10002_0098_01,3,,,0,0,0,0,Alisa's Prank?,1
110040045,2004,挙式スタイル,1,100002,110040045,2,3,4930,4320,3050,11004_0045_00,11004_0045_01,2,,,0,0,0,0,My Ceremony,1
110060047,2006,黒き翼の花嫁,2,200002,110060047,2,3,3110,4290,4980,11006_0047_00,11006_0047_01,2,,,0,0,0,0,Black-Winged Bride,1
110020046,2002,ウエディングソング,3,300014,110020046,2,3,4250,5090,3520,11002_0046_00,11002_0046_01,2,,,0,0,0,0,Wedding Ring,1
110030044,2003,ring finger,3,300003,110030044,3,4,4100,5320,4490,11003_0044_00,11003_0044_01,3,,,0,0,0,0,Ring Finger,1
110030045,2003,スピード勝負！,3,300002,110030045,2,3,3860,4770,3540,11003_0045_00,11003_0045_01,2,,,0,0,0,0,Speed Battle!,1
110090045,2009,カードめくり,2,200002,110090045,2,3,3880,3610,4670,11009_0045_00,11009_0045_01,2,,,0,0,0,0,Flipping Cards,1
140200006,5020,田中さち子,3,300001,140200006,2,3,3940,4220,2990,14020_0006_00,14020_0006_01,2,,,0,0,0,0,Sachiko Tanaka,1
140510006,5051,イザベラ,3,300001,140510006,2,3,3930,4210,2970,14051_0006_00,14051_0006_01,2,,,0,0,0,0,Isabella,1
110010047,2001,まっすぐ一直線,2,200006,110010047,2,3,3040,4350,4980,11001_0047_00,11001_0047_01,2,,,0,0,0,0,Straight Ahead,1
110020047,2002,歌いたい気持ち,1,100006,110020047,2,3,4930,3030,4330,11002_0047_00,11002_0047_01,2,,,0,0,0,0,The Need to Sing,1
110030046,2003,スタートダッシュ,3,300006,110030046,2,3,4330,4920,3030,11003_0046_00,11003_0046_01,2,,,0,0,0,0,A Running Start,1
110040046,2004,気力と体力,1,100006,110040046,2,3,4980,3040,4350,11004_0046_00,11004_0046_01,2,,,0,0,0,0,Drive and Stamina,1
110050047,2005,笑顔をみんなに,3,300006,110050047,2,3,4360,4980,3040,11005_0047_00,11005_0047_01,2,,,0,0,0,0,A Smile on Every Face,1
110060048,2006,究極堕天,1,100006,110060048,2,3,4990,3030,4360,11006_0048_00,11006_0048_01,2,,,0,0,0,0,Ultimate Fall,1
110070045,2007,マルらしく,2,200006,110070045,2,3,3030,4330,4940,11007_0045_00,11007_0045_01,2,,,0,0,0,0,Hanamaru Style,1
110080045,2008,ハッピーツアー,2,200006,110080045,2,3,3040,4360,4980,11008_0045_00,11008_0045_01,2,,,0,0,0,0,Happy Tour,1
110090046,2009,笑顔を運んで,3,300006,110090046,2,3,4350,4980,3040,11009_0046_00,11009_0046_01,2,,,0,0,0,0,Bringing Smiles,1
100090103,1009,ゼリービーンズ,3,300002,100090103,2,3,4380,4980,3010,10009_0103_00,10009_0103_01,2,,,0,0,0,0,Jelly Beans,1
100050098,1005,魔法が使えたら,1,100005,100050098,2,3,5110,4340,3500,10005_0098_00,10005_0098_01,2,,,0,0,0,0,If I Could Use Magic,1
110020048,2002,人魚の涙,2,200002,110020048,2,3,3200,4210,4960,11002_0048_00,11002_0048_01,2,,,0,0,0,0,Mermaid Tears,1
110030047,2003,神秘の海,1,100002,110030047,2,3,4930,3020,4350,11003_0047_00,11003_0047_01,2,,,0,0,0,0,The Mysterious Sea,1
110060049,2006,魅惑の人魚姫,1,100002,110060049,2,3,4970,4130,3280,11006_0049_00,11006_0049_01,2,,,0,0,0,0,Enchanting Mermaid,1
110040047,2004,海が呼ぶ,3,300002,110040047,2,3,4340,5170,3440,11004_0047_00,11004_0047_01,2,,,0,0,0,0,Call of the Sea,1
110070046,2007,色褪せぬ美しさ,2,200003,110070046,3,4,4530,4070,5310,11007_0046_00,11007_0046_01,3,,,0,0,0,0,Unfading Beauty,1
120070002,3007,キラキラを届けたくて,3,300007,120070002,2,3,3030,4920,4330,12007_0002_00,12007_0002_01,2,,,0,0,0,0,I Want to Shine,1
100020099,1002,虹の妖精エリーチカ,1,100002,100020099,2,3,4680,3440,4040,10002_0099_00,10002_0099_01,2,,,0,0,0,0,Rainbow Fairy Eli,1
100050099,1005,可愛い水着,3,300002,100050099,2,3,3570,4670,3920,10005_0099_00,10005_0099_01,2,,,0,0,0,0,Cute Swimsuit!,1
140120006,5012,御堂優理,3,300001,140120006,2,3,3940,4230,3000,14012_0006_00,14012_0006_01,2,,,0,0,0,0,Yuri Mido,1
140250006,5025,白木凪,2,200001,140250006,2,3,2960,3920,4190,14025_0006_00,14025_0006_01,2,,,0,0,0,0,Nagi Shiraki,1
100060101,1006,好きだから,1,100002,100060101,2,3,4910,4270,3120,10006_0101_00,10006_0101_01,2,,,0,0,0,0,Because I Enjoy It,1
100010104,1001,ライスフルーツ！？,3,300009,100010104,3,4,4590,5360,3950,10001_0104_00,10001_0104_01,3,,,0,0,0,0,Rice Fruit?!,1
110050048,2005,海のロマン,3,300002,110050048,2,3,3090,4970,4310,11005_0048_00,11005_0048_01,2,,,0,0,0,0,Ocean Romance,1
110090047,2009,恋する人魚,3,300002,110090047,2,3,3090,4970,4320,11009_0047_00,11009_0047_01,2,,,0,0,0,0,Mermaid in Love,1
110080046,2008,マーメイドボイス,1,100006,110080046,2,3,5100,4320,3530,11008_0046_00,11008_0046_01,2,,,0,0,0,0,Mermaid's Voice,1
110010048,2001,オレンジマーメイド,2,200012,110010048,3,4,4570,4000,5320,11001_0048_00,11001_0048_01,3,,,0,0,0,0,Orange Mermaid,1
110020049,2002,コンビニに愛を込めて,1,100001,110020049,3,4,4890,4790,3180,11002_0049_00,11002_0049_01,3,,,0,0,0,0,Love of Convenience,1
110060050,2006,堕天使の願い,2,200002,110060050,2,3,3920,3570,4670,11006_0050_00,11006_0050_01,2,,,0,0,0,0,Fallen Angel's Wish,1
110070047,2007,秘密のままで,1,100002,110070047,2,3,4780,4070,3330,11007_0047_00,11007_0047_01,2,,,0,0,0,0,Keeping It a Secret,1
140380006,5038,志賀仁美,3,300001,140380006,2,3,3930,4160,2940,14038_0006_00,14038_0006_01,2,,,0,0,0,0,Hitomi Shiga,1
140490006,5049,白瀬小雪,2,200001,140490006,2,3,2960,3940,4190,14049_0006_00,14049_0006_01,2,,,0,0,0,0,Koyuki Shirase,1
100090104,1009,蟹座の女神,1,100003,100090104,3,4,5330,4110,4470,10009_0104_00,10009_0104_01,3,,,0,0,0,0,Crab Goddess,1
100070098,1007,玄人の食べ方！？,1,100002,100070098,2,3,4980,3120,4270,10007_0098_00,10007_0098_01,2,,,0,0,0,0,How the Pros Eat?!,1
100030098,1003,魔法のお菓子？,2,200005,100030098,2,3,4320,3450,5180,10003_0098_00,10003_0098_01,2,,,0,0,0,0,Magic Treat?!,1
110030048,2003,一緒に踊らない？,2,200002,110030048,2,3,3200,4190,4990,11003_0048_00,11003_0048_01,2,,,0,0,0,0,Dance with Me,1
110060051,2006,夏を謳歌するのよ！,3,300002,110060051,2,3,4320,4920,3060,11006_0051_00,11006_0051_01,2,,,0,0,0,0,Enjoying Summer!,1
110010049,2001,たくさん飲んでね！,1,100012,110010049,2,3,5140,3380,4430,11001_0049_00,11001_0049_01,2,,,0,0,0,0,Drink Up!,1
110090048,2009,お花がポイント,3,300003,110090048,3,4,4090,5350,4460,11009_0048_00,11009_0048_01,3,,,0,0,0,0,A Flower to Accent,1
110010050,2001,花言葉は常に前進！,1,100001,110010050,3,4,4890,4790,3180,11001_0050_00,11001_0050_01,3,,,0,0,0,0,Always Moving Forward,1
100010105,1001,獅子座の女神,1,100003,100010105,3,4,5330,4110,4470,10001_0105_00,10001_0105_01,3,,,0,0,0,0,Lion Goddess,1
100010106,1001,憧れの花束,1,100001,100010106,3,4,4880,3750,4210,10001_0106_00,10001_0106_01,3,,,0,0,0,0,Long-Admired Bouquet,1
100030099,1003,一緒に初めて体験,3,300002,100030099,2,3,4070,4780,3330,10003_0099_00,10003_0099_01,2,,,0,0,0,0,Trying It Together,1
100070099,1007,初めての体験,1,100002,100070099,2,3,4750,3880,3540,10007_0099_00,10007_0099_01,2,,,0,0,0,0,My First Try,1
140260006,5026,藤城悠弓,3,300001,140260006,2,3,3940,4250,3000,14026_0006_00,14026_0006_01,2,,,0,0,0,0,Yumi Fujishiro,1
140530006,5053,ジェニファー,1,100001,140530006,2,3,4190,3940,2960,14053_0006_00,14053_0006_01,2,,,0,0,0,0,Jennifer,1
110010051,2001,FUJIYAMA・TOP！,1,100006,110010051,2,3,4920,4330,3030,11001_0051_00,11001_0051_01,2,,,0,0,0,0,The Top of Fujiyama!,1
110020050,2002,みんなのティータイム,3,300006,110020050,2,3,3040,4980,4360,11002_0050_00,11002_0050_01,2,,,0,0,0,0,It's Tea Time!,1
110030049,2003,クール・ダイブ,2,200006,110030049,2,3,4360,3040,4980,11003_0049_00,11003_0049_01,2,,,0,0,0,0,Cool Dive,1
110040048,2004,高飛車への挑戦,3,300006,110040048,2,3,3030,4940,4330,11004_0048_00,11004_0048_01,2,,,0,0,0,0,Braving the Takabisha,1
110050049,2005,どどーんと行くよ！,2,200006,110050049,2,3,4350,3040,4980,11005_0049_00,11005_0049_01,2,,,0,0,0,0,Ready to Launch!,1
110060052,2006,堕天使ええじゃないか,3,300006,110060052,2,3,3040,4980,4350,11006_0052_00,11006_0052_01,2,,,0,0,0,0,Fallin' Angel,1
110070048,2007,未来への飛行,1,100006,110070048,2,3,4980,4360,3040,11007_0048_00,11007_0048_01,2,,,0,0,0,0,Airway to the Future,1
110080047,2008,シャイニーメリー,1,100006,110080047,2,3,4980,3040,4350,11008_0047_00,11008_0047_01,2,,,0,0,0,0,Shiny and Merry,1
110090049,2009,青空サイクリング,2,200006,110090049,2,3,4330,3030,4930,11009_0049_00,11009_0049_01,2,,,0,0,0,0,Blue Sky Cycling,1
100050100,1005,スナックパイン♪,1,100002,100050100,2,3,4990,4300,3090,10005_0100_00,10005_0100_01,2,,,0,0,0,0,Snack Pineapple,1
100070100,1007,フルーツ狩り,2,200002,100070100,2,3,3180,4210,4890,10007_0100_00,10007_0100_01,2,,,0,0,0,0,Fruit Hunter,1
100060102,1006,フルーツティー,1,100011,100060102,3,4,5350,4490,4070,10006_0102_00,10006_0102_01,3,,,0,0,0,0,Fruit Tea,1
110020051,2002,バカンス満喫,1,100002,110020051,2,3,4930,4300,3070,11002_0051_00,11002_0051_01,2,,,0,0,0,0,Enjoying Vacation,1
110040049,2004,ペアルック,2,200002,110040049,2,3,3130,4260,4980,11004_0049_00,11004_0049_01,2,,,0,0,0,0,Matching Outfits,1
110050050,2005,南国パラダイス♪,2,200002,110050050,2,3,3200,4200,4980,11005_0050_00,11005_0050_01,2,,,0,0,0,0,Island Paradise,1
110070049,2007,フワフワトッピング,1,100013,110070049,2,3,5140,4420,3390,11007_0049_00,11007_0049_01,2,,,0,0,0,0,Fluffy Toppings,1
110080048,2008,フルーツカーニバル♪,3,300003,110080048,3,4,4660,5370,3920,11008_0048_00,11008_0048_01,3,,,0,0,0,0,Carnival of Fruits,1
110050051,2005,祭りの蝶,1,100002,110050051,2,3,4690,3960,3510,11005_0051_00,11005_0051_01,2,,,0,0,0,0,Festival Butterfly,1
110080049,2008,夏の誘い,2,200002,110080049,2,3,3400,3960,4820,11008_0049_00,11008_0049_01,2,,,0,0,0,0,Summer Invitation,1
140020006,5002,宮下ココ,2,200001,140020006,2,3,2960,3920,4170,14002_0006_00,14002_0006_01,2,,,0,0,0,0,Coco Miyashita,1
140130006,5013,佐伯麗音,1,100001,140130006,2,3,4250,3000,3940,14013_0006_00,14013_0006_01,2,,,0,0,0,0,Reine Saeki,1
100030100,1003,信じてあげる♪,2,200002,100030100,2,3,4300,3080,4920,10003_0100_00,10003_0100_01,2,,,0,0,0,0,I'll Trust You,1
100020100,1002,リンゴdeスイーツ,3,300002,100020100,2,3,3370,5170,4410,10002_0100_00,10002_0100_01,2,,,0,0,0,0,Sweets d'Apples,1
110010052,2001,伝説のみかん饅頭,2,200002,110010052,2,3,4250,3150,4880,11001_0052_00,11001_0052_01,2,,,0,0,0,0,Legendary Orange Bun,1
110070050,2007,魅惑だらけの中華街,1,100002,110070050,2,3,4960,3100,4310,11007_0050_00,11007_0050_01,2,,,0,0,0,0,Charming Chinatown,1
110080050,2008,素敵な時間を,3,300002,110080050,2,3,4190,4980,3210,11008_0050_00,11008_0050_01,2,,,0,0,0,0,A Wonderful Time,1
110090050,2009,憧れの衣装,2,200006,110090050,2,3,4410,3370,5170,11009_0050_00,11009_0050_01,2,,,0,0,0,0,Beloved Costume,1
110060053,2006,煉獄の紅焔への降臨,1,100014,110060053,3,4,5320,4420,4170,11006_0053_00,11006_0053_01,3,,,0,0,0,0,Flames of Purgatory,1
110010053,2001,飛び込め夏の輪！,3,300006,110010053,2,3,3040,4980,4350,11001_0053_00,11001_0053_01,2,,,0,0,0,0,Jump Into the Dance!,1
110020052,2002,踊らにゃそんそん,2,200006,110020052,2,3,4330,3030,4940,11002_0052_00,11002_0052_01,2,,,0,0,0,0,So Just Dance!,1
110030050,2003,百発百中ガンガール,1,100006,110030050,2,3,4930,4330,3030,11003_0050_00,11003_0050_01,2,,,0,0,0,0,Ace Gun Gal,1
110040050,2004,迷子にならないように,2,200006,110040050,2,3,4350,3040,4980,11004_0050_00,11004_0050_01,2,,,0,0,0,0,No Getting Lost,1
110050052,2005,ラムネでカンパイ！,1,100006,110050052,2,3,4980,4360,3040,11005_0052_00,11005_0052_01,2,,,0,0,0,0,Toast with Ramune!,1
110060054,2006,水ヨーヨー、意気揚々,2,200006,110060054,2,3,4360,3040,4980,11006_0054_00,11006_0054_01,2,,,0,0,0,0,Water Yo-Yo Champ,1
110070051,2007,屋台巡りは幸せ巡り,3,300006,110070051,2,3,3030,4920,4330,11007_0051_00,11007_0051_01,2,,,0,0,0,0,Stall Tour of Bliss,1
110080051,2008,夏の夜はイチゴ味,3,300006,110080051,2,3,3040,4980,4360,11008_0051_00,11008_0051_01,2,,,0,0,0,0,Strawberry Nights,1
110090051,2009,わたしの金魚さん,1,100006,110090051,2,3,4980,4350,3040,11009_0051_00,11009_0051_01,2,,,0,0,0,0,My Little Goldfish,1
100050101,1005,お手本になるにゃ♪,1,100001,100050101,3,4,4890,3170,4800,10005_0101_00,10005_0101_01,3,,,0,0,0,0,Watch and Learn!,1
100060103,1006,最高のパートナー,1,100002,100060103,2,3,4800,3340,4040,10006_0103_00,10006_0103_01,2,,,0,0,0,0,Best Partner Ever,1
100090105,1009,華麗に解決,3,300002,100090105,2,3,3400,4720,4040,10009_0105_00,10009_0105_01,2,,,0,0,0,0,Sublime Sleuthing,1
140370006,5037,坂巻千鶴子,2,200001,140370006,2,3,3920,2950,4160,14037_0006_00,14037_0006_01,2,,,0,0,0,0,Chiduko Sakamaki,1
140450006,5045,レベッカ,3,300001,140450006,2,3,3930,4210,2970,14045_0006_00,14045_0006_01,2,,,0,0,0,0,Rebecca,1
110070052,2007,ゲームに囲まれて,1,100001,110070052,3,4,4890,3180,4790,11007_0052_00,11007_0052_01,3,,,0,0,0,0,Surrounded by Games,1
100040100,1004,体調管理に最適☆,1,100002,100040100,2,3,4970,4060,3350,10004_0100_00,10004_0100_01,2,,,0,0,0,0,A Super Superfood!,1
100090106,1009,スイカケーキ？,3,300003,100090106,3,4,4490,5310,4110,10009_0106_00,10009_0106_01,3,,,0,0,0,0,Watermelon Cake?,1
100030101,1003,乙女座の女神,2,200003,100030101,3,4,4470,4110,5330,10003_0101_00,10003_0101_01,3,,,0,0,0,0,Maiden Goddess,1
100030102,1003,あなたのためのドレス,2,200001,100030102,3,4,4790,3180,4890,10003_0102_00,10003_0102_01,3,,,0,0,0,0,A Dress Just for You,1
110040051,2004,惹き寄せられる秘密,1,100002,110040051,2,3,4970,4330,3080,11004_0051_00,11004_0051_01,2,,,0,0,0,0,An Enticing Secret,1
110050053,2005,ニーハオー♪,3,300002,110050053,2,3,3190,4910,4200,11005_0053_00,11005_0053_01,2,,,0,0,0,0,Ni Hao!,1
110030051,2003,いってきますのハグ,2,200002,110030051,2,3,3410,4400,5140,11003_0051_00,11003_0051_01,2,,,0,0,0,0,Goodbye Hug,1
110020053,2002,中華街アテンダント,3,300003,110020053,3,4,4120,5320,4460,11002_0053_00,11002_0053_01,3,,,0,0,0,0,Chinatown Attendant,1
110020054,2002,あなたとの相性占い,3,300001,110020054,3,4,3750,4880,4210,11002_0054_00,11002_0054_01,3,,,0,0,0,0,Our Compatibility,1
110010054,2001,月の花,1,100002,110010054,2,3,4630,4110,3420,11001_0054_00,11001_0054_01,2,,,0,0,0,0,Moon Flower,1
110090052,2009,天上の光,3,300002,110090052,2,3,4000,4800,3380,11009_0052_00,11009_0052_01,2,,,0,0,0,0,Heavenly Light,1
140190006,5019,下園咲,2,200001,140190006,2,3,3930,2970,4190,14019_0006_00,14019_0006_01,2,,,0,0,0,0,Saki Shimozono,1
140340006,5034,桐原優香,2,200001,140340006,2,3,3000,3940,4230,14034_0006_00,14034_0006_01,2,,,0,0,0,0,Yuuka Kirihara,1
110090053,2009,次までがんばルビィ♪,2,200001,110090053,3,4,4210,3750,4880,11009_0053_00,11009_0053_01,3,,,0,0,0,0,Another Rubesty Year,1
100010107,1001,おいしいマンゴー☆,3,300002,100010107,2,3,4330,4890,3060,10001_0107_00,10001_0107_01,2,,,0,0,0,0,Delicious Mangoes,1
100080101,1008,この輝き……っ！,2,200002,100080101,2,3,3430,4350,5170,10008_0101_00,10008_0101_01,2,,,0,0,0,0,This Glimmer...!,1
110020055,2002,素敵な気持ち,3,300002,110020055,2,3,3900,4970,3510,11002_0055_00,11002_0055_01,2,,,0,0,0,0,Wonderful Feelings,1
110030052,2003,代わってあげるよ♪,2,200002,110030052,2,3,4380,3050,4940,11003_0052_00,11003_0052_01,2,,,0,0,0,0,I'll Switch With You,1
110080052,2008,Aqours神話,1,100002,110080052,2,3,4920,3180,4190,11008_0052_00,11008_0052_01,2,,,0,0,0,0,The Myth of Aqours,1
110060055,2006,銀河を統べる者,3,300014,110060055,2,3,4290,5100,3470,11006_0055_00,11006_0055_01,2,,,0,0,0,0,Ruler of the Galaxy,1
110070053,2007,星座になっても一緒♪,1,100013,110070053,3,4,5340,4130,4440,11007_0053_00,11007_0053_01,3,,,0,0,0,0,Stars Tied Together,1
110010055,2001,ハッピーサンデー,1,100012,110010055,2,3,4930,3030,4330,11001_0055_00,11001_0055_01,2,,,0,0,0,0,Happy Sunday,1
100050102,1005,あなたを食べちゃうぞ,1,100002,100050102,2,3,4690,4010,3460,10005_0102_00,10005_0102_01,2,,,0,0,0,0,I'm Gonna Eat You,1
100080102,1008,トリックオアおにぎり,2,200002,100080102,2,3,3880,3610,4670,10008_0102_00,10008_0102_01,2,,,0,0,0,0,Trick or Rice Ball,1
140050006,5005,結城紗菜,2,200001,140050006,2,3,2940,3920,4150,14005_0006_00,14005_0006_01,2,,,0,0,0,0,Sana Yuki,1
140110006,5011,杉崎亜矢,2,200001,140110006,2,3,2970,3930,4190,14011_0006_00,14011_0006_01,2,,,0,0,0,0,Aya Sugisaki,1
100010108,1001,みんなでお揃い,1,100005,100010108,2,3,4980,4360,3040,10001_0108_00,10001_0108_01,2,,,0,0,0,0,We Match!,1
100020101,1002,μ'sだから出来ること,3,300005,100020101,2,3,4360,4990,3030,10002_0101_00,10002_0101_01,2,,,0,0,0,0,μ's Empowers Me,1
100030103,1003,ことりは巫女さん,2,200005,100030103,2,3,3040,4340,4990,10003_0103_00,10003_0103_01,2,,,0,0,0,0,I'm a Shrine Maiden,1
100040101,1004,気分一新,3,300005,100040101,2,3,4340,4940,3020,10004_0101_00,10004_0101_01,2,,,0,0,0,0,Renewed Feelings,1
100050103,1005,凛の魔法,1,100005,100050103,2,3,4930,3030,4330,10005_0103_00,10005_0103_01,2,,,0,0,0,0,Rin's Magic,1
100060104,1006,大事なこと,3,300005,100060104,2,3,3040,4990,4340,10006_0104_00,10006_0104_01,2,,,0,0,0,0,What's Important,1
100070101,1007,幸運のおみくじ,2,200005,100070101,2,3,4320,3040,4920,10007_0101_00,10007_0101_01,2,,,0,0,0,0,Fortune Slip,1
100080103,1008,気配り上手,2,200005,100080103,2,3,4360,3040,4980,10008_0103_00,10008_0103_01,2,,,0,0,0,0,Expert Consideration,1
100090107,1009,射止めちゃうぞ♡,1,100005,100090107,2,3,4990,4340,3040,10009_0107_00,10009_0107_01,2,,,0,0,0,0,Hit by Cupid's Arrow,1
110050054,2005,レッツ・ゴー！,1,100012,110050054,2,3,4920,3030,4330,11005_0054_00,11005_0054_01,2,,,0,0,0,0,Let's Go!,1
100020102,1002,あったかいでしょ,3,300002,100020102,2,3,4210,4990,3180,10002_0102_00,10002_0102_01,2,,,0,0,0,0,"Nice and Warm, Right?",1
100060105,1006,いっつも一緒♪,2,200002,100060105,2,3,3090,4310,4970,10006_0105_00,10006_0105_01,2,,,0,0,0,0,Always Together!,1
100040102,1004,衣装のおかげです,2,200010,100040102,3,4,4120,4470,5320,10004_0102_00,10004_0102_01,3,,,0,0,0,0,It's the Outfit,1
110090054,2009,ルビィのお気に入り,1,100012,110090054,2,3,4940,3030,4330,11009_0054_00,11009_0054_01,2,,,0,0,0,0,Ruby's Favorite,1
110010056,2001,太陽フラッシュ,3,300002,110010056,2,3,4220,4970,3180,11001_0056_00,11001_0056_01,2,,,0,0,0,0,Flash of Sunlight,1
110090055,2009,銀河系アイドル,2,200002,110090055,2,3,4340,3060,4880,11009_0055_00,11009_0055_01,2,,,0,0,0,0,Galactic Idol,1
110050055,2005,宇宙ツアー,2,200002,110050055,2,3,3410,4400,5140,11005_0055_00,11005_0055_01,2,,,0,0,0,0,Outer Space Tour,1
110040052,2004,天体観測日和,1,100004,110040052,3,4,5350,4710,3890,11004_0052_00,11004_0052_01,3,,,0,0,0,0,Clear Skies Above,1
140720001,5072,ぷちぐるμ'sタワー,1,100002,140720001,2,3,4670,3610,3880,14072_0001_00,14072_0001_01,2,,,0,0,0,0,Puchiguru μ's Tower,1
140890001,5089,ぷちぐるAqoursタワー,2,200002,140890001,2,3,3610,3880,4670,14089_0001_00,14089_0001_01,2,,,0,0,0,0,Puchiguru Aqours Tower,1
100020103,1002,天秤座の女神,3,300003,100020103,3,4,4470,5330,4110,10002_0103_00,10002_0103_01,3,,,0,0,0,0,Balancing Goddess,1
110040053,2004,えがくひと,1,100002,110040053,2,3,4720,3690,3760,11004_0053_00,11004_0053_01,2,,,0,0,0,0,Artist,1
110080053,2008,ステージはパレット,3,300002,110080053,2,3,3580,4660,3920,11008_0053_00,11008_0053_01,2,,,0,0,0,0,"My Stage, My Palette",1
140090006,5009,菊池朱美,3,300001,140090006,2,3,3920,4190,2960,14009_0006_00,14009_0006_01,2,,,0,0,0,0,Akemi Kikuchi,1
140410006,5041,月島結架,1,100001,140410006,2,3,4190,3930,2970,14041_0006_00,14041_0006_01,2,,,0,0,0,0,Yuka Tsukishima,1
100020104,1002,仲間達への感謝,3,300001,100020104,3,4,3180,4890,4790,10002_0104_00,10002_0104_01,3,,,0,0,0,0,"Thanks, My Companions",1
100080104,1008,星と同じ輝き,1,100002,100080104,2,3,4950,3110,4310,10008_0104_00,10008_0104_01,2,,,0,0,0,0,Shine Like a Star,1
100070102,1007,あなたの守護星,2,200010,100070102,2,3,3520,4230,5100,10007_0102_00,10007_0102_01,2,,,0,0,0,0,Your Guardian Star,1
100050104,1005,蠍座の女神,1,100003,100050104,3,4,5330,4110,4470,10005_0104_00,10005_0104_01,3,,,0,0,0,0,Scorpion Goddess,1
110030053,2003,ブレーメン・ダンス,1,100002,110030053,2,3,4970,3270,4140,11003_0053_00,11003_0053_01,2,,,0,0,0,0,Bremen Dance,1
110070054,2007,みんなと一緒に,3,300002,110070054,2,3,4350,4900,3050,11007_0054_00,11007_0054_01,2,,,0,0,0,0,All Together,1
110080054,2008,甘い贈り物,2,200002,110080054,2,3,4330,3080,4960,11008_0054_00,11008_0054_01,2,,,0,0,0,0,Sweet Gift,1
110010057,2001,ランニング・ロデオ,3,300012,110010057,2,3,4420,5170,3360,11001_0057_00,11001_0057_01,2,,,0,0,0,0,Running Rodeo,1
110050056,2005,プラスワン・アレンジ,2,200003,110050056,3,4,4460,4120,5320,11005_0056_00,11005_0056_01,3,,,0,0,0,0,Rearranged,1
100050105,1005,お姫様day,1,100001,100050105,3,4,4890,4790,3180,10005_0105_00,10005_0105_01,3,,,0,0,0,0,Day as a Princess,1
100020105,1002,一番輝く星,2,200002,100020105,2,3,3900,3580,4690,10002_0105_00,10002_0105_01,2,,,0,0,0,0,The Brightest Star,1
100070103,1007,スターハント！,3,300002,100070103,2,3,4090,4810,3270,10007_0103_00,10007_0103_01,2,,,0,0,0,0,Star Hunt!,1
140400006,5040,紫藤美咲,3,300001,140400006,2,3,3920,4150,2940,14040_0006_00,14040_0006_01,2,,,0,0,0,0,Misaki Shido,1
140430006,5043,蘭花,2,200001,140430006,2,3,3940,3000,4230,14043_0006_00,14043_0006_01,2,,,0,0,0,0,Ranpha,1
100050106,1005,少しだけの息抜き,3,300002,100050106,2,3,4300,4920,3080,10005_0106_00,10005_0106_01,2,,,0,0,0,0,A Quick Breather,1
100010109,1001,満天星空,1,100005,100010109,3,4,5340,4120,4450,10001_0109_00,10001_0109_01,3,,,0,0,0,0,Star-Studded Sky,1
110020056,2002,暁と黄昏,1,100002,110020056,2,3,4960,4340,3070,11002_0056_00,11002_0056_01,2,,,0,0,0,0,Dawn and Dusk,1
110060056,2006,闇の調べ,1,100002,110060056,2,3,4880,4240,3160,11006_0056_00,11006_0056_01,2,,,0,0,0,0,Dark Tune,1
110040054,2004,キャット・プリティ,2,200002,110040054,2,3,3620,4230,5100,11004_0054_00,11004_0054_01,2,,,0,0,0,0,Pretty Cat,1
110090056,2009,夢と幸せの在処,3,300004,110090056,3,4,3990,5340,4580,11009_0056_00,11009_0056_01,3,,,0,0,0,0,A Happy Home,1
110020057,2002,天の音色,2,200002,110020057,2,3,4110,3370,4680,11002_0057_00,11002_0057_01,2,,,0,0,0,0,Heavenly Sound,1
110060057,2006,聖天使の誘い,3,300002,110060057,2,3,3990,4810,3380,11006_0057_00,11006_0057_01,2,,,0,0,0,0,Angel's Invitation,1
140180006,5018,近江遥,1,100001,140180006,2,3,4170,2960,3920,14018_0006_00,14018_0006_01,2,,,0,0,0,0,Haruka Konoe,1
140230006,5023,篠宮あきる,3,300001,140230006,2,3,3930,4190,2970,14023_0006_00,14023_0006_01,2,,,0,0,0,0,Akiru Shinomiya,1
120010002,3001,上原歩夢,2,200002,120010002,2,3,3950,3670,4600,12001_0002_00,12001_0002_01,2,,,0,0,0,0,Ayumu Uehara,1
120020002,3002,中須かすみ,2,200002,120020002,2,3,3600,4030,4530,12002_0002_00,12002_0002_01,2,,,0,0,0,0,Kasumi Nakasu,1
120030008,3003,桜坂しずく,3,300002,120030008,2,3,3630,4560,3990,12003_0008_00,12003_0008_01,2,,,0,0,0,0,Shizuku Osaka,1
120040002,3004,朝香果林,3,300002,120040002,2,3,3670,4600,3950,12004_0002_00,12004_0002_01,2,,,0,0,0,0,Karin Asaka,1
120050002,3005,宮下愛,1,100002,120050002,2,3,4560,3990,3630,12005_0002_00,12005_0002_01,2,,,0,0,0,0,Ai Miyashita,1
120060007,3006,近江彼方,1,100002,120060007,2,3,4490,3660,3990,12006_0007_00,12006_0007_01,2,,,0,0,0,0,Kanata Konoe,1
120070003,3007,優木せつ菜,3,300002,120070003,2,3,3990,4500,3660,12007_0003_00,12007_0003_01,2,,,0,0,0,0,Setsuna Yuki,1
120080007,3008,エマ・ヴェルデ,2,200002,120080007,2,3,3990,3630,4560,12008_0007_00,12008_0007_01,2,,,0,0,0,0,Emma Verde,1
120090002,3009,天王寺璃奈,1,100002,120090002,2,3,4600,3950,3670,12009_0002_00,12009_0002_01,2,,,0,0,0,0,Rina Tennoji,1
100030104,1003,幸せのおすそわけ,1,100002,100030104,2,3,4980,3100,4300,10003_0104_00,10003_0104_01,2,,,0,0,0,0,Sharing in the Joy,1
100090108,1009,ふさわしい姿,3,300011,100090108,2,3,4270,5090,3500,10009_0108_00,10009_0108_01,2,,,0,0,0,0,Perfect For Me,1
110040055,2004,白い雪の贈り物,3,300002,110040055,2,3,4030,4920,3340,11004_0055_00,11004_0055_01,2,,,0,0,0,0,A Snow-White Present,1
110050057,2005,冬のパーティー会場,2,200002,110050057,2,3,4280,3130,4960,11005_0057_00,11005_0057_01,2,,,0,0,0,0,Winter Party Venue,1
110060058,2006,堕天使、冬に降り立つ,3,300002,110060058,2,3,3140,4950,4280,11006_0058_00,11006_0058_01,2,,,0,0,0,0,Fallen Snow Angel,1
110030054,2003,海中のサンタクロース,1,100002,110030054,2,3,5080,3530,4240,11003_0054_00,11003_0054_01,2,,,0,0,0,0,Undersea Santa,1
110010058,2001,ホット・スノウ,1,100012,110010058,3,4,5360,4490,4100,11001_0058_00,11001_0058_01,3,,,0,0,0,0,Hot Snow,1
100010110,1001,冬のおたのしみ,1,100002,100010110,2,3,4670,3580,3920,10001_0110_00,10001_0110_01,2,,,0,0,0,0,The Joy of Winter,1
100040103,1004,雪のあしもと,3,300002,100040103,2,3,3470,4680,4010,10004_0103_00,10004_0103_01,2,,,0,0,0,0,Snow at My Feet,1
140030006,5003,逢沢遊宇,3,300001,140030006,2,3,3930,4190,2970,14003_0006_00,14003_0006_01,2,,,0,0,0,0,Yuu Aizawa,1
140540006,5054,マリア,3,300001,140540006,2,3,3940,4220,2990,14054_0006_00,14054_0006_01,2,,,0,0,0,0,Maria,1
110010059,2001,高海千歌,1,100002,110010059,2,3,4770,3980,3410,11001_0059_00,11001_0059_01,2,,,0,0,0,0,Chika Takami,1
110020058,2002,桜内梨子,3,300002,110020058,2,3,3470,4800,3970,11002_0058_00,11002_0058_01,2,,,0,0,0,0,Riko Sakurauchi,1
110030055,2003,松浦果南,2,200002,110030055,2,3,3970,3470,4800,11003_0055_00,11003_0055_01,2,,,0,0,0,0,Kanan Matsuura,1
110040056,2004,黒澤ダイヤ,3,300002,110040056,2,3,3820,4700,3650,11004_0056_00,11004_0056_01,2,,,0,0,0,0,Dia Kurosawa,1
110050058,2005,渡辺曜,2,200002,110050058,2,3,3420,3980,4780,11005_0058_00,11005_0058_01,2,,,0,0,0,0,You Watanabe,1
110060059,2006,津島善子,3,300002,110060059,2,3,3420,4780,3980,11006_0059_00,11006_0059_01,2,,,0,0,0,0,Yoshiko Tsushima,1
110070055,2007,国木田花丸,1,100002,110070055,2,3,4800,3470,3970,11007_0055_00,11007_0055_01,2,,,0,0,0,0,Hanamaru Kunikida,1
110080055,2008,小原鞠莉,1,100002,110080055,2,3,4780,3420,3980,11008_0055_00,11008_0055_01,2,,,0,0,0,0,Mari Ohara,1
110090057,2009,黒澤ルビィ,2,200002,110090057,2,3,3590,3910,4660,11009_0057_00,11009_0057_01,2,,,0,0,0,0,Ruby Kurosawa,1
110060060,2006,スクユニ・津島善子,2,200003,110060060,3,4,4170,4400,5300,11006_0060_00,11006_0060_01,3,,,0,0,0,0,School Unity:Yoshiko,1
110070056,2007,スクユニ・国木田花丸,3,300003,110070056,3,4,4430,5270,4120,11007_0056_00,11007_0056_01,3,,,0,0,0,0,School Unity: Hanamaru,1
110090058,2009,スクユニ・黒澤ルビィ,1,100003,110090058,3,4,5350,4100,4500,11009_0058_00,11009_0058_01,3,,,0,0,0,0,School Unity: Ruby,1
100040104,1004,お姫さまより……,1,100002,100040104,2,3,4980,4200,3190,10004_0104_00,10004_0104_01,2,,,0,0,0,0,Why Am I a Princess?,1
100070104,1007,魔導師のぞみん,3,300002,100070104,2,3,3150,4970,4260,10007_0104_00,10007_0104_01,2,,,0,0,0,0,Wizard Nozomi!,1
100030105,1003,獣使い☆ことり,2,200009,100030105,3,4,4380,4200,5310,10003_0105_00,10003_0105_01,3,,,0,0,0,0,Beastmaster Kotori!,1
110070057,2007,体も心も温めて,2,200002,110070057,2,3,4310,3070,4920,11007_0057_00,11007_0057_01,2,,,0,0,0,0,Warmed to the Core,1
110090059,2009,冬の妖精が跳ねた,1,100002,110090059,2,3,4980,3020,4370,11009_0059_00,11009_0059_01,2,,,0,0,0,0,Snow Fairy's Leap,1
110020059,2002,白銀に踊る少女の唄,2,200006,110020059,2,3,3390,4380,5180,11002_0059_00,11002_0059_01,2,,,0,0,0,0,Dancing in the Snow,1
110080056,2008,雪に愛を込めて,3,300004,110080056,3,4,4590,5340,3980,11008_0056_00,11008_0056_01,3,,,0,0,0,0,Love-Filled Snow,1
110030056,2003,優しい輝き,2,200002,110030056,2,3,3270,4090,4810,11003_0056_00,11003_0056_01,2,,,0,0,0,0,Gentle Sparkle,1
110050059,2005,聖夜前の福音,1,100002,110050059,2,3,4810,4040,3330,11005_0059_00,11005_0059_01,2,,,0,0,0,0,Holy Night Gospel,1
140070006,5007,永山みなみ,1,100001,140070006,2,3,4220,2990,3940,14007_0006_00,14007_0006_01,2,,,0,0,0,0,Minami Nagayama,1
140390006,5039,鬼崎アキラ,1,100001,140390006,2,3,4190,3930,2970,14039_0006_00,14039_0006_01,2,,,0,0,0,0,Akira Kizaki,1
110010060,2001,スクユニ・高海千歌,3,300003,110010060,3,4,4290,5280,4130,11001_0060_00,11001_0060_01,3,,,0,0,0,0,School Unity: Chika,1
110020060,2002,スクユニ・桜内梨子,2,200003,110020060,3,4,4120,4430,5270,11002_0060_00,11002_0060_01,3,,,0,0,0,0,School Unity: Riko,1
110050060,2005,スクユニ・渡辺曜,1,100003,110050060,3,4,5350,4240,4330,11005_0060_00,11005_0060_01,3,,,0,0,0,0,School Unity: You,1
100010111,1001,剣士になったよ☆,3,300002,100010111,2,3,4280,4920,3170,10001_0111_00,10001_0111_01,2,,,0,0,0,0,I'm a Knight!,1
100050107,1005,いつものクセで,2,200002,100050107,2,3,4400,3370,5180,10005_0107_00,10005_0107_01,2,,,0,0,0,0,Like Always,1
110020061,2002,特別な年越しのために,3,300002,110020061,2,3,3090,4970,4310,11002_0061_00,11002_0061_01,2,,,0,0,0,0,A Special New Year's,1
110040057,2004,新年への差し入れ,2,200002,110040057,2,3,3120,4260,4910,11004_0057_00,11004_0057_01,2,,,0,0,0,0,A New Year's Gift,1
110090060,2009,気分一新がんばルビィ,1,100002,110090060,2,3,4930,3100,4270,11009_0060_00,11009_0060_01,2,,,0,0,0,0,New Year New Rubesty,1
110050061,2005,曜ちゃんにお任せ！,1,100006,110050061,2,3,5180,3370,4400,11005_0061_00,11005_0061_01,2,,,0,0,0,0,Leave It to You!,1
110060061,2006,仕事納め、堕天使収め,2,200004,110060061,3,4,3950,4600,5360,11006_0061_00,11006_0061_01,3,,,0,0,0,0,Final Fall This Year,1
110010061,2001,お揃いにしよう♪,1,100002,110010061,2,3,4660,3590,3910,11001_0061_00,11001_0061_01,2,,,0,0,0,0,Let's Match!,1
110020062,2002,お揃いの花,3,300002,110020062,2,3,3820,4700,3650,11002_0062_00,11002_0062_01,2,,,0,0,0,0,Matching Flowers,1
110030057,2003,最高のライブを,2,200002,110030057,2,3,3410,3980,4770,11003_0057_00,11003_0057_01,2,,,0,0,0,0,My Best Performance,1
110040058,2004,お揃いを見つけて,3,300002,110040058,2,3,3650,4700,3820,11004_0058_00,11004_0058_01,2,,,0,0,0,0,Finding the Match,1
110050062,2005,日常キラキラ,2,200002,110050062,2,3,3910,3590,4660,11005_0062_00,11005_0062_01,2,,,0,0,0,0,Shining Every Day!,1
110060062,2006,ヨハネの暗躍,3,300002,110060062,2,3,3820,4700,3650,11006_0062_00,11006_0062_01,2,,,0,0,0,0,Yohane's Machination,1
110070058,2007,新しい世界,1,100002,110070058,2,3,4770,3980,3410,11007_0058_00,11007_0058_01,2,,,0,0,0,0,The New World,1
110080057,2008,シューティングスター,1,100002,110080057,2,3,4770,3980,3410,11008_0057_00,11008_0057_01,2,,,0,0,0,0,Shooting Star,1
110090061,2009,大好きって気持ち,2,200002,110090061,2,3,3910,3590,4660,11009_0061_00,11009_0061_01,2,,,0,0,0,0,Imbuing my Love,1
110040059,2004,ガーネット色のドレス,3,300001,110040059,3,4,3450,4880,4520,11004_0059_00,11004_0059_01,3,,,0,0,0,0,Garnet-Colored Dress,1
100030106,1003,乗り越えて、雪,2,200002,100030106,2,3,3870,3510,4800,10003_0106_00,10003_0106_01,2,,,0,0,0,0,Overcome the Snow,1
100090109,1009,情熱への恩返し,3,300002,100090109,2,3,3610,4670,3880,10009_0109_00,10009_0109_01,2,,,0,0,0,0,Reward for Passion,1
140320006,5032,門田剣,3,300001,140320006,2,3,3940,4210,2980,14032_0006_00,14032_0006_01,2,,,0,0,0,0,Tsurugi Kadota,1
140550006,5055,レオ,1,100001,140550006,2,3,4210,3930,2970,14055_0006_00,14055_0006_01,2,,,0,0,0,0,Leo,1
110030058,2003,スクユニ・松浦果南,1,100003,110030058,3,4,5270,4120,4430,11003_0058_00,11003_0058_01,3,,,0,0,0,0,School Unity: Kanan,1
110040060,2004,スクユニ・黒澤ダイヤ,2,200003,110040060,3,4,3850,4740,5320,11004_0060_00,11004_0060_01,3,,,0,0,0,0,School Unity: Dia,1
110080058,2008,スクユニ・小原鞠莉,3,300003,110080058,3,4,4380,5280,4160,11008_0058_00,11008_0058_01,3,,,0,0,0,0,School Unity: Mari,1
110010062,2001,一緒に歌おう！,3,300002,110010062,2,3,3980,4780,3420,11001_0062_00,11001_0062_01,2,,,0,0,0,0,Let's Sing Together!,1
110020063,2002,みんなで輪になって,2,200002,110020063,2,3,3650,3820,4700,11002_0063_00,11002_0063_01,2,,,0,0,0,0,Singing in a Circle,1
110030059,2003,私の十八番,1,100002,110030059,2,3,4660,3590,3910,11003_0059_00,11003_0059_01,2,,,0,0,0,0,My Go-To Song,1
110040061,2004,カラオケ奉行,2,200002,110040061,2,3,3420,3980,4780,11004_0061_00,11004_0061_01,2,,,0,0,0,0,Karaoke Magistrate,1
110050063,2005,カラオケ盛り上げ隊,1,100002,110050063,2,3,4800,3470,3970,11005_0063_00,11005_0063_01,2,,,0,0,0,0,Karaoke Party Squad!,1
110060063,2006,召喚の儀,2,200002,110060063,2,3,3470,3970,4800,11006_0063_00,11006_0063_01,2,,,0,0,0,0,Summoning Ritual,1
110070059,2007,文明の利器,3,300002,110070059,2,3,3980,4770,3410,11007_0059_00,11007_0059_01,2,,,0,0,0,0,Cultural Achievement,1
110080059,2008,2人でシャウト,3,300002,110080059,2,3,3970,4800,3470,11008_0059_00,11008_0059_01,2,,,0,0,0,0,Shouting in Unison,1
110090062,2009,あなたとデュエット,1,100002,110090062,2,3,4780,3420,3980,11009_0062_00,11009_0062_01,2,,,0,0,0,0,Our Duet,1
100090110,1009,納得できる役は,1,100002,100090110,2,3,4980,3120,4280,10009_0110_00,10009_0110_01,2,,,0,0,0,0,Worthy Role,1
100020106,1002,モンスターと狩人,3,300003,100020106,3,4,4640,5310,3940,10002_0106_00,10002_0106_01,3,,,0,0,0,0,Monster and Hunter,1
110010063,2001,年越しはゴロゴロと,2,200002,110010063,2,3,4320,3100,4960,11001_0063_00,11001_0063_01,2,,,0,0,0,0,Relaxing New Year's,1
110070060,2007,思い出のアルバム,3,300002,110070060,2,3,4270,4910,3110,11007_0060_00,11007_0060_01,2,,,0,0,0,0,Album of Memories,1
110080060,2008,新年のおもてなし,3,300002,110080060,2,3,4420,5140,3390,11008_0060_00,11008_0060_01,2,,,0,0,0,0,New Year's Tradition,1
110030060,2003,年越し準備はＯＫ？,1,100004,110030060,3,4,5320,3990,4600,11003_0060_00,11003_0060_01,3,,,0,0,0,0,Ready for Tonight?,1
100080105,1008,私のご馳走,3,300003,100080105,3,4,3860,5330,4700,10008_0105_00,10008_0105_01,3,,,0,0,0,0,Treat for Me,1
100080106,1008,伝わる手のぬくもり,2,200001,100080106,3,4,4520,3450,4880,10008_0106_00,10008_0106_01,3,,,0,0,0,0,Warmth of Your hand,1
110040062,2004,おせちに込めた願い,3,300002,110040062,2,3,3950,4640,3570,11004_0062_00,11004_0062_01,2,,,0,0,0,0,Meaning of Osechi,1
110070061,2007,迷い箸、願い箸,2,200002,110070061,2,3,3270,4090,4810,11007_0061_00,11007_0061_01,2,,,0,0,0,0,Wandering Chopsticks,1
140100006,5010,須田いるか,1,100001,140100006,2,3,4190,2960,3920,14010_0006_00,14010_0006_01,2,,,0,0,0,0,Iruka Suda,1
140150006,5015,神谷理華,3,300001,140150006,2,3,3930,4210,2970,14015_0006_00,14015_0006_01,2,,,0,0,0,0,Rika Kamiya,1
110010064,2001,気分はイタリア♪,2,200006,110010064,2,3,3040,4360,4980,11001_0064_00,11001_0064_01,2,,,0,0,0,0,Italian Kind of Mood,1
110020064,2002,行ってみたい場所,1,100006,110020064,2,3,4990,3040,4340,11002_0064_00,11002_0064_01,2,,,0,0,0,0,Where I'd Go,1
110030061,2003,あなたとランチ♪,3,300006,110030061,2,3,4340,4990,3040,11003_0061_00,11003_0061_01,2,,,0,0,0,0,Lunch for Two,1
110040063,2004,ささやかな気遣い,1,100006,110040063,2,3,4980,3040,4360,11004_0063_00,11004_0063_01,2,,,0,0,0,0,Modest Concern,1
110050064,2005,私とゴンドリエーレ,3,300006,110050064,2,3,4330,4930,3030,11005_0064_00,11005_0064_01,2,,,0,0,0,0,You the Gondoliera,1
110060064,2006,堕天使と想像の旅,1,100006,110060064,2,3,4940,3020,4340,11006_0064_00,11006_0064_01,2,,,0,0,0,0,Fallen Angel's Trip,1
110070062,2007,吊り橋効果ずら♪,2,200006,110070062,2,3,3040,4340,4990,11007_0062_00,11007_0062_01,2,,,0,0,0,0,Like a Rope Bridge,1
110080061,2008,マリーとティータイム,2,200006,110080061,2,3,3030,4330,4920,11008_0061_00,11008_0061_01,2,,,0,0,0,0,Tea Time with Mari,1
110090063,2009,心の中を見せて,3,300006,110090063,2,3,4360,4980,3040,11009_0063_00,11009_0063_01,2,,,0,0,0,0,Show Me Your Heart,1
100080107,1008,神官の役割,2,200002,100080107,2,3,4300,3090,4900,10008_0107_00,10008_0107_01,2,,,0,0,0,0,Priest's Job,1
100060106,1006,２人でなら,1,100002,100060106,2,3,5140,4430,3380,10006_0106_00,10006_0106_01,2,,,0,0,0,0,With Two of Us,1
110030062,2003,海からのバレンタイン,3,300002,110030062,2,3,3140,4960,4270,11003_0062_00,11003_0062_01,2,,,0,0,0,0,Sea Valentines,1
110050065,2005,バレンタインマジック,2,200002,110050065,2,3,3110,4260,4920,11005_0065_00,11005_0065_01,2,,,0,0,0,0,Valentine's Magic,1
110080062,2008,空色チョコレート,1,100002,110080062,2,3,4980,4250,3150,11008_0062_00,11008_0062_01,2,,,0,0,0,0,Sky Blue Chocolate,1
110090064,2009,スイートメッセージ,1,100002,110090064,2,3,5100,3510,4340,11009_0064_00,11009_0064_01,2,,,0,0,0,0,Sweet Message,1
110070063,2007,チョコが作る笑顔,2,200004,110070063,3,4,4650,3950,5350,11007_0063_00,11007_0063_01,3,,,0,0,0,0,Chocolatey Smile,1
100020107,1002,1日早い贈り物,3,300002,100020107,2,3,3950,4790,3440,10002_0107_00,10002_0107_01,2,,,0,0,0,0,Early Gift,1
100060107,1006,真心をあなたに,2,200002,100060107,2,3,4090,3270,4810,10006_0107_00,10006_0107_01,2,,,0,0,0,0,My True Feelings,1
140350006,5035,斉木風,1,100001,140350006,2,3,4170,2960,3920,14035_0006_00,14035_0006_01,2,,,0,0,0,0,Fuu Saiki,1
140480006,5048,黒羽咲夜,2,200001,140480006,2,3,3940,3000,4230,14048_0006_00,14048_0006_01,2,,,0,0,0,0,Sakuya Kurobane,1
110030063,2003,嬉しいサプライズ,2,200001,110030063,3,4,4790,3180,4890,11003_0063_00,11003_0063_01,3,,,0,0,0,0,Happy Surprises,1
100010112,1001,おまんじゅうも合う？,2,200002,100010112,2,3,4240,3170,4970,10001_0112_00,10001_0112_01,2,,,0,0,0,0,How About Sweet Buns,1
100050108,1005,あなたのためだけに,3,300002,100050108,2,3,4270,4900,3130,10005_0108_00,10005_0108_01,2,,,0,0,0,0,Just for You,1
100090111,1009,陰の努力,1,100011,100090111,3,4,5360,3960,4580,10009_0111_00,10009_0111_01,3,,,0,0,0,0,Secret Efforts,1
110010065,2001,みかんオランジェット,3,300002,110010065,2,3,4280,4870,3130,11001_0065_00,11001_0065_01,2,,,0,0,0,0,Coated Mikan Oranges,1
110040064,2004,くちどけスイート,3,300002,110040064,2,3,3130,4960,4280,11004_0064_00,11004_0064_01,2,,,0,0,0,0,Melt in Your Mouth,1
110060065,2006,ホワイト×ブラック,2,200014,110060065,2,3,3420,4360,5170,11006_0065_00,11006_0065_01,2,,,0,0,0,0,Black and White,1
110020065,2002,オペラのしらべ,1,100004,110020065,3,4,5330,4510,4070,11002_0065_00,11002_0065_01,3,,,0,0,0,0,My Opera's Melody,1
110010066,2001,水の歌姫,1,100002,110010066,2,3,4770,3410,3980,11001_0066_00,11001_0066_01,2,,,0,0,0,0,Water Songstress,1
110020066,2002,ガラス越しの眼差し,3,300002,110020066,2,3,3970,4800,3470,11002_0066_00,11002_0066_01,2,,,0,0,0,0,Beyond the Glass,1
110030064,2003,マリンパワー,2,200002,110030064,2,3,3470,3970,4800,11003_0064_00,11003_0064_01,2,,,0,0,0,0,Marine Power,1
110040065,2004,お楽しみは最後に,3,300002,110040065,2,3,3650,4700,3820,11004_0065_00,11004_0065_01,2,,,0,0,0,0,The Best for Last,1
110050066,2005,アクアリウム・ロマン,2,200002,110050066,2,3,3980,3420,4780,11005_0066_00,11005_0066_01,2,,,0,0,0,0,Aquarium Romance,1
110060066,2006,海と堕天使,3,300002,110060066,2,3,3980,4780,3420,11006_0066_00,11006_0066_01,2,,,0,0,0,0,Sea vs. Fallen Angel,1
110070064,2007,ハングリーライブ,1,100002,110070064,2,3,4800,3970,3470,11007_0064_00,11007_0064_01,2,,,0,0,0,0,Hungry Live Show,1
110080063,2008,Lucky Fish,1,100002,110080063,2,3,4780,3980,3420,11008_0063_00,11008_0063_01,2,,,0,0,0,0,Lucky Fish,1
110090065,2009,完璧な衣装,2,200002,110090065,2,3,3910,3590,4660,11009_0065_00,11009_0065_01,2,,,0,0,0,0,Perfect Costumes,1
110060067,2006,可愛い計画,3,300002,110060067,2,3,3270,4810,4090,11006_0067_00,11006_0067_01,2,,,0,0,0,0,Cute Scheme,1
110080064,2008,雪の中のプレゼント,2,200002,110080064,2,3,3370,4110,4680,11008_0064_00,11008_0064_01,2,,,0,0,0,0,Presents in the Snow,1
140170006,5017,九条聖来,2,200001,140170006,2,3,2960,3920,4170,14017_0006_00,14017_0006_01,2,,,0,0,0,0,Seira Kujo,1
140240006,5024,吉川瑞希,1,100001,140240006,2,3,4210,2980,3940,14024_0006_00,14024_0006_01,2,,,0,0,0,0,Mizuki Kikkawa,1
100060108,1006,真姫のお気に入り,3,300002,100060108,2,3,3160,4980,4240,10006_0108_00,10006_0108_01,2,,,0,0,0,0,Maki's Favorite,1
100040105,1004,μ'sセット☆,2,200010,100040105,2,3,3460,4350,5140,10004_0105_00,10004_0105_01,2,,,0,0,0,0,The μ's Set!,1
110020067,2002,しとやかな純潔,2,200002,110020067,2,3,3130,4270,4900,11002_0067_00,11002_0067_01,2,,,0,0,0,0,Gentle Purity,1
110030065,2003,華麗なる美,1,100002,110030065,2,3,4980,3090,4300,11003_0065_00,11003_0065_01,2,,,0,0,0,0,Refined Beauty,1
110060068,2006,自然への愛,2,200002,110060068,2,3,3090,4310,4970,11006_0068_00,11006_0068_01,2,,,0,0,0,0,Love of Nature,1
110070065,2007,元気な明るさ,3,300002,110070065,2,3,4380,5170,3400,11007_0065_00,11007_0065_01,2,,,0,0,0,0,Bright and Cheery,1
110090066,2009,思いやり,1,100004,110090066,3,4,5310,4040,4540,11009_0066_00,11009_0066_01,3,,,0,0,0,0,Compassion,1
110070066,2007,甘さを半分こ,1,100001,110070066,3,4,4880,4520,3450,11007_0066_00,11007_0066_01,3,,,0,0,0,0,Sharing the Sweetness,1
100040106,1004,フラットな仲間達と,1,100002,100040106,2,3,4670,3610,3880,10004_0106_00,10004_0106_01,2,,,0,0,0,0,Sharing One Stage,1
100050109,1005,厄を払ってお仕事完了,2,200002,100050109,2,3,3400,3970,4810,10005_0109_00,10005_0109_01,2,,,0,0,0,0,Evil is Banished!,1
140160006,5016,森嶋ななか,1,100001,140160006,2,3,4230,3000,3940,14016_0006_00,14016_0006_01,2,,,0,0,0,0,Nanaka Morishima,1
140460006,5046,綾小路姫乃,1,100001,140460006,2,3,4150,2940,3920,14046_0006_00,14046_0006_01,2,,,0,0,0,0,Himeno Ayanokoji,1
100020108,1002,優雅な時間,1,100002,100020108,2,3,4870,4210,3200,10002_0108_00,10002_0108_01,2,,,0,0,0,0,Luxurious Leisure,1
100070105,1007,希のセット☆,2,200010,100070105,3,4,4220,4400,5330,10007_0105_00,10007_0105_01,3,,,0,0,0,0,The Nozomi Set!,1
100040107,1004,ポージング研究中♪,1,100004,100040107,3,4,5330,4700,3860,10004_0107_00,10004_0107_01,3,,,0,0,0,0,Researching Poses,1
100040108,1004,幼い頃の絆の想い出,3,300001,100040108,3,4,3450,4880,4520,10004_0108_00,10004_0108_01,3,,,0,0,0,0,Our Childhood Bonds,1
110050067,2005,信じあう心,3,300002,110050067,2,3,3260,4950,4170,11005_0067_00,11005_0067_01,2,,,0,0,0,0,Faithful Hearts,1
110080065,2008,信頼の証,2,200002,110080065,2,3,4050,3360,4880,11008_0065_00,11008_0065_01,2,,,0,0,0,0,Proof of Trust,1
110040066,2004,謙虚な美徳,1,100013,110040066,2,3,5170,4370,3410,11004_0066_00,11004_0066_01,2,,,0,0,0,0,Humble Virtue,1
110010067,2001,いつも冒険,3,300004,110010067,3,4,4430,5320,4160,11001_0067_00,11001_0067_01,3,,,0,0,0,0,Always an Adventure,1
140770004,5077,11人の雪の結晶,3,300002,140770004,2,3,4330,4920,3030,14077_0004_00,14077_0004_01,2,,,0,0,0,0,Eleven Snowflakes,1
140780004,5078,私たちの本気,3,300002,140780004,2,3,3030,4920,4330,14078_0004_00,14078_0004_01,2,,,0,0,0,0,Our True Power,1
110010068,2001,特別なメッセージ,2,200002,110010068,2,3,3580,3920,4670,11001_0068_00,11001_0068_01,2,,,0,0,0,0,A Special Message,1
110070067,2007,手作りバームクーヘン,1,100002,110070067,2,3,4750,3570,3850,11007_0067_00,11007_0067_01,2,,,0,0,0,0,Homemade Baumkuchen,1
140040006,5004,一之瀬マリカ,1,100001,140040006,2,3,4190,2970,3930,14004_0006_00,14004_0006_01,2,,,0,0,0,0,Marika Ichinose,1
140520006,5052,高天原睦月,2,200001,140520006,2,3,3940,2990,4220,14052_0006_00,14052_0006_01,2,,,0,0,0,0,Mutsuki Takamagahara,1
110060069,2006,あなたへの手紙,3,300006,110060069,3,4,3850,5320,4740,11006_0069_00,11006_0069_01,3,,,0,0,0,0,A Letter for You,1
110070068,2007,マルの世界,1,100006,110070068,3,4,5310,4690,3890,11007_0068_00,11007_0068_01,3,,,0,0,0,0,Hanamaru's World,1
110090067,2009,ルビィのお手紙,2,200006,110090067,3,4,4740,3830,5380,11009_0067_00,11009_0067_01,3,,,0,0,0,0,Ruby's Letter,1
110010069,2001,大好きがいっぱい,1,100001,110010069,3,4,4890,3180,4790,11001_0069_00,11001_0069_01,3,,,0,0,0,0,Lots of Love,1
100030107,1003,ことりセットは,3,300002,100030107,2,3,3090,4930,4300,10003_0107_00,10003_0107_01,2,,,0,0,0,0,The Kotori Set,1
100080108,1008,おにぎりはお菓子？,1,100009,100080108,2,3,5140,3440,4370,10008_0108_00,10008_0108_01,2,,,0,0,0,0,Rice Balls = Sweets?,1
110020068,2002,夢の世界の証,1,100002,110020068,2,3,4920,4290,3090,11002_0068_00,11002_0068_01,2,,,0,0,0,0,Proof of a Dream,1
110070069,2007,スペシャルランチ,3,300002,110070069,2,3,4200,4960,3220,11007_0069_00,11007_0069_01,2,,,0,0,0,0,Special Lunch,1
110090068,2009,目線の先は,2,200002,110090068,2,3,3120,4280,4970,11009_0068_00,11009_0068_01,2,,,0,0,0,0,In My Sights,1
110080066,2008,光と音の祝福,2,200014,110080066,2,3,4250,3520,5090,11008_0066_00,11008_0066_01,2,,,0,0,0,0,Magic for the Senses,1
110050068,2005,遊びきれない！,3,300004,110050068,3,4,4080,5310,4520,11005_0068_00,11005_0068_01,3,,,0,0,0,0,I Could Play Forever,1
100010113,1001,ぎゅってしよう♪,1,100001,100010113,1,2,3850,1820,2310,10001_0113_00,10001_0113_01,1,,,0,0,0,0,Squeeze Tight!,1
100020109,1002,ふゆげのキツネ,3,300001,100020109,1,2,2310,3850,1820,10002_0109_00,10002_0109_01,1,,,0,0,0,0,Winter Fox,1
100030108,1003,ヒツジをかぞえて,2,200001,100030108,1,2,2320,1750,3910,10003_0108_00,10003_0108_01,1,,,0,0,0,0,Counting Sheep,1
100040109,1004,かわいさをしって,3,300001,100040109,1,2,2340,3860,1790,10004_0109_00,10004_0109_01,1,,,0,0,0,0,Literally Too Cute,1
100050110,1005,ネコさんにへんしん,1,100001,100050110,1,2,4020,2180,1800,10005_0110_00,10005_0110_01,1,,,0,0,0,0,Kitty Transformation,1
100060109,1006,わるくないかも♪,3,300001,100060109,1,2,2200,3940,1850,10006_0109_00,10006_0109_01,1,,,0,0,0,0,It's Not so Bad,1
100070106,1007,なんでもおみとおし♪,2,200001,100070106,1,2,1800,2180,4020,10007_0106_00,10007_0106_01,1,,,0,0,0,0,I See All!,1
100080109,1008,ものまねできるかな？,2,200001,100080109,1,2,1790,2340,3860,10008_0109_00,10008_0109_01,1,,,0,0,0,0,Am I a Good Mimic?,1
100090112,1009,ラブニコおにぎり,1,100001,100090112,1,2,3910,1750,2320,10009_0112_00,10009_0112_01,1,,,0,0,0,0,Rice Ball of Love,1
110010070,2001,おふろあがりのみかん,1,100001,110010070,1,2,3940,1850,2200,11001_0070_00,11001_0070_01,1,,,0,0,0,0,Post-Bath Mikan,1
110020069,2002,ぎゅっとして♪,2,200001,110020069,1,2,2340,1790,3860,11002_0069_00,11002_0069_01,1,,,0,0,0,0,Squeeze Me Tight!,1
110030066,2003,パンダのものまね,3,300001,110030066,1,2,2180,4020,1800,11003_0066_00,11003_0066_01,1,,,0,0,0,0,Imitating Pandas,1
110040067,2004,だきしめたい,1,100001,110040067,1,2,4020,1800,2180,11004_0067_00,11004_0067_01,1,,,0,0,0,0,I Want to Hug Her,1
110050069,2005,おしゃべりしよう,1,100001,110050069,1,2,3940,2200,1850,11005_0069_00,11005_0069_01,1,,,0,0,0,0,Let's Chat All Night,1
110060070,2006,ねむりのせかい,2,200001,110060070,1,2,2340,1790,3860,11006_0070_00,11006_0070_01,1,,,0,0,0,0,The Dream World,1
110070070,2007,ひゃくまでかぞえて,3,300001,110070070,1,2,1800,4020,2180,11007_0070_00,11007_0070_01,1,,,0,0,0,0,Count to 100,1
110080067,2008,ゆめでつづきを,3,300001,110080067,1,2,1790,3860,2340,11008_0067_00,11008_0067_01,1,,,0,0,0,0,The Dream Continues,1
110090069,2009,ウサギさんのきもち,2,200001,110090069,1,2,2180,1800,4020,11009_0069_00,11009_0069_01,1,,,0,0,0,0,How Bunnies Feel,1
140730001,5073,アルパカの子ども,1,100001,140730001,1,2,1,1,1,14073_0001_00,14073_0001_01,1,,,0,0,0,0,Alpaca's Child,1
140900001,5090,しいたけの子ども,2,200001,140900001,1,2,1,1,1,14090_0001_00,14090_0001_01,1,,,0,0,0,0,Shiitake's Children,1
140910001,5091,あんこ,3,300001,140910001,1,2,1,1,1,14091_0001_00,14091_0001_01,1,,,0,0,0,0,Anko,1
100030109,1003,ありがとうの気持ち,1,100002,100030109,2,3,4670,3920,3580,10003_0109_00,10003_0109_01,2,,,0,0,0,0,Feeling of Gratitude,1
100080110,1008,真心を伝えたくて,3,300002,100080110,2,3,3880,4760,3520,10008_0110_00,10008_0110_01,2,,,0,0,0,0,Pouring Out My Heart,1
140420006,5042,兵藤さゆり,3,300001,140420006,2,3,3000,4230,3940,14042_0006_00,14042_0006_01,2,,,0,0,0,0,Sayuri Hyodo,1
140440006,5044,ラクシャータ,2,200001,140440006,2,3,2970,3930,4190,14044_0006_00,14044_0006_01,2,,,0,0,0,0,Rakshata,1
100020110,1002,内緒のお手紙,2,200005,100020110,3,4,4120,4430,5270,10002_0110_00,10002_0110_01,3,,,0,0,0,0,Secret Letter,1
100070107,1007,あなたにテレパシー,1,100005,100070107,3,4,5280,4160,4380,10007_0107_00,10007_0107_01,3,,,0,0,0,0,Telepathic Link,1
100090113,1009,心からのメッセージ,3,300005,100090113,3,4,4600,5310,4000,10009_0113_00,10009_0113_01,3,,,0,0,0,0,From the Heart,1
100080111,1008,プリンセスクラウン,2,200002,100080111,2,3,3160,4250,4970,10008_0111_00,10008_0111_01,2,,,0,0,0,0,Princess' Crown,1
100090114,1009,ラッキーは一緒にね,2,200002,100090114,2,3,4310,3080,4910,10009_0114_00,10009_0114_01,2,,,0,0,0,0,Lucky for All of Us,1
100050111,1005,ワンモア・ライブ,1,100005,100050111,3,4,5320,4100,4490,10005_0111_00,10005_0111_01,3,,,0,0,0,0,One More Live Show,1
110010071,2001,楽しさ満点♪,1,100002,110010071,2,3,4970,3140,4260,11001_0071_00,11001_0071_01,2,,,0,0,0,0,A+ Fun!,1
110040068,2004,誘惑に打ち勝て！,2,200002,110040068,2,3,3230,4180,4970,11004_0068_00,11004_0068_01,2,,,0,0,0,0,Resist Temptation!,1
110030067,2003,ときめきコースター,3,300006,110030067,2,3,3390,5170,4390,11003_0067_00,11003_0067_01,2,,,0,0,0,0,Magical Coaster,1
110060071,2006,闇の遊園地,1,100003,110060071,3,4,5310,4570,4010,11006_0071_00,11006_0071_01,3,,,0,0,0,0,Dark Theme Park,1
110050070,2005,大好きを叫ぼう,2,200003,110050070,3,4,4110,4470,5330,11005_0070_00,11005_0070_01,3,,,0,0,0,0,Shouting My Love!,1
110050071,2005,ちょっぴり背伸び,2,200001,110050071,3,4,3450,4520,4880,11005_0071_00,11005_0071_01,3,,,0,0,0,0,A Bit More Grown Up,1
100060110,1006,ピアノに想いを込めて,1,100003,100060110,3,4,5330,4700,3860,10006_0110_00,10006_0110_01,3,,,0,0,0,0,Heart and Soul,1
100060111,1006,ポーカータイム,3,300001,100060111,3,4,4210,4880,3750,10006_0111_00,10006_0111_01,3,,,0,0,0,0,Poker Time,1
110020070,2002,桜の精,3,300002,110020070,2,3,4090,4810,3270,11002_0070_00,11002_0070_01,2,,,0,0,0,0,Cherry Blossom Fairy,1
110030068,2003,あなたの心に,1,100002,110030068,2,3,4810,3990,3380,11003_0068_00,11003_0068_01,2,,,0,0,0,0,In Your Heart,1
140300006,5030,黒崎隼,1,100001,140300006,2,3,4220,3940,2990,14030_0006_00,14030_0006_01,2,,,0,0,0,0,Shun Kurosaki,1
140470006,5047,黒羽咲良,3,300001,140470006,2,3,2940,4150,3920,14047_0006_00,14047_0006_01,2,,,0,0,0,0,Sakura Kurobane,1
110030069,2003,ハグしたいな♪,2,200006,110030069,3,4,4380,4160,5280,11003_0069_00,11003_0069_01,3,,,0,0,0,0,I Wanna Hug You!,1
110040069,2004,心を込めて,3,300006,110040069,3,4,4170,5300,4400,11004_0069_00,11004_0069_01,3,,,0,0,0,0,A Full Ceremony,1
110080068,2008,みんなへのラブ♡,1,100006,110080068,3,4,5350,4500,4100,11008_0068_00,11008_0068_01,3,,,0,0,0,0,My Love for Everyone,1
100060112,1006,木漏れ日シンフォニー,3,300002,100060112,2,3,4250,4910,3130,10006_0112_00,10006_0112_01,2,,,0,0,0,0,Sun-Dappled Symphony,1
100030110,1003,リフレッシュタイム,1,100002,100030110,2,3,5170,3400,4380,10003_0110_00,10003_0110_01,2,,,0,0,0,0,Time to Refresh,1
140010001,5001,スターライトセーラー,1,100001,140010001,2,3,1,1,1,14001_0001_00,14001_0001_01,2,,,0,0,0,0,Starlight Sailor,1
140750001,5075,フラワーサークル,1,100001,140750001,2,3,1,1,1,14075_0001_00,14075_0001_01,2,,,0,0,0,0,Floral Flourish,1
110030070,2003,時には気分で♪,2,200002,110030070,2,3,3090,4290,4920,11003_0070_00,11003_0070_01,2,,,0,0,0,0,Go with the Flow!,1
110060072,2006,魔界列車に乗って,1,100002,110060072,2,3,4920,4250,3120,11006_0072_00,11006_0072_01,2,,,0,0,0,0,On the Phantom Train,1
110090070,2009,びゅーんっとおでかけ,3,300002,110090070,2,3,3210,4960,4210,11009_0070_00,11009_0070_01,2,,,0,0,0,0,Zooming Off,1
110020071,2002,安全を守るために,1,100006,110020071,2,3,5180,3370,4400,11002_0071_00,11002_0071_01,2,,,0,0,0,0,To Keep People Safe,1
110010072,2001,チカッチホイッスル,2,200004,110010072,3,4,4600,3980,5330,11001_0072_00,11001_0072_01,3,,,0,0,0,0,Chika's Whistle,1
100010114,1001,手作りはいかが？,2,200002,100010114,2,3,3610,3850,4710,10001_0114_00,10001_0114_01,2,,,0,0,0,0,Handmade Sweets,1
100070108,1007,奇跡が起きた日,1,100002,100070108,2,3,4810,3950,3420,10007_0108_00,10007_0108_01,2,,,0,0,0,0,A Miraculous Day,1
140140006,5014,鳥居歩美,2,200001,140140006,2,3,2970,3930,4210,14014_0006_00,14014_0006_01,2,,,0,0,0,0,Ayumi Torii,1
140210006,5021,支倉かさね,1,100001,140210006,2,3,4150,2940,3920,14021_0006_00,14021_0006_01,2,,,0,0,0,0,Kasane Hasekura,1
100050112,1005,あなたを応援,3,300005,100050112,3,4,4740,5380,3830,10005_0112_00,10005_0112_01,3,,,0,0,0,0,Cheering for You,1
100060113,1006,時には素直に,2,200005,100060113,3,4,3980,4580,5340,10006_0113_00,10006_0113_01,3,,,0,0,0,0,Honest Feelings,1
100080112,1008,披露しちゃいます♪,1,100005,100080112,3,4,5320,3850,4740,10008_0112_00,10008_0112_01,3,,,0,0,0,0,Let Me Show You!,1
100020111,1002,素直な喜びを乗せて,2,200002,100020111,2,3,3120,4250,4920,10002_0111_00,10002_0111_01,2,,,0,0,0,0,With Pure Joy,1
100040110,1004,思い出を抱きしめて,3,300010,100040110,3,4,4080,5340,4530,10004_0110_00,10004_0110_01,3,,,0,0,0,0,Embracing Memories,1
110070071,2007,優しいサポート,1,100002,110070071,2,3,4950,4220,3200,11007_0071_00,11007_0071_01,2,,,0,0,0,0,Gentle Support,1
110080069,2008,旅する気分,2,200002,110080069,2,3,4240,3170,4960,11008_0069_00,11008_0069_01,2,,,0,0,0,0,Wanderlust,1
110050072,2005,みんなに届くように,3,300006,110050072,2,3,3580,5090,4180,11005_0072_00,11005_0072_01,2,,,0,0,0,0,To Reach Everyone,1
110040070,2004,Aqoursトレイン,3,300013,110040070,3,4,4180,5290,4440,11004_0070_00,11004_0070_01,3,,,0,0,0,0,The Aqours Train,1
110050073,2005,決闘の理由,2,200002,110050073,2,3,4090,3270,4810,11005_0073_00,11005_0073_01,2,,,0,0,0,0,Why We Duel,1
110090071,2009,憧れの人のイメージで,1,100002,110090071,2,3,4740,3910,3510,11009_0071_00,11009_0071_01,2,,,0,0,0,0,Like My Role Model,1
140060006,5006,西村文絵,3,300001,140060006,2,3,3930,4190,2970,14006_0006_00,14006_0006_01,2,,,0,0,0,0,Fumie Nishimura,1
140500006,5050,相川涼,3,300001,140500006,2,3,2960,4170,3920,14050_0006_00,14050_0006_01,2,,,0,0,0,0,Ryo Aikawa,1
110010073,2001,チカチーの底力,1,100006,110010073,3,4,5280,4130,4290,11001_0073_00,11001_0073_01,3,,,0,0,0,0,Chika's Latent Power,1
110020072,2002,大好きな歌,3,300006,110020072,3,4,4500,5350,4100,11002_0072_00,11002_0072_01,3,,,0,0,0,0,My Favorite Songs,1
110050074,2005,私の恩返し,2,200006,110050074,3,4,3890,4690,5310,11005_0074_00,11005_0074_01,3,,,0,0,0,0,Repaying You,1
120040003,3004,迷子のランチタイム,3,300002,120040003,2,3,3650,4700,3820,12004_0003_00,12004_0003_01,2,,,0,0,0,0,Lost During Lunchtime,1
120070004,3007,空腹も忘れる,3,300002,120070004,2,3,3980,4770,3410,12007_0004_00,12007_0004_01,2,,,0,0,0,0,Even Forget to Eat,1
120090003,3009,ご多忙ランチ,1,100002,120090003,2,3,4660,3910,3590,12009_0003_00,12009_0003_01,2,,,0,0,0,0,Busy Lunchtime,1
100010115,1001,隠し味は、春の陽気,1,100002,100010115,2,3,4960,3150,4260,10001_0115_00,10001_0115_01,2,,,0,0,0,0,Spring Seasoning,1
100070109,1007,お手伝いのお礼,3,300002,100070109,2,3,3580,5100,4270,10007_0109_00,10007_0109_01,2,,,0,0,0,0,A Thank You Gift,1
110010074,2001,ちょっぴり大人気分♪,1,100002,110010074,2,3,4900,4220,3170,11001_0074_00,11001_0074_01,2,,,0,0,0,0,I Feel More Grown-Up,1
110060073,2006,魅惑のステップ,2,200002,110060073,2,3,3190,4220,4970,11006_0073_00,11006_0073_01,2,,,0,0,0,0,Captivating Steps,1
110080070,2008,エキゾチックナイト,3,300002,110080070,2,3,4280,4960,3130,11008_0070_00,11008_0070_01,2,,,0,0,0,0,Exotic Night,1
110070072,2007,お話の続き,2,200002,110070072,2,3,4370,3450,5130,11007_0072_00,11007_0072_01,2,,,0,0,0,0,The Next Chapter,1
110030071,2003,踊りたい気分,3,300004,110030071,3,4,3970,5320,4600,11003_0071_00,11003_0071_01,3,,,0,0,0,0,The Urge to Dance,1
100020112,1002,雨上がりレインボー,1,100002,100020112,2,3,4810,3270,4090,10002_0112_00,10002_0112_01,2,,,0,0,0,0,Rainbow After Rain,1
100030111,1003,相合いアンブレラ,3,300002,100030111,2,3,3480,4670,4010,10003_0111_00,10003_0111_01,2,,,0,0,0,0,Under One Umbrella,1
120060008,3006,近江彼方,1,100001,120060008,2,3,4160,2950,3920,12006_0008_00,12006_0008_01,2,,,0,0,0,0,Kanata Konoe,1
140560006,5056,早乙女紫,2,200001,140560006,2,3,3940,3000,4250,14056_0006_00,14056_0006_01,2,,,0,0,0,0,Yukari Saotome,1
100010116,1001,伝えたい気持ち,3,300005,100010116,3,4,4330,5350,4240,10001_0116_00,10001_0116_01,3,,,0,0,0,0,Expressing Myself,1
100030112,1003,あなたに届け,1,100005,100030112,3,4,5300,4170,4400,10003_0112_00,10003_0112_01,3,,,0,0,0,0,A Message for You,1
100040111,1004,高まる気持ち,2,200005,100040111,3,4,4130,4290,5280,10004_0111_00,10004_0111_01,3,,,0,0,0,0,Rush of Emotion,1
100070110,1007,スペシャルタロット,3,300004,100070110,3,4,3860,5330,4700,10007_0110_00,10007_0110_01,3,,,0,0,0,0,Special Tarot,1
100070111,1007,幸せに導かれて,2,200001,100070111,3,4,4210,3750,4880,10007_0111_00,10007_0111_01,3,,,0,0,0,0,Guided by Happiness,1
100050113,1005,扇げば涼し,1,100002,100050113,2,3,4980,3150,4250,10005_0113_00,10005_0113_01,2,,,0,0,0,0,Fanning and Cooling,1
100090115,1009,ライクアビー玉,3,300002,100090115,2,3,4300,4920,3080,10009_0115_00,10009_0115_01,2,,,0,0,0,0,Like a Marble,1
100060114,1006,しゅわしゅわラムネ,3,300011,100060114,3,4,4030,5340,4580,10006_0114_00,10006_0114_01,3,,,0,0,0,0,Bubbly Ramune,1
110080071,2008,シャイニーバースデー,1,100003,110080071,3,4,5330,4110,4470,11008_0071_00,11008_0071_01,3,,,0,0,0,0,Shiny Birthday,1
110080072,2008,パーティーへようこそ,1,100001,110080072,3,4,4880,3750,4210,11008_0072_00,11008_0072_01,3,,,0,0,0,0,Welcome to the Party,1
110040071,2004,あなたをトリコに,1,100002,110040071,2,3,4960,4270,3140,11004_0071_00,11004_0071_01,2,,,0,0,0,0,My Captive,1
110050075,2005,私のこだわり,1,100002,110050075,2,3,4920,3110,4260,11005_0075_00,11005_0075_01,2,,,0,0,0,0,In the Details,1
110090072,2009,緊張を半分こ,3,300006,110090072,2,3,3400,5140,4410,11009_0072_00,11009_0072_01,2,,,0,0,0,0,Sharing Worries,1
110020073,2002,ミステリアスナイト,2,200004,110020073,3,4,3980,4620,5350,11002_0073_00,11002_0073_01,3,,,0,0,0,0,Mysterious Night,1
110070073,2007,あなたの横顔,3,300002,110070073,2,3,3570,4670,3920,11007_0073_00,11007_0073_01,2,,,0,0,0,0,Your Profile,1
110080073,2008,相合い傘,1,100002,110080073,2,3,4800,3930,3450,11008_0073_00,11008_0073_01,2,,,0,0,0,0,Sharing an Umbrella,1
120080008,3008,エマ・ヴェルデ,2,200001,120080008,2,3,3930,2970,4190,12008_0008_00,12008_0008_01,2,,,0,0,0,0,Emma Verde,1
140220006,5022,多々良るう,2,200001,140220006,2,3,2990,3940,4220,14022_0006_00,14022_0006_01,2,,,0,0,0,0,Ru Tatara,1
100030113,1003,夏の盛り合わせ,1,100002,100030113,2,3,4980,3130,4260,10003_0113_00,10003_0113_01,2,,,0,0,0,0,Summer Assortment,1
100020113,1002,涼音響きて,2,200011,100020113,2,3,3590,4170,5090,10002_0113_00,10002_0113_01,2,,,0,0,0,0,A Refreshing Sound,1
110030072,2003,みんなとシャボン玉,3,300002,110030072,2,3,3170,4980,4230,11003_0072_00,11003_0072_01,2,,,0,0,0,0,Bubbles Together,1
110040072,2004,シャボン玉のコツ♪,3,300002,110040072,2,3,4260,4890,3130,11004_0072_00,11004_0072_01,2,,,0,0,0,0,Bubble-Blowing Trick,1
110090073,2009,ルビィのアイディア♪,2,200002,110090073,2,3,4260,3140,4980,11009_0073_00,11009_0073_01,2,,,0,0,0,0,Ruby's Idea,1
110060074,2006,壊れやすきもの,1,100006,110060074,2,3,5140,4410,3400,11006_0074_00,11006_0074_01,2,,,0,0,0,0,Fragile Creations,1
110080074,2008,シャボン玉に誘われて,2,200004,110080074,3,4,4610,4010,5290,11008_0074_00,11008_0074_01,3,,,0,0,0,0,Led by Bubbles,1
140080007,5008,クリスティーナ,3,300001,140080007,1,2,690,1850,540,14008_0007_00,14008_0007_01,1,,,0,0,0,0,Christina,1
100050114,1005,あした天気になあれ,2,200002,100050114,2,3,3270,4090,4810,10005_0114_00,10005_0114_01,2,,,0,0,0,0,For a Sunny Tomorrow,1
100090116,1009,夢いっぱい天の川,1,100002,100090116,2,3,4740,3580,3850,10009_0116_00,10009_0116_01,2,,,0,0,0,0,Milky Way of Dreams,1
100070112,1007,色とりどり花火,1,100002,100070112,2,3,4900,3170,4220,10007_0112_00,10007_0112_01,2,,,0,0,0,0,Colorful Fireworks,1
100080113,1008,ビー玉ころころ,2,200009,100080113,3,4,4500,4100,5310,10008_0113_00,10008_0113_01,3,,,0,0,0,0,Rolling Marble,1
110060075,2006,バースデーラグナロク,3,300003,110060075,3,4,4470,5330,4110,11006_0075_00,11006_0075_01,3,,,0,0,0,0,Birthday Ragnarok,1
110060076,2006,今日はなんの日？,3,300001,110060076,3,4,3180,4890,4790,11006_0076_00,11006_0076_01,3,,,0,0,0,0,Guess What Today Is?,1
140310007,5031,設楽ふみ,3,300001,140310007,1,2,1050,2610,640,14031_0007_00,14031_0007_01,1,,,0,0,0,0,Fumi Shitara,1
110020074,2002,シャボン玉のメロディ,3,300002,110020074,2,3,4260,4960,3150,11002_0074_00,11002_0074_01,2,,,0,0,0,0,The Bubble's Melody,1
110070074,2007,シャボン玉シャワー,1,100002,110070074,2,3,4920,3080,4300,11007_0074_00,11007_0074_01,2,,,0,0,0,0,Shower of Bubbles,1
110010075,2001,一緒に飛ばそう♪,2,200006,110010075,2,3,4410,3400,5140,11001_0075_00,11001_0075_01,2,,,0,0,0,0,Let's Blow Bubbles,1
110050076,2005,あなたとシャボン玉,1,100004,110050076,3,4,5340,3940,4670,11005_0076_00,11005_0076_01,3,,,0,0,0,0,Bubbles for Two,1
140360007,5036,福原命,3,300001,140360007,1,2,680,2410,1210,14036_0007_00,14036_0007_01,1,,,0,0,0,0,Mikoto Fukuhara,1
110040073,2004,帽子とワンピース,2,200002,110040073,2,3,3920,3570,4670,11004_0073_00,11004_0073_01,2,,,0,0,0,0,Hat and Dress,1
110050077,2005,内浦の浜辺,3,300002,110050077,2,3,3920,4760,3490,11005_0077_00,11005_0077_01,2,,,0,0,0,0,Uchiura's Beach,1
110010076,2001,全力ライブ,1,100006,110010076,2,3,4980,3040,4350,11001_0076_00,11001_0076_01,2,,,0,0,0,0,Full-Power Live Show,1
110020075,2002,音を繋いで,3,300006,110020075,2,3,4330,4920,3030,11002_0075_00,11002_0075_01,2,,,0,0,0,0,Sounds Tied Together,1
110030073,2003,Aqoursのこれから,2,200006,110030073,2,3,3030,4330,4940,11003_0073_00,11003_0073_01,2,,,0,0,0,0,Aqours' Future,1
110040074,2004,バーニングクイズ,3,300006,110040074,2,3,4350,4980,3040,11004_0074_00,11004_0074_01,2,,,0,0,0,0,Fiery Competition,1
110050078,2005,波に乗って,2,200006,110050078,2,3,3040,4360,4980,11005_0078_00,11005_0078_01,2,,,0,0,0,0,Riding Our Wave,1
110060077,2006,占い師ヨハネの福音,3,300006,110060077,2,3,4360,4980,3040,11006_0077_00,11006_0077_01,2,,,0,0,0,0,A Positive Reading,1
110070075,2007,お揃いのハナマル,1,100006,110070075,2,3,4930,3030,4330,11007_0075_00,11007_0075_01,2,,,0,0,0,0,Matching Mark,1
110080075,2008,パーフェクトプラン,1,100006,110080075,2,3,4980,4360,3040,11008_0075_00,11008_0075_01,2,,,0,0,0,0,Perfect Plan,1
110090074,2009,ルビィのクイズ,2,200006,110090074,2,3,3040,4350,4980,11009_0074_00,11009_0074_01,2,,,0,0,0,0,Ruby's Quiz,1
100090117,1009,エールを受けて,2,200003,100090117,3,4,4700,3860,5330,10009_0117_00,10009_0117_01,3,,,0,0,0,0,Their Cheers for Me,1
100090118,1009,内緒で逆サプライズ,1,100001,100090118,3,4,4880,3450,4520,10009_0118_00,10009_0118_01,3,,,0,0,0,0,A Surprise in Return,1
100040112,1004,光る水しぶき,2,200002,100040112,2,3,3120,4280,4880,10004_0112_00,10004_0112_01,2,,,0,0,0,0,Sparkling Spray,1
100010117,1001,思いっきり弾いて！,3,300009,100010117,2,3,4390,5180,3380,10001_0117_00,10001_0117_01,2,,,0,0,0,0,Shoot for the Stars!,1
110010077,2001,想いを伝えて,1,100003,110010077,3,4,5330,4470,4110,11001_0077_00,11001_0077_01,3,,,0,0,0,0,Sharing My Feelings,1
140510007,5051,イザベラ,1,100001,140510007,1,2,2350,500,750,14051_0007_00,14051_0007_01,1,,,0,0,0,0,Isabella,1
110010078,2001,宝探しを一緒に,3,300002,110010078,2,3,4260,4960,3150,11001_0078_00,11001_0078_01,2,,,0,0,0,0,Treasure for Two,1
110070076,2007,プールサイドの誘惑,3,300002,110070076,2,3,4250,4910,3130,11007_0076_00,11007_0076_01,2,,,0,0,0,0,Poolside Temptation,1
110080076,2008,私たちに溺れて♪,1,100002,110080076,2,3,4920,3080,4300,11008_0076_00,11008_0076_01,2,,,0,0,0,0,Feel Our Wave!,1
110050079,2005,こだわりを探して,2,200012,110050079,2,3,4380,3390,5180,11005_0079_00,11005_0079_01,2,,,0,0,0,0,Finding Perfection,1
110040075,2004,準備運動は入念に,2,200004,110040075,3,4,4080,4490,5330,11004_0075_00,11004_0075_01,3,,,0,0,0,0,Careful Warm-Up,1
100010118,1001,ミュージックスタート,2,200003,100010118,3,4,4700,3860,5330,10001_0118_00,10001_0118_01,3,,,0,0,0,0,Music Start!,1
110050080,2005,今夜、夢の続きを,3,300004,110050080,3,4,3810,5360,4730,11005_0080_00,11005_0080_01,3,,,0,0,0,0,May the Dream Go On,1
110090075,2009,翼の橋,1,100004,110090075,3,4,5340,3750,4820,11009_0075_00,11009_0075_01,3,,,0,0,0,0,Connected by Wings,1
140200007,5020,田中さち子,1,100001,140200007,1,2,2460,540,820,14020_0007_00,14020_0007_01,1,,,0,0,0,0,Sachiko Tanaka,1
100040113,1004,貝の色、海の音,2,200002,100040113,2,3,4090,3270,4810,10004_0113_00,10004_0113_01,2,,,0,0,0,0,"Sea, Color and Sound",1
100060115,1006,輝きの海に,3,300002,100060115,2,3,3950,4820,3410,10006_0115_00,10006_0115_01,2,,,0,0,0,0,To the Radiant Sea,1
100010119,1001,可愛さを引き出して,1,100003,100010119,3,4,5340,4630,3930,10001_0119_00,10001_0119_01,3,,,0,0,0,0,Doing It Justice,1
100020114,1002,キミとクルーズ,3,300003,100020114,3,4,3930,5340,4630,10002_0114_00,10002_0114_01,3,,,0,0,0,0,Cruising with You,1
100030114,1003,波に揺られて,2,200003,100030114,3,4,3930,4630,5340,10003_0114_00,10003_0114_01,3,,,0,0,0,0,Like a Rippling Wave,1
100040114,1004,秘密のポイント,3,300003,100040114,3,4,4700,5310,3880,10004_0114_00,10004_0114_01,3,,,0,0,0,0,A Secret Detail,1
100050115,1005,跳んで弾んで,1,100003,100050115,3,4,5310,4700,3880,10005_0115_00,10005_0115_01,3,,,0,0,0,0,"Hopping, Bouncing",1
100060116,1006,ポーズを決めて,3,300003,100060116,3,4,4570,5320,4020,10006_0116_00,10006_0116_01,3,,,0,0,0,0,Choosing a Pose,1
100070113,1007,星の導きを,2,200003,100070113,3,4,4570,4020,5320,10007_0113_00,10007_0113_01,3,,,0,0,0,0,Led by the Stars,1
100080114,1008,お気に入りポイント,2,200003,100080114,3,4,3880,4700,5310,10008_0114_00,10008_0114_01,3,,,0,0,0,0,Favorite Part,1
100090119,1009,熱意を聞かせて,1,100003,100090119,3,4,5320,4570,4020,10009_0119_00,10009_0119_01,3,,,0,0,0,0,Hearing Your Passion,1
100070114,1007,充電満タン♪,3,300002,100070114,2,3,3170,4970,4240,10007_0114_00,10007_0114_01,2,,,0,0,0,0,Fully Charged,1
100080115,1008,お手柔らかに,1,100002,100080115,2,3,4920,3080,4300,10008_0115_00,10008_0115_01,2,,,0,0,0,0,Go Easy on Us,1
100020115,1002,景色を眺めて,2,200003,100020115,3,4,4090,4500,5320,10002_0115_00,10002_0115_01,3,,,0,0,0,0,Gazing at the View,1
140250007,5025,白木凪,1,100001,140250007,1,2,3300,1150,580,14025_0007_00,14025_0007_01,1,,,0,0,0,0,Nagi Shiraki,1
110030074,2003,油断禁物♪,1,100002,110030074,2,3,4890,3130,4260,11003_0074_00,11003_0074_01,2,,,0,0,0,0,Stay on Guard!,1
110060078,2006,夕月の堕天,1,100002,110060078,2,3,4940,4210,3220,11006_0078_00,11006_0078_01,2,,,0,0,0,0,Moonlit Descent,1
110090076,2009,一緒に夜プール,2,200012,110090076,2,3,3400,4410,5140,11009_0076_00,11009_0076_01,2,,,0,0,0,0,Night Swim Together,1
110020076,2002,人魚姫を見つけて,3,300014,110020076,3,4,4500,5340,4110,11002_0076_00,11002_0076_01,3,,,0,0,0,0,Looking for Mermaids,1
110010079,2001,隠し味はみかん,2,200003,110010079,3,4,4700,3880,5310,11001_0079_00,11001_0079_01,3,,,0,0,0,0,Just a Hint of Mikan,1
110020077,2002,熱々を召し上がれ,1,100003,110020077,3,4,5310,4700,3880,11002_0077_00,11002_0077_01,3,,,0,0,0,0,Piping Hot Treat,1
110030075,2003,温めてあげる,3,300003,110030075,3,4,3930,5340,4630,11003_0075_00,11003_0075_01,3,,,0,0,0,0,Keeping You Warm,1
110040076,2004,木霊に耳を澄ませて,1,100003,110040076,3,4,5320,4570,4020,11004_0076_00,11004_0076_01,3,,,0,0,0,0,Listen to the Echoes,1
110050081,2005,特別な飲み物,3,300003,110050081,3,4,3980,5340,4580,11005_0081_00,11005_0081_01,3,,,0,0,0,0,Special Drink,1
110060079,2006,ヨハネの防御結界,1,100003,110060079,3,4,5310,4690,3890,11006_0079_00,11006_0079_01,3,,,0,0,0,0,Yohane's Barrier,1
110070077,2007,ミラクルカード,2,200003,110070077,3,4,4600,3980,5330,11007_0077_00,11007_0077_01,3,,,0,0,0,0,Miracle Card Game,1
110080077,2008,シャイニープラン,2,200003,110080077,3,4,4580,3980,5340,11008_0077_00,11008_0077_01,3,,,0,0,0,0,My Shiny Plan,1
110090077,2009,手を繋いで,3,300003,110090077,3,4,4020,5320,4570,11009_0077_00,11009_0077_01,3,,,0,0,0,0,Holding Hands,1
140120007,5012,御堂優理,1,100001,140120007,1,2,2070,510,770,14012_0007_00,14012_0007_01,1,,,0,0,0,0,Yuri Mido,1
110030076,2003,無限のチャンス,3,300002,110030076,2,3,3880,4670,3610,11003_0076_00,11003_0076_01,2,,,0,0,0,0,Infinite Chances,1
110060080,2006,グランドスター,2,200002,110060080,2,3,3960,3410,4810,11006_0080_00,11006_0080_01,2,,,0,0,0,0,Grand Star,1
100090120,1009,ニコニーのお土産,1,100002,100090120,2,3,4890,4260,3130,10009_0120_00,10009_0120_01,2,,,0,0,0,0,Nico's Presents,1
100030115,1003,ことり、参戦♪,3,300002,100030115,2,3,3410,5130,4410,10003_0115_00,10003_0115_01,2,,,0,0,0,0,Time to Join In,1
140490007,5049,白瀬小雪,3,300001,140490007,1,2,760,2340,500,14049_0007_00,14049_0007_01,1,,,0,0,0,0,Koyuki Shirase,1
110010080,2001,小悪魔レッスン,2,200002,110010080,2,3,4280,3120,4980,11001_0080_00,11001_0080_01,2,,,0,0,0,0,Little Devil Lessons,1
110030077,2003,あなたと一緒に,2,200002,110030077,2,3,4250,3130,4910,11003_0077_00,11003_0077_01,2,,,0,0,0,0,Together with You,1
110090078,2009,小悪魔ルビィ,1,100002,110090078,2,3,4880,3110,4290,11009_0078_00,11009_0078_01,2,,,0,0,0,0,Little Devil Ruby,1
110080078,2008,まもなくショータイム,1,100002,110080078,2,3,5140,3400,4410,11008_0078_00,11008_0078_01,2,,,0,0,0,0,It's Almost Showtime,1
110060081,2006,堕天使コーディネート,3,300003,110060081,3,4,4460,5320,4170,11006_0081_00,11006_0081_01,3,,,0,0,0,0,Styled by Yohane,1
140380007,5038,志賀仁美,2,200001,140380007,1,2,760,540,2340,14038_0007_00,14038_0007_01,1,,,0,0,0,0,Hitomi Shiga,1
100010120,1001,カッコイイへの挑戦,1,100002,100010120,2,3,4810,4090,3270,10001_0120_00,10001_0120_01,2,,,0,0,0,0,Trying to Be Cool,1
100080116,1008,ホールドアップ！,2,200002,100080116,2,3,3470,4010,4680,10008_0116_00,10008_0116_01,2,,,0,0,0,0,Put 'Em Up!,1
100050116,1005,凛は隊長♪,2,200002,100050116,2,3,4260,3150,4960,10005_0116_00,10005_0116_01,2,,,0,0,0,0,Captain Rin,1
100040115,1004,山頂アタック,1,100010,100040115,3,4,5340,4420,4140,10004_0115_00,10004_0115_01,3,,,0,0,0,0,Summit Challenge,1
100030116,1003,今日の主役は？,3,300003,100030116,3,4,3860,5330,4700,10003_0116_00,10003_0116_01,3,,,0,0,0,0,Who's the Star?,1
140530007,5053,ジェニファー,3,300001,140530007,1,2,650,2580,970,14053_0007_00,14053_0007_01,1,,,0,0,0,0,Jennifer,1
110020078,2002,一緒にしたいこと,1,100002,110020078,2,3,4970,4160,3250,11002_0078_00,11002_0078_01,2,,,0,0,0,0,Hanging Out Together,1
110050082,2005,アイディアがいっぱい,2,200002,110050082,2,3,4270,3140,4960,11005_0082_00,11005_0082_01,2,,,0,0,0,0,Full of Ideas,1
110040077,2004,準備は入念に,3,300002,110040077,2,3,3520,5090,4250,11004_0077_00,11004_0077_01,2,,,0,0,0,0,Careful Preparations,1
110070078,2007,マルの冒険,3,300004,110070078,3,4,4520,5320,4070,11007_0078_00,11007_0078_01,3,,,0,0,0,0,Hanamaru's Adventure,1
110020079,2002,特別なステージ♪,3,300003,110020079,3,4,4110,5330,4470,11002_0079_00,11002_0079_01,3,,,0,0,0,0,A Special Stage!,1
110090079,2009,サプライズは突然に,2,200003,110090079,3,4,4470,4110,5330,11009_0079_00,11009_0079_01,3,,,0,0,0,0,Sudden Surprise,1
110010081,2001,チカッチワールド,3,300006,110010081,2,3,4360,4990,3030,11001_0081_00,11001_0081_01,2,,,0,0,0,0,Chika's World,1
110020080,2002,彩りのメロディ,2,200006,110020080,2,3,3040,4350,4980,11002_0080_00,11002_0080_01,2,,,0,0,0,0,Embellished Melody,1
110030078,2003,みんなを支える力,1,100006,110030078,2,3,4980,3040,4350,11003_0078_00,11003_0078_01,2,,,0,0,0,0,The Power to Support,1
110040078,2004,サンシャインを感じて,2,200006,110040078,2,3,3040,4360,4980,11004_0078_00,11004_0078_01,2,,,0,0,0,0,Feel the Sunshine,1
110050083,2005,空への出航,1,100006,110050083,2,3,4940,3030,4330,11005_0083_00,11005_0083_01,2,,,0,0,0,0,Voyage in the Sky,1
110060082,2006,純血と漆黒の契約,2,200006,110060082,2,3,3030,4330,4920,11006_0082_00,11006_0082_01,2,,,0,0,0,0,Pure and Dark's Pact,1
110070079,2007,あなたと冒険,3,300006,110070079,2,3,4350,4980,3040,11007_0079_00,11007_0079_01,2,,,0,0,0,0,Adventuring Together,1
110080079,2008,マリーのアンブレラ,3,300006,110080079,2,3,4330,4930,3030,11008_0079_00,11008_0079_01,2,,,0,0,0,0,Mari's Umbrella,1
110090080,2009,太陽さんへの祈り,1,100006,110090080,2,3,4980,3040,4360,11009_0080_00,11009_0080_01,2,,,0,0,0,0,Prayer to the Sun,1
110060083,2006,共鳴する魂,3,300001,110060083,3,4,4520,4880,3450,11006_0083_00,11006_0083_01,3,,,0,0,0,0,Resonating Souls,1
100010121,1001,いざ、出発♪,3,300002,100010121,2,3,4300,4920,3080,10001_0121_00,10001_0121_01,2,,,0,0,0,0,Time to Depart,1
100060117,1006,宝探しの秘密,2,200002,100060117,2,3,3420,4360,5170,10006_0117_00,10006_0117_01,2,,,0,0,0,0,Secret Treasure Hunt,1
140130007,5013,佐伯麗音,3,300001,140130007,1,2,480,2160,790,14013_0007_00,14013_0007_01,1,,,0,0,0,0,Reine Saeki,1
110010082,2001,特製焼きみかん,3,300002,110010082,2,3,4240,4980,3160,11001_0082_00,11001_0082_01,2,,,0,0,0,0,Grilled Mikans,1
110050084,2005,収穫日和♪,1,100002,110050084,2,3,4960,3130,4280,11005_0084_00,11005_0084_01,2,,,0,0,0,0,Harvest Weather,1
110070080,2007,実りに感謝,2,200002,110070080,2,3,4260,3120,4910,11007_0080_00,11007_0080_01,2,,,0,0,0,0,Harvest Gratitude,1
110030079,2003,ちょっと一工夫,2,200006,110030079,2,3,4350,3470,5130,11003_0079_00,11003_0079_01,2,,,0,0,0,0,A Clever Trick,1
110080080,2008,マリーのスペシャル,1,100003,110080080,3,4,5310,3980,4600,11008_0080_00,11008_0080_01,3,,,0,0,0,0,Mari's Special Idea,1
140020007,5002,宮下ココ,3,300001,140020007,1,2,620,1690,540,14002_0007_00,14002_0007_01,1,,,0,0,0,0,Coco Miyashita,1
100070115,1007,イタズラタイム！,3,300002,100070115,2,3,3970,4680,3510,10007_0115_00,10007_0115_01,2,,,0,0,0,0,Time for Tricks!,1
100090121,1009,スイートハロウィン,2,200002,100090121,2,3,3570,3920,4670,10009_0121_00,10009_0121_01,2,,,0,0,0,0,Sweet Halloween,1
100020116,1002,キミにはお見通し？,3,300002,100020116,2,3,3090,4920,4290,10002_0116_00,10002_0116_01,2,,,0,0,0,0,See Right Through Me,1
100060118,1006,ノートを見せて,1,100002,100060118,2,3,4960,4140,3280,10006_0118_00,10006_0118_01,2,,,0,0,0,0,Show Me Your Notes,1
100010122,1001,夜食のパンタイム,3,300003,100010122,3,4,4520,5330,4100,10001_0122_00,10001_0122_01,3,,,0,0,0,0,Late-Night Snacks,1
140340007,5034,桐原優香,1,100001,140340007,1,2,2040,840,520,14034_0007_00,14034_0007_01,1,,,0,0,0,0,Yuuka Kirihara,1
110040079,2004,苦手を克服？,1,100002,110040079,2,3,4970,4270,3140,11004_0079_00,11004_0079_01,2,,,0,0,0,0,Overcoming a Dislike,1
110060084,2006,堕天使の漆黒の岩漿,3,300002,110060084,2,3,4300,4910,3090,11006_0084_00,11006_0084_01,2,,,0,0,0,0,Fallen Angel Magma,1
110020081,2002,美味しい笑顔,3,300006,110020081,2,3,3590,5090,4170,11002_0081_00,11002_0081_01,2,,,0,0,0,0,Delicious Smile,1
110090081,2009,お芋パラダイス,2,200012,110090081,3,4,4050,4560,5340,11009_0081_00,11009_0081_01,3,,,0,0,0,0,Potato Paradise,1
100020117,1002,最高のステージを,1,100003,100020117,3,4,5330,4700,3860,10002_0117_00,10002_0117_01,3,,,0,0,0,0,The Best Show,1
140370007,5037,坂巻千鶴子,3,300001,140370007,1,2,880,2280,440,14037_0007_00,14037_0007_01,1,,,0,0,0,0,Chiduko Sakamaki,1
110020082,2002,優しい怪盗,3,300002,110020082,2,3,3440,4800,3940,11002_0082_00,11002_0082_01,2,,,0,0,0,0,A Kind Phantom Thief,1
110080081,2008,優雅な知恵比べ,2,200002,110080081,2,3,3610,3880,4670,11008_0081_00,11008_0081_01,2,,,0,0,0,0,An Elegant Showdown,1
100080117,1008,おやつはおにぎり,1,100002,100080117,2,3,4850,3400,4040,10008_0117_00,10008_0117_01,2,,,0,0,0,0,Rice Ball Snacks,1
100050117,1005,ラーメン食べるにゃ！,3,300010,100050117,2,3,4350,5120,3480,10005_0117_00,10005_0117_01,2,,,0,0,0,0,Let's Eat Ramen!,1
100050118,1005,嬉しい笑顔,2,200004,100050118,3,4,4700,3860,5330,10005_0118_00,10005_0118_01,3,,,0,0,0,0,A Happy Smile,1
140450007,5045,レベッカ,1,100001,140450007,1,2,2430,490,780,14045_0007_00,14045_0007_01,1,,,0,0,0,0,Rebecca,1
110030080,2003,見てみたい世界,1,100002,110030080,2,3,4980,3120,4280,11003_0080_00,11003_0080_01,2,,,0,0,0,0,An Enticing World,1
110080082,2008,マリーにお任せ,3,300002,110080082,2,3,4290,4920,3090,11008_0082_00,11008_0082_01,2,,,0,0,0,0,Leave It to Mari,1
110090082,2009,お友達になりたいな,2,200002,110090082,2,3,3150,4260,4960,11009_0082_00,11009_0082_01,2,,,0,0,0,0,An Unusual Friend,1
110070081,2007,あなたと想像の旅,1,100013,110070081,2,3,5090,3520,4250,11007_0081_00,11007_0081_01,2,,,0,0,0,0,Our Creative Journey,1
110050085,2005,たくさんのこだわり,2,200006,110050085,3,4,4000,4580,5310,11005_0085_00,11005_0085_01,3,,,0,0,0,0,Making It Just Right,1
140110007,5011,杉崎亜矢,3,300001,140110007,1,2,700,2030,560,14011_0007_00,14011_0007_01,1,,,0,0,0,0,Aya Sugisaki,1
100020118,1002,時には気の向くままに,2,200002,100020118,2,3,3980,3390,4810,10002_0118_00,10002_0118_01,2,,,0,0,0,0,Follow Our Whims,1
100080118,1008,あなたと過ごす時間,1,100002,100080118,2,3,4670,3920,3570,10008_0118_00,10008_0118_01,2,,,0,0,0,0,Our Time Together,1
100040116,1004,時には集中,2,200002,100040116,2,3,3150,4260,4960,10004_0116_00,10004_0116_01,2,,,0,0,0,0,Time to Concentrate,1
100090122,1009,ソワソワの理由,2,200003,100090122,3,4,4460,4160,5330,10009_0122_00,10009_0122_01,3,,,0,0,0,0,Reason for Fidgeting,1
140190007,5019,下園咲,1,100001,140190007,1,2,2420,700,620,14019_0007_00,14019_0007_01,1,,,0,0,0,0,Saki Shimozono,1
110020083,2002,曲作りのヒント,2,200002,110020083,2,3,3160,4240,4980,11002_0083_00,11002_0083_01,2,,,0,0,0,0,Song-Making Hints,1
110040080,2004,あなたと読書,3,300002,110040080,2,3,3080,4920,4300,11004_0080_00,11004_0080_01,2,,,0,0,0,0,Reading Together,1
110060085,2006,ヨハネの魔眼,3,300002,110060085,2,3,3460,5130,4360,11006_0085_00,11006_0085_01,2,,,0,0,0,0,Yohane's Magic Eye,1
110010083,2001,歌詞作りのヒント,1,100012,110010083,3,4,5330,4110,4470,11001_0083_00,11001_0083_01,3,,,0,0,0,0,Lyric-Writing Hints,1
140050007,5005,結城紗菜,3,300001,140050007,1,2,730,1770,530,14005_0007_00,14005_0007_01,1,,,0,0,0,0,Sana Yuki,1
110040081,2004,仮面が伝える思い,1,100002,110040081,2,3,4810,3270,4090,11004_0081_00,11004_0081_01,2,,,0,0,0,0,A Mask's Emotions,1
110060086,2006,闇が宿るマスク,2,200002,110060086,2,3,3840,3610,4720,11006_0086_00,11006_0086_01,2,,,0,0,0,0,Mask of Darkness,1
100010123,1001,叶える力,1,100001,100010123,3,4,5090,3590,4170,10001_0123_00,10001_0123_01,3,,,0,0,0,0,The Power to Grant,1
110010084,2001,輝きを探して,2,200001,110010084,3,4,4250,3520,5090,11001_0084_00,11001_0084_01,3,,,0,0,0,0,Searching for Light,1
100030117,1003,お勉強のお供に,2,200002,100030117,2,3,3290,4120,4880,10003_0117_00,10003_0117_01,2,,,0,0,0,0,Study Buddy,1
100070116,1007,興味を持って♪,1,100002,100070116,2,3,5170,3420,4360,10007_0116_00,10007_0116_01,2,,,0,0,0,0,Show Some Interest,1
140400007,5040,紫藤美咲,1,100001,140400007,1,2,2220,650,980,14040_0007_00,14040_0007_01,1,,,0,0,0,0,Misaki Shido,1
110020084,2002,プレゼントをあなたに,3,300002,110020084,2,3,3140,4880,4260,11002_0084_00,11002_0084_01,2,,,0,0,0,0,A Present for You,1
110070082,2007,マルとクリスマス,2,200002,110070082,2,3,4250,3150,4970,11007_0082_00,11007_0082_01,2,,,0,0,0,0,Hanamaru's Christmas,1
110080083,2008,ハッピーのおすそ分け,1,100002,110080083,2,3,4970,4250,3160,11008_0083_00,11008_0083_01,2,,,0,0,0,0,Sharing Happiness,1
110010085,2001,空に向かって,1,100006,110010085,2,3,5090,4170,3590,11001_0085_00,11001_0085_01,2,,,0,0,0,0,Up toward the Sky,1
110030081,2003,サンタさんになって,2,200013,110030081,3,4,4520,4080,5350,11003_0081_00,11003_0081_01,3,,,0,0,0,0,Just like Santa,1
140410007,5041,月島結架,3,300001,140410007,1,2,540,1900,770,14041_0007_00,14041_0007_01,1,,,0,0,0,0,Yuka Tsukishima,1
100010124,1001,可愛いキャラ飾り,3,300002,100010124,2,3,3420,4800,3960,10001_0124_00,10001_0124_01,2,,,0,0,0,0,Cute Characters,1
100030118,1003,夢を守りたくて,2,200002,100030118,2,3,3610,3880,4670,10003_0118_00,10003_0118_01,2,,,0,0,0,0,Treasuring Dreams,1
100040117,1004,冬にも負けず,3,300002,100040117,2,3,4290,4980,3110,10004_0117_00,10004_0117_01,2,,,0,0,0,0,Overcoming Winter,1
100080119,1008,寒いならご飯です！,3,300002,100080119,2,3,3150,4960,4260,10008_0119_00,10008_0119_01,2,,,0,0,0,0,Rice for the Cold,1
100060119,1006,片方ずつの手袋,1,100003,100060119,3,4,5330,4510,4060,10006_0119_00,10006_0119_01,3,,,0,0,0,0,One Glove Each,1
140430007,5043,蘭花,1,100001,140430007,1,2,2060,920,450,14043_0007_00,14043_0007_01,1,,,0,0,0,0,Ranpha,1
110040082,2004,私たちのプレゼント,2,200002,110040082,2,3,3080,4300,4920,11004_0082_00,11004_0082_01,2,,,0,0,0,0,Our Present,1
110050086,2005,トワイライトの中で,3,300002,110050086,2,3,3140,4880,4260,11005_0086_00,11005_0086_01,2,,,0,0,0,0,In the Twilight,1
110090083,2009,ルビィのサンタさん,3,300002,110090083,2,3,3390,5180,4380,11009_0083_00,11009_0083_01,2,,,0,0,0,0,Santa Ruby,1
110060087,2006,堕天使の聖なる夜,1,100006,110060087,3,4,5330,4470,4110,11006_0087_00,11006_0087_01,3,,,0,0,0,0,Fallen Holy Night,1
140230007,5023,篠宮あきる,2,200001,140230007,1,2,1050,680,2880,14023_0007_00,14023_0007_01,1,,,0,0,0,0,Akiru Shinomiya,1
110010086,2001,アンティークライト,3,300002,110010086,2,3,3530,4750,3880,11001_0086_00,11001_0086_01,2,,,0,0,0,0,Antique Lights,1
110050087,2005,聖なる歌の調べ,1,100002,110050087,2,3,4670,3880,3610,11005_0087_00,11005_0087_01,2,,,0,0,0,0,Sacred Song Melody,1
100020119,1002,癒しの小旅行,3,300004,100020119,3,4,4210,5360,4340,10002_0119_00,10002_0119_01,3,,,0,0,0,0,A Soothing Trip,1
100070117,1007,モミジの押し花,2,200004,100070117,3,4,4000,4580,5330,10007_0117_00,10007_0117_01,3,,,0,0,0,0,Pressed Maple Leaf,1
110060088,2006,堕天使の微睡み,3,300004,110060088,3,4,4570,5330,4020,11006_0088_00,11006_0088_01,3,,,0,0,0,0,Fallen Angel Nap,1
110070083,2007,至福の湯上がり,1,100004,110070083,3,4,5370,4460,4080,11007_0083_00,11007_0083_01,3,,,0,0,0,0,After-Bath Bliss,1
100050119,1005,ぎゅってしたいにゃー,1,100002,100050119,2,3,4850,4070,3370,10005_0119_00,10005_0119_01,2,,,0,0,0,0,Holding You Tight,1
100090123,1009,白銀ステージ,2,200011,100090123,2,3,4410,3400,5140,10009_0123_00,10009_0123_01,2,,,0,0,0,0,Snowy Stage,1
110040083,2004,特別な余興♪,3,300003,110040083,3,4,4470,5330,4110,11004_0083_00,11004_0083_01,3,,,0,0,0,0,A Special Show!,1
140090007,5009,菊池朱美,2,200001,140090007,1,2,770,450,1920,14009_0007_00,14009_0007_01,1,,,0,0,0,0,Akemi Kikuchi,1
110010087,2001,みかんのあぶり出し,2,200002,110010087,2,3,4260,3150,4960,11001_0087_00,11001_0087_01,2,,,0,0,0,0,Invisible Mikan Ink,1
110070084,2007,無になれたら,1,100002,110070084,2,3,4890,4270,3120,11007_0084_00,11007_0084_01,2,,,0,0,0,0,An Empty Mind,1
110080084,2008,シャイニーな一年を,3,300002,110080084,2,3,4190,4980,3210,11008_0084_00,11008_0084_01,2,,,0,0,0,0,To a Shiny Year,1
110060089,2006,リトルデーモン募集中,2,200014,110060089,2,3,3580,4180,5090,11006_0089_00,11006_0089_01,2,,,0,0,0,0,Little Demons Wanted,1
110050088,2005,新春ヨーソロー,3,300006,110050088,3,4,4010,5340,4600,11005_0088_00,11005_0088_01,3,,,0,0,0,0,New Year Aye Aye,1
140180007,5018,近江遥,2,200001,140180007,1,2,480,870,2380,14018_0007_00,14018_0007_01,1,,,0,0,0,0,Haruka Konoe,1
100050120,1005,新しい年のはじまり,3,300002,100050120,2,3,3440,4800,3940,10005_0120_00,10005_0120_01,2,,,0,0,0,0,Start of a New Year,1
100060120,1006,恭賀新正,1,100002,100060120,2,3,4670,3610,3880,10006_0120_00,10006_0120_01,2,,,0,0,0,0,Congratulations,1
100010125,1001,雪降れー！,2,200002,100010125,2,3,4110,3290,4890,10001_0125_00,10001_0125_01,2,,,0,0,0,0,Please Let It Snow!,1
100030119,1003,よく見て近い雪だるま,3,300004,100030119,3,4,4060,5310,4540,10003_0119_00,10003_0119_01,3,,,0,0,0,0,Snow Twins,1
100080120,1008,夢の中でも,1,100004,100080120,3,4,5330,3860,4700,10008_0120_00,10008_0120_01,3,,,0,0,0,0,Even in My Dreams,1
140320007,5032,門田剣,2,200001,140320007,1,2,910,670,2270,14032_0007_00,14032_0007_01,1,,,0,0,0,0,Tsurugi Kadota,1
110040084,2004,着付けはお任せ,1,100002,110040084,2,3,4960,4260,3150,11004_0084_00,11004_0084_01,2,,,0,0,0,0,Leave Kimonos to Me,1
110090084,2009,お姉ちゃんの着付け,3,300002,110090084,2,3,3120,4910,4260,11009_0084_00,11009_0084_01,2,,,0,0,0,0,My Sister's Talent,1
110030082,2003,アクティブな願い事,1,100013,110030082,2,3,5180,3380,4390,11003_0082_00,11003_0082_01,2,,,0,0,0,0,Active Prayers,1
110020085,2002,願い事を叶えて,2,200006,110020085,3,4,4110,4480,5320,11002_0085_00,11002_0085_01,3,,,0,0,0,0,Grant My Wish,1
100080121,1008,ラッキーパーソン,3,300001,100080121,3,4,3750,4880,4210,10008_0121_00,10008_0121_01,3,,,0,0,0,0,A Lucky Person,1
140390007,5039,鬼崎アキラ,2,200001,140390007,1,2,580,870,1850,14039_0007_00,14039_0007_01,1,,,0,0,0,0,Akira Kizaki,1
110020086,2002,雪のメロディ,3,300002,110020086,2,3,3880,4670,3610,11002_0086_00,11002_0086_01,2,,,0,0,0,0,The Snow's Melody,1
110030083,2003,雪の音,2,200002,110030083,2,3,3810,3580,4770,11003_0083_00,11003_0083_01,2,,,0,0,0,0,The Sound of Snow,1
100070118,1007,見つけて冬の一番星,2,200002,100070118,2,3,3900,3510,4970,10007_0118_00,10007_0118_01,2,,,0,0,0,0,First Star in Winter,1
100020120,1002,冬の発見,1,100002,100020120,2,3,5140,4410,3400,10002_0120_00,10002_0120_01,2,,,0,0,0,0,Winter Discoveries,1
140540007,5054,マリア,2,200001,140540007,1,2,820,440,2440,14054_0007_00,14054_0007_01,1,,,0,0,0,0,Maria,1
110020087,2002,ネコちゃんの歌,2,200002,110020087,2,3,3390,4020,4970,11002_0087_00,11002_0087_01,2,,,0,0,0,0,Cat Songs,1
110030084,2003,十人十色♪,3,300002,110030084,2,3,3090,4970,4310,11003_0084_00,11003_0084_01,2,,,0,0,0,0,Different Strokes,1
110070085,2007,あなたとお手伝い,2,200002,110070085,2,3,4190,3210,4890,11007_0085_00,11007_0085_01,2,,,0,0,0,0,Helping with You,1
110050089,2005,おさかなクッキー,1,100006,110050089,2,3,5090,3590,4170,11005_0089_00,11005_0089_01,2,,,0,0,0,0,Fish Treats,1
110090085,2009,心地良い場所,1,100004,110090085,3,4,5320,4090,4540,11009_0085_00,11009_0085_01,3,,,0,0,0,0,A Comfy Place,1
140070007,5007,永山みなみ,2,200001,140070007,1,2,580,670,1780,14007_0007_00,14007_0007_01,1,,,0,0,0,0,Minami Nagayama,1
100040118,1004,しあわせのひとくち,3,300002,100040118,2,3,3850,4720,3580,10004_0118_00,10004_0118_01,2,,,0,0,0,0,A Bite of Happiness,1
100070119,1007,ショコラ・パワー,1,100002,100070119,2,3,4820,3800,3560,10007_0119_00,10007_0119_01,2,,,0,0,0,0,Chocolate Power,1
110030085,2003,バースデースマイル,2,200003,110030085,3,4,4110,4470,5330,11003_0085_00,11003_0085_01,3,,,0,0,0,0,Birthday Smile,1
100030120,1003,衣装をプレゼント,3,300002,100030120,2,3,3130,4970,4270,10003_0120_00,10003_0120_01,2,,,0,0,0,0,Gifting a Costume,1
100040119,1004,もっと綺麗に！,1,100002,100040119,2,3,4980,4150,3250,10004_0119_00,10004_0119_01,2,,,0,0,0,0,Becoming Prettier!,1
100050121,1005,あなたが選ぶもの,2,200003,100050121,3,4,4440,4150,5320,10005_0121_00,10005_0121_01,3,,,0,0,0,0,Whatever You Choose,1
140030007,5003,逢沢遊宇,1,100001,140030007,1,2,1720,530,630,14003_0007_00,14003_0007_01,1,,,0,0,0,0,Yuu Aizawa,1
110040085,2004,幸せな気持ち,3,300002,110040085,2,3,4330,4920,3050,11004_0085_00,11004_0085_01,2,,,0,0,0,0,Feelings of Joy,1
110060090,2006,新たなる眷属,1,100002,110060090,2,3,4920,4400,3030,11006_0090_00,11006_0090_01,2,,,0,0,0,0,A New Underling,1
110080085,2008,嫉妬ファイヤー？,3,300006,110080085,2,3,4320,5180,3450,11008_0085_00,11008_0085_01,2,,,0,0,0,0,A Jealousy Blast?,1
110010088,2001,可愛さをアピール,2,200004,110010088,3,4,4430,4160,5320,11001_0088_00,11001_0088_01,3,,,0,0,0,0,Acting Cutely,1
140150007,5015,神谷理華,2,200001,140150007,1,2,790,490,2200,14015_0007_00,14015_0007_01,1,,,0,0,0,0,Rika Kamiya,1
110070086,2007,想像と創造の旅,2,200002,110070086,2,3,3340,4040,4800,11007_0086_00,11007_0086_01,2,,,0,0,0,0,Imagine and Create,1
110090086,2009,一緒にメイキング,3,300002,110090086,2,3,3880,4750,3540,11009_0086_00,11009_0086_01,2,,,0,0,0,0,Creating Together,1
100080122,1008,夢の中でも一緒に,2,200003,100080122,3,4,4140,4450,5320,10008_0122_00,10008_0122_01,3,,,0,0,0,0,Together in Our Dreams,1
100090124,1009,爆発キューティー,3,300002,100090124,2,3,4300,4920,3080,10009_0124_00,10009_0124_01,2,,,0,0,0,0,An Explosion of Cute,1
100010126,1001,マジカルパワー！,2,200002,100010126,2,3,4170,3590,5090,10001_0126_00,10001_0126_01,2,,,0,0,0,0,Magical Power!,1
140350007,5035,斉木風,2,200001,140350007,1,2,650,990,2660,14035_0007_00,14035_0007_01,1,,,0,0,0,0,Fuu Saiki,1
110010089,2001,春の妖精,1,100002,110010089,2,3,4950,3210,4190,11001_0089_00,11001_0089_01,2,,,0,0,0,0,A Spring Fairy,1
110060091,2006,蝶の輪舞,3,300002,110060091,2,3,3180,4970,4230,11006_0091_00,11006_0091_01,2,,,0,0,0,0,Dance of Butterflies,1
110090087,2009,春を届けて,1,100002,110090087,2,3,4940,3150,4200,11009_0087_00,11009_0087_01,2,,,0,0,0,0,Delivering Spring,1
110020088,2002,春の音色,2,200002,110020088,2,3,3410,4400,5140,11002_0088_00,11002_0088_01,2,,,0,0,0,0,Spring's Timbre,1
110040086,2004,春を探して,3,300013,110040086,3,4,4440,5320,4150,11004_0086_00,11004_0086_01,3,,,0,0,0,0,Searching for Spring,1
110070087,2007,弾む心♪,1,100003,110070087,3,4,5330,4470,4110,11007_0087_00,11007_0087_01,3,,,0,0,0,0,Ecstatic Heart,1
140480007,5048,黒羽咲夜,3,300001,140480007,1,2,950,2360,540,14048_0007_00,14048_0007_01,1,,,0,0,0,0,Sakuya Kurobane,1
100010127,1001,穂乃果のお手紙,3,300002,100010127,2,3,3330,4810,4040,10001_0127_00,10001_0127_01,2,,,0,0,0,0,Honoka's Letter,1
100020121,1002,いつもより素直に,2,200002,100020121,2,3,3810,3580,4770,10002_0121_00,10002_0121_01,2,,,0,0,0,0,More Honest,1
100040120,1004,一筆集中♪,2,200003,100040120,3,4,3860,4700,5330,10004_0120_00,10004_0120_01,3,,,0,0,0,0,Focused Brushstrokes,1
100060121,1006,そんなに見ないで,2,200002,100060121,2,3,3190,4200,4890,10006_0121_00,10006_0121_01,2,,,0,0,0,0,Stop Staring,1
100070120,1007,のんちゃんマジカル☆,1,100003,100070120,3,4,5340,4100,4470,10007_0120_00,10007_0120_01,3,,,0,0,0,0,Magical Girl Nozomi,1
100040121,1004,マジカルウィッチ,1,100001,100040121,3,4,4880,4210,3750,10004_0121_00,10004_0121_01,3,,,0,0,0,0,Magical Witch,1
100030121,1003,想いを弾ませて,2,200004,100030121,3,4,4590,3960,5340,10003_0121_00,10003_0121_01,3,,,0,0,0,0,Filled with Feelings,1
100070121,1007,あなたと夢の旅,1,100004,100070121,3,4,5340,4040,4520,10007_0121_00,10007_0121_01,3,,,0,0,0,0,Dream Trip with You,1
140550007,5055,レオ,2,200001,140550007,1,2,740,980,2530,14055_0007_00,14055_0007_01,1,,,0,0,0,0,Leo,1
110030086,2003,妖精になって,1,100002,110030086,2,3,4970,3080,4330,11003_0086_00,11003_0086_01,2,,,0,0,0,0,Becoming a Fairy,1
110050090,2005,暖かさを感じて,2,200002,110050090,2,3,3070,4320,4900,11005_0090_00,11005_0090_01,2,,,0,0,0,0,Feeling the Warmth,1
110070088,2007,妖精と蝶の浪漫,3,300002,110070088,2,3,4430,5120,3400,11007_0088_00,11007_0088_01,2,,,0,0,0,0,Fairy and Butterfly,1
110080086,2008,特別な春の夢を♪,2,200006,110080086,3,4,4620,3990,5340,11008_0086_00,11008_0086_01,3,,,0,0,0,0,Special Spring Dream,1
140170007,5017,九条聖来,1,100001,140170007,1,2,2230,790,590,14017_0007_00,14017_0007_01,1,,,0,0,0,0,Seira Kujo,1
110050091,2005,お返しヨーソロー,3,300002,110050091,2,3,3870,4800,3510,11005_0091_00,11005_0091_01,2,,,0,0,0,0,Thanks and Aye Aye!,1
110080087,2008,ピュアシャイニー,1,100002,110080087,2,3,4690,3560,3910,11008_0087_00,11008_0087_01,2,,,0,0,0,0,Pure Shininess,1
110010090,2001,みんなで乗り越えて,3,300006,110010090,3,4,4000,5970,3850,11001_0090_00,11001_0090_01,3,,,0,0,0,0,Overcoming Together,1
110020089,2002,歌声で包んで,2,200006,110020089,3,4,3790,4110,6050,11002_0089_00,11002_0089_01,3,,,0,0,0,0,Wrapped in Our Song,1
110050092,2005,信じる気持ち,1,100006,110050092,3,4,6020,3840,4050,11005_0092_00,11005_0092_01,3,,,0,0,0,0,Keep Believing,1
110010091,2001,次の輝きへ,1,100001,110010091,3,4,4890,4790,3180,11001_0091_00,11001_0091_01,3,,,0,0,0,0,To the Next Level,1
100020122,1002,綺麗をキミに♪,1,100002,100020122,2,3,4980,4180,3220,10002_0122_00,10002_0122_01,2,,,0,0,0,0,Sharing Beauty,1
100080123,1008,できるかな……？,3,300002,100080123,2,3,3600,5090,4260,10008_0123_00,10008_0123_01,2,,,0,0,0,0,Can I Do It?,1
140100007,5010,須田いるか,2,200001,140100007,1,2,490,780,1970,14010_0007_00,14010_0007_01,1,,,0,0,0,0,Iruka Suda,1
100010128,1001,高坂穂乃果,1,100001,100010128,2,3,3860,2340,1790,10001_0128_00,10001_0128_01,2,,,0,0,0,0,Honoka Kosaka,1
100020123,1002,絢瀬絵里,3,300001,100020123,2,3,1750,3910,2320,10002_0123_00,10002_0123_01,2,,,0,0,0,0,Eli Ayase,1
100030122,1003,南ことり,2,200001,100030122,2,3,2180,1800,4020,10003_0122_00,10003_0122_01,2,,,0,0,0,0,Kotori Minami,1
100040122,1004,園田海未,3,300001,100040122,2,3,2150,3960,1880,10004_0122_00,10004_0122_01,2,,,0,0,0,0,Umi Sonoda,1
100050122,1005,星空凛,1,100001,100050122,2,3,3950,1860,2180,10005_0122_00,10005_0122_01,2,,,0,0,0,0,Rin Hoshizora,1
100060122,1006,西木野真姫,3,300001,100060122,2,3,2290,3900,1790,10006_0122_00,10006_0122_01,2,,,0,0,0,0,Maki Nishikino,1
100070122,1007,東條希,2,200001,100070122,2,3,1850,2200,3940,10007_0122_00,10007_0122_01,2,,,0,0,0,0,Nozomi Tojo,1
100080124,1008,小泉花陽,2,200001,100080124,2,3,1820,2310,3850,10008_0124_00,10008_0124_01,2,,,0,0,0,0,Hanayo Koizumi,1
100090125,1009,矢澤にこ,1,100001,100090125,2,3,4040,2140,1820,10009_0125_00,10009_0125_01,2,,,0,0,0,0,Nico Yazawa,1
110010092,2001,高海千歌,1,100001,110010092,2,3,3950,1860,2180,11001_0092_00,11001_0092_01,2,,,0,0,0,0,Chika Takami,1
110020090,2002,桜内梨子,3,300001,110020090,2,3,1820,4040,2140,11002_0090_00,11002_0090_01,2,,,0,0,0,0,Riko Sakurauchi,1
110030087,2003,松浦果南,2,200001,110030087,2,3,1790,2290,3900,11003_0087_00,11003_0087_01,2,,,0,0,0,0,Kanan Matsuura,1
110040087,2004,黒澤ダイヤ,3,300001,110040087,2,3,2200,3940,1850,11004_0087_00,11004_0087_01,2,,,0,0,0,0,Dia Kurosawa,1
110050093,2005,渡辺曜,2,200001,110050093,2,3,1750,2320,3910,11005_0093_00,11005_0093_01,2,,,0,0,0,0,You Watanabe,1
110060092,2006,津島善子,3,300001,110060092,2,3,2340,3860,1790,11006_0092_00,11006_0092_01,2,,,0,0,0,0,Yoshiko Tsushima,1
110070089,2007,国木田花丸,1,100001,110070089,2,3,4020,1800,2180,11007_0089_00,11007_0089_01,2,,,0,0,0,0,Hanamaru Kunikida,1
110080088,2008,小原鞠莉,1,100001,110080088,2,3,3850,2310,1820,11008_0088_00,11008_0088_01,2,,,0,0,0,0,Mari Ohara,1
110090088,2009,黒澤ルビィ,2,200001,110090088,2,3,1880,2150,3960,11009_0088_00,11009_0088_01,2,,,0,0,0,0,Ruby Kurosawa,1
140920001,5092,ブロッサム,1,100001,140920001,2,3,1,1,1,14092_0001_00,14092_0001_01,2,,,0,0,0,0,Blossom,1
140930001,5093,バブルス,2,200001,140930001,2,3,1,1,1,14093_0001_00,14093_0001_01,2,,,0,0,0,0,Bubbles,1
140940001,5094,バターカップ,3,300001,140940001,2,3,1,1,1,14094_0001_00,14094_0001_01,2,,,0,0,0,0,Buttercup,1
140240007,5024,吉川瑞希,2,200001,140240007,1,2,900,1140,2950,14024_0007_00,14024_0007_01,1,,,0,0,0,0,Mizuki Kikkawa,1
100010129,1001,何度でもフルコース,2,200002,100010129,2,3,3530,3940,4690,10001_0129_00,10001_0129_01,2,,,0,0,0,0,Repeat Full Course!,1
100020124,1002,ジェット・スリル,3,300002,100020124,2,3,3410,4820,3950,10002_0124_00,10002_0124_01,2,,,0,0,0,0,Roller Thriller,1
100030123,1003,ミツバチのルミネ,1,100002,100030123,2,3,4770,3810,3580,10003_0123_00,10003_0123_01,2,,,0,0,0,0,Honeybee Light,1
100040123,1004,ラブリー・ハニー,1,100002,100040123,2,3,4820,3330,4030,10004_0123_00,10004_0123_01,2,,,0,0,0,0,Lovely Honey,1
100060123,1006,甘い一口,2,200002,100060123,2,3,3800,3560,4820,10006_0123_00,10006_0123_01,2,,,0,0,0,0,Sweet Tooth,1
100070123,1007,誘われて、一緒に,2,200002,100070123,2,3,3920,3490,4760,10007_0123_00,10007_0123_01,2,,,0,0,0,0,Let's Go Together,1
100090126,1009,ハニースイート,3,300002,100090126,2,3,3240,4680,4240,10009_0126_00,10009_0126_01,2,,,0,0,0,0,Honey Sweet,1
100010130,1001,緊張も吹き飛ぶくらい,2,200005,100010130,3,4,4080,3760,5980,10001_0130_00,10001_0130_01,3,,,0,0,0,0,Blowing Away Nerves,1
100030124,1003,大好きだから,3,300005,100030124,3,4,3760,5990,4070,10003_0124_00,10003_0124_01,3,,,0,0,0,0,Because I Love It,1
100040124,1004,情熱の引力,1,100005,100040124,3,4,6040,4020,3760,10004_0124_00,10004_0124_01,3,,,0,0,0,0,A Passionate Pull,1
110050094,2005,伝わる心,3,300003,110050094,3,4,3860,5330,4700,11005_0094_00,11005_0094_01,3,,,0,0,0,0,Hearts Connecting,1
100060124,1006,自然な笑顔で,2,200003,100060124,3,4,3860,4700,5330,10006_0124_00,10006_0124_01,3,,,0,0,0,0,With a Natural Smile,1
140460007,5046,綾小路姫乃,2,200001,140460007,1,2,570,990,2290,14046_0007_00,14046_0007_01,1,,,0,0,0,0,Himeno Ayanokoji,1
140010002,5001,μ's,1,100001,140010002,2,3,1,1,1,14001_0002_00,14001_0002_01,2,,,0,0,0,0,μ's,1
140750002,5075,Aqours,1,100001,140750002,2,3,1,1,1,14075_0002_00,14075_0002_01,2,,,0,0,0,0,Aqours,1
110050095,2005,歌う衣装,3,300001,110050095,3,4,3750,4880,4210,11005_0095_00,11005_0095_01,3,,,0,0,0,0,Singing Costumes,1
100060125,1006,魔法にかかって,1,100001,100060125,3,4,4890,4790,3180,10006_0125_00,10006_0125_01,3,,,0,0,0,0,Under a Spell,1
140520007,5052,高天原睦月,1,100001,140520007,1,2,2280,900,420,14052_0007_00,14052_0007_01,1,,,0,0,0,0,Mutsuki Takamagahara,1
110020091,2002,花の歌を聴きながら,2,200002,110020091,2,3,4130,3260,4770,11002_0091_00,11002_0091_01,2,,,0,0,0,0,The Flower's Song,1
110030088,2003,花冠に想いを込めて,2,200002,110030088,2,3,3330,4030,4820,11003_0088_00,11003_0088_01,2,,,0,0,0,0,A Crown of Memories,1
110040088,2004,ルビィのために,3,300002,110040088,2,3,3450,4760,3960,11004_0088_00,11004_0088_01,2,,,0,0,0,0,All for Ruby,1
110060093,2006,堕天使の輪,1,100002,110060093,2,3,4720,3400,4040,11006_0093_00,11006_0093_01,2,,,0,0,0,0,Fallen Angel's Ring,1
110070090,2007,花を繋げて,3,300002,110070090,2,3,3440,4680,4040,11007_0090_00,11007_0090_01,2,,,0,0,0,0,Bound by Flowers,1
110080089,2008,ベストを探して,3,300002,110080089,2,3,3320,4820,4040,11008_0089_00,11008_0089_01,2,,,0,0,0,0,Looking for the Best,1
110090089,2009,お花を探して,1,100002,110090089,2,3,4820,4000,3360,11009_0089_00,11009_0089_01,2,,,0,0,0,0,Looking for Flowers,1
110060094,2006,堕天使の共鳴,2,200006,110060094,3,4,3590,4290,6010,11006_0094_00,11006_0094_01,3,,,0,0,0,0,Fallen Resonance,1
110070091,2007,未来を見つめて,3,300006,110070091,3,4,4080,5980,3760,11007_0091_00,11007_0091_01,3,,,0,0,0,0,Look to the Future,1
110090090,2009,ルビィの想い,1,100006,110090090,3,4,5970,3760,4090,11009_0090_00,11009_0090_01,3,,,0,0,0,0,Ruby's Wish,1
140440007,5044,ラクシャータ,1,100001,140440007,1,2,2400,800,500,14044_0007_00,14044_0007_01,1,,,0,0,0,0,Rakshata,1
100050123,1005,ありのままのスマイル,1,100004,100050123,3,4,5340,4500,4110,10005_0123_00,10005_0123_01,3,,,0,0,0,0,Your Usual Smile,1
100080125,1008,大切な２人のメモリー,3,300004,100080125,3,4,4570,5360,3970,10008_0125_00,10008_0125_01,3,,,0,0,0,0,Precious Memories,1
140040007,5004,一之瀬マリカ,2,200001,140040007,1,2,500,670,1800,14004_0007_00,14004_0007_01,1,,,0,0,0,0,Marika Ichinose,1
100010131,1001,いつも見てるから,1,100002,100010131,2,3,4810,3380,3990,10001_0131_00,10001_0131_01,2,,,0,0,0,0,Always Watching,1
100020125,1002,おまじないをかけて,2,200002,100020125,2,3,3880,3610,4670,10002_0125_00,10002_0125_01,2,,,0,0,0,0,Cast a Spell,1
100050124,1005,凛のアレンジ,1,100002,100050124,2,3,4660,3620,3880,10005_0124_00,10005_0124_01,2,,,0,0,0,0,Rin's Touch,1
100060126,1006,晴れてほしいから,3,300002,100060126,2,3,3580,4720,3850,10006_0126_00,10006_0126_01,2,,,0,0,0,0,I Want Clear Weather,1
100070124,1007,本領発揮！？,3,300002,100070124,2,3,3930,4820,3410,10007_0124_00,10007_0124_01,2,,,0,0,0,0,Their True Powers!,1
100080126,1008,てるてる坊主の力,3,300002,100080126,2,3,3960,4690,3510,10008_0126_00,10008_0126_01,2,,,0,0,0,0,Teru Teru Bozu Magic,1
100090127,1009,お天気スマイル,2,200002,100090127,2,3,3540,3880,4750,10009_0127_00,10009_0127_01,2,,,0,0,0,0,A Radiant Smile,1
100020126,1002,幸せの実感,1,100005,100020126,3,4,6050,4200,3700,10002_0126_00,10002_0126_01,3,,,0,0,0,0,Experiencing Joy,1
100070125,1007,奇跡を必然に,3,300005,100070125,3,4,3650,6010,4250,10007_0125_00,10007_0125_01,3,,,0,0,0,0,A Destined Miracle,1
100090128,1009,ニコニーの約束,2,200005,100090128,3,4,4250,3600,5970,10009_0128_00,10009_0128_01,3,,,0,0,0,0,Promise Me,1
140160007,5016,森嶋ななか,2,200001,140160007,1,2,610,710,2320,14016_0007_00,14016_0007_01,1,,,0,0,0,0,Nanaka Morishima,1
110010093,2001,おひさまスマイル,1,100004,110010093,3,4,5360,4210,4340,11001_0093_00,11001_0093_01,3,,,0,0,0,0,A Sunny Smile,1
110050096,2005,特別な花冠,2,200004,110050096,3,4,4700,3860,5330,11005_0096_00,11005_0096_01,3,,,0,0,0,0,A Special Wreath,1
140210007,5021,支倉かさね,3,300001,140210007,1,2,680,2790,1060,14021_0007_00,14021_0007_01,1,,,0,0,0,0,Kasane Hasekura,1
110010094,2001,傘で空を飛べたら,2,200002,110010094,2,3,3780,3920,4590,11001_0094_00,11001_0094_01,2,,,0,0,0,0,Umbrella Flight,1
110020092,2002,雨の日のメロディ,1,100002,110020092,2,3,4670,3580,3910,11002_0092_00,11002_0092_01,2,,,0,0,0,0,Rainy Day Melody,1
110030089,2003,虹を探して,3,300002,110030089,2,3,3950,4810,3420,11003_0089_00,11003_0089_01,2,,,0,0,0,0,Rainbow Hunting,1
110050097,2005,雨のお友達,3,300002,110050097,2,3,3800,4690,3670,11005_0097_00,11005_0097_01,2,,,0,0,0,0,Rainy Day Friends,1
110060095,2006,来たれ、我が傘下へ,2,200002,110060095,2,3,3950,3410,4820,11006_0095_00,11006_0095_01,2,,,0,0,0,0,Under My Umbrella,1
110070092,2007,雨だれを聞きながら,2,200002,110070092,2,3,3260,4130,4770,11007_0092_00,11007_0092_01,2,,,0,0,0,0,Rainy Day Vibes,1
110080090,2008,レイニー＆シャイニー,1,100002,110080090,2,3,4790,3890,3500,11008_0090_00,11008_0090_01,2,,,0,0,0,0,Rainy and Shiny,1
110030090,2003,成功のイメージ,1,100006,110030090,3,4,5980,3580,4140,11003_0090_00,11003_0090_01,3,,,0,0,0,0,Envisioning Success,1
110040089,2004,成長を見つめて,2,200006,110040089,3,4,3740,4100,5980,11004_0089_00,11004_0089_01,3,,,0,0,0,0,Visible Progress,1
110080091,2008,本音をぶつけて,3,300006,110080091,3,4,4070,6010,3830,11008_0091_00,11008_0091_01,3,,,0,0,0,0,Speaking Honestly,1
140300007,5030,黒崎隼,3,300001,140300007,1,2,650,2400,800,14030_0007_00,14030_0007_01,1,,,0,0,0,0,Shun Kurosaki,1
100030125,1003,カワイイ仕上げ,2,200004,100030125,3,4,4470,4130,5340,10003_0125_00,10003_0125_01,3,,,0,0,0,0,Cute Final Touches,1
100040125,1004,突き詰めるこだわり,1,100004,100040125,3,4,5320,4020,4570,10004_0125_00,10004_0125_01,3,,,0,0,0,0,Perfectly Precise,1
100070126,1007,幸せ満タン♪,1,100003,100070126,3,4,5330,3860,4700,10007_0126_00,10007_0126_01,3,,,0,0,0,0,A Full Tank of Joy,1
140560007,5056,早乙女紫,3,300001,140560007,1,2,870,2480,500,14056_0007_00,14056_0007_01,1,,,0,0,0,0,Yukari Saotome,1
100010132,1001,みんなで叶える願い事,1,100002,100010132,2,3,4770,3880,3510,10001_0132_00,10001_0132_01,2,,,0,0,0,0,A Wish We Can Grant,1
100020127,1002,エスコートはキミに,3,300002,100020127,2,3,4140,4770,3250,10002_0127_00,10002_0127_01,2,,,0,0,0,0,I've Got You,1
100030126,1003,可愛い浴衣に見とれて,3,300002,100030126,2,3,4090,4810,3270,10003_0126_00,10003_0126_01,2,,,0,0,0,0,Admiring Your Yukata,1
100040126,1004,叶えたい願い事,2,200002,100040126,2,3,3760,3690,4720,10004_0126_00,10004_0126_01,2,,,0,0,0,0,A Wish I Long For,1
100050125,1005,風車ふーふー♪,1,100002,100050125,2,3,4820,4120,3240,10005_0125_00,10005_0125_01,2,,,0,0,0,0,Blow on the Pinwheel,1
100070127,1007,腕前披露♪,1,100002,100070127,2,3,4670,3880,3610,10007_0127_00,10007_0127_01,2,,,0,0,0,0,Skills to Show Off,1
100080127,1008,お気に入りのりんご飴,2,200002,100080127,2,3,3940,3430,4810,10008_0127_00,10008_0127_01,2,,,0,0,0,0,Yummy Candy Apples,1
100050126,1005,特訓の成果,2,200005,100050126,3,4,4100,3770,6000,10005_0126_00,10005_0126_01,3,,,0,0,0,0,Practice Pays Off,1
100060127,1006,あなたと握手,1,100005,100060127,3,4,5970,4140,3710,10006_0127_00,10006_0127_01,3,,,0,0,0,0,Shaking Hands,1
100080128,1008,レベルアップです♪,3,300005,100080128,3,4,3680,5980,4040,10008_0128_00,10008_0128_01,3,,,0,0,0,0,I've Leveled Up!,1
110080092,2008,宝物を抱きしめて,2,200003,110080092,3,4,4700,3860,5330,11008_0092_00,11008_0092_01,3,,,0,0,0,0,Embracing Treasures,1
100070128,1007,ウチの熱い想い,3,300001,100070128,3,4,3180,4890,4790,10007_0128_00,10007_0128_01,3,,,0,0,0,0,My Heated Feelings,1
110080093,2008,みんなの力,2,200001,110080093,3,4,4800,3170,4890,11008_0093_00,11008_0093_01,3,,,0,0,0,0,Everyone's Strength,1
140140007,5014,鳥居歩美,3,300001,140140007,1,2,690,2140,530,14014_0007_00,14014_0007_01,1,,,0,0,0,0,Ayumi Torii,1
110040090,2004,肩を寄せ合って,3,300004,110040090,3,4,4460,5370,4080,11004_0090_00,11004_0090_01,3,,,0,0,0,0,Shoulder to Shoulder,1
110090091,2009,大好きなお姉ちゃんと,1,100004,110090091,3,4,5330,4470,4110,11009_0091_00,11009_0091_01,3,,,0,0,0,0,With My Dear Sister,1
140060007,5006,西村文絵,2,200001,140060007,1,2,710,570,1750,14006_0007_00,14006_0007_01,1,,,0,0,0,0,Fumie Nishimura,1
110010095,2001,幸せのシャワー,3,300002,110010095,2,3,3870,4410,4010,11001_0095_00,11001_0095_01,2,,,0,0,0,0,Petals of Happiness,1
110020093,2002,たくさんの嬉しい音,2,200002,110020093,2,3,3970,3390,4820,11002_0093_00,11002_0093_01,2,,,0,0,0,0,Many Happy Sounds,1
110040091,2004,二人の秘密,2,200002,110040091,2,3,3910,3610,4610,11004_0091_00,11004_0091_01,2,,,0,0,0,0,Our Secret,1
110050098,2005,シークレットドレス,1,100002,110050098,2,3,4700,3710,3670,11005_0098_00,11005_0098_01,2,,,0,0,0,0,Secret Dresses,1
110060096,2006,堕天使の力を限定封印,1,100002,110060096,2,3,4670,3610,3880,11006_0096_00,11006_0096_01,2,,,0,0,0,0,Fallen Powers Sealed,1
110070093,2007,祝福のリボンワンズ,1,100002,110070093,2,3,4810,3970,3380,11007_0093_00,11007_0093_01,2,,,0,0,0,0,Ribbon Wands of Joy,1
110090092,2009,大切なブーケを胸に,3,300002,110090092,2,3,3910,4670,3580,11009_0092_00,11009_0092_01,2,,,0,0,0,0,My Prized Bouquet,1
140220007,5022,多々良るう,1,100001,140220007,1,2,2840,980,710,14022_0007_00,14022_0007_01,1,,,0,0,0,0,Ru Tatara,1
140260007,5026,藤城悠弓,1,100001,140260007,1,2,3010,880,1130,14026_0007_00,14026_0007_01,1,,,0,0,0,0,Yumi Fujishiro,1
140420007,5042,兵藤さゆり,2,200001,140420007,1,2,980,600,2270,14042_0007_00,14042_0007_01,1,,,0,0,0,0,Sayuri Hyodo,1
140470007,5047,黒羽咲良,1,100001,140470007,1,2,2350,450,900,14047_0007_00,14047_0007_01,1,,,0,0,0,0,Sakura Kurobane,1
140500007,5050,相川涼,1,100001,140500007,1,2,2480,720,1000,14050_0007_00,14050_0007_01,1,,,0,0,0,0,Ryo Aikawa,1
100060128,1006,本当に叶えたいこと,3,300004,100060128,3,4,4170,5300,4400,10006_0128_00,10006_0128_01,3,,,0,0,0,0,My True Wish,1
100090129,1009,想いを込めた願い事,2,200004,100090129,3,4,3850,4740,5320,10009_0129_00,10009_0129_01,3,,,0,0,0,0,Thoughtful Wishes,1
110030091,2003,3人の想い,3,300013,110030091,3,4,3750,6050,4150,11003_0091_00,11003_0091_01,3,,,0,0,0,0,Our Feelings,1
110040092,2004,麗しのダイヤモンド,2,200013,110040092,3,4,3680,4040,5980,11004_0092_00,11004_0092_01,3,,,0,0,0,0,Beautiful Diamond,1
110070094,2007,落下防止,1,100013,110070094,3,4,5970,3680,4170,11007_0094_00,11007_0094_01,3,,,0,0,0,0,Everything in Place,1
100060129,1006,シンプルアクセント,3,300002,100060129,2,3,4380,5180,3390,10006_0129_00,10006_0129_01,2,,,0,0,0,0,Simple Touches,1
100030127,1003,ウキウキ挑戦者たち,2,200005,100030127,3,4,4170,4400,5300,10003_0127_00,10003_0127_01,3,,,0,0,0,0,Excited to Challenge,1
100040127,1004,優しい気遣い,3,300005,100040127,3,4,4530,5310,4070,10004_0127_00,10004_0127_01,3,,,0,0,0,0,Sweetly Concerned,1
100090130,1009,にこのコーチング,1,100005,100090130,3,4,5300,4120,4490,10009_0130_00,10009_0130_01,3,,,0,0,0,0,Nico's Guidance,1
110060097,2006,堕天使ヨハネの託宣,1,100003,110060097,3,4,5330,4700,3860,11006_0097_00,11006_0097_01,3,,,0,0,0,0,Yohane's Prophecy,1
110010096,2001,元気のお裾分け,1,100012,110010096,3,4,6050,3700,4200,11001_0096_00,11001_0096_01,3,,,0,0,0,0,Sharing Our Energy,1
110050099,2005,モードチェンジ,2,200012,110050099,3,4,3600,4250,5970,11005_0099_00,11005_0099_01,3,,,0,0,0,0,Shifting Gears,1
110090093,2009,ひとりじゃない,3,300012,110090093,3,4,3680,5980,4040,11009_0093_00,11009_0093_01,3,,,0,0,0,0,I'm Not Alone,1
110060098,2006,翡翠の魔術師,1,100001,110060098,3,4,4880,4520,3450,11006_0098_00,11006_0098_01,3,,,0,0,0,0,The Jade Magician,1
110030092,2003,エスコートはお任せ♪,2,200004,110030092,3,4,3850,4740,5320,11003_0092_00,11003_0092_01,3,,,0,0,0,0,Let Me Escort You,1
110080094,2008,花嫁さんになりきって,3,300004,110080094,3,4,4170,5300,4400,11008_0094_00,11008_0094_01,3,,,0,0,0,0,Becoming a Bride,1
100090131,1009,ビッグストロベリー♡,3,300003,100090131,3,4,4700,5330,3860,10009_0131_00,10009_0131_01,3,,,0,0,0,0,Giant Strawberry,1
110020094,2002,最高の絆,3,300002,110020094,2,3,4410,5140,3400,11002_0094_00,11002_0094_01,2,,,0,0,0,0,The Best Bond,1
110030093,2003,マル秘（？）練習場,2,200006,110030093,3,4,4400,4170,5300,11003_0093_00,11003_0093_01,3,,,0,0,0,0,Secret Practice Spot,1
110040093,2004,同じものを見て感じて,3,300006,110040093,3,4,4000,5320,4570,11004_0093_00,11004_0093_01,3,,,0,0,0,0,Shared Feelings,1
110070095,2007,ゆるゆるリラックス,1,100006,110070095,3,4,5320,4430,4200,11007_0095_00,11007_0095_01,3,,,0,0,0,0,Really Relaxed,1
100090132,1009,ひとつになって,2,200001,100090132,3,4,4210,3750,4880,10009_0132_00,10009_0132_01,3,,,0,0,0,0,Becoming One,1
110020095,2002,ベールの下の微笑み,1,100014,110020095,3,4,5980,4040,3680,11002_0095_00,11002_0095_01,3,,,0,0,0,0,Smile Under the Veil,1
110060099,2006,どっちも楽しい！,3,300014,110060099,3,4,4050,5970,3800,11006_0099_00,11006_0099_01,3,,,0,0,0,0,Both Are Fun!,1
110080095,2008,ハッピー・トラブル！,2,200014,110080095,3,4,4150,3750,6050,11008_0095_00,11008_0095_01,3,,,0,0,0,0,Happy Accidents,1
110010097,2001,大好きを歌って,2,200004,110010097,3,4,4710,3850,5330,11001_0097_00,11001_0097_01,3,,,0,0,0,0,Sing Our Love,1
100010133,1001,パーティのはじまり,3,300004,100010133,3,4,4710,5330,3850,10001_0133_00,10001_0133_01,3,,,0,0,0,0,Party Starter,1
100010134,1001,カラフルデザイン,1,100004,100010134,3,4,5320,3850,4740,10001_0134_00,10001_0134_01,3,,,0,0,0,0,A Colorful Design,1
100020128,1002,クールダウンタイム,2,200004,100020128,3,4,4400,4170,5300,10002_0128_00,10002_0128_01,3,,,0,0,0,0,Cooldown Time,1
110010098,2001,魔法の歌,2,200001,110010098,3,4,4520,3450,4880,11001_0098_00,11001_0098_01,3,,,0,0,0,0,A Magic Song,1
100010135,1001,魔法をかけよう,2,200001,100010135,3,4,4790,3180,4890,10001_0135_00,10001_0135_01,3,,,0,0,0,0,Casting a Spell,1
100010136,1001,甘い補給で一休み,1,100009,100010136,2,3,5180,3390,4380,10001_0136_00,10001_0136_01,2,,,0,0,0,0,A Sweet Break,1
100050127,1005,ピンときたんだにゃ,1,100005,100050127,3,4,5300,4170,4400,10005_0127_00,10005_0127_01,3,,,0,0,0,0,It Feels Right,1
100060130,1006,怪しいジュースの魅力,3,300005,100060130,3,4,4050,5310,4550,10006_0130_00,10006_0130_01,3,,,0,0,0,0,Weird-Looking Drinks,1
100080129,1008,白米の可能性,2,200005,100080129,3,4,3990,4610,5350,10008_0129_00,10008_0129_01,3,,,0,0,0,0,The Powers of Rice,1
110010099,2001,輝きを一緒に,2,200003,110010099,3,4,4200,3650,5970,11001_0099_00,11001_0099_01,3,,,0,0,0,0,Shining Together,1
110020096,2002,楽しい時間をずっと,3,300003,110020096,3,4,4040,5980,3800,11002_0096_00,11002_0096_01,3,,,0,0,0,0,Eternal Times of Joy,1
110030094,2003,諦めない強さ,1,100003,110030094,3,4,6050,3700,4200,11003_0094_00,11003_0094_01,3,,,0,0,0,0,Strength to Persist,1
110040094,2004,大切なもの,3,300003,110040094,3,4,4150,6050,3750,11004_0094_00,11004_0094_01,3,,,0,0,0,0,Precious to Me,1
110050100,2005,未知の楽しさ,3,300003,110050100,3,4,3580,5980,4140,11005_0100_00,11005_0100_01,3,,,0,0,0,0,Enjoying the Unknown,1
110060100,2006,魔力増幅の軌跡,1,100003,110060100,3,4,5980,4040,3680,11006_0100_00,11006_0100_01,3,,,0,0,0,0,Ever-Growing Power,1
110070096,2007,今日も笑顔で,2,200003,110070096,3,4,4130,3770,6050,11007_0096_00,11007_0096_01,3,,,0,0,0,0,Another Smile Today,1
110080096,2008,もっと近くで,1,100003,110080096,3,4,5970,4130,3720,11008_0096_00,11008_0096_01,3,,,0,0,0,0,Closer Still,1
110090094,2009,緊張を味方につけて,2,200003,110090094,3,4,3680,4040,5980,11009_0094_00,11009_0094_01,3,,,0,0,0,0,Allied With Nerves,1
110020097,2002,リトルデーモンの祝福,3,300004,110020097,3,4,4400,5300,4170,11002_0097_00,11002_0097_01,3,,,0,0,0,0,Little Demon's Grace,1
110060101,2006,夜を彩る炎の華,1,100004,110060101,3,4,5320,4740,3850,11006_0101_00,11006_0101_01,3,,,0,0,0,0,Nighttime Fireworks,1
110070097,2007,憧れの本屋さん,1,100002,110070097,2,3,5120,3480,4350,11007_0097_00,11007_0097_01,2,,,0,0,0,0,Bookshop Love,1
110020098,2002,最強の一撃,3,300006,110020098,3,4,4430,5270,4120,11002_0098_00,11002_0098_01,3,,,0,0,0,0,The Ultimate Hit,1
110060102,2006,私の知らない世界,3,300006,110060102,3,4,4170,5300,4400,11006_0102_00,11006_0102_01,3,,,0,0,0,0,My New World,1
110080097,2008,小原流ガストロノミー,1,100006,110080097,3,4,5320,4480,4110,11008_0097_00,11008_0097_01,3,,,0,0,0,0,Ohara-Style Cooking,1
100070129,1007,秘密のデザート,1,100004,100070129,3,4,5320,4740,3850,10007_0129_00,10007_0129_01,3,,,0,0,0,0,Secret Dessert,1
100090133,1009,ニコニーにお任せ♪,3,300004,100090133,3,4,4400,5300,4170,10009_0133_00,10009_0133_01,3,,,0,0,0,0,Leave It to Nico-Ni,1
100030128,1003,内緒のご褒美,2,200002,100030128,2,3,3380,4390,5180,10003_0128_00,10003_0128_01,2,,,0,0,0,0,A Secret Treat,1
100010137,1001,悔しい嬉しい！,1,100005,100010137,3,4,5300,4400,4170,10001_0137_00,10001_0137_01,3,,,0,0,0,0,Infuriatingly Happy!,1
100020129,1002,今から楽しみだわ♪,3,300005,100020129,3,4,4010,5300,4580,10002_0129_00,10002_0129_01,3,,,0,0,0,0,Anticipation,1
100070130,1007,占ってあげようか？,2,200005,100070130,3,4,4480,4110,5320,10007_0130_00,10007_0130_01,3,,,0,0,0,0,A Fortune for You,1
100030129,1003,ことりの小鳥ちゃん,1,100003,100030129,3,4,5330,3860,4700,10003_0129_00,10003_0129_01,3,,,0,0,0,0,Kotori's Little Bird,1
100030130,1003,たくさんの幸せ,3,300001,100030130,3,4,3450,4880,4520,10003_0130_00,10003_0130_01,3,,,0,0,0,0,Lots of Happiness,1
110020099,2002,気持ちを曲に込めて,1,100003,110020099,3,4,5330,4700,3860,11002_0099_00,11002_0099_01,3,,,0,0,0,0,My Feelings in Song,1
110090095,2009,ルビィの予行練習,3,300004,110090095,3,4,3860,5330,4700,11009_0095_00,11009_0095_01,3,,,0,0,0,0,Ruby's Rehearsal,1
110040095,2004,目標へ向けて前進♪,1,100004,110040095,3,4,5300,4400,4170,11004_0095_00,11004_0095_01,3,,,0,0,0,0,Towards Our Goal,1
110050101,2005,フロート曜ちゃん号♪,3,300004,110050101,3,4,4740,5320,3850,11005_0101_00,11005_0101_01,3,,,0,0,0,0,The SS You,1
110020100,2002,優しさの形,1,100001,110020100,3,4,4890,4790,3180,11002_0100_00,11002_0100_01,3,,,0,0,0,0,Shape of Kindness,1
110060103,2006,先導者ヨハネ,3,300002,110060103,2,3,3390,5180,4380,11006_0103_00,11006_0103_01,2,,,0,0,0,0,Yohane the Leader,1
110010100,2001,飾らない想い,1,100006,110010100,3,4,5300,4170,4400,11001_0100_00,11001_0100_01,3,,,0,0,0,0,Simple Feelings,1
110050102,2005,それもまたあり？,2,200006,110050102,3,4,4480,4110,5320,11005_0102_00,11005_0102_01,3,,,0,0,0,0,"That Works, Too?",1
110090096,2009,イメージの向こう側,2,200006,110090096,3,4,4490,4100,5320,11009_0096_00,11009_0096_01,3,,,0,0,0,0,Beyond the Vision,1
110090097,2009,魔法の国の住人,3,300001,110090097,3,4,3180,4890,4790,11009_0097_00,11009_0097_01,3,,,0,0,0,0,From a Magic Country,1
100060131,1006,びっくりスパイス,2,200004,100060131,3,4,4740,3850,5320,10006_0131_00,10006_0131_01,3,,,0,0,0,0,Surprise Spices,1
100080130,1008,クラッカー・トリック,1,100004,100080130,3,4,5300,4170,4400,10008_0130_00,10008_0130_01,3,,,0,0,0,0,Party Popper Prank,1
120010003,3001,上原歩夢,2,200001,120010003,2,3,3030,4330,4940,12001_0003_00,12001_0003_01,2,,,0,0,0,0,Ayumu Uehara,1
120020003,3002,中須かすみ,2,200001,120020003,2,3,4340,3030,4930,12002_0003_00,12002_0003_01,2,,,0,0,0,0,Kasumi Nakasu,1
120030009,3003,桜坂しずく,3,300001,120030009,2,3,4330,4940,3030,12003_0009_00,12003_0009_01,2,,,0,0,0,0,Shizuku Osaka,1
120040004,3004,朝香果林,3,300001,120040004,2,3,4350,4920,3030,12004_0004_00,12004_0004_01,2,,,0,0,0,0,Karin Asaka,1
120050003,3005,宮下愛,1,100001,120050003,2,3,4930,3030,4340,12005_0003_00,12005_0003_01,2,,,0,0,0,0,Ai Miyashita,1
120060009,3006,近江彼方,1,100001,120060009,2,3,4920,4350,3030,12006_0009_00,12006_0009_01,2,,,0,0,0,0,Kanata Konoe,1
120070005,3007,優木せつ菜,3,300001,120070005,2,3,3030,4930,4340,12007_0005_00,12007_0005_01,2,,,0,0,0,0,Setsuna Yuki,1
120080009,3008,エマ・ヴェルデ,2,200001,120080009,2,3,3030,4350,4920,12008_0009_00,12008_0009_01,2,,,0,0,0,0,Emma Verde,1
120090004,3009,天王寺璃奈,1,100001,120090004,2,3,4940,3030,4330,12009_0004_00,12009_0004_01,2,,,0,0,0,0,Rina Tennoji,1
100090134,1009,スマイルランゲージ,2,200005,100090134,2,3,4380,3390,5180,10009_0134_00,10009_0134_01,2,,,0,0,0,0,Language of Smiles,1
100030131,1003,ポンポンアタック,1,100005,100030131,3,4,5340,4060,4550,10003_0131_00,10003_0131_01,3,,,0,0,0,0,Pom-Pom Attack,1
100070131,1007,気合の応援,3,300005,100070131,3,4,4170,5300,4400,10007_0131_00,10007_0131_01,3,,,0,0,0,0,Full-Hearted Cheer,1
100080131,1008,お願いアシスト,2,200005,100080131,3,4,4430,4120,5270,10008_0131_00,10008_0131_01,3,,,0,0,0,0,Assisting in Prayer,1
100020130,1002,キミの声を聞かせて,2,200004,100020130,3,4,3860,4700,5330,10002_0130_00,10002_0130_01,3,,,0,0,0,0,Let Me Hear You,1
110070098,2007,マルと選びっこ♪,2,200004,110070098,3,4,3850,4740,5320,11007_0098_00,11007_0098_01,3,,,0,0,0,0,Choosing with Me,1
110090098,2009,シールタトゥーに挑戦,3,300004,110090098,3,4,4170,5300,4400,11009_0098_00,11009_0098_01,3,,,0,0,0,0,Giving Them a Try,1
110090099,2009,もっと似合うように,1,100006,110090099,2,3,5120,3470,4360,11009_0099_00,11009_0099_01,2,,,0,0,0,0,Suit Your Style More,1
110040096,2004,ダイヤシュート♡,3,300003,110040096,3,4,4550,5340,4060,11004_0096_00,11004_0096_01,3,,,0,0,0,0,Dia Shoots!,1
110050103,2005,アン・ガルド！,1,100006,110050103,3,4,5270,4120,4430,11005_0103_00,11005_0103_01,3,,,0,0,0,0,En Garde!,1
110070099,2007,ご褒美タイム,3,300006,110070099,3,4,4700,5330,3870,11007_0099_00,11007_0099_01,3,,,0,0,0,0,Prize Time,1
100020131,1002,キミへの魔法,1,100001,100020131,3,4,4880,4520,3450,10002_0131_00,10002_0131_01,3,,,0,0,0,0,Magic For You,1
100050128,1005,ぬくぬくにゃ♪,3,300003,100050128,3,4,4700,5330,3860,10005_0128_00,10005_0128_01,3,,,0,0,0,0,So Warm and Cozy!,1
100010138,1001,オータムギフト,2,200004,100010138,3,4,3850,4740,5320,10001_0138_00,10001_0138_01,3,,,0,0,0,0,Fall Gifts,1
100030132,1003,あなたのための情熱,3,300004,100030132,3,4,4170,5300,4400,10003_0132_00,10003_0132_01,3,,,0,0,0,0,Enthusiasm for You,1
110020101,2002,生クリームに包まれて,3,300006,110020101,3,4,3760,5980,4080,11002_0101_00,11002_0101_01,3,,,0,0,0,0,Enveloped in Cream,1
100050129,1005,守護石の導き,2,200001,100050129,3,4,4520,3450,4880,10005_0129_00,10005_0129_01,3,,,0,0,0,0,The Gem's Guidance,1
120010004,3001,あなたを待ってた,2,200007,120010004,3,4,4110,4510,5330,12001_0004_00,12001_0004_01,3,,,0,0,0,0,I was Waiting for You,1
140740001,5074,絢瀬亜里沙,1,100001,140740001,2,3,1,1,1,14074_0001_00,14074_0001_01,2,,,0,0,0,0,Alisa Ayase,1
140950001,5095,渡辺月,1,100001,140950001,2,3,1,1,1,14095_0001_00,14095_0001_01,2,,,0,0,0,0,Tsuki Watanabe,1
141380001,5138,川本美里,1,100001,141380001,2,3,1,1,1,14138_0001_00,14138_0001_01,2,,,0,0,0,0,Misato Kawamoto,1
100080132,1008,マッチングテイスト,3,300005,100080132,2,3,3390,5180,4380,10008_0132_00,10008_0132_01,2,,,0,0,0,0,Matching Taste,1
100040128,1004,もっと笑顔で,2,200005,100040128,3,4,4120,4430,5270,10004_0128_00,10004_0128_01,3,,,0,0,0,0,More Smiles,1
100050130,1005,凛の三三七拍子,3,300005,100050130,3,4,4490,5320,4100,10005_0130_00,10005_0130_01,3,,,0,0,0,0,Rin's Cheer Rhythm,1
100060132,1006,頑張る姿,1,100005,100060132,3,4,5300,4400,4170,10006_0132_00,10006_0132_01,3,,,0,0,0,0,Doing Their Best,1
110040097,2004,飴のようにとろけて,1,100006,110040097,3,4,5980,4080,3760,11004_0097_00,11004_0097_01,3,,,0,0,0,0,Melting Like Candy,1
141390001,5139,夏川マイ,1,100001,141390001,2,3,1,1,1,14139_0001_00,14139_0001_01,2,,,0,0,0,0,Mai Natsukawa,1
110060104,2006,チョコレートを纏って,2,200006,110060104,3,4,3760,4080,5980,11006_0104_00,11006_0104_01,3,,,0,0,0,0,Clad in Chocolate,1
110010101,2001,お散歩日和,1,100004,110010101,3,4,5320,4740,3850,11001_0101_00,11001_0101_01,3,,,0,0,0,0,Good Day for A Walk,1
110030095,2003,冬の前の願いごと,3,300004,110030095,3,4,4400,5300,4170,11003_0095_00,11003_0095_01,3,,,0,0,0,0,Before the Winter,1
100010139,1001,スイートアピール,3,300005,100010139,3,4,4030,5980,3810,10001_0139_00,10001_0139_01,3,,,0,0,0,0,Sweet Allure,1
110010102,2001,Aqoursの祈り,3,300006,110010102,2,3,3470,5120,4360,11001_0102_00,11001_0102_01,2,,,0,0,0,0,Aqours Wish,1
110030096,2003,ドリブル勝負！？,2,200003,110030096,3,4,4100,4490,5320,11003_0096_00,11003_0096_01,3,,,0,0,0,0,Dribbling Match?,1
110080098,2008,シャイニースマッシュ,2,200006,110080098,3,4,4400,4170,5300,11008_0098_00,11008_0098_01,3,,,0,0,0,0,Shiny Smash,1
110090100,2009,笑顔でゴールイン♪,1,100006,110090100,3,4,5340,4010,4550,11009_0100_00,11009_0100_01,3,,,0,0,0,0,Goal with a Smile!,1
100070132,1007,コットンレインボー,2,200005,100070132,3,4,3810,4030,5980,10007_0132_00,10007_0132_01,3,,,0,0,0,0,Cotton Rainbow,1
100050131,1005,チャイニーズステップ,3,300005,100050131,3,4,4030,5980,3810,10005_0131_00,10005_0131_01,3,,,0,0,0,0,Chinese Flavors,1
100040129,1004,With You,1,100004,100040129,3,4,5300,4400,4170,10004_0129_00,10004_0129_01,3,,,0,0,0,0,With You,1
100050132,1005,いたずらマインド？,3,300004,100050132,3,4,4740,5320,3850,10005_0132_00,10005_0132_01,3,,,0,0,0,0,Mischievous Mind?,1
110050104,2005,ゆめかわスイーツ,1,100006,110050104,3,4,5980,3760,4080,11005_0104_00,11005_0104_01,3,,,0,0,0,0,Cute Pastel Sweets,1
120020004,3002,かすみんが一番,2,200007,120020004,3,4,4490,4100,5320,12002_0004_00,12002_0004_01,3,,,0,0,0,0,Kasumin is the Best,1
100050133,1005,スパイスの隠し味,1,100005,100050133,2,3,5120,3480,4350,10005_0133_00,10005_0133_01,2,,,0,0,0,0,Hidden Spice,1
100010140,1001,一体感に包まれて,3,300005,100010140,3,4,4430,5270,4120,10001_0140_00,10001_0140_01,3,,,0,0,0,0,Being As One,1
100020132,1002,声の限り,1,100005,100020132,3,4,5320,4490,4100,10002_0132_00,10002_0132_01,3,,,0,0,0,0,Loudest Cheer,1
100090135,1009,ニコニーの全力応援♡,2,200005,100090135,3,4,4520,4040,5340,10009_0135_00,10009_0135_01,3,,,0,0,0,0,The Bestest Nico-Ni,1
110030097,2003,スイーツパーティ,3,300006,110030097,3,4,3830,6010,4070,11003_0097_00,11003_0097_01,3,,,0,0,0,0,A Sweets Party,1
110070100,2007,夢の衣装・夢の世界,1,100006,110070100,3,4,5980,3690,4030,11007_0100_00,11007_0100_01,3,,,0,0,0,0,Costume of Dreams,1
110020102,2002,願いごとは,2,200004,110020102,3,4,4400,4170,5300,11002_0102_00,11002_0102_01,3,,,0,0,0,0,My Wish,1
110080099,2008,二人の歌,1,100004,110080099,3,4,5320,3850,4740,11008_0099_00,11008_0099_01,3,,,0,0,0,0,Our Song,1
100030133,1003,スイートティータイム,1,100005,100030133,3,4,5980,3810,4030,10003_0133_00,10003_0133_01,3,,,0,0,0,0,Sweet Tea Time,1
110040098,2004,決意を新たに,2,200006,110040098,2,3,3380,4390,5180,11004_0098_00,11004_0098_01,2,,,0,0,0,0,Refreshed Resolve,1
110010103,2001,超みかんシュート,3,300006,110010103,3,4,4380,5300,4210,11001_0103_00,11001_0103_01,3,,,0,0,0,0,Super Mikan Shot,1
110020103,2002,速球ミラクル,2,200006,110020103,3,4,4050,4550,5350,11002_0103_00,11002_0103_01,3,,,0,0,0,0,Miracle Fastball,1
110060105,2006,堕天使の疾走,1,100006,110060105,3,4,5270,4430,4120,11006_0105_00,11006_0105_01,3,,,0,0,0,0,Fallen Angelic Run,1
100020133,1002,カラフルマジック,2,200005,100020133,3,4,3680,4160,5980,10002_0133_00,10002_0133_01,3,,,0,0,0,0,Colorful Magic,1
100020134,1002,描いてきた夢,1,100003,100020134,3,4,6010,4070,3830,10002_0134_00,10002_0134_01,3,,,0,0,0,0,The Dreams I Had,1
100070133,1007,希望の女神,3,300003,100070133,3,4,3750,6050,4150,10007_0133_00,10007_0133_01,3,,,0,0,0,0,Goddess of Hope,1
100090136,1009,笑顔を咲かせて,1,100003,100090136,3,4,6050,4170,3730,10009_0136_00,10009_0136_01,3,,,0,0,0,0,Making You Smile,1
110030098,2003,Aqoursの波に乗って,2,200003,110030098,3,4,4070,3830,6010,11003_0098_00,11003_0098_01,3,,,0,0,0,0,Riding Aqours' Wave,1
110040099,2004,わたくしたちの特等席,2,200003,110040099,3,4,3730,4170,6050,11004_0099_00,11004_0099_01,3,,,0,0,0,0,Our Front-Row Seats,1
110080100,2008,シャイニーウェイブ♡,1,100003,110080100,3,4,6010,4070,3830,11008_0100_00,11008_0100_01,3,,,0,0,0,0,Shiny Wave,1
100060133,1006,シンフォニックツアー,2,200005,100060133,3,4,3330,4570,6010,10006_0133_00,10006_0133_01,3,,,0,0,0,0,Symphonic Tour,1
110040100,2004,新しい年のはじまりに,1,100004,110040100,3,4,5330,4700,3860,11004_0100_00,11004_0100_01,3,,,0,0,0,0,Starting a New Year,1
100050134,1005,一番かわいい私,1,100003,100050134,3,4,6050,4200,3700,10005_0134_00,10005_0134_01,3,,,0,0,0,0,My Cutest Self,1
100060134,1006,本当の気持ち,2,200003,100060134,3,4,3700,4200,6050,10006_0134_00,10006_0134_01,3,,,0,0,0,0,True Feelings,1
100080133,1008,新しい私,3,300003,100080133,3,4,3830,6010,4070,10008_0133_00,10008_0133_01,3,,,0,0,0,0,A New Me,1
110060106,2006,堕天使ヨハネの誓約,1,100003,110060106,3,4,6050,4200,3700,11006_0106_00,11006_0106_01,3,,,0,0,0,0,Yohane's Oath,1
110070101,2007,笑顔の花を,3,300003,110070101,3,4,4150,6050,3750,11007_0101_00,11007_0101_01,3,,,0,0,0,0,Make People Smile,1
110090101,2009,ルビィの気持ち,2,200003,110090101,3,4,3730,4170,6050,11009_0101_00,11009_0101_01,3,,,0,0,0,0,Ruby's Feelings,1
100020135,1002,ホーリー・ベル,1,100004,100020135,3,4,5320,3850,4740,10002_0135_00,10002_0135_01,3,,,0,0,0,0,Holy Bell,1
100090137,1009,神様、聞いてください,2,200004,100090137,3,4,4400,4170,5300,10009_0137_00,10009_0137_01,3,,,0,0,0,0,Gods Hear Me,1
110010104,2001,みかん代表！？,2,200006,110010104,3,4,4080,3760,5980,11001_0104_00,11001_0104_01,3,,,0,0,0,0,Mikan Ambassador?!,1
120030010,3003,私たちのストーリー,3,300007,120030010,3,4,4550,5340,4060,12003_0010_00,12003_0010_01,3,,,0,0,0,0,Our Story,1
100010141,1001,喜びを歌おう,2,200003,100010141,3,4,4050,3850,6010,10001_0141_00,10001_0141_01,3,,,0,0,0,0,Let's Sing Our Joy,1
100030134,1003,ことりの翼で,2,200003,100030134,3,4,3730,4170,6050,10003_0134_00,10003_0134_01,3,,,0,0,0,0,On Kotori's Wings,1
100040130,1004,ほのかな予感,3,300003,100040130,3,4,4170,6050,3730,10004_0130_00,10004_0130_01,3,,,0,0,0,0,Just a Hunch,1
110010105,2001,大好きを届けに,3,300003,110010105,3,4,4150,6050,3750,11001_0105_00,11001_0105_01,3,,,0,0,0,0,Sending My Love,1
110020104,2002,嬉しい音を聞かせて,3,300003,110020104,3,4,4070,6010,3830,11002_0104_00,11002_0104_01,3,,,0,0,0,0,Music of Happiness,1
110050105,2005,私の全速力♪,1,100003,110050105,3,4,6050,3700,4200,11005_0105_00,11005_0105_01,3,,,0,0,0,0,My Top Speed,1
110040101,2004,胸躍る新世界,1,100001,110040101,3,4,4880,4210,3750,11004_0101_00,11004_0101_01,3,,,0,0,0,0,Heart-Pounding World,1
100040131,1004,サニー・ウォーキング,2,200005,100040131,2,3,3480,4350,5120,10004_0131_00,10004_0131_01,2,,,0,0,0,0,Sunny Walking,1
100010142,1001,お鍋にほむまん投入？,3,300005,100010142,3,4,4490,5330,4130,10001_0142_00,10001_0142_01,3,,,0,0,0,0,Buns in the Hotpot?!,1
100050135,1005,美味しさ山盛りにゃ,2,200005,100050135,3,4,4550,4020,5330,10005_0135_00,10005_0135_01,3,,,0,0,0,0,Full of Deliciousness,1
100070134,1007,もっと美味しく,1,100005,100070134,3,4,5270,4120,4430,10007_0134_00,10007_0134_01,3,,,0,0,0,0,More Delicious,1
110080101,2008,スイートなお祝い,2,200006,110080101,3,4,4070,3830,6010,11008_0101_00,11008_0101_01,3,,,0,0,0,0,A Sweet Celebration,1
110090102,2009,ルビィのこだわり,3,300006,110090102,3,4,3760,5980,4080,11009_0102_00,11009_0102_01,3,,,0,0,0,0,Ruby's Preference,1
100080134,1008,織姫星に願いを,2,200009,100080134,3,4,3830,4050,6030,10008_0134_00,10008_0134_01,3,,,0,0,0,0,Wish Upon Vega,1
110040102,2004,堕天使の帯,3,300004,110040102,3,4,3850,5320,4740,11004_0102_00,11004_0102_01,3,,,0,0,0,0,Fallen Angel's Sash,1
110060107,2006,力を貸して,2,200004,110060107,3,4,4170,4400,5300,11006_0107_00,11006_0107_01,3,,,0,0,0,0,Lend Me a Hand,1
100040132,1004,大好きは譲れない,1,100005,100040132,3,4,5980,4160,3680,10004_0132_00,10004_0132_01,3,,,0,0,0,0,Can't Ignore Love,1
100080135,1008,折り紙のバッチ,1,100001,100080135,3,4,4890,3180,4790,10008_0135_00,10008_0135_01,3,,,0,0,0,0,Origami Badge,1
110080102,2008,三人の約束,2,200006,110080102,2,3,4380,3390,5180,11008_0102_00,11008_0102_01,2,,,0,0,0,0,A Promise for Three,1
110030099,2003,スパルタトレーナー,3,300006,110030099,3,4,4120,5270,4430,11003_0099_00,11003_0099_01,3,,,0,0,0,0,A Strict Trainer,1
110050106,2005,ストロングな身体,3,300006,110050106,3,4,4100,5320,4490,11005_0106_00,11005_0106_01,3,,,0,0,0,0,A Strong Body,1
110070102,2007,鋭い眼光,2,200006,110070102,3,4,4400,4170,5300,11007_0102_00,11007_0102_01,3,,,0,0,0,0,A Glint in Her Eye,1
100090138,1009,ファミリーハピネス,3,300005,100090138,3,4,4160,5980,3680,10009_0138_00,10009_0138_01,3,,,0,0,0,0,Family Happiness,1
100080136,1008,シュガースターライト,1,100005,100080136,3,4,5980,3680,4160,10008_0136_00,10008_0136_01,3,,,0,0,0,0,Sugar Starlight,1
100010143,1001,スイートハプニング,3,300004,100010143,3,4,4740,5320,3850,10001_0143_00,10001_0143_01,3,,,0,0,0,0,Sweet Happenings,1
100060135,1006,チョコの甘い罠,1,100004,100060135,3,4,5300,4400,4170,10006_0135_00,10006_0135_01,3,,,0,0,0,0,Sweet Chocolate Trap,1
120040005,3004,リードしてあげる,3,300007,120040005,3,4,4490,5320,4100,12004_0005_00,12004_0005_01,3,,,0,0,0,0,I'll Take the Lead,1
110030100,2003,流れ星を見つけに,3,300003,110030100,3,4,3860,5330,4700,11003_0100_00,11003_0100_01,3,,,0,0,0,0,Find a Shooting Star,1
100070135,1007,ユニークランゲージ,1,100005,100070135,2,3,5120,3480,4350,10007_0135_00,10007_0135_01,2,,,0,0,0,0,Unique Language,1
100020136,1002,かわいい飾り切り♪,1,100005,100020136,3,4,5270,4430,4120,10002_0136_00,10002_0136_01,3,,,0,0,0,0,Cute Food Art!,1
100030135,1003,ぽん、ぽん、ぽん♪,1,100005,100030135,3,4,5320,4020,4570,10003_0135_00,10003_0135_01,3,,,0,0,0,0,"Hoi, Hoi, Hoi!",1
100040133,1004,包丁修行で集中！,2,200005,100040133,3,4,4100,4490,5320,10004_0133_00,10004_0133_01,3,,,0,0,0,0,Knife Skill Focus!,1
110030101,2003,モア　ヒート！,3,300001,110030101,3,4,3450,4880,4520,11003_0101_00,11003_0101_01,3,,,0,0,0,0,More Heat!,1
110010106,2001,みんなのパワー,2,200012,110010106,3,4,4040,3680,5980,11001_0106_00,11001_0106_01,3,,,0,0,0,0,Everyone's Power,1
110020105,2002,もっと一緒に,1,100014,110020105,3,4,6050,4170,3730,11002_0105_00,11002_0105_01,3,,,0,0,0,0,Together for Longer,1
110030102,2003,瞬きを忘れて,2,200013,110030102,3,4,3800,4040,5980,11003_0102_00,11003_0102_01,3,,,0,0,0,0,Forget to Blink,1
110040103,2004,高まる期待,1,100013,110040103,3,4,5980,4040,3800,11004_0103_00,11004_0103_01,3,,,0,0,0,0,Rising Expectations,1
110050107,2005,溢れる想い,3,300012,110050107,3,4,3730,6050,4170,11005_0107_00,11005_0107_01,3,,,0,0,0,0,Overflowing Emotions,1
110060108,2006,聖なるリトルデーモン,2,200014,110060108,3,4,3730,4170,6050,11006_0108_00,11006_0108_01,3,,,0,0,0,0,Divine Little Demons,1
110070103,2007,自己ベスト更新ずら♪,3,300013,110070103,3,4,4030,5980,3690,11007_0103_00,11007_0103_01,3,,,0,0,0,0,"My New Best, Zura!",1
110080103,2008,シャイニングシャウト,3,300014,110080103,3,4,4040,5980,3800,11008_0103_00,11008_0103_01,3,,,0,0,0,0,Shining Shout,1
110090103,2009,みんなの雪の結晶,1,100012,110090103,3,4,5980,3690,4030,11009_0103_00,11009_0103_01,3,,,0,0,0,0,Everyone's Snowflakes,1
110050108,2005,まさかの勘違い！？,1,100004,110050108,3,4,5300,4170,4400,11005_0108_00,11005_0108_01,3,,,0,0,0,0,A Misunderstanding?!,1
110090104,2009,福はうち福はうち♪,2,200004,110090104,3,4,4740,3850,5320,11009_0104_00,11009_0104_01,3,,,0,0,0,0,Bring in the Luck!,1
110050109,2005,同じ願いごと,2,200006,110050109,2,3,3480,4350,5120,11005_0109_00,11005_0109_01,2,,,0,0,0,0,The Same Wish,1
110010107,2001,おもてなしの心,2,200006,110010107,3,4,4490,4130,5330,11001_0107_00,11001_0107_01,3,,,0,0,0,0,Heart of Hospitality,1
110040104,2004,前へ踏み出す力,1,100006,110040104,3,4,5300,4400,4170,11004_0104_00,11004_0104_01,3,,,0,0,0,0,Power to Step Forth,1
110080104,2008,真のごちそう,1,100006,110080104,3,4,5350,4050,4500,11008_0104_00,11008_0104_01,3,,,0,0,0,0,A Real Feast,1
110070104,2007,新しくなる世界,2,200003,110070104,3,4,4700,3860,5330,11007_0104_00,11007_0104_01,3,,,0,0,0,0,A Brand-New World,1
100030136,1003,スイーツセレクション,1,100004,100030136,3,4,5320,3850,4740,10003_0136_00,10003_0136_01,3,,,0,0,0,0,Sweets Selection,1
100050136,1005,オープン・ユアハート,2,200004,100050136,3,4,4400,4170,5300,10005_0136_00,10005_0136_01,3,,,0,0,0,0,Open Your Heart,1
120050004,3005,テンアゲで！,1,100007,120050004,3,4,5340,4100,4510,12005_0004_00,12005_0004_01,3,,,0,0,0,0,Totally Pumped Up!,1
110070105,2007,輝ける日々,2,200001,110070105,3,4,4210,3750,4880,11007_0105_00,11007_0105_01,3,,,0,0,0,0,Sparkling Days,1
100020137,1002,ダイビングスタディ,3,300005,100020137,2,3,4350,5120,3480,10002_0137_00,10002_0137_01,2,,,0,0,0,0,Sink or Swim,1
100060136,1006,ハッピーアンハッピー,3,300005,100060136,3,4,4510,5340,4100,10006_0136_00,10006_0136_01,3,,,0,0,0,0,Happy and Unhappy,1
100080137,1008,禁断の組み合わせ！？,3,300005,100080137,3,4,4170,5300,4400,10008_0137_00,10008_0137_01,3,,,0,0,0,0,The Forbidden Combo,1
100090139,1009,かわいくオシャレに！,3,300005,100090139,3,4,4430,5270,4120,10009_0139_00,10009_0139_01,3,,,0,0,0,0,Cute and Fashionable,1
100040134,1004,かわいいお話を,3,300010,100040134,3,4,4050,6030,3830,10004_0134_00,10004_0134_01,3,,,0,0,0,0,A Cute Story,1
100040135,1004,誕生日のお願い,2,200001,100040135,3,4,3180,4790,4890,10004_0135_00,10004_0135_01,3,,,0,0,0,0,Birthday Wish,1
110010108,2001,桜を詠み合って,2,200004,110010108,3,4,4170,4400,5300,11001_0108_00,11001_0108_01,3,,,0,0,0,0,Cherry Blossom Poems,1
110070106,2007,桜の花飾り,3,300004,110070106,3,4,3850,5320,4740,11007_0106_00,11007_0106_01,3,,,0,0,0,0,Pink Hair Ornaments,1
110030103,2003,誓いのハグ,3,300006,110030103,2,3,3390,5180,4380,11003_0103_00,11003_0103_01,2,,,0,0,0,0,A Pledge Hug,1
110020106,2002,やる気爆発,2,200006,110020106,3,4,4030,4520,5350,11002_0106_00,11002_0106_01,3,,,0,0,0,0,Motivation Explosion,1
110060109,2006,楽しかった思い出,1,100006,110060109,3,4,5340,4520,4090,11006_0109_00,11006_0109_01,3,,,0,0,0,0,Fun Memories,1
110090105,2009,諦めない心,3,300006,110090105,3,4,4120,5270,4430,11009_0105_00,11009_0105_01,3,,,0,0,0,0,Unrelenting Heart,1
100010144,1001,大好きを詰め込んで,3,300005,100010144,3,4,4160,5980,3680,10001_0144_00,10001_0144_01,3,,,0,0,0,0,Chock-Full of Love,1
100030137,1003,小さな奇跡,1,100005,100030137,3,4,5980,3590,4130,10003_0137_00,10003_0137_01,3,,,0,0,0,0,A Tiny Miracle,1
100040136,1004,夢中になれるから,1,100005,100040136,3,4,5980,4130,3590,10004_0136_00,10004_0136_01,3,,,0,0,0,0,I Can Be Obsessed,1
100070136,1007,フレンドリーシェア,3,300004,100070136,3,4,4170,5300,4400,10007_0136_00,10007_0136_01,3,,,0,0,0,0,Sharing with Friends,1
100080138,1008,ピッキング・ベリー,2,200004,100080138,3,4,4740,3810,5320,10008_0138_00,10008_0138_01,3,,,0,0,0,0,Picking Berries,1
120060010,3006,夢の続きを,1,100007,120060010,3,4,5340,4510,4100,12006_0010_00,12006_0010_01,3,,,0,0,0,0,The Dream Continues,1
100010145,1001,高坂穂乃果,1,100001,100010145,2,3,4040,1820,2140,10001_0145_00,10001_0145_01,2,,,0,0,0,0,Honoka Kosaka,1
100020138,1002,絢瀬絵里,3,300001,100020138,2,3,2180,3950,1860,10002_0138_00,10002_0138_01,2,,,0,0,0,0,Eli Ayase,1
100030138,1003,南ことり,2,200001,100030138,2,3,1820,2310,3850,10003_0138_00,10003_0138_01,2,,,0,0,0,0,Kotori Minami,1
100040137,1004,園田海未,3,300001,100040137,2,3,1850,3940,2200,10004_0137_00,10004_0137_01,2,,,0,0,0,0,Umi Sonoda,1
100050137,1005,星空凛,1,100001,100050137,2,3,3960,2150,1880,10005_0137_00,10005_0137_01,2,,,0,0,0,0,Rin Hoshizora,1
100060137,1006,西木野真姫,3,300001,100060137,2,3,1750,3910,2320,10006_0137_00,10006_0137_01,2,,,0,0,0,0,Maki Nishikino,1
100070137,1007,東條希,2,200001,100070137,2,3,2290,1790,3900,10007_0137_00,10007_0137_01,2,,,0,0,0,0,Nozomi Tojo,1
100080139,1008,小泉花陽,2,200001,100080139,2,3,2180,1800,4020,10008_0139_00,10008_0139_01,2,,,0,0,0,0,Hanayo Koizumi,1
100090140,1009,矢澤にこ,1,100001,100090140,2,3,3860,1790,2340,10009_0140_00,10009_0140_01,2,,,0,0,0,0,Nico Yazawa,1
110010109,2001,高海千歌,1,100001,110010109,2,3,3910,1750,2320,11001_0109_00,11001_0109_01,2,,,0,0,0,0,Chika Takami,1
110020107,2002,桜内梨子,3,300001,110020107,2,3,2310,3850,1820,11002_0107_00,11002_0107_01,2,,,0,0,0,0,Riko Sakurauchi,1
110030104,2003,松浦果南,2,200001,110030104,2,3,2340,1790,3860,11003_0104_00,11003_0104_01,2,,,0,0,0,0,Kanan Matsuura,1
110040105,2004,黒澤ダイヤ,3,300001,110040105,2,3,1880,3960,2150,11004_0105_00,11004_0105_01,2,,,0,0,0,0,Dia Kurosawa,1
110050110,2005,渡辺曜,2,200001,110050110,2,3,2140,1820,4040,11005_0110_00,11005_0110_01,2,,,0,0,0,0,You Watanabe,1
110060110,2006,津島善子,3,300001,110060110,2,3,1790,3900,2290,11006_0110_00,11006_0110_01,2,,,0,0,0,0,Yoshiko Tsushima,1
110070107,2007,国木田花丸,1,100001,110070107,2,3,3950,2180,1860,11007_0107_00,11007_0107_01,2,,,0,0,0,0,Hanamaru Kunikida,1
110080105,2008,小原鞠莉,1,100001,110080105,2,3,4020,1800,2180,11008_0105_00,11008_0105_01,2,,,0,0,0,0,Mari Ohara,1
110090106,2009,黒澤ルビィ,2,200001,110090106,2,3,2200,1850,3940,11009_0106_00,11009_0106_01,2,,,0,0,0,0,Ruby Kurosawa,1
140960001,5096,しんのすけ,1,100001,140960001,2,3,1,1,1,14096_0001_00,14096_0001_01,2,,,0,0,0,0,Shinnosuke,1
140970001,5097,ひまわり,2,200001,140970001,2,3,1,1,1,14097_0001_00,14097_0001_01,2,,,0,0,0,0,Himawari,1
140980001,5098,シロ,3,300001,140980001,2,3,1,1,1,14098_0001_00,14098_0001_01,2,,,0,0,0,0,Shiro,1
140990001,5099,しんちゃん,1,100001,140990001,2,3,1,1,1,14099_0001_00,14099_0001_01,2,,,0,0,0,0,Shinchan,1
141000001,5100,ボーちゃん,3,300001,141000001,2,3,1,1,1,14100_0001_00,14100_0001_01,2,,,0,0,0,0,Bo-chan,1
141010001,5101,風間くん,3,300001,141010001,2,3,1,1,1,14101_0001_00,14101_0001_01,2,,,0,0,0,0,Kazama-kun,1
141020001,5102,ネネちゃん,2,200001,141020001,2,3,1,1,1,14102_0001_00,14102_0001_01,2,,,0,0,0,0,Nene-chan,1
141030001,5103,マサオくん,2,200001,141030001,2,3,1,1,1,14103_0001_00,14103_0001_01,2,,,0,0,0,0,Masao-kun,1
100030139,1003,リバイバルメモリー,1,100005,100030139,2,3,5180,3390,4380,10003_0139_00,10003_0139_01,2,,,0,0,0,0,A Memory Revived,1
100010146,1001,司会進行の妙技,2,200005,100010146,3,4,4530,4050,5310,10001_0146_00,10001_0146_01,3,,,0,0,0,0,Wonderful Job as MC,1
100020139,1002,会場案内の極意,2,200005,100020139,3,4,4100,4510,5340,10002_0139_00,10002_0139_01,3,,,0,0,0,0,Venue Guiding Secrets,1
100040138,1004,道案内もお手のもの,1,100005,100040138,3,4,5300,4400,4170,10004_0138_00,10004_0138_01,3,,,0,0,0,0,Guiding Is My Forte,1
110010110,2001,歌を響かせて,2,200006,110010110,3,4,4160,3680,5980,11001_0110_00,11001_0110_01,3,,,0,0,0,0,Let Our Song Ring Out,1
110020108,2002,大切な気持ち,3,300006,110020108,3,4,3680,5980,4040,11002_0108_00,11002_0108_01,3,,,0,0,0,0,Precious Feelings,1
110050111,2005,夢を追いかけて,1,100006,110050111,3,4,5980,3680,4040,11005_0111_00,11005_0111_01,3,,,0,0,0,0,Chasing Our Dreams,1
110050112,2005,空飛ぶ気持ち,1,100012,110050112,3,4,6030,3830,4050,11005_0112_00,11005_0112_01,3,,,0,0,0,0,Feels like I'm Flying,1
100060138,1006,人魚の歌声,3,300011,100060138,3,4,4050,6030,3830,10006_0138_00,10006_0138_01,3,,,0,0,0,0,Mermaid's Song,1
110020109,2002,撮影したくて,2,200004,110020109,3,4,4740,3850,5320,11002_0109_00,11002_0109_01,3,,,0,0,0,0,I Wanna Take a Photo,1
110030105,2003,突然の撮影会,1,100004,110030105,3,4,5300,4170,4400,11003_0105_00,11003_0105_01,3,,,0,0,0,0,A Sudden Photoshoot,1
110050113,2005,敬意を表して,1,100001,110050113,3,4,4890,3180,4790,11005_0113_00,11005_0113_01,3,,,0,0,0,0,Expressing Respect,1
100060139,1006,シークレットなライブ,2,200001,100060139,3,4,3450,4520,4880,10006_0139_00,10006_0139_01,3,,,0,0,0,0,A Secret Live Show,1
120010005,3001,上原歩夢,1,100001,120010005,1,2,3870,1800,2320,12001_0005_00,12001_0005_01,1,,,0,0,0,0,Ayumu Uehara,1
120050005,3005,宮下愛,1,100001,120050005,1,2,3950,1860,2180,12005_0005_00,12005_0005_01,1,,,0,0,0,0,Ai Miyashita,1
120070006,3007,優木せつ菜,1,100001,120070006,1,2,3850,2330,1810,12007_0006_00,12007_0006_01,1,,,0,0,0,0,Setsuna Yuki,1
120010006,3001,上原歩夢,2,200001,120010006,1,2,2160,1810,4030,12001_0006_00,12001_0006_01,1,,,0,0,0,0,Ayumu Uehara,1
120050006,3005,宮下愛,2,200001,120050006,1,2,2290,1790,3900,12005_0006_00,12005_0006_01,1,,,0,0,0,0,Ai Miyashita,1
120070007,3007,優木せつ菜,2,200001,120070007,1,2,1820,2140,4040,12007_0007_00,12007_0007_01,1,,,0,0,0,0,Setsuna Yuki,1
120010007,3001,上原歩夢,2,200001,120010007,1,2,1760,2300,3920,12001_0007_00,12001_0007_01,1,,,0,0,0,0,Ayumu Uehara,1
120050007,3005,宮下愛,1,100001,120050007,1,2,3860,2340,1790,12005_0007_00,12005_0007_01,1,,,0,0,0,0,Ai Miyashita,1
120070008,3007,優木せつ菜,3,300001,120070008,1,2,2310,3890,1780,12007_0008_00,12007_0008_01,1,,,0,0,0,0,Setsuna Yuki,1
120010008,3001,上原歩夢,3,300001,120010008,1,2,1850,3940,2200,12001_0008_00,12001_0008_01,1,,,0,0,0,0,Ayumu Uehara,1
120050008,3005,宮下愛,3,300001,120050008,1,2,2180,4020,1800,12005_0008_00,12005_0008_01,1,,,0,0,0,0,Ai Miyashita,1
120070009,3007,優木せつ菜,3,300001,120070009,1,2,2180,3950,1860,12007_0009_00,12007_0009_01,1,,,0,0,0,0,Setsuna Yuki,1
120010009,3001,上原歩夢,3,300001,120010009,1,2,2150,3960,1880,12001_0009_00,12001_0009_01,1,,,0,0,0,0,Ayumu Uehara,1
120050009,3005,宮下愛,2,200001,120050009,1,2,2180,1860,3950,12005_0009_00,12005_0009_01,1,,,0,0,0,0,Ai Miyashita,1
120070010,3007,優木せつ菜,1,100001,120070010,1,2,3940,2200,1850,12007_0010_00,12007_0010_01,1,,,0,0,0,0,Setsuna Yuki,1
120010010,3001,楽しい思い出を,3,300002,120010010,2,3,3240,4980,4160,12001_0010_00,12001_0010_01,2,,,0,0,0,0,Great Memories,1
120050010,3005,じゅーぶん仲良し,2,200002,120050010,2,3,4300,3080,4920,12005_0010_00,12005_0010_01,2,,,0,0,0,0,Already Super Close,1
120070011,3007,スイカ割りの達人,1,100002,120070011,2,3,4960,4270,3140,12007_0011_00,12007_0011_01,2,,,0,0,0,0,Watermelon Splitter,1
120010011,3001,あなたがいるから,2,200002,120010011,2,3,3200,4190,4900,12001_0011_00,12001_0011_01,2,,,0,0,0,0,Because You're There,1
120050011,3005,ワクワクセンサー,1,100002,120050011,2,3,4960,3090,4320,12005_0011_00,12005_0011_01,2,,,0,0,0,0,Excitement Sensor,1
120070012,3007,なりたい自分に,3,300002,120070012,2,3,4140,4970,3270,12007_0012_00,12007_0012_01,2,,,0,0,0,0,Be Who I Want to Be,1
120010012,3001,一緒に歩みたいから,2,200007,120010012,3,4,4070,3830,6010,12001_0012_00,12001_0012_01,3,,,0,0,0,0,With You Every Step,1
120050012,3005,Youは友達,1,100007,120050012,3,4,6010,4070,3830,12005_0012_00,12005_0012_01,3,,,0,0,0,0,You Are My Friend,1
120070013,3007,私らしく、強く,3,300007,120070013,3,4,3830,6010,4070,12007_0013_00,12007_0013_01,3,,,0,0,0,0,Be Strong Be Myself,1
110060111,2006,約束の日,2,200006,110060111,2,3,3480,4350,5120,11006_0111_00,11006_0111_01,2,,,0,0,0,0,The Promised Day,1
110010111,2001,生きてるんだ！,2,200006,110010111,3,4,4430,4120,5270,11001_0111_00,11001_0111_01,3,,,0,0,0,0,It's Alive!,1
110070108,2007,知識は卵を助く,1,100006,110070108,3,4,5270,4120,4430,11007_0108_00,11007_0108_01,3,,,0,0,0,0,Knowledge Is Helpful,1
110080106,2008,おしゃべりしましょう,3,300006,110080106,3,4,4500,5340,4110,11008_0106_00,11008_0106_01,3,,,0,0,0,0,Let's Have a Chat,1
100020140,1002,叶える勇気,2,200005,100020140,3,4,3590,4130,5980,10002_0140_00,10002_0140_01,3,,,0,0,0,0,Granted Courage,1
100070138,1007,夢を抱きしめて,2,200005,100070138,3,4,3590,4130,5980,10007_0138_00,10007_0138_01,3,,,0,0,0,0,Embracing My Dreams,1
100090141,1009,ニコニーの笑顔,3,300005,100090141,3,4,4160,5980,3680,10009_0141_00,10009_0141_01,3,,,0,0,0,0,Nico's Big Smile,1
120020005,3002,中須かすみ,1,100001,120020005,1,2,4020,1800,2180,12002_0005_00,12002_0005_01,1,,,0,0,0,0,Kasumi Nakasu,1
120030011,3003,桜坂しずく,1,100001,120030011,1,2,3960,2150,1880,12003_0011_00,12003_0011_01,1,,,0,0,0,0,Shizuku Osaka,1
120090005,3009,天王寺璃奈,1,100001,120090005,1,2,3940,1850,2200,12009_0005_00,12009_0005_01,1,,,0,0,0,0,Rina Tennoji,1
120020006,3002,中須かすみ,2,200001,120020006,1,2,1880,2150,3960,12002_0006_00,12002_0006_01,1,,,0,0,0,0,Kasumi Nakasu,1
120030012,3003,桜坂しずく,2,200001,120030012,1,2,1770,2330,3880,12003_0012_00,12003_0012_01,1,,,0,0,0,0,Shizuku Osaka,1
120090006,3009,天王寺璃奈,2,200001,120090006,1,2,2310,1780,3890,12009_0006_00,12009_0006_01,1,,,0,0,0,0,Rina Tennoji,1
120020007,3002,中須かすみ,2,200001,120020007,1,2,2160,1810,4030,12002_0007_00,12002_0007_01,1,,,0,0,0,0,Kasumi Nakasu,1
120030013,3003,桜坂しずく,3,300001,120030013,1,2,2200,3940,1850,12003_0013_00,12003_0013_01,1,,,0,0,0,0,Shizuku Osaka,1
120090007,3009,天王寺璃奈,1,100001,120090007,1,2,4020,2180,1800,12009_0007_00,12009_0007_01,1,,,0,0,0,0,Rina Tennoji,1
120020008,3002,中須かすみ,3,300001,120020008,1,2,1760,3920,2300,12002_0008_00,12002_0008_01,1,,,0,0,0,0,Kasumi Nakasu,1
120030014,3003,桜坂しずく,3,300001,120030014,1,2,1810,4030,2160,12003_0014_00,12003_0014_01,1,,,0,0,0,0,Shizuku Osaka,1
120090008,3009,天王寺璃奈,3,300001,120090008,1,2,2140,4040,1820,12009_0008_00,12009_0008_01,1,,,0,0,0,0,Rina Tennoji,1
120020009,3002,中須かすみ,1,100001,120020009,1,2,3850,1810,2330,12002_0009_00,12002_0009_01,1,,,0,0,0,0,Kasumi Nakasu,1
120030015,3003,桜坂しずく,2,200001,120030015,1,2,2330,1770,3880,12003_0015_00,12003_0015_01,1,,,0,0,0,0,Shizuku Osaka,1
120090009,3009,天王寺璃奈,3,300001,120090009,1,2,2280,3910,1770,12009_0009_00,12009_0009_01,1,,,0,0,0,0,Rina Tennoji,1
120020010,3002,見とれてます？,1,100002,120020010,2,3,4970,3170,4240,12002_0010_00,12002_0010_01,2,,,0,0,0,0,Are You Smitten?,1
120030016,3003,波の音を聞きながら,2,200002,120030016,2,3,3180,4230,4960,12003_0016_00,12003_0016_01,2,,,0,0,0,0,Sound of the Waves,1
120090010,3009,わくわく海水浴,3,300002,120090010,2,3,4280,4890,3110,12009_0010_00,12009_0010_01,2,,,0,0,0,0,Fun at the Sea,1
120020011,3002,可愛すぎちゃう？,2,200002,120020011,2,3,4260,3150,4960,12002_0011_00,12002_0011_01,2,,,0,0,0,0,Too Cute?,1
120030017,3003,理想のヒロイン,3,300002,120030017,2,3,4300,4920,3080,12003_0017_00,12003_0017_01,2,,,0,0,0,0,Ideal Heroine,1
120090011,3009,私のコミュニケート,1,100002,120090011,2,3,4960,3230,4190,12009_0011_00,12009_0011_01,2,,,0,0,0,0,My Communication,1
120020012,3002,キラキラの夢,2,200007,120020012,3,4,4070,3830,6010,12002_0012_00,12002_0012_01,3,,,0,0,0,0,Sparkling Dream,1
120030018,3003,自分らしさを,3,300007,120030018,3,4,4050,6010,3850,12003_0018_00,12003_0018_01,3,,,0,0,0,0,Being Myself,1
120090012,3009,夢にコネクト,1,100007,120090012,3,4,6010,3330,4570,12009_0012_00,12009_0012_01,3,,,0,0,0,0,Connect to the Dream,1
120040006,3004,朝香果林,1,100001,120040006,1,2,4030,2160,1810,12004_0006_00,12004_0006_01,1,,,0,0,0,0,Karin Asaka,1
120060011,3006,近江彼方,1,100001,120060011,1,2,4040,2140,1820,12006_0011_00,12006_0011_01,1,,,0,0,0,0,Kanata Konoe,1
120080010,3008,エマ・ヴェルデ,1,100001,120080010,1,2,3860,1790,2340,12008_0010_00,12008_0010_01,1,,,0,0,0,0,Emma Verde,1
120040007,3004,朝香果林,2,200001,120040007,1,2,1850,2200,3940,12004_0007_00,12004_0007_01,1,,,0,0,0,0,Karin Asaka,1
120060012,3006,近江彼方,2,200001,120060012,1,2,2180,1860,3950,12006_0012_00,12006_0012_01,1,,,0,0,0,0,Kanata Konoe,1
120080011,3008,エマ・ヴェルデ,2,200001,120080011,1,2,2180,1800,4020,12008_0011_00,12008_0011_01,1,,,0,0,0,0,Emma Verde,1
120040008,3004,朝香果林,3,300001,120040008,1,2,2290,3890,1790,12004_0008_00,12004_0008_01,1,,,0,0,0,0,Karin Asaka,1
120060013,3006,近江彼方,1,100001,120060013,1,2,3960,1880,2150,12006_0013_00,12006_0013_01,1,,,0,0,0,0,Kanata Konoe,1
120080012,3008,エマ・ヴェルデ,2,200001,120080012,1,2,1860,2180,3950,12008_0012_00,12008_0012_01,1,,,0,0,0,0,Emma Verde,1
120040009,3004,朝香果林,3,300001,120040009,1,2,1770,3930,2280,12004_0009_00,12004_0009_01,1,,,0,0,0,0,Karin Asaka,1
120060014,3006,近江彼方,3,300001,120060014,1,2,2320,3910,1750,12006_0014_00,12006_0014_01,1,,,0,0,0,0,Kanata Konoe,1
120080013,3008,エマ・ヴェルデ,3,300001,120080013,1,2,1880,3960,2150,12008_0013_00,12008_0013_01,1,,,0,0,0,0,Emma Verde,1
120040010,3004,朝香果林,2,200001,120040010,1,2,1790,2290,3900,12004_0010_00,12004_0010_01,1,,,0,0,0,0,Karin Asaka,1
120060015,3006,近江彼方,3,300001,120060015,1,2,2160,4020,1820,12006_0015_00,12006_0015_01,1,,,0,0,0,0,Kanata Konoe,1
120080014,3008,エマ・ヴェルデ,1,100001,120080014,1,2,4040,1820,2140,12008_0014_00,12008_0014_01,1,,,0,0,0,0,Emma Verde,1
120040011,3004,メリハリを楽しんで,2,200002,120040011,2,3,3160,4240,4980,12004_0011_00,12004_0011_01,2,,,0,0,0,0,Everything You've Got,1
120060016,3006,おいしくなる魔法,3,300002,120060016,2,3,4250,4960,3160,12006_0016_00,12006_0016_01,2,,,0,0,0,0,Delicious Magic,1
120080015,3008,青空と海に囲まれて,1,100002,120080015,2,3,4910,3120,4260,12008_0015_00,12008_0015_01,2,,,0,0,0,0,The Sky and the Sea,1
120040012,3004,虜にさせるわ,3,300002,120040012,2,3,4260,4960,3150,12004_0012_00,12004_0012_01,2,,,0,0,0,0,Capture the Hearts,1
120060017,3006,憧れの眠り姫,1,100002,120060017,2,3,4890,4260,3130,12006_0017_00,12006_0017_01,2,,,0,0,0,0,Sleeping Princess,1
120080016,3008,幸せをくれる笑顔,2,200002,120080016,2,3,3060,4240,4980,12008_0016_00,12008_0016_01,2,,,0,0,0,0,Smile of Happiness,1
120040013,3004,とびきりの明日へ,3,300007,120040013,3,4,4070,6010,3830,12004_0013_00,12004_0013_01,3,,,0,0,0,0,Wonderful Tomorrow,1
120060018,3006,夢の国へようこそ,1,100007,120060018,3,4,6010,4070,3830,12006_0018_00,12006_0018_01,3,,,0,0,0,0,Welcome Dreamy World,1
120080017,3008,声を繋いで,2,200007,120080017,3,4,3830,4070,6010,12008_0017_00,12008_0017_01,3,,,0,0,0,0,Join Our Voices,1
100020141,1002,テイク・アシスト,1,100004,100020141,3,4,5300,4170,4400,10002_0141_00,10002_0141_01,3,,,0,0,0,0,Take Assist,1
100040139,1004,スイート・チャージ,2,200004,100040139,3,4,4740,3810,5320,10004_0139_00,10004_0139_01,3,,,0,0,0,0,Sweet Recharge,1
120070014,3007,私と一緒に♪,3,300007,120070014,3,4,4520,5340,4090,12007_0014_00,12007_0014_01,3,,,0,0,0,0,Together with Me,1
100010147,1001,ワン・フォー・オール,2,200005,100010147,2,3,4350,3480,5120,10001_0147_00,10001_0147_01,2,,,0,0,0,0,One for All,1
100070139,1007,花の女神,2,200005,100070139,3,4,4570,4020,5320,10007_0139_00,10007_0139_01,3,,,0,0,0,0,Goddess of Flowers,1
100080140,1008,心に春咲き,3,300005,100080140,3,4,4100,5320,4490,10008_0140_00,10008_0140_01,3,,,0,0,0,0,Heart's Spring Blooms,1
100090142,1009,花よりたおやかに♪,1,100005,100090142,3,4,5300,4400,4170,10009_0142_00,10009_0142_01,3,,,0,0,0,0,Grace Over Flowers,1
110030106,2003,期待を胸に,3,300006,110030106,3,4,3680,5980,4160,11003_0106_00,11003_0106_01,3,,,0,0,0,0,Hope in My Heart,1
110040106,2004,叶えられる気がして,1,100006,110040106,3,4,5980,4040,3680,11004_0106_00,11004_0106_01,3,,,0,0,0,0,Just Might Come True,1
110080107,2008,成長はノンストップ,2,200006,110080107,3,4,4040,3680,5980,11008_0107_00,11008_0107_01,3,,,0,0,0,0,Nonstop Growing Up,1
110040107,2004,空を泳ぐ魚たち,2,200004,110040107,3,4,4170,4400,5300,11004_0107_00,11004_0107_01,3,,,0,0,0,0,Fish in the Sky,1
110080108,2008,シャイニーデイズ♡,3,300004,110080108,3,4,3850,5320,4740,11008_0108_00,11008_0108_01,3,,,0,0,0,0,Shiny Days,1
110010112,2001,ありがとうのかたち,1,100006,110010112,2,3,5180,3390,4380,11001_0112_00,11001_0112_01,2,,,0,0,0,0,Ways to Say Thanks,1
110050114,2005,エネルギーをわけよう,3,300006,110050114,3,4,4170,5300,4400,11005_0114_00,11005_0114_01,3,,,0,0,0,0,Sharing Our Strength,1
110060112,2006,眷属を創造せし力,2,200006,110060112,3,4,4030,4520,5350,11006_0112_00,11006_0112_01,3,,,0,0,0,0,Creation of a Minion,1
110090107,2009,ルビィのお墨付き,3,300006,110090107,3,4,4110,5340,4500,11009_0107_00,11009_0107_01,3,,,0,0,0,0,Ruby-Approved,1
100050138,1005,凛のサプライズ,3,300005,100050138,3,4,4130,5980,3590,10005_0138_00,10005_0138_01,3,,,0,0,0,0,Rin's Surprise,1
100060140,1006,刺激を受けて,2,200005,100060140,3,4,3680,4160,5980,10006_0140_00,10006_0140_01,3,,,0,0,0,0,Getting Motivated,1
100080141,1008,私の奇跡,1,100005,100080141,3,4,5980,3590,4130,10008_0141_00,10008_0141_01,3,,,0,0,0,0,My Own Miracle,1
120050013,3005,ハンパない誕生日,1,100003,120050013,3,4,6030,4470,3410,12005_0013_00,12005_0013_01,3,,,0,0,0,0,Extraordinary Birthday,1
120050014,3005,愛 can dance!,1,100001,120050014,3,4,4880,4520,3450,12005_0014_00,12005_0014_01,3,,,0,0,0,0,Ai Can Dance!,1
100010148,1001,チェンジショット,3,300004,100010148,3,4,4400,5300,4170,10001_0148_00,10001_0148_01,3,,,0,0,0,0,Changing the Shot,1
100090143,1009,ハートフル・ケア,1,100004,100090143,3,4,5320,4740,3810,10009_0143_00,10009_0143_01,3,,,0,0,0,0,Warm-Hearted Care,1
120080018,3008,笑顔を見せて,2,200007,120080018,3,4,4100,4490,5320,12008_0018_00,12008_0018_01,3,,,0,0,0,0,Show Me Your Smile,1
100070140,1007,エキゾチックな夜に,2,200010,100070140,3,4,4050,3830,6030,10007_0140_00,10007_0140_01,3,,,0,0,0,0,An Exotic Night,1
100020142,1002,マインド・フォーカス,2,200005,100020142,2,3,3390,4380,5180,10002_0142_00,10002_0142_01,2,,,0,0,0,0,Mental Focus,1
100030140,1003,かわいさ満開♪,3,300005,100030140,3,4,4120,5270,4430,10003_0140_00,10003_0140_01,3,,,0,0,0,0,Full-Bloom Cuteness,1
100050139,1005,花照らす陽光,1,100005,100050139,3,4,5340,4100,4510,10005_0139_00,10005_0139_01,3,,,0,0,0,0,Sunshine on Flowers,1
100060141,1006,つぼみ開き、大輪の花,2,200005,100060141,3,4,4120,4430,5270,10006_0141_00,10006_0141_01,3,,,0,0,0,0,Large Flower Bloom,1
110060113,2006,喝采を浴びて,2,200006,110060113,3,4,3680,4040,5980,11006_0113_00,11006_0113_01,3,,,0,0,0,0,Heaped with Applause,1
110070109,2007,始まりの予感,1,100006,110070109,3,4,5980,3690,4030,11007_0109_00,11007_0109_01,3,,,0,0,0,0,Initial Hunches,1
110090108,2009,笑顔に会いたくて,3,300006,110090108,3,4,3680,5980,4160,11009_0108_00,11009_0108_01,3,,,0,0,0,0,Yearning for Smiles,1
110080109,2008,マリーの竜宮城,3,300014,110080109,3,4,4050,6030,3830,11008_0109_00,11008_0109_01,3,,,0,0,0,0,Mari's Palace,1
100070141,1007,伝えたいこと,1,100001,100070141,3,4,4880,3450,4520,10007_0141_00,10007_0141_01,3,,,0,0,0,0,What I Want to Say,1
110080110,2008,誕生日にときめいて,3,300001,110080110,3,4,4520,4880,3450,11008_0110_00,11008_0110_01,3,,,0,0,0,0,Birthday Flutters,1
110060114,2006,堕天使ヨハネの神髄,1,100004,110060114,3,4,5300,4400,4170,11006_0114_00,11006_0114_01,3,,,0,0,0,0,Yohane's Essence,1
110090109,2009,雨上がりの奇跡,3,300004,110090109,3,4,4740,5320,3810,11009_0109_00,11009_0109_01,3,,,0,0,0,0,Sunshine after Rain,1
110050115,2005,ワクワクさせたくて,1,100006,110050115,2,3,5180,3390,4380,11005_0115_00,11005_0115_01,2,,,0,0,0,0,Aiming for Excitement,1
110020110,2002,ぴよぴよメロディ♪,1,100006,110020110,3,4,5300,4400,4170,11002_0110_00,11002_0110_01,3,,,0,0,0,0,Chirp Chirp Melody,1
110030107,2003,春の潮風,1,100006,110030107,3,4,5340,4020,4540,11003_0107_00,11003_0107_01,3,,,0,0,0,0,A Spring Sea Breeze,1
110040108,2004,思いを新たに,1,100006,110040108,3,4,5320,4490,4100,11004_0108_00,11004_0108_01,3,,,0,0,0,0,Renewed Feelings,1
120040014,3004,誕生日も情熱的に,3,300003,120040014,3,4,4050,6030,3830,12004_0014_00,12004_0014_01,3,,,0,0,0,0,Passionate Birthday,1
120040015,3004,情熱の炎,3,300001,120040015,3,4,4520,4880,3450,12004_0015_00,12004_0015_01,3,,,0,0,0,0,The Flames of Passion,1
100030141,1003,シー・アレンジメント,2,200004,100030141,3,4,4400,4170,5300,10003_0141_00,10003_0141_01,3,,,0,0,0,0,Sea Arrangement,1
100060142,1006,マリン・トレジャー,1,100004,100060142,3,4,5320,3810,4740,10006_0142_00,10006_0142_01,3,,,0,0,0,0,Marine Treasure,1
120090013,3009,キラキラボード,1,100007,120090013,3,4,5340,4100,4510,12009_0013_00,12009_0013_01,3,,,0,0,0,0,My Sparkly Board,1
110010113,2001,未来への出発,2,200003,110010113,3,4,4170,3730,6050,11001_0113_00,11001_0113_01,3,,,0,0,0,0,Embark to the Future,1
110050116,2005,未来へ泳いで,2,200003,110050116,3,4,4170,3730,6050,11005_0116_00,11005_0116_01,3,,,0,0,0,0,Swim to the Future,1
110090110,2009,大事な未来,3,300003,110090110,3,4,3730,6050,4170,11009_0110_00,11009_0110_01,3,,,0,0,0,0,Precious Future,1
110030108,2003,願いを追いかけて,2,200003,110030108,3,4,4140,3580,5980,11003_0108_00,11003_0108_01,3,,,0,0,0,0,Chasing Our Dream,1
110040109,2004,まぶしい願いごと,1,100003,110040109,3,4,6050,4170,3730,11004_0109_00,11004_0109_01,3,,,0,0,0,0,Dazzling Wish,1
110070110,2007,追いかけたい夢,1,100003,110070110,3,4,6050,3730,4170,11007_0110_00,11007_0110_01,3,,,0,0,0,0,Dream to Go After,1
100050140,1005,ビューイングスタディ,3,300005,100050140,2,3,4380,5180,3390,10005_0140_00,10005_0140_01,2,,,0,0,0,0,Audience Studies,1
100040140,1004,星降る夜に,3,300005,100040140,3,4,4170,5300,4400,10004_0140_00,10004_0140_01,3,,,0,0,0,0,Shooting Star Night,1
100070142,1007,星に導かれて,1,100005,100070142,3,4,5340,4100,4510,10007_0142_00,10007_0142_01,3,,,0,0,0,0,Guided by the Stars,1
100090144,1009,銀河の注目,2,200005,100090144,3,4,4430,4120,5270,10009_0144_00,10009_0144_01,3,,,0,0,0,0,Eyes on the Galaxy,1
110060115,2006,不思議のお茶会,2,200014,110060115,3,4,3830,4050,6030,11006_0115_00,11006_0115_01,3,,,0,0,0,0,A Curious Tea Party,1
110020111,2002,歌で伝えて,2,200003,110020111,3,4,3610,4110,5980,11002_0111_00,11002_0111_01,3,,,0,0,0,0,Tell It with a Song,1
110060116,2006,堕天使ヨハネの微笑み,3,300003,110060116,3,4,4010,6060,3840,11006_0116_00,11006_0116_01,3,,,0,0,0,0,Yohane's Smile,1
110080111,2008,不可能を可能に,3,300003,110080111,3,4,4120,5980,3600,11008_0111_00,11008_0111_01,3,,,0,0,0,0,Make It Possible,1
110060117,2006,堕天使の気まぐれ,2,200001,110060117,3,4,3750,4210,4880,11006_0117_00,11006_0117_01,3,,,0,0,0,0,Fickle Fallen Angel,1
110030109,2003,ラムネのイタズラ,3,300004,110030109,3,4,3850,5320,4740,11003_0109_00,11003_0109_01,3,,,0,0,0,0,Ramune Prank,1
110050117,2005,想いは言葉にして,2,200004,110050117,3,4,4170,4400,5300,11005_0117_00,11005_0117_01,3,,,0,0,0,0,Feelings into Words,1
100090145,1009,花のように可憐に,1,100011,100090145,3,4,6030,4050,3830,10009_0145_00,10009_0145_01,3,,,0,0,0,0,Sweet as a Blossom,1
130010001,4001,澁谷かのん,3,300002,130010001,2,3,4030,4530,3600,13001_0001_00,13001_0001_01,2,,,0,0,0,0,Kanon Shibuya,1
130020001,4002,唐可可,2,200002,130020001,2,3,3990,3660,4490,13002_0001_00,13002_0001_01,2,,,0,0,0,0,Keke Tang,1
110040110,2004,想いを込めて,1,100006,110040110,2,3,5120,4350,3480,11004_0110_00,11004_0110_01,2,,,0,0,0,0,With All My Heart,1
110020112,2002,星の音が聞きたくて,3,300006,110020112,3,4,4490,5320,4100,11002_0112_00,11002_0112_01,3,,,0,0,0,0,The Stars' Sounds,1
110070111,2007,星に想いを馳せて,3,300006,110070111,3,4,4400,5300,4170,11007_0111_00,11007_0111_01,3,,,0,0,0,0,Starry Wishes,1
110090111,2009,声を重ねて,2,200006,110090111,3,4,4170,4400,5300,11009_0111_00,11009_0111_01,3,,,0,0,0,0,Overlapping Voices,1
100090146,1009,ニコニーが主役♡,3,300001,100090146,3,4,4790,4890,3180,10009_0146_00,10009_0146_01,3,,,0,0,0,0,Birthday Girl Nico!,1
140210008,5021,キミも一緒に,1,100004,140210008,3,4,5340,3750,4820,14021_0008_00,14021_0008_01,3,,,0,0,0,0,You Should Join Us,1
110010114,2001,姫神様の導き,3,300012,110010114,3,4,4050,6030,3830,11001_0114_00,11001_0114_01,3,,,0,0,0,0,The Goddess' Guidance,1
130040001,4004,平安名すみれ,1,100002,130040001,2,3,4560,3630,3990,13004_0001_00,13004_0001_01,2,,,0,0,0,0,Sumire Heanna,1
100010149,1001,童話の世界,1,100009,100010149,3,4,6030,4050,3830,10001_0149_00,10001_0149_01,3,,,0,0,0,0,Fairy-Tale World,1
100050141,1005,急がば回れ、かき氷,3,300004,100050141,3,4,4170,5300,4400,10005_0141_00,10005_0141_01,3,,,0,0,0,0,Unrushed Shaved Ice,1
100070143,1007,スイート・スノー,2,200004,100070143,3,4,3810,4740,5320,10007_0143_00,10007_0143_01,3,,,0,0,0,0,Sweet Snow,1
120010013,3001,歩みを進めて,3,300003,120010013,3,4,3830,6010,4070,12001_0013_00,12001_0013_01,3,,,0,0,0,0,Keep Moving Forward,1
120050015,3005,どこまでもアガって,2,200003,120050015,3,4,4070,3830,6010,12005_0015_00,12005_0015_01,3,,,0,0,0,0,Hype It High,1
120070015,3007,全力で叫ぼう,1,100003,120070015,3,4,6080,4040,3830,12007_0015_00,12007_0015_01,3,,,0,0,0,0,Shout My Heart Out,1
110010115,2001,ずっと笑顔で,3,300001,110010115,3,4,4210,4880,3750,11001_0115_00,11001_0115_01,3,,,0,0,0,0,Always with a Smile,1
120070016,3007,大好きを集めて,3,300003,120070016,3,4,4050,6030,3830,12007_0016_00,12007_0016_01,3,,,0,0,0,0,Gathering What I Love,1
130030001,4003,嵐千砂都,1,100002,130030001,2,3,4500,3990,3660,13003_0001_00,13003_0001_01,2,,,0,0,0,0,Chisato Arashi,1
100010150,1001,愛を込めた感謝,3,300001,100010150,3,4,4520,4880,3450,10001_0150_00,10001_0150_01,3,,,0,0,0,0,Love-Filled Gratitude,1
100040141,1004,受け継がれる思い,1,100005,100040141,2,3,5180,4380,3390,10004_0141_00,10004_0141_01,2,,,0,0,0,0,Inherited Feelings,1
100030142,1003,肝試しコーディネート,2,200005,100030142,3,4,4100,4490,5320,10003_0142_00,10003_0142_01,3,,,0,0,0,0,Trial by Fashion,1
100060143,1006,きっと大丈夫,3,300005,100060143,3,4,4170,5300,4400,10006_0143_00,10006_0143_01,3,,,0,0,0,0,It Will Be Okay,1
100080142,1008,小さなホラー？,1,100005,100080142,3,4,5310,3960,4620,10008_0142_00,10008_0142_01,3,,,0,0,0,0,A Little Horror?,1
120020013,3002,素顔の私,1,100003,120020013,3,4,6010,3830,4070,12002_0013_00,12002_0013_01,3,,,0,0,0,0,My True Self,1
120030019,3003,重なるストーリー,2,200003,120030019,3,4,3840,4010,6060,12003_0019_00,12003_0019_01,3,,,0,0,0,0,Overlapping Stories,1
120090014,3009,みんなのスマイル,3,300003,120090014,3,4,4070,6010,3830,12009_0014_00,12009_0014_01,3,,,0,0,0,0,Everyone's Smile,1
120100001,3010,決意の向こう側,2,200003,120100001,3,4,3830,4070,6010,12010_0001_00,12010_0001_01,3,,,0,0,0,0,Beyond Determination,1
120070017,3007,スキップマーチ,3,300001,120070017,3,4,3750,4880,4210,12007_0017_00,12007_0017_01,3,,,0,0,0,0,Skip March,1
130050001,4005,葉月恋,3,300002,130050001,2,3,3670,4600,3950,13005_0001_00,13005_0001_01,2,,,0,0,0,0,Ren Hazuki,1
120040016,3004,瞳に焼きつけて,2,200003,120040016,3,4,3830,4070,6010,12004_0016_00,12004_0016_01,3,,,0,0,0,0,Seared Into Memory,1
120060019,3006,お星様の魔法,3,300003,120060019,3,4,4100,6000,3770,12006_0019_00,12006_0019_01,3,,,0,0,0,0,The Star Magic,1
120080019,3008,優しい唄を,1,100003,120080019,3,4,6010,3830,4070,12008_0019_00,12008_0019_01,3,,,0,0,0,0,Sing a Gentle Song,1
110010116,2001,渚のステージへ,3,300012,110010116,3,4,4160,5980,3680,11001_0116_00,11001_0116_01,3,,,0,0,0,0,To the Beach Stage,1
110020113,2002,夏の音色,1,100014,110020113,3,4,5980,4080,3760,11002_0113_00,11002_0113_01,3,,,0,0,0,0,Sound of the Summer,1
110030110,2003,波のざわめき,2,200013,110030110,3,4,4010,3840,6060,11003_0110_00,11003_0110_01,3,,,0,0,0,0,Crashing Surf,1
110040111,2004,夏よりも熱く,2,200013,110040111,3,4,3680,4160,5980,11004_0111_00,11004_0111_01,3,,,0,0,0,0,Hotter Than Summer,1
110050118,2005,砂浜を駆け抜けて,1,100012,110050118,3,4,6080,3830,4040,11005_0118_00,11005_0118_01,3,,,0,0,0,0,Run on the Beach,1
110060118,2006,波打ち際の堕天使,3,300014,110060118,3,4,4120,5980,3600,11006_0118_00,11006_0118_01,3,,,0,0,0,0,Beach Fallen Angel,1
110070112,2007,太陽を浴びて,2,200013,110070112,3,4,4120,3600,5980,11007_0112_00,11007_0112_01,3,,,0,0,0,0,Lots of Sunshine,1
110080112,2008,渚のヴィーナス,3,300014,110080112,3,4,4170,6050,3730,11008_0112_00,11008_0112_01,3,,,0,0,0,0,Venus on the Beach,1
110090112,2009,おひさまの下で,1,100012,110090112,3,4,6000,3770,4100,11009_0112_00,11009_0112_01,3,,,0,0,0,0,Under the Sun,1
120010014,3001,一緒で良かった,1,100007,120010014,3,4,5320,4100,4490,12001_0014_00,12001_0014_01,3,,,0,0,0,0,Glad to Be Together,1
110020114,2002,二人ならきっと,1,100004,110020114,3,4,5320,3810,4740,11002_0114_00,11002_0114_01,3,,,0,0,0,0,We've Got This,1
110070113,2007,マルの挑戦,2,200004,110070113,3,4,4400,4170,5300,11007_0113_00,11007_0113_01,3,,,0,0,0,0,My Attempt,1
130010002,4001,澁谷かのん,2,200001,130010002,1,2,1760,2300,3920,13001_0002_00,13001_0002_01,1,,,0,0,0,0,Kanon Shibuya,1
130020002,4002,唐可可,1,100001,130020002,1,2,3870,1800,2320,13002_0002_00,13002_0002_01,1,,,0,0,0,0,Keke Tang,1
130030002,4003,嵐千砂都,3,300001,130030002,1,2,2180,3950,1860,13003_0002_00,13003_0002_01,1,,,0,0,0,0,Chisato Arashi,1
130040002,4004,平安名すみれ,3,300001,130040002,1,2,2330,3880,1770,13004_0002_00,13004_0002_01,1,,,0,0,0,0,Sumire Heanna,1
130050002,4005,葉月恋,2,200001,130050002,1,2,1800,2180,4020,13005_0002_00,13005_0002_01,1,,,0,0,0,0,Ren Hazuki,1
130010003,4001,澁谷かのん,3,300001,130010003,1,2,1820,4020,2160,13001_0003_00,13001_0003_01,1,,,0,0,0,0,Kanon Shibuya,1
130020003,4002,唐可可,2,200001,130020003,1,2,1860,2180,3950,13002_0003_00,13002_0003_01,1,,,0,0,0,0,Keke Tang,1
130030003,4003,嵐千砂都,1,100001,130030003,1,2,3880,2330,1770,13003_0003_00,13003_0003_01,1,,,0,0,0,0,Chisato Arashi,1
130040003,4004,平安名すみれ,1,100001,130040003,1,2,4040,2140,1820,13004_0003_00,13004_0003_01,1,,,0,0,0,0,Sumire Heanna,1
130050003,4005,葉月恋,3,300001,130050003,1,2,1800,3870,2320,13005_0003_00,13005_0003_01,1,,,0,0,0,0,Ren Hazuki,1
130010004,4001,繋がり輝く星,3,300002,130010004,2,3,4270,4890,3120,13001_0004_00,13001_0004_01,2,,,0,0,0,0,Luminous Linked Stars,1
130020004,4002,手作りのキモチ,2,200002,130020004,2,3,3140,4240,4910,13002_0004_00,13002_0004_01,2,,,0,0,0,0,Handmade Feelings,1
130030004,4003,覗き見禁止！,1,100002,130030004,2,3,4970,3160,4250,13003_0004_00,13003_0004_01,2,,,0,0,0,0,No Peeking!,1
130040004,4004,ドキドキギャラクシー,1,100002,130040004,2,3,4880,4280,3120,13004_0004_00,13004_0004_01,2,,,0,0,0,0,Heart-Pounding Galaxy,1
130050004,4005,きらめくスカイ,3,300002,130050004,2,3,4140,4960,3270,13005_0004_00,13005_0004_01,2,,,0,0,0,0,Sparkling Sky,1
130010005,4001,歌ってドリーミン,1,100002,130010005,2,3,4960,4270,3140,13001_0005_00,13001_0005_01,2,,,0,0,0,0,Singing Dreams,1
130020005,4002,全人類に届けデス！,3,300002,130020005,2,3,3140,4910,4250,13002_0005_00,13002_0005_01,2,,,0,0,0,0,To All Human Beings,1
130030005,4003,まんまる笑顔,2,200002,130030005,2,3,4280,3110,4910,13003_0005_00,13003_0005_01,2,,,0,0,0,0,Round Smiles,1
130040005,4004,応援ラッパッパ,2,200002,130040005,2,3,4230,3180,4970,13004_0005_00,13004_0005_01,2,,,0,0,0,0,Fanfare of Cheers,1
130050005,4005,日々是精進,1,100002,130050005,2,3,4910,4260,3120,13005_0005_00,13005_0005_01,2,,,0,0,0,0,Daily Diligence,1
130010006,4001,キャットレスキュー,3,300008,130010006,2,3,3510,5090,4260,13001_0006_00,13001_0006_01,2,,,0,0,0,0,Cat Rescue,1
130020006,4002,お返事は迅速に,2,200008,130020006,2,3,4390,3380,5180,13002_0006_00,13002_0006_01,2,,,0,0,0,0,Speedy Replies,1
130030006,4003,三日坊主禁止！,1,100008,130030006,2,3,5140,4410,3400,13003_0006_00,13003_0006_01,2,,,0,0,0,0,Don't Be Fickle!,1
130040006,4004,ご利益頂戴☆彡,1,100008,130040006,2,3,5090,3580,4180,13004_0006_00,13004_0006_01,2,,,0,0,0,0,Send Me Good Vibes!,1
130050006,4005,つかの間の羽休め,3,300008,130050006,2,3,3590,5100,4260,13005_0006_00,13005_0006_01,2,,,0,0,0,0,A Brief Rest,1
130010007,4001,スタートライン,3,300003,130010007,3,4,3650,6000,4170,13001_0007_00,13001_0007_01,3,,,0,0,0,0,Starting Line,1
130020007,4002,真心感謝,2,200003,130020007,3,4,4070,3830,6010,13002_0007_00,13002_0007_01,3,,,0,0,0,0,True Appreciation,1
110010117,2001,期待の地図,1,100001,110010117,3,4,4880,4520,3450,11001_0117_00,11001_0117_01,3,,,0,0,0,0,Map of Hope,1
110020115,2002,もっと歌って,3,300001,110020115,3,4,4790,4890,3180,11002_0115_00,11002_0115_01,3,,,0,0,0,0,Sing More,1
110050119,2005,元気に進もう！,2,200001,110050119,3,4,4210,3750,4880,11005_0119_00,11005_0119_01,3,,,0,0,0,0,Advance Lively!,1
110090113,2009,幸せと感謝を込めて,2,200002,110090113,2,3,4380,3390,5180,11009_0113_00,11009_0113_01,2,,,0,0,0,0,With Smiles & Thanks,1
110010118,2001,善子ちゃんの御守り,1,100006,110010118,3,4,5320,4550,4040,11001_0118_00,11001_0118_01,3,,,0,0,0,0,Yoshiko's Charm,1
110060119,2006,闇からの呼び声,3,300006,110060119,3,4,4100,5320,4490,11006_0119_00,11006_0119_01,3,,,0,0,0,0,A Voice from the Dark,1
110080113,2008,マリーのお楽しみ,3,300006,110080113,3,4,4430,5270,4120,11008_0113_00,11008_0113_01,3,,,0,0,0,0,Mari's Fun,1
140460008,5046,笑顔を届けたくて,2,200004,140460008,3,4,4510,4070,5330,14046_0008_00,14046_0008_01,3,,,0,0,0,0,Delivering the Smiles,1
100040142,1004,アローンハイク,3,300004,100040142,3,4,3850,5320,4740,10004_0142_00,10004_0142_01,3,,,0,0,0,0,Hiking Solo,1
100080143,1008,ハニーナイトタイム,2,200004,100080143,3,4,4170,4400,5300,10008_0143_00,10008_0143_01,3,,,0,0,0,0,Honey Nighttime,1
130040007,4004,ご利益あれ！,1,100003,130040007,3,4,5980,3680,4040,13004_0007_00,13004_0007_01,3,,,0,0,0,0,Blessings for All!,1
110010119,2001,一番乗り目指して,1,100003,110010119,3,4,5980,4160,3730,11001_0119_00,11001_0119_01,3,,,0,0,0,0,Be the First One,1
110020116,2002,今度はあなたの番,1,100003,110020116,3,4,6060,4010,3840,11002_0116_00,11002_0116_01,3,,,0,0,0,0,Now It's Your Turn,1
110030111,2003,しぶきを浴びて,2,200003,110030111,3,4,4150,3750,6050,11003_0111_00,11003_0111_01,3,,,0,0,0,0,Enjoying the Splash,1
110040112,2004,お手並み拝見,3,300003,110040112,3,4,3600,5980,4120,11004_0112_00,11004_0112_01,3,,,0,0,0,0,Show Me What You Got,1
110050120,2005,絶対内緒！,2,200003,110050120,3,4,3650,4170,6000,11005_0120_00,11005_0120_01,3,,,0,0,0,0,Absolute Secret!,1
110060120,2006,堕天使スプラッシュ,3,300003,110060120,3,4,4170,6000,3650,11006_0120_00,11006_0120_01,3,,,0,0,0,0,Fallen Angel Splash,1
110070114,2007,わくわくが止まらない,3,300003,110070114,3,4,4040,6080,3830,11007_0114_00,11007_0114_01,3,,,0,0,0,0,Non-Stop Excitement,1
110080114,2008,オーケーの合図,2,200003,110080114,3,4,4100,3770,6000,11008_0114_00,11008_0114_01,3,,,0,0,0,0,The OK Sign,1
110090114,2009,もっとはしゃいで,1,100003,110090114,3,4,5980,3680,4160,11009_0114_00,11009_0114_01,3,,,0,0,0,0,Have More Fun,1
100090147,1009,シュート・スマイル,3,300005,100090147,2,3,4350,5120,3480,10009_0147_00,10009_0147_01,2,,,0,0,0,0,Shot Smile,1
100010151,1001,メイドさんは大忙し,1,100005,100010151,3,4,5320,4490,4100,10001_0151_00,10001_0151_01,3,,,0,0,0,0,Maids Are Always Busy,1
100020143,1002,ドキドキ接客中,2,200005,100020143,3,4,4170,4400,5300,10002_0143_00,10002_0143_01,3,,,0,0,0,0,Frantic Hospitality,1
100050142,1005,凛のオムライス,3,300005,100050142,3,4,4430,5270,4120,10005_0142_00,10005_0142_01,3,,,0,0,0,0,Rin's Omelet Rice,1
100030143,1003,私の王子様？,2,200009,100030143,3,4,3830,4050,6030,10003_0143_00,10003_0143_01,3,,,0,0,0,0,My Prince?,1
100030144,1003,おひさまスマイルで,1,100001,100030144,3,4,4880,3750,4210,10003_0144_00,10003_0144_01,3,,,0,0,0,0,With a Princess Smile,1
110020117,2002,踏み出すきっかけ,2,200014,110020117,3,4,3830,4050,6030,11002_0117_00,11002_0117_01,3,,,0,0,0,0,Taking the First Step,1
110090115,2009,ルビィの花束,1,100012,110090115,3,4,6030,3830,4050,11009_0115_00,11009_0115_01,3,,,0,0,0,0,Ruby's Bouquet,1
120020014,3002,今日のかすみんも,3,300007,120020014,3,4,4090,5340,4520,12002_0014_00,12002_0014_01,3,,,0,0,0,0,Today's Kasumin,1
110010120,2001,いつもと違うスタイル,3,300012,110010120,3,4,4100,6000,3770,11001_0120_00,11001_0120_01,3,,,0,0,0,0,A Different Look,1
110020118,2002,爽やかな装いで,2,200014,110020118,3,4,3680,4160,5980,11002_0118_00,11002_0118_01,3,,,0,0,0,0,A Fresh Outfit,1
110030112,2003,ラフにまとめて,3,300013,110030112,3,4,3690,5980,4030,11003_0112_00,11003_0112_01,3,,,0,0,0,0,Keeping it Casual,1
110040113,2004,しとやかな装い,1,100013,110040113,3,4,6060,4010,3840,11004_0113_00,11004_0113_01,3,,,0,0,0,0,Graceful Look,1
110050121,2005,涼しさ全開,3,300012,110050121,3,4,3680,5980,4160,11005_0121_00,11005_0121_01,3,,,0,0,0,0,Keeping it Cool,1
110060121,2006,ヨハネの先導,2,200014,110060121,3,4,3830,4040,6080,11006_0121_00,11006_0121_01,3,,,0,0,0,0,Lead by Yohane,1
110070115,2007,ポニーテールで決めて,1,100013,110070115,3,4,5980,3680,4160,11007_0115_00,11007_0115_01,3,,,0,0,0,0,Trying a Ponytail,1
110080115,2008,サマーコーディネート,1,100014,110080115,3,4,5980,3680,4160,11008_0115_00,11008_0115_01,3,,,0,0,0,0,Summer Outfit,1
110090116,2009,帽子も忘れずに,2,200012,110090116,3,4,4160,3680,5980,11009_0116_00,11009_0116_01,3,,,0,0,0,0,Don't Forget a Hat,1
110010121,2001,とめられない気持ち,1,100001,110010121,3,4,1,1,1,11001_0121_00,11001_0121_01,3,,,0,0,0,0,Unstoppable Feeling,1
110020119,2002,新しいステージへ,3,300001,110020119,3,4,1,1,1,11002_0119_00,11002_0119_01,3,,,0,0,0,0,To the New Stage,1
110030113,2003,熱い気持ちで,2,200001,110030113,3,4,1,1,1,11003_0113_00,11003_0113_01,3,,,0,0,0,0,Burning Enthusiasm,1
110040114,2004,ドキドキの波に乗って,3,300001,110040114,3,4,1,1,1,11004_0114_00,11004_0114_01,3,,,0,0,0,0,Go with Excitement,1
110050122,2005,どこまでも全力で,2,200001,110050122,3,4,1,1,1,11005_0122_00,11005_0122_01,3,,,0,0,0,0,Always Our Best,1
110060122,2006,堕天使の奇跡,3,300001,110060122,3,4,1,1,1,11006_0122_00,11006_0122_01,3,,,0,0,0,0,Fallen Angel's Miracle,1
110070116,2007,あなたに見せたくて,1,100001,110070116,3,4,1,1,1,11007_0116_00,11007_0116_01,3,,,0,0,0,0,Wanted to Show You,1
110080116,2008,自分たちを信じて,1,100001,110080116,3,4,1,1,1,11008_0116_00,11008_0116_01,3,,,0,0,0,0,Believe in Ourselves,1
110090117,2009,ミラクルの先へ,2,200001,110090117,3,4,1,1,1,11009_0117_00,11009_0117_01,3,,,0,0,0,0,Beyond Miracles,1
110010122,2001,モコモコ生クリーム♪,3,300004,110010122,3,4,4740,5320,3850,11001_0122_00,11001_0122_01,3,,,0,0,0,0,Fluffy Whipped Cream,1
110080117,2008,マリーのつまみ食い♡,1,100004,110080117,3,4,5300,4400,4170,11008_0117_00,11008_0117_01,3,,,0,0,0,0,Mari's Secret Treats,1
130030007,4003,オニ振付師,1,100003,130030007,3,4,6050,4150,3750,13003_0007_00,13003_0007_01,3,,,0,0,0,0,Ogre Choreographer,1
110020120,2002,変化を楽しんで,2,200001,110020120,3,4,3450,4520,4880,11002_0120_00,11002_0120_01,3,,,0,0,0,0,Enjoying the Change,1
110060123,2006,堕天使ヨハネの歌,3,300001,110060123,3,4,3450,4880,4520,11006_0123_00,11006_0123_01,3,,,0,0,0,0,Yohane's Song,1
110070117,2007,みんなの願い,1,100001,110070117,3,4,4880,3750,4210,11007_0117_00,11007_0117_01,3,,,0,0,0,0,Everyone's Wish,1
110090118,2009,はじまりの歌,2,200001,110090118,3,4,3180,4790,4890,11009_0118_00,11009_0118_01,3,,,0,0,0,0,Opening Song,1
110070118,2007,もっと伝えたいから,3,300006,110070118,2,3,4390,5180,3380,11007_0118_00,11007_0118_01,2,,,0,0,0,0,So We Share Even More,1
110030114,2003,みかん採りも楽しんで,3,300006,110030114,3,4,4090,5340,4520,11003_0114_00,11003_0114_01,3,,,0,0,0,0,Enjoy Orange-Picking,1
110040115,2004,太陽と潮風の恵み,2,200006,110040115,3,4,4120,4430,5270,11004_0115_00,11004_0115_01,3,,,0,0,0,0,Sun and Sea Breeze,1
110050123,2005,ワクワクみかん狩り,2,200006,110050123,3,4,4430,4120,5270,11005_0123_00,11005_0123_01,3,,,0,0,0,0,Fun Orange Harvest,1
110090119,2009,サプライズが嬉しくて,1,100001,110090119,3,4,4880,3450,4520,11009_0119_00,11009_0119_01,3,,,0,0,0,0,Joys of a Surprise,1
140530008,5053,標的はあなた,3,300004,140530008,3,4,4530,5330,4050,14053_0008_00,14053_0008_01,3,,,0,0,0,0,You're the Target,1
120100002,3010,心をときめかせて,2,200003,120100002,3,4,4050,3830,6030,12010_0002_00,12010_0002_01,3,,,0,0,0,0,Heart's Delight,1
100030145,1003,可愛くサプライズ,3,300004,100030145,3,4,4740,5320,3850,10003_0145_00,10003_0145_01,3,,,0,0,0,0,An Adorable Surprise,1
100090148,1009,トリックプランニング,1,100004,100090148,3,4,5300,4400,4170,10009_0148_00,10009_0148_01,3,,,0,0,0,0,Planning a Trick,1
130050007,4005,一人一人の明かり,3,300003,130050007,3,4,3690,5980,4030,13005_0007_00,13005_0007_01,3,,,0,0,0,0,Each Girl's Light,1
120030020,3003,誘ってみたくて,1,100007,120030020,3,4,5320,4490,4100,12003_0020_00,12003_0020_01,3,,,0,0,0,0,Wanted to Invite You,1
120100003,3010,賑やかなお祝い,2,200001,120100003,3,4,3180,4790,4890,12010_0003_00,12010_0003_01,3,,,0,0,0,0,Lively Celebration,1
100070144,1007,想いを映像にのせて,3,300005,100070144,2,3,3390,5180,4380,10007_0144_00,10007_0144_01,2,,,0,0,0,0,Emotions on Film,1
100010152,1001,ハートにズキュン,1,100005,100010152,3,4,5270,4120,4430,10001_0152_00,10001_0152_01,3,,,0,0,0,0,Shot to the Heart,1
100060144,1006,命中させるわ,2,200005,100060144,3,4,4100,4490,5320,10006_0144_00,10006_0144_01,3,,,0,0,0,0,Getting a Bull's Eye,1
100080144,1008,オトリになります,2,200005,100080144,3,4,4170,4400,5300,10008_0144_00,10008_0144_01,3,,,0,0,0,0,I'll Be Your Decoy,1
100020144,1002,雪の女王になって,3,300011,100020144,3,4,4050,6030,3830,10002_0144_00,10002_0144_01,3,,,0,0,0,0,Becoming a Snow Queen,1
110010123,2001,未来に向かって,1,100001,110010123,3,4,1,1,1,11001_0123_00,11001_0123_01,3,,,0,0,0,0,Towards the Future,1
110020121,2002,みんなで助け合って,3,300001,110020121,3,4,1,1,1,11002_0121_00,11002_0121_01,3,,,0,0,0,0,Helping Each Other,1
110030115,2003,これからも一緒に,2,200001,110030115,3,4,1,1,1,11003_0115_00,11003_0115_01,3,,,0,0,0,0,Together in Our Future,1
110040116,2004,ひとりじゃないから,3,300001,110040116,3,4,1,1,1,11004_0116_00,11004_0116_01,3,,,0,0,0,0,As I'm Not Alone,1
110050124,2005,成長したいから,2,200001,110050124,3,4,1,1,1,11005_0124_00,11005_0124_01,3,,,0,0,0,0,I Want to Grow,1
110060124,2006,みんなを信じて,3,300001,110060124,3,4,1,1,1,11006_0124_00,11006_0124_01,3,,,0,0,0,0,Believe in Everyone,1
110070119,2007,新しいステップへ,1,100001,110070119,3,4,1,1,1,11007_0119_00,11007_0119_01,3,,,0,0,0,0,To a New Step,1
110080118,2008,一緒なら大丈夫,1,100001,110080118,3,4,1,1,1,11008_0118_00,11008_0118_01,3,,,0,0,0,0,Be Okay Together,1
110090120,2009,あなたと一緒なら,2,200001,110090120,3,4,1,1,1,11009_0120_00,11009_0120_01,3,,,0,0,0,0,If Together With You,1
120100004,3010,三船栞子,1,100001,120100004,1,2,4030,1810,2160,12010_0004_00,12010_0004_01,1,,,0,0,0,0,Shioriko Mifune,1
120100005,3010,三船栞子,2,200001,120100005,1,2,2330,1770,3880,12010_0005_00,12010_0005_01,1,,,0,0,0,0,Shioriko Mifune,1
120100006,3010,三船栞子,2,200001,120100006,1,2,1810,2160,4030,12010_0006_00,12010_0006_01,1,,,0,0,0,0,Shioriko Mifune,1
120100007,3010,三船栞子,1,100001,120100007,1,2,3950,1860,2180,12010_0007_00,12010_0007_01,1,,,0,0,0,0,Shioriko Mifune,1
120100008,3010,三船栞子,3,300001,120100008,1,2,1800,3870,2320,12010_0008_00,12010_0008_01,1,,,0,0,0,0,Shioriko Mifune,1
120100009,3010,決意を胸に,2,200002,120100009,2,3,3120,4290,4960,12010_0009_00,12010_0009_01,2,,,0,0,0,0,With Determination,1
120100010,3010,夏の出で立ち,3,300002,120100010,2,3,3120,4890,4270,12010_0010_00,12010_0010_01,2,,,0,0,0,0,Dressed for Summer,1
110030116,2003,かわいいもの,2,200004,110030116,3,4,4400,4170,5300,11003_0116_00,11003_0116_01,3,,,0,0,0,0,Cute Things,1
110040117,2004,選んでほしくて,1,100004,110040117,3,4,5320,3810,4740,11004_0117_00,11004_0117_01,3,,,0,0,0,0,I Want You to Choose,1
110030117,2003,波と歌って,2,200001,110030117,3,4,3450,4520,4880,11003_0117_00,11003_0117_01,3,,,0,0,0,0,Sing with Waves,1
110040118,2004,もっと自由に,3,300001,110040118,3,4,4210,4880,3750,11004_0118_00,11004_0118_01,3,,,0,0,0,0,Be More Free,1
110080119,2008,ワンダートリップ,1,100001,110080119,3,4,4890,4790,3180,11008_0119_00,11008_0119_01,3,,,0,0,0,0,Wonder Trip,1
110010124,2001,雨の日のお楽しみ,1,100003,110010124,3,4,5980,4030,3690,11001_0124_00,11001_0124_01,3,,,0,0,0,0,Fun on a Rainy Day,1
110020122,2002,雨の歌声,3,300003,110020122,3,4,4040,6080,3830,11002_0122_00,11002_0122_01,3,,,0,0,0,0,Song of the Rain,1
110030118,2003,どんな天気でも,1,100003,110030118,3,4,6000,3650,4170,11003_0118_00,11003_0118_01,3,,,0,0,0,0,No Matter the Weather,1
110040119,2004,雨が上がったら,3,300003,110040119,3,4,3680,5980,4160,11004_0119_00,11004_0119_01,3,,,0,0,0,0,After the Rain,1
110050125,2005,水たまりジャンプ,2,200003,110050125,3,4,4100,3770,6000,11005_0125_00,11005_0125_01,3,,,0,0,0,0,Puddle Jumping,1
110060125,2006,試練にも打ち勝って,1,100003,110060125,3,4,5980,4160,3680,11006_0125_00,11006_0125_01,3,,,0,0,0,0,Overcoming Trials,1
110070120,2007,ゆったりレイニーデイ,2,200003,110070120,3,4,4160,3680,5980,11007_0120_00,11007_0120_01,3,,,0,0,0,0,Relaxing Rainy Day,1
110080120,2008,ご機嫌レイニーデイ,2,200003,110080120,3,4,4160,3680,5980,11008_0120_00,11008_0120_01,3,,,0,0,0,0,Happy on a Rainy Day,1
110090121,2009,虹を見つけて,3,300003,110090121,3,4,3840,6060,4010,11009_0121_00,11009_0121_01,3,,,0,0,0,0,Find the Rainbow,1
120010015,3001,あなたに聞きたいこと,1,100003,120010015,3,4,6000,3770,4100,12001_0015_00,12001_0015_01,3,,,0,0,0,0,What I Want to Ask You,1
120020015,3002,かすみんにお任せ,3,300003,120020015,3,4,3840,6060,4010,12002_0015_00,12002_0015_01,3,,,0,0,0,0,Leave it to Kasumi,1
120030021,3003,何事も楽しんで,1,100003,120030021,3,4,6010,4070,3830,12003_0021_00,12003_0021_01,3,,,0,0,0,0,Gatta Have Fun,1
120040017,3004,なんでも聞いて,1,100003,120040017,3,4,6010,4070,3830,12004_0017_00,12004_0017_01,3,,,0,0,0,0,Ask Me Anything,1
120050016,3005,もっと盛り上げて,3,300003,120050016,3,4,4070,6010,3830,12005_0016_00,12005_0016_01,3,,,0,0,0,0,Make it More Exciting,1
120060020,3006,今日は夜更かし,2,200003,120060020,3,4,4070,3830,6010,12006_0020_00,12006_0020_01,3,,,0,0,0,0,Staying Up Late,1
120070018,3007,誰よりも熱く,2,200003,120070018,3,4,3830,4070,6010,12007_0018_00,12007_0018_01,3,,,0,0,0,0,More Passion Than Any,1
120080020,3008,楽しい驚き,3,300003,120080020,3,4,3830,6010,4070,12008_0020_00,12008_0020_01,3,,,0,0,0,0,Pleasant Surprise,1
120090015,3009,緊張☆ドキドキ,2,200003,120090015,3,4,4040,3830,6080,12009_0015_00,12009_0015_01,3,,,0,0,0,0,Nervous and Excited,1
120100011,3010,準備は万端,3,300003,120100011,3,4,3830,6010,4070,12010_0011_00,12010_0011_01,3,,,0,0,0,0,Ready for Anything,1
110080121,2008,ビッグニュース♪,1,100006,110080121,2,3,5120,4350,3480,11008_0121_00,11008_0121_01,2,,,0,0,0,0,Big News!,1
110010125,2001,サンキューテディベア,3,300006,110010125,3,4,4490,5320,4100,11001_0125_00,11001_0125_01,3,,,0,0,0,0,Thank You Teddy Bears,1
110060126,2006,闇の眷属たち,1,100006,110060126,3,4,5300,4400,4170,11006_0126_00,11006_0126_01,3,,,0,0,0,0,My Dark Underlings,1
110090122,2009,内緒だよ,2,200006,110090122,3,4,4000,4580,5310,11009_0122_00,11009_0122_01,3,,,0,0,0,0,It's a Secret,1
140490008,5049,頑張る理由,2,200004,140490008,3,4,4070,4510,5330,14049_0008_00,14049_0008_01,3,,,0,0,0,0,Why I Do My Best,1
100020145,1002,やりたいことを全部,2,200001,100020145,3,4,3750,4210,4880,10002_0145_00,10002_0145_01,3,,,0,0,0,0,Everything I Wanted,1
120100012,3010,想いがあふれて,1,100007,120100012,3,4,6010,3830,4070,12010_0012_00,12010_0012_01,3,,,0,0,0,0,Full of Emotion,1
100050143,1005,解けない魔法♪,1,100010,100050143,3,4,6030,3830,4050,10005_0143_00,10005_0143_01,3,,,0,0,0,0,Unbreakable Magic,1
100020146,1002,ビッグ・スウィート,3,300004,100020146,3,4,3850,5320,4740,10002_0146_00,10002_0146_01,3,,,0,0,0,0,Big Sweets,1
100060145,1006,アナザー・ベイキング,2,200004,100060145,3,4,4170,4400,5300,10006_0145_00,10006_0145_01,3,,,0,0,0,0,Many Ways to Roast,1
100010153,1001,絶対守護神,2,200005,100010153,3,4,4040,3680,5980,10001_0153_00,10001_0153_01,3,,,0,0,0,0,Impenetrable Guardian,1
100020147,1002,気高き鉄女帝,2,200005,100020147,3,4,3680,4040,5980,10002_0147_00,10002_0147_01,3,,,0,0,0,0,Noble Steel Empress,1
100030146,1003,駆ける女教皇,3,300005,100030146,3,4,3680,5980,4040,10003_0146_00,10003_0146_01,3,,,0,0,0,0,Bolting Priestess,1
100040143,1004,桜色のぬくもり,2,200005,100040143,3,4,3680,4040,5980,10004_0143_00,10004_0143_01,3,,,0,0,0,0,Petal-Pink Warmth,1
100050144,1005,武功の女子力,3,300005,100050144,3,4,4040,5980,3680,10005_0144_00,10005_0144_01,3,,,0,0,0,0,Warrior Woman,1
100060146,1006,誘惑のハレオ,1,100005,100060146,3,4,5980,4040,3680,10006_0146_00,10006_0146_01,3,,,0,0,0,0,Alluring Jaleo,1
100070145,1007,国造りの童,1,100005,100070145,3,4,5980,3680,4040,10007_0145_00,10007_0145_01,3,,,0,0,0,0,The Founder Dwarf,1
100080145,1008,恋の白牛,1,100005,100080145,3,4,5980,3680,4040,10008_0145_00,10008_0145_01,3,,,0,0,0,0,Ivory Heifer of Love,1
100090149,1009,裏切りの貴婦人,3,300005,100090149,3,4,4040,5980,3680,10009_0149_00,10009_0149_01,3,,,0,0,0,0,Traitorous Lady,1
100020148,1002,青い御案内,3,300005,100020148,3,4,4510,5340,4100,10002_0148_00,10002_0148_01,3,,,0,0,0,0,Blue Attendant,1
110010126,2001,高海千歌,1,100001,110010126,2,3,3900,2290,1790,11001_0126_00,11001_0126_01,2,,,0,0,0,0,Chika Takami,1
110020123,2002,桜内梨子,3,300001,110020123,2,3,1860,3950,2180,11002_0123_00,11002_0123_01,2,,,0,0,0,0,Riko Sakurauchi,1
110030119,2003,松浦果南,2,200001,110030119,2,3,1850,2200,3940,11003_0119_00,11003_0119_01,2,,,0,0,0,0,Kanan Matsuura,1
110040120,2004,黒澤ダイヤ,3,300001,110040120,2,3,2140,4040,1820,11004_0120_00,11004_0120_01,2,,,0,0,0,0,Dia Kurosawa,1
110050126,2005,渡辺曜,2,200001,110050126,2,3,1820,2310,3850,11005_0126_00,11005_0126_01,2,,,0,0,0,0,You Watanabe,1
110060127,2006,津島善子,3,300001,110060127,2,3,2320,3910,1750,11006_0127_00,11006_0127_01,2,,,0,0,0,0,Yoshiko Tsushima,1
110070121,2007,国木田花丸,1,100001,110070121,2,3,3860,1790,2340,11007_0121_00,11007_0121_01,2,,,0,0,0,0,Hanamaru Kunikida,1
110080122,2008,小原鞠莉,1,100001,110080122,2,3,3960,2150,1880,11008_0122_00,11008_0122_01,2,,,0,0,0,0,Mari Ohara,1
110090123,2009,黒澤ルビィ,2,200001,110090123,2,3,2180,1800,4020,11009_0123_00,11009_0123_01,2,,,0,0,0,0,Ruby Kurosawa,1
141040001,5104,玲,1,100001,141040001,2,3,1,1,1,14104_0001_00,14104_0001_01,2,,,0,0,0,0,Lei,1
141050001,5105,エリザベス,2,200001,141050001,2,3,1,1,1,14105_0001_00,14105_0001_01,2,,,0,0,0,0,Elizabeth,1
141060001,5106,マリー,1,100001,141060001,2,3,1,1,1,14106_0001_00,14106_0001_01,2,,,0,0,0,0,Marie,1
141070001,5107,マーガレット,3,300001,141070001,2,3,1,1,1,14107_0001_00,14107_0001_01,2,,,0,0,0,0,Margaret,1
141080001,5108,ひかり,2,200001,141080001,2,3,1,1,1,14108_0001_00,14108_0001_01,2,,,0,0,0,0,Hikari,1
141090001,5109,ナギ,3,300001,141090001,2,3,1,1,1,14109_0001_00,14109_0001_01,2,,,0,0,0,0,Nagi,1
141100001,5110,エリザベス,2,200001,141100001,2,3,1,1,1,14110_0001_00,14110_0001_01,2,,,0,0,0,0,Elizabeth,1
141110001,5111,マーガレット,3,300001,141110001,2,3,1,1,1,14111_0001_00,14111_0001_01,2,,,0,0,0,0,Margaret,1
141120001,5112,ジュスティーヌ＆カロリーヌ,1,100001,141120001,2,3,1,1,1,14112_0001_00,14112_0001_01,2,,,0,0,0,0,Justine & Caroline,1
100050145,1005,凛のリードで,3,300001,100050145,3,4,4210,4880,3750,10005_0145_00,10005_0145_01,3,,,0,0,0,0,Rin Takes the Lead,1
100080146,1008,メイク・アピール,2,200005,100080146,2,3,3480,4350,5120,10008_0146_00,10008_0146_01,2,,,0,0,0,0,Showing Off Makeup,1
100030147,1003,パイはいかが？,1,100005,100030147,3,4,5280,4160,4380,10003_0147_00,10003_0147_01,3,,,0,0,0,0,Want Some Pie?,1
100050146,1005,味見は大事にゃ♪,1,100005,100050146,3,4,5330,4510,4070,10005_0146_00,10005_0146_01,3,,,0,0,0,0,Tasting Is Important!,1
100090150,1009,デコってキュートに♪,2,200005,100090150,3,4,4510,4100,5340,10009_0150_00,10009_0150_01,3,,,0,0,0,0,Cute Decorating!,1
120090016,3009,ハッピーな誕生日,1,100003,120090016,3,4,6030,4050,3830,12009_0016_00,12009_0016_01,3,,,0,0,0,0,A Happy Birthday,1
130010008,4001,レッツキュート♪,2,200003,130010008,3,4,3770,4100,6000,13001_0008_00,13001_0008_01,3,,,0,0,0,0,Let's Be Cute!,1
130020008,4002,キュートなひらめき,1,100003,130020008,3,4,5980,3680,4160,13002_0008_00,13002_0008_01,3,,,0,0,0,0,Cute Inspiration,1
130030008,4003,フレッシュジャンプ,3,300002,130030008,2,3,4380,5180,3390,13003_0008_00,13003_0008_01,2,,,0,0,0,0,Fresh Way to Jump,1
130040008,4004,フレッシュランウェイ,3,300002,130040008,2,3,4250,4970,3160,13004_0008_00,13004_0008_01,2,,,0,0,0,0,A Fresh Runway,1
130050008,4005,キュートハンティング,2,200002,130050008,2,3,3090,4320,4960,13005_0008_00,13005_0008_01,2,,,0,0,0,0,Hunting for Cute,1
120090017,3009,リンク・リング,1,100001,120090017,3,4,4880,4210,3750,12009_0017_00,12009_0017_01,3,,,0,0,0,0,Link Ring,1
141160001,5116,アイギス,1,100001,141160001,3,4,3000,3000,3000,14116_0001_00,14116_0001_01,3,,,0,0,0,0,Aegis,1
141140001,5114,桐条美鶴,2,200001,141140001,3,4,3000,3000,3000,14114_0001_00,14114_0001_01,3,,,0,0,0,0,Mitsuru Kirijo,1
141130001,5113,岳羽ゆかり,3,300001,141130001,3,4,3000,3000,3000,14113_0001_00,14113_0001_01,3,,,0,0,0,0,Yukari Takeba,1
141150001,5115,山岸風花,1,100001,141150001,3,4,3000,3000,3000,14115_0001_00,14115_0001_01,3,,,0,0,0,0,Fuuka Yamagishi,1
141170001,5117,汐見琴音,2,200001,141170001,3,4,3000,3000,3000,14117_0001_00,14117_0001_01,3,,,0,0,0,0,Kotone Shiomi,1
141160002,5116,アイギス,3,300001,141160002,3,4,3000,3000,3000,14116_0002_00,14116_0002_01,3,,,0,0,0,0,Aegis,1
141130002,5113,岳羽ゆかり,1,100001,141130002,3,4,3000,3000,3000,14113_0002_00,14113_0002_01,3,,,0,0,0,0,Yukari Takeba,1
141140002,5114,桐条美鶴,2,200001,141140002,3,4,3000,3000,3000,14114_0002_00,14114_0002_01,3,,,0,0,0,0,Mitsuru Kirijo,1
141170002,5117,汐見琴音,3,300001,141170002,3,4,3000,3000,3000,14117_0002_00,14117_0002_01,3,,,0,0,0,0,Kotone Shiomi,1
141150002,5115,山岸風花,1,100001,141150002,3,4,3000,3000,3000,14115_0002_00,14115_0002_01,3,,,0,0,0,0,Fuuka Yamagishi,1
141220001,5122,マリー,2,200001,141220001,3,4,3000,3000,3000,14122_0001_00,14122_0001_01,3,,,0,0,0,0,Marie,1
141210001,5121,白鐘直斗,3,300001,141210001,3,4,3000,3000,3000,14121_0001_00,14121_0001_01,3,,,0,0,0,0,Naoto Shirogane,1
141180001,5118,里中千枝,1,100001,141180001,3,4,3000,3000,3000,14118_0001_00,14118_0001_01,3,,,0,0,0,0,Chie Satonaka,1
141200001,5120,久慈川りせ,2,200001,141200001,3,4,3000,3000,3000,14120_0001_00,14120_0001_01,3,,,0,0,0,0,Rise Kujikawa,1
141190001,5119,天城雪子,3,300001,141190001,3,4,3000,3000,3000,14119_0001_00,14119_0001_01,3,,,0,0,0,0,Yukiko Amagi,1
141210002,5121,白鐘直斗,1,100001,141210002,3,4,3000,3000,3000,14121_0002_00,14121_0002_01,3,,,0,0,0,0,Naoto Shirogane,1
141190002,5119,天城雪子,2,200001,141190002,3,4,3000,3000,3000,14119_0002_00,14119_0002_01,3,,,0,0,0,0,Yukiko Amagi,1
141180002,5118,里中千枝,3,300001,141180002,3,4,3000,3000,3000,14118_0002_00,14118_0002_01,3,,,0,0,0,0,Chie Satonaka,1
141200002,5120,久慈川りせ,1,100001,141200002,3,4,3000,3000,3000,14120_0002_00,14120_0002_01,3,,,0,0,0,0,Rise Kujikawa,1
141220002,5122,マリー,2,200001,141220002,3,4,3000,3000,3000,14122_0002_00,14122_0002_01,3,,,0,0,0,0,Marie,1
141250001,5125,ナビ,3,300001,141250001,3,4,3000,3000,3000,14125_0001_00,14125_0001_01,3,,,0,0,0,0,Oracle,1
141260001,5126,ノワール,1,100001,141260001,3,4,3000,3000,3000,14126_0001_00,14126_0001_01,3,,,0,0,0,0,Noir,1
141240001,5124,クイーン,2,200001,141240001,3,4,3000,3000,3000,14124_0001_00,14124_0001_01,3,,,0,0,0,0,Queen,1
141230001,5123,パンサー,3,300001,141230001,3,4,3000,3000,3000,14123_0001_00,14123_0001_01,3,,,0,0,0,0,Panther,1
141270001,5127,ヴァイオレット,1,100001,141270001,3,4,3000,3000,3000,14127_0001_00,14127_0001_01,3,,,0,0,0,0,Violet,1
141250002,5125,ナビ,2,200001,141250002,3,4,3000,3000,3000,14125_0002_00,14125_0002_01,3,,,0,0,0,0,Oracle,1
141230002,5123,パンサー,3,300001,141230002,3,4,3000,3000,3000,14123_0002_00,14123_0002_01,3,,,0,0,0,0,Panther,1
141270002,5127,ヴァイオレット,1,100001,141270002,3,4,3000,3000,3000,14127_0002_00,14127_0002_01,3,,,0,0,0,0,Violet,1
141260002,5126,ノワール,2,200001,141260002,3,4,3000,3000,3000,14126_0002_00,14126_0002_01,3,,,0,0,0,0,Noir,1
141240002,5124,クイーン,3,300001,141240002,3,4,3000,3000,3000,14124_0002_00,14124_0002_01,3,,,0,0,0,0,Queen,1
141280001,5128,エリザベス,1,100001,141280001,3,4,10000,10000,10000,14128_0001_00,14128_0001_01,3,,,0,0,0,0,Elizabeth,1
141280002,5128,エリザベス,2,200001,141280002,3,4,10000,10000,10000,14128_0002_00,14128_0002_01,3,,,0,0,0,0,Elizabeth,1
141280003,5128,エリザベス,3,300001,141280003,3,4,10000,10000,10000,14128_0003_00,14128_0003_01,3,,,0,0,0,0,Elizabeth,1
110080123,2008,かわいさにはしゃいで,2,200004,110080123,3,4,4560,4030,5320,11008_0123_00,11008_0123_01,3,,,0,0,0,0,Awash in Cuteness,1
110090124,2009,ドキドキごはん,1,100004,110090124,3,4,5320,4030,4560,11009_0124_00,11009_0124_01,3,,,0,0,0,0,Heart-Racing Meal,1
110010127,2001,輝きは心から,2,200006,110010127,3,4,4010,3840,6060,11001_0127_00,11001_0127_01,3,,,0,0,0,0,Shine from the Heart,1
110020124,2002,生まれた夢,1,100006,110020124,3,4,6060,4010,3840,11002_0124_00,11002_0124_01,3,,,0,0,0,0,A Dream Born,1
110030120,2003,もっと先へ,3,300006,110030120,3,4,3680,5980,4040,11003_0120_00,11003_0120_01,3,,,0,0,0,0,More to Come,1
110040121,2004,どれだけ迷っても,2,200006,110040121,3,4,3680,4160,5980,11004_0121_00,11004_0121_01,3,,,0,0,0,0,No Matter How Lost,1
110050127,2005,新世界へ出航,1,100006,110050127,3,4,5980,3680,4040,11005_0127_00,11005_0127_01,3,,,0,0,0,0,Off to a New World,1
110060128,2006,繋がる翼,3,300006,110060128,3,4,3680,5980,4040,11006_0128_00,11006_0128_01,3,,,0,0,0,0,Wings that Connect,1
110070122,2007,飛び立つ先へ,1,100006,110070122,3,4,6060,4010,3840,11007_0122_00,11007_0122_01,3,,,0,0,0,0,Flight Beyond,1
110080124,2008,シャイニーに照らして,3,300006,110080124,3,4,4010,6060,3840,11008_0124_00,11008_0124_01,3,,,0,0,0,0,Shiny Shine,1
110090125,2009,諦めないでずっと,2,200006,110090125,3,4,4010,3840,6060,11009_0125_00,11009_0125_01,3,,,0,0,0,0,Never Give Up,1
110030121,2003,叶えたかったこと,3,300006,110030121,2,3,3480,5120,4350,11003_0121_00,11003_0121_01,2,,,0,0,0,0,My Wish,1
110020125,2002,紅葉メモリー,1,100006,110020125,3,4,5320,4520,4070,11002_0125_00,11002_0125_01,3,,,0,0,0,0,Fall Leaves Memories,1
110040122,2004,紅葉案内人,3,300006,110040122,3,4,4470,5320,4120,11004_0122_00,11004_0122_01,3,,,0,0,0,0,Fall Leaves Guide,1
110070123,2007,紅葉読書,3,300006,110070123,3,4,4490,5320,4100,11007_0123_00,11007_0123_01,3,,,0,0,0,0,Fall Leaves Reading,1
140180008,5018,大好きのお返し♡,1,100004,140180008,3,4,5330,4050,4530,14018_0008_00,14018_0008_01,3,,,0,0,0,0,In Return for Love!,1
120110001,3011,お祝いは大歓迎,3,300003,120110001,3,4,3830,6030,4050,12011_0001_00,12011_0001_01,3,,,0,0,0,0,I Love Celebrations,1
120110002,3011,ミア・テイラー,1,100001,120110002,1,2,3930,2320,1750,12011_0002_00,12011_0002_01,1,,,0,0,0,0,Mia Taylor,1
120110003,3011,ミア・テイラー,3,300001,120110003,1,2,1780,3890,2310,12011_0003_00,12011_0003_01,1,,,0,0,0,0,Mia Taylor,1
120110004,3011,ミア・テイラー,2,200001,120110004,1,2,1790,2340,3860,12011_0004_00,12011_0004_01,1,,,0,0,0,0,Mia Taylor,1
120110005,3011,ミア・テイラー,2,200001,120110005,1,2,1810,2160,4030,12011_0005_00,12011_0005_01,1,,,0,0,0,0,Mia Taylor,1
120110006,3011,ミア・テイラー,3,300001,120110006,1,2,2160,4030,1810,12011_0006_00,12011_0006_01,1,,,0,0,0,0,Mia Taylor,1
120110007,3011,次の景色へ,3,300002,120110007,2,3,3130,4910,4250,12011_0007_00,12011_0007_01,2,,,0,0,0,0,To the Next Horizon,1
100010154,1001,ブリリアントナイト,1,100004,100010154,3,4,5320,4560,4030,10001_0154_00,10001_0154_01,3,,,0,0,0,0,Brilliant Night,1
100080147,1008,キャンディトラップ,3,300004,100080147,3,4,4560,5320,4030,10008_0147_00,10008_0147_01,3,,,0,0,0,0,Candy Trap,1
120040018,3004,クールな微笑み,1,100007,120040018,3,4,5340,4510,4100,12004_0018_00,12004_0018_01,3,,,0,0,0,0,Cool Smile,1
100060147,1006,シンクロ・ハーモニー,2,200005,100060147,2,3,3480,4350,5120,10006_0147_00,10006_0147_01,2,,,0,0,0,0,Synchronized Harmony,1
100020149,1002,優雅な片足滑走,3,300005,100020149,3,4,4470,5320,4120,10002_0149_00,10002_0149_01,3,,,0,0,0,0,Skating on One Leg,1
100040144,1004,転んでも大丈夫,3,300005,100040144,3,4,3890,5260,4800,10004_0144_00,10004_0144_01,3,,,0,0,0,0,It's Okay to Fall,1
100070146,1007,夜のスケートリンク,3,300005,100070146,3,4,4120,5320,4470,10007_0146_00,10007_0146_01,3,,,0,0,0,0,Ice Rink at Night,1
120110008,3011,騒がしいのも悪くない,3,300001,120110008,3,4,3450,4880,4520,12011_0008_00,12011_0008_01,3,,,0,0,0,0,Okay to Be Rowdy,1
130030009,4003,反復練習♪,2,200003,130030009,3,4,4050,3840,6020,13003_0009_00,13003_0009_01,3,,,0,0,0,0,Drill Training,1
130040009,4004,才色兼備♪,3,300003,130040009,3,4,4200,6050,3700,13004_0009_00,13004_0009_01,3,,,0,0,0,0,Both Looks and Smarts,1
130050009,4005,欲張りは罪ですか？,2,200002,130050009,2,3,3460,4360,5130,13005_0009_00,13005_0009_01,2,,,0,0,0,0,Is It Wrong to Yearn?,1
130010009,4001,ミルクはお好みで,2,200002,130010009,2,3,3150,4250,4980,13001_0009_00,13001_0009_01,2,,,0,0,0,0,Milk as You Like It,1
130020009,4002,ハラジュクダッシュ,1,100002,130020009,2,3,4970,3160,4240,13002_0009_00,13002_0009_01,2,,,0,0,0,0,Harajuku Dash,1
120060021,3006,夢のお誕生日,1,100003,120060021,3,4,6030,4050,3830,12006_0021_00,12006_0021_01,3,,,0,0,0,0,Ideal Birthday,1
110010128,2001,雪に焦がれて,3,300004,110010128,3,4,4170,5300,4400,11001_0128_00,11001_0128_01,3,,,0,0,0,0,Longing for Snow,1
110060129,2006,雪との堕天,2,200004,110060129,3,4,3810,4740,5320,11006_0129_00,11006_0129_01,3,,,0,0,0,0,Snow Descends,1
120060022,3006,すやすやシフォン,1,100001,120060022,3,4,4890,3180,4790,12006_0022_00,12006_0022_01,3,,,0,0,0,0,Chiffon Snooze,1
110020126,2002,差しのべられた手,1,100006,110020126,2,3,5180,4380,3390,11002_0126_00,11002_0126_01,2,,,0,0,0,0,Outstretched Hands,1
110030122,2003,若侍見参,2,200006,110030122,3,4,4070,4510,5330,11003_0122_00,11003_0122_01,3,,,0,0,0,0,Samurai Spotted!,1
110050128,2005,お土産吟味中,1,100006,110050128,3,4,5260,3890,4800,11005_0128_00,11005_0128_01,3,,,0,0,0,0,Souvenir Scrutiny,1
110080125,2008,自撮り町娘,2,200006,110080125,3,4,4510,4100,5340,11008_0125_00,11008_0125_01,3,,,0,0,0,0,Peasant Girl Selfie,1
140470008,5047,気持ちに応えて,3,300004,140470008,3,4,4100,5320,4490,14047_0008_00,14047_0008_01,3,,,0,0,0,0,Answer Your Feelings,1
110040123,2004,かぐや姫の気持ち,2,200006,110040123,3,4,3830,4050,6030,11004_0123_00,11004_0123_01,3,,,0,0,0,0,How Kaguya Must Feel,1
100010155,1001,不思議の国で,1,100005,100010155,3,4,5980,3680,4040,10001_0155_00,10001_0155_01,3,,,0,0,0,0,In the Wonderland,1
100020150,1002,ストレンジパーティ,3,300005,100020150,3,4,4160,5980,3680,10002_0150_00,10002_0150_01,3,,,0,0,0,0,Strange Party,1
100030148,1003,不思議の世界,2,200005,100030148,3,4,4010,3840,6060,10003_0148_00,10003_0148_01,3,,,0,0,0,0,Wonder World,1
100040145,1004,たくさんの不思議を,3,300005,100040145,3,4,3840,6060,4010,10004_0145_00,10004_0145_01,3,,,0,0,0,0,Lots of Wonder,1
100050147,1005,白うさぎのお茶会,1,100005,100050147,3,4,5980,4040,3680,10005_0147_00,10005_0147_01,3,,,0,0,0,0,White Rabbit Party,1
100060148,1006,絵本の中のように,3,300005,100060148,3,4,3680,5980,4040,10006_0148_00,10006_0148_01,3,,,0,0,0,0,In the Picture Book,1
100070147,1007,盤上の星,2,200005,100070147,3,4,3840,4010,6060,10007_0147_00,10007_0147_01,3,,,0,0,0,0,Star of the Board,1
100080148,1008,おとぎの国へようこそ,2,200005,100080148,3,4,3680,4160,5980,10008_0148_00,10008_0148_01,3,,,0,0,0,0,Welcome to Wonderland,1
100090151,1009,チェス盤の庭,1,100005,100090151,3,4,5980,3680,4040,10009_0151_00,10009_0151_01,3,,,0,0,0,0,Garden on the Board,1
110010129,2001,お出迎えしたくて,1,100006,110010129,3,4,6060,3840,4010,11001_0129_00,11001_0129_01,3,,,0,0,0,0,Welcoming You,1
110020127,2002,焼きたてを届けて,2,200006,110020127,3,4,3680,4040,5980,11002_0127_00,11002_0127_01,3,,,0,0,0,0,From the Oven,1
110030123,2003,美味しさの魔法,1,100006,110030123,3,4,6060,3840,4010,11003_0123_00,11003_0123_01,3,,,0,0,0,0,Delicious Magic,1
110040124,2004,花々のおもてなし,1,100006,110040124,3,4,5980,4040,3680,11004_0124_00,11004_0124_01,3,,,0,0,0,0,Flowery Welcome,1
110050129,2005,忙しさの中,2,200006,110050129,3,4,3840,4010,6060,11005_0129_00,11005_0129_01,3,,,0,0,0,0,Keeping Busy,1
110060130,2006,堕天使流清掃の極意,3,300006,110060130,3,4,3680,5980,4160,11006_0130_00,11006_0130_01,3,,,0,0,0,0,Fallen Angel Cleaning,1
110070124,2007,メイドさんのお仕事,3,300006,110070124,3,4,4010,6060,3840,11007_0124_00,11007_0124_01,3,,,0,0,0,0,Maid's Work,1
110080126,2008,シャイニーウェルカム,2,200006,110080126,3,4,4040,3680,5980,11008_0126_00,11008_0126_01,3,,,0,0,0,0,Shiny Welcome,1
110090126,2009,ハートのお絵描き,3,300006,110090126,3,4,3750,6050,4150,11009_0126_00,11009_0126_01,3,,,0,0,0,0,Drawing My Heart,1
100040146,1004,新年の宝物,2,200004,100040146,3,4,4030,4560,5320,10004_0146_00,10004_0146_01,3,,,0,0,0,0,New Year's Treasures,1
100070148,1007,スイート・サプライ,3,300004,100070148,3,4,4100,5350,4500,10007_0148_00,10007_0148_01,3,,,0,0,0,0,A Sweet Surprise,1
110040125,2004,新しい門出,2,200001,110040125,3,4,3180,4790,4890,11004_0125_00,11004_0125_01,3,,,0,0,0,0,Starting Fresh,1
120050017,3005,アガる予感,3,300007,120050017,3,4,4490,5320,4100,12005_0017_00,12005_0017_01,3,,,0,0,0,0,Exciting Anticipation,1
120010016,3001,新年の一歩,3,300007,120010016,3,4,3680,5980,4160,12001_0016_00,12001_0016_01,3,,,0,0,0,0,New Year's Start,1
120020016,3002,お正月もキュートに,1,100007,120020016,3,4,5980,3680,4040,12002_0016_00,12002_0016_01,3,,,0,0,0,0,Cute New Year's,1
120030022,3003,一緒におみくじを,2,200007,120030022,3,4,3680,4040,5980,12003_0022_00,12003_0022_01,3,,,0,0,0,0,Fortune Together,1
120040019,3004,情熱的な正月を,2,200007,120040019,3,4,3840,4010,6060,12004_0019_00,12004_0019_01,3,,,0,0,0,0,Passionate New Year's,1
120050018,3005,今年もノリノリで,2,200007,120050018,3,4,4160,3680,5980,12005_0018_00,12005_0018_01,3,,,0,0,0,0,New Year's Groovin',1
120060023,3006,のんびりお正月,3,300007,120060023,3,4,4010,6060,3840,12006_0023_00,12006_0023_01,3,,,0,0,0,0,Easy New Year's,1
120070019,3007,年始の決意,1,100007,120070019,3,4,5980,4160,3680,12007_0019_00,12007_0019_01,3,,,0,0,0,0,New Year's Resolution,1
120080021,3008,和服でジャンプ,1,100007,120080021,3,4,6060,3840,4010,12008_0021_00,12008_0021_01,3,,,0,0,0,0,Jumping in Kimono,1
120090018,3009,晴れ着でハッピーに,3,300007,120090018,3,4,4040,5980,3680,12009_0018_00,12009_0018_01,3,,,0,0,0,0,Happy in Kimono,1
110010130,2001,来年も楽しく,1,100006,110010130,2,3,5050,2920,4330,11001_0130_00,11001_0130_01,2,,,0,0,0,0,More Fun Next Year,1
110020128,2002,今年もありがとう,3,300006,110020128,2,3,4250,5040,3000,11002_0128_00,11002_0128_01,2,,,0,0,0,0,Thanks for This Year,1
110030124,2003,今年最後の曲まで,2,200006,110030124,2,3,3060,4180,5040,11003_0124_00,11003_0124_01,2,,,0,0,0,0,Till the Last Song,1
110040126,2004,一年の節目に,3,300006,110040126,2,3,4180,5040,3060,11004_0126_00,11004_0126_01,2,,,0,0,0,0,The Critical Moment,1
110050130,2005,年越しヨーソロー,2,200006,110050130,2,3,3000,4250,5040,11005_0130_00,11005_0130_01,2,,,0,0,0,0,Aye Aye New Year's,1
110060131,2006,堕天使からの祝福,3,300006,110060131,2,3,4330,5050,3250,11006_0131_00,11006_0131_01,2,,,0,0,0,0,Fallen Angel's Grace,1
110070125,2007,年越しもあなたと,1,100006,110070125,2,3,5040,4180,3060,11007_0125_00,11007_0125_01,2,,,0,0,0,0,New Year's with You,1
110080127,2008,年越しもシャイニーに,1,100006,110080127,2,3,5040,4250,3000,11008_0127_00,11008_0127_01,2,,,0,0,0,0,Shiny New Year's Eve,1
110090127,2009,最後まで盛り上げて,2,200006,110090127,2,3,4330,3250,5050,11009_0127_00,11009_0127_01,2,,,0,0,0,0,Go Till the Very End,1
120010017,3001,今年最後の歩みを,2,200007,120010017,2,3,3000,4250,5040,12001_0017_00,12001_0017_01,2,,,0,0,0,0,Last Step of the Year,1
120020017,3002,年越しもかすみんと,2,200007,120020017,2,3,4330,3250,5050,12002_0017_00,12002_0017_01,2,,,0,0,0,0,New Year with Kasumi,1
120030023,3003,締めくくりの舞台で,3,300007,120030023,2,3,4180,5040,3060,12003_0023_00,12003_0023_01,2,,,0,0,0,0,Conclusive Stage,1
120040020,3004,大人な年末を,3,300007,120040020,2,3,4330,5050,3250,12004_0020_00,12004_0020_01,2,,,0,0,0,0,Grown-Up New Year,1
120050019,3005,アツいカウントダウン,1,100007,120050019,2,3,5050,3250,4330,12005_0019_00,12005_0019_01,2,,,0,0,0,0,A Hot Countdown,1
120060024,3006,夢みたいな時間を,1,100007,120060024,2,3,5050,4330,3250,12006_0024_00,12006_0024_01,2,,,0,0,0,0,Like Being in a Dream,1
120070020,3007,一年を振り返って,3,300007,120070020,2,3,3250,5050,4330,12007_0020_00,12007_0020_01,2,,,0,0,0,0,Spring in My Step,1
120080022,3008,弾むこころで,2,200007,120080022,2,3,3060,4180,5040,12008_0022_00,12008_0022_01,2,,,0,0,0,0,Reflect on the Year,1
120090019,3009,新年へコネクト,1,100007,120090019,2,3,5040,3000,4250,12009_0019_00,12009_0019_01,2,,,0,0,0,0,Connect to Next Year,1
120100013,3010,新しい決意と,2,200007,120100013,2,3,3250,4330,5050,12010_0013_00,12010_0013_01,2,,,0,0,0,0,With New Resolve,1
120120001,3012,みんなとの年越しを,1,100007,120120001,2,3,5040,4180,3060,12012_0001_00,12012_0001_01,2,,,0,0,0,0,New Year's Together,1
120110009,3011,ボクにおまかせ,3,300007,120110009,2,3,3000,5040,4250,12011_0009_00,12011_0009_01,2,,,0,0,0,0,Leave It to Me,1
130010010,4001,来年もよろしくね,3,300008,130010010,2,3,4250,5040,3000,13001_0010_00,13001_0010_01,2,,,0,0,0,0,See You Next Year,1
130020010,4002,年の瀬ステップ,2,200008,130020010,2,3,4330,3250,5050,13002_0010_00,13002_0010_01,2,,,0,0,0,0,Closing Steps,1
130030010,4003,年越しうぃーっす！,1,100008,130030010,2,3,5040,4250,3000,13003_0010_00,13003_0010_01,2,,,0,0,0,0,"New Year, Yeah Yeah!",1
130040010,4004,年末ギャラクシー,1,100008,130040010,2,3,5040,3060,4180,13004_0010_00,13004_0010_01,2,,,0,0,0,0,Galaxy New Year,1
130050010,4005,1年の締めくくりに,3,300008,130050010,2,3,3250,5050,4330,13005_0010_00,13005_0010_01,2,,,0,0,0,0,To the Year's End,1
100020151,1002,全てを混ぜ合わせて,1,100005,100020151,2,3,5120,4350,3480,10002_0151_00,10002_0151_01,2,,,0,0,0,0,Mix It All Together,1
100010156,1001,雪上の太陽,3,300005,100010156,3,4,4500,5350,4100,10001_0156_00,10001_0156_01,3,,,0,0,0,0,Sunlit Snow,1
100050148,1005,キラメキウィンター,2,200005,100050148,3,4,4800,3890,5260,10005_0148_00,10005_0148_01,3,,,0,0,0,0,Twinkling Winter,1
100090152,1009,ゲレンデの妖精,3,300005,100090152,3,4,4380,5280,4160,10009_0152_00,10009_0152_01,3,,,0,0,0,0,Sprite of the Slopes,1
130050011,4005,ストリートパーク,2,200003,130050011,3,4,3840,4010,6060,13005_0011_00,13005_0011_01,3,,,0,0,0,0,Street Park,1
130010011,4001,ハーモニーストリート,1,100003,130010011,3,4,5980,4160,3680,13001_0011_00,13001_0011_01,3,,,0,0,0,0,Harmony Street,1
130020011,4002,インスピストリート,1,100002,130020011,2,3,5180,3390,4380,13002_0011_00,13002_0011_01,2,,,0,0,0,0,Inspiration Street,1
130030011,4003,ステップストリート,3,300002,130030011,2,3,4320,4960,3090,13003_0011_00,13003_0011_01,2,,,0,0,0,0,Steps Street,1
130040011,4004,ストリートショット,1,100002,130040011,2,3,4980,4250,3150,13004_0011_00,13004_0011_01,2,,,0,0,0,0,Street Shot,1
100080149,1008,希望の灯り,1,100005,100080149,3,4,6060,3840,4010,10008_0149_00,10008_0149_01,3,,,0,0,0,0,Light of Hope,1
100010157,1001,年越しライブ♪,2,200005,100010157,3,4,4160,3680,5980,10001_0157_00,10001_0157_01,3,,,0,0,0,0,New Year Live Show,1
100020152,1002,カウントダウン♪,2,200005,100020152,3,4,3840,4010,6060,10002_0152_00,10002_0152_01,3,,,0,0,0,0,Countdown!,1
100030149,1003,新年をお迎え,3,300005,100030149,3,4,3680,5980,4160,10003_0149_00,10003_0149_01,3,,,0,0,0,0,Welcome New Year,1
100040147,1004,スタートはステージで,2,200005,100040147,3,4,3680,4160,5980,10004_0147_00,10004_0147_01,3,,,0,0,0,0,Start from a Stage,1
100050149,1005,幸せな年越し,3,300005,100050149,3,4,4010,6060,3840,10005_0149_00,10005_0149_01,3,,,0,0,0,0,Joyful New Year's,1
100060149,1006,新年の誓い,1,100005,100060149,3,4,6060,4010,3840,10006_0149_00,10006_0149_01,3,,,0,0,0,0,New Year's Pledge,1
100070149,1007,新年を盛り上げて,1,100005,100070149,3,4,5980,3680,4160,10007_0149_00,10007_0149_01,3,,,0,0,0,0,Welcome with Everyone,1
100080150,1008,新しい年をみんなと,1,100005,100080150,3,4,6060,3840,4010,10008_0150_00,10008_0150_01,3,,,0,0,0,0,Fun New Year,1
100090153,1009,新年最初の約束,3,300005,100090153,3,4,4010,6060,3840,10009_0153_00,10009_0153_01,3,,,0,0,0,0,The First Promise,1
110010131,2001,想い出の安全ピン,1,100006,110010131,3,4,5980,4160,3680,11001_0131_00,11001_0131_01,3,,,0,0,0,0,Safety Pin of Memory,1
110020129,2002,支え合う仲間,3,300006,110020129,3,4,3680,5980,4160,11002_0129_00,11002_0129_01,3,,,0,0,0,0,Supportive Friends,1
110030125,2003,未完成の輝き,3,300006,110030125,3,4,3750,6050,4150,11003_0125_00,11003_0125_01,3,,,0,0,0,0,Shine of Potential,1
110040127,2004,思いやる心の絆,2,200006,110040127,3,4,3840,4010,6060,11004_0127_00,11004_0127_01,3,,,0,0,0,0,Proof of Trust,1
110050131,2005,始まりの時の情熱,1,100006,110050131,3,4,5980,3680,4160,11005_0131_00,11005_0131_01,3,,,0,0,0,0,Original Passion,1
110060132,2006,揺るがない魂の名,2,200006,110060132,3,4,3840,4010,6060,11006_0132_00,11006_0132_01,3,,,0,0,0,0,Unbending Soul's Name,1
110070126,2007,最高の差し入れ,2,200006,110070126,3,4,4150,3750,6050,11007_0126_00,11007_0126_01,3,,,0,0,0,0,Best Supply Drop Ever,1
110080128,2008,しめ縄リボン,1,100006,110080128,3,4,6060,4010,3840,11008_0128_00,11008_0128_01,3,,,0,0,0,0,Shimenawa Ribbon,1
110090128,2009,衣装係ルビィ,3,300006,110090128,3,4,3680,5980,4040,11009_0128_00,11009_0128_01,3,,,0,0,0,0,Costume Mistress Ruby,1
110050132,2005,仲良く半分こ,3,300004,110050132,3,4,4560,5320,4030,11005_0132_00,11005_0132_01,3,,,0,0,0,0,Sharing Is Caring,1
110070127,2007,魅惑の初詣,1,100004,110070127,3,4,5280,4380,4160,11007_0127_00,11007_0127_01,3,,,0,0,0,0,First Visit Delights,1
120020018,3002,かすみんが主役です,2,200007,120020018,3,4,4160,3680,5980,12002_0018_00,12002_0018_01,3,,,0,0,0,0,Kasumin Is the Lead,1
100080151,1008,特別な日だから,2,200001,100080151,3,4,3750,4210,4880,10008_0151_00,10008_0151_01,3,,,0,0,0,0,In Honor of the Day,1
110090129,2009,個性をみつけて,3,300006,110090129,2,3,3480,5120,4350,11009_0129_00,11009_0129_01,2,,,0,0,0,0,Finding Individuality,1
110010132,2001,夢から覚めても,3,300006,110010132,3,4,4500,5350,4100,11001_0132_00,11001_0132_01,3,,,0,0,0,0,Waking from a Dream,1
110020130,2002,ドリーミンライト,2,200006,110020130,3,4,4030,4560,5320,11002_0130_00,11002_0130_01,3,,,0,0,0,0,Dreamin' Lights,1
110030126,2003,ゆったりふわふわ,1,100006,110030126,3,4,5260,3890,4800,11003_0126_00,11003_0126_01,3,,,0,0,0,0,Comfy and Fluffy,1
120020019,3002,ハッピー・やっぴー,2,200001,120020019,3,4,3450,4520,4880,12002_0019_00,12002_0019_01,3,,,0,0,0,0,Happy Yappy,1
140020008,5002,誰かのために,2,200004,140020008,3,4,4100,4490,5320,14002_0008_00,14002_0008_01,3,,,0,0,0,0,For Someone,1
120080023,3008,モルト・グラッツェ,2,200007,120080023,3,4,3680,4040,5980,12008_0023_00,12008_0023_01,3,,,0,0,0,0,Molte Grazie,1
100050150,1005,サプライズ・トリック,1,100004,100050150,3,4,5280,4380,4160,10005_0150_00,10005_0150_01,3,,,0,0,0,0,Surprise Trick,1
100060150,1006,いたずらカウンター,3,300004,100060150,3,4,4380,5280,4160,10006_0150_00,10006_0150_01,3,,,0,0,0,0,Counter-Prank,1
120060025,3006,お昼寝スポットへ,2,200007,120060025,3,4,4510,4100,5340,12006_0025_00,12006_0025_01,3,,,0,0,0,0,To The Napping Spot,1
110030127,2003,誕生日に花を,1,100006,110030127,3,4,5980,3680,4160,11003_0127_00,11003_0127_01,3,,,0,0,0,0,Birthday Flowers,1
120080024,3008,パチパチ・ウィンク,2,200001,120080024,3,4,4210,3750,4880,12008_0024_00,12008_0024_01,3,,,0,0,0,0,Fluttery Winks,1
100030150,1003,マルチアレンジメント,3,300005,100030150,2,3,3480,5120,4350,10003_0150_00,10003_0150_01,2,,,0,0,0,0,Multi-Arrangement,1
100040148,1004,あつあつパンダまん,2,200005,100040148,3,4,4100,4500,5350,10004_0148_00,10004_0148_01,3,,,0,0,0,0,Hot Panda Buns,1
100070150,1007,占ってもらう刺激,3,300005,100070150,3,4,3890,5260,4800,10007_0150_00,10007_0150_01,3,,,0,0,0,0,Thrilling Predictions,1
100080152,1008,お披露目チャイナ娘,1,100005,100080152,3,4,5350,4100,4500,10008_0152_00,10008_0152_01,3,,,0,0,0,0,Chinese Dress Debut,1
120120002,3012,ランジュがしたいこと,1,100007,120120002,3,4,6060,3840,4010,12012_0002_00,12012_0002_01,3,,,0,0,0,0,Lanzhu's Aspirations,1
120120003,3012,ショウ・ランジュ,1,100001,120120003,1,2,3930,1750,2320,12012_0003_00,12012_0003_01,1,,,0,0,0,0,Lanzhu Zhong,1
120120004,3012,ショウ・ランジュ,1,100001,120120004,1,2,3900,1790,2290,12012_0004_00,12012_0004_01,1,,,0,0,0,0,Lanzhu Zhong,1
120120005,3012,ショウ・ランジュ,2,200001,120120005,1,2,2150,1880,3960,12012_0005_00,12012_0005_01,1,,,0,0,0,0,Lanzhu Zhong,1
120120006,3012,ショウ・ランジュ,3,300001,120120006,1,2,2330,3850,1810,12012_0006_00,12012_0006_01,1,,,0,0,0,0,Lanzhu Zhong,1
120120007,3012,ショウ・ランジュ,3,300001,120120007,1,2,2160,4030,1810,12012_0007_00,12012_0007_01,1,,,0,0,0,0,Lanzhu Zhong,1
120120008,3012,無邪気な女王,1,100002,120120008,2,3,4920,3090,4290,12012_0008_00,12012_0008_01,2,,,0,0,0,0,Innocent Queen,1
130020012,4002,清純リボン,3,300003,130020012,3,4,3680,5980,4040,13002_0012_00,13002_0012_01,3,,,0,0,0,0,Purity Ribbon,1
130030012,4003,テディ・ステップ,3,300003,130030012,3,4,4010,6060,3840,13003_0012_00,13003_0012_01,3,,,0,0,0,0,Teddy Step,1
130040012,4004,テディ・デイズ,2,200008,130040012,2,3,4250,3520,5090,13004_0012_00,13004_0012_01,2,,,0,0,0,0,Teddy Days,1
130050012,4005,可憐にピュアに,3,300002,130050012,2,3,3170,4970,4240,13005_0012_00,13005_0012_01,2,,,0,0,0,0,Graceful and Pure,1
130010012,4001,上品な一杯,1,100002,130010012,2,3,4910,4280,3110,13001_0012_00,13001_0012_01,2,,,0,0,0,0,A Cup of Class,1
110030128,2003,サプライズパーティ,1,100001,110030128,3,4,4880,3750,4210,11003_0128_00,11003_0128_01,3,,,0,0,0,0,Surprise Party,1
120120009,3012,仲間と迎える誕生祭,1,100001,120120009,3,4,4880,4210,3750,12012_0009_00,12012_0009_01,3,,,0,0,0,0,Birthday with Friends,1
110020131,2002,ステージに合わせて,1,100004,110020131,3,4,5280,4160,4380,11002_0131_00,11002_0131_01,3,,,0,0,0,0,Matching the Stage,1
110040128,2004,秘密の特訓,2,200004,110040128,3,4,4560,4030,5320,11004_0128_00,11004_0128_01,3,,,0,0,0,0,Top Secret Training,1
110060133,2006,名所を巡る旅,1,100006,110060133,2,3,5180,4380,3390,11006_0133_00,11006_0133_01,2,,,0,0,0,0,Famous Spot Tour,1
110050133,2005,曜の名推理,1,100006,110050133,3,4,5320,4120,4470,11005_0133_00,11005_0133_01,3,,,0,0,0,0,You's Famous Logic,1
110080129,2008,迷探偵マリー,2,200006,110080129,3,4,4510,4100,5340,11008_0129_00,11008_0129_01,3,,,0,0,0,0,Goofy Detective Mari,1
110090130,2009,探偵ルビィ,3,300006,110090130,3,4,4160,5280,4380,11009_0130_00,11009_0130_01,3,,,0,0,0,0,Detective Ruby,1
120010018,3001,一緒にお祝いを,2,200007,120010018,3,4,4040,3680,5980,12001_0018_00,12001_0018_01,3,,,0,0,0,0,Celebrating Together,1
140430008,5043,応援のチカラ,3,300004,140430008,3,4,4100,5320,4490,14043_0008_00,14043_0008_01,3,,,0,0,0,0,The Power of Cheering,1
110070128,2007,琴の調べ,3,300006,110070128,3,4,4160,5980,3680,11007_0128_00,11007_0128_01,3,,,0,0,0,0,Koto Melody,1
110010133,2001,旅館仕込みの接客,1,100001,110010133,3,4,4880,4210,3750,11001_0133_00,11001_0133_01,3,,,0,0,0,0,Five Star Service,1
110020132,2002,秘密の買い物,3,300001,110020132,3,4,3450,4880,4520,11002_0132_00,11002_0132_01,3,,,0,0,0,0,Secret Shopping,1
110030129,2003,沼津もハグっと！,2,200001,110030129,3,4,4210,3750,4880,11003_0129_00,11003_0129_01,3,,,0,0,0,0,Numazian Hugs!,1
110040129,2004,千客万来ですわ,3,300001,110040129,3,4,3180,4890,4790,11004_0129_00,11004_0129_01,3,,,0,0,0,0,Buzzing with Customers,1
110050134,2005,おでむかえは敬礼で,2,200001,110050134,3,4,3180,4790,4890,11005_0134_00,11005_0134_01,3,,,0,0,0,0,Welcome Salute,1
110060134,2006,堕店長降臨！！,3,300001,110060134,3,4,4210,4880,3750,11006_0134_00,11006_0134_01,3,,,0,0,0,0,Fallen Shop Manager!,1
110070129,2007,おもてなしするずら♪,1,100001,110070129,3,4,4890,4790,3180,11007_0129_00,11007_0129_01,3,,,0,0,0,0,"Enjoy Your Visit, Zura",1
110080130,2008,シャイニーな一時を♡,1,100001,110080130,3,4,4880,3450,4520,11008_0130_00,11008_0130_01,3,,,0,0,0,0,Have a Shiny Time!,1
110090131,2009,元気な声でごあいさつ,2,200001,110090131,3,4,4520,3450,4880,11009_0131_00,11009_0131_01,3,,,0,0,0,0,Warm Welcome,1
100080153,1008,トライ・アゲイン,1,100004,100080153,3,4,5280,4380,4160,10008_0153_00,10008_0153_01,3,,,0,0,0,0,Try Again,1
100090154,1009,素敵なアイテムを,3,300004,100090154,3,4,4380,5280,4160,10009_0154_00,10009_0154_01,3,,,0,0,0,0,Getting Awesome Items,1
120070021,3007,楽しむからには全力で,2,200007,120070021,3,4,4100,4490,5320,12007_0021_00,12007_0021_01,3,,,0,0,0,0,Enjoy It to the Max,1
120010019,3001,ダイダイ・ハート,2,200001,120010019,3,4,3180,4790,4890,12001_0019_00,12001_0019_01,3,,,0,0,0,0,Big Orange Heart,1
110070130,2007,叶えたいこと,3,300001,110070130,3,4,4790,4890,3180,11007_0130_00,11007_0130_01,3,,,0,0,0,0,My Wish,1
110010134,2001,心をつないで,1,100001,110010134,3,4,4890,3180,4790,11001_0134_00,11001_0134_01,3,,,0,0,0,0,Joining Our Hearts,1
110020133,2002,幸せの足音,3,300001,110020133,3,4,4210,4880,3750,11002_0133_00,11002_0133_01,3,,,0,0,0,0,Approaching Happiness,1
110030130,2003,伝わるキモチ,2,200001,110030130,3,4,3180,4790,4890,11003_0130_00,11003_0130_01,3,,,0,0,0,0,Relaying Our Feelings,1
110040130,2004,遠くてもそばに,3,300001,110040130,3,4,4520,4880,3450,11004_0130_00,11004_0130_01,3,,,0,0,0,0,Far Yet Close,1
110050135,2005,願いのかたち,2,200001,110050135,3,4,4520,3450,4880,11005_0135_00,11005_0135_01,3,,,0,0,0,0,Realizing the Wish,1
110060135,2006,廻る夢,3,300001,110060135,3,4,3180,4890,4790,11006_0135_00,11006_0135_01,3,,,0,0,0,0,Wondering Dreams,1
110070131,2007,楽しいから大丈夫,1,100001,110070131,3,4,4880,3450,4520,11007_0131_00,11007_0131_01,3,,,0,0,0,0,All Fun and Fine,1
110080131,2008,エンドレスパッション,1,100001,110080131,3,4,4880,4210,3750,11008_0131_00,11008_0131_01,3,,,0,0,0,0,Endless Passion,1
110090132,2009,夢に飛び込んで,2,200001,110090132,3,4,3750,4210,4880,11009_0132_00,11009_0132_01,3,,,0,0,0,0,Dive In to the Dream,1
100050151,1005,ダンシングアラウンド,2,200005,100050151,2,3,4380,3390,5180,10005_0151_00,10005_0151_01,2,,,0,0,0,0,Dancing Around,1
100020153,1002,はにかみセーラー,2,200005,100020153,3,4,4100,4490,5320,10002_0153_00,10002_0153_01,3,,,0,0,0,0,Shy Sailor Girl,1
100030151,1003,揺れるスカーフ,2,200005,100030151,3,4,4130,4290,5280,10003_0151_00,10003_0151_01,3,,,0,0,0,0,Fluttering Scarf,1
100060151,1006,背中を押す歌,1,100005,100060151,3,4,5350,4500,4100,10006_0151_00,10006_0151_01,3,,,0,0,0,0,Encouraging Song,1
100040149,1004,宝物のブレスレット,1,100005,100040149,3,4,6060,4010,3840,10004_0149_00,10004_0149_01,3,,,0,0,0,0,Treasured Bracelet,1
130040013,4004,トレンドを追いかけて,2,200003,130040013,3,4,4160,3680,5980,13004_0013_00,13004_0013_01,3,,,0,0,0,0,Chasing Trends,1
130050013,4005,巡る時代に,1,100003,130050013,3,4,6060,4010,3840,13005_0013_00,13005_0013_01,3,,,0,0,0,0,Cyclical Trends,1
130010013,4001,一歩踏み出して,2,200008,130010013,2,3,3380,4390,5180,13001_0013_00,13001_0013_01,2,,,0,0,0,0,Big Step Forward,1
130020013,4002,感無量,3,300002,130020013,2,3,3090,4960,4320,13002_0013_00,13002_0013_01,2,,,0,0,0,0,Filled with Emotion,1
130030013,4003,レトロポップダンス♪,1,100002,130030013,2,3,4980,4250,3150,13003_0013_00,13003_0013_01,2,,,0,0,0,0,Retro-Pop Dance,1
100040150,1004,桜の木のお祝い,3,300001,100040150,3,4,4210,4880,3750,10004_0150_00,10004_0150_01,3,,,0,0,0,0,Cherry Celebration,1
110050136,2005,フラワーパレード,2,200004,110050136,3,4,4160,4380,5280,11005_0136_00,11005_0136_01,3,,,0,0,0,0,Flower Parade,1
110080132,2008,時にはハンサムに,3,300004,110080132,3,4,4130,5280,4290,11008_0132_00,11008_0132_01,3,,,0,0,0,0,Handsome at Times,1
141400001,5140,パッションハート,1,100002,141400001,2,3,4700,3820,3650,14140_0001_00,14140_0001_01,2,,,0,0,0,0,Passionate Heart,1
141410001,5141,グロリアスサニー,3,300002,141410001,2,3,3910,4660,3590,14141_0001_00,14141_0001_01,2,,,0,0,0,0,Gloriously Sunny,1
141420001,5142,さや,1,100001,141420001,1,2,1,1,1,14142_0001_00,14142_0001_01,1,,,0,0,0,0,Saya,1
141430001,5143,ナナミ,1,100001,141430001,2,3,1,1,1,14143_0001_00,14143_0001_01,2,,,0,0,0,0,Nanami,1
141440001,5144,ヤエ,2,200001,141440001,2,3,1,1,1,14144_0001_00,14144_0001_01,2,,,0,0,0,0,Yae,1
141450001,5145,ココノ,3,300001,141450001,2,3,1,1,1,14145_0001_00,14145_0001_01,2,,,0,0,0,0,Kokono,1
141460001,5146,理事長,1,100001,141460001,2,3,1,1,1,14146_0001_00,14146_0001_01,2,,,0,0,0,0,Director,1
141470001,5147,澁谷ありあ,1,100001,141470001,2,3,1,1,1,14147_0001_00,14147_0001_01,2,,,0,0,0,0,Aria Shibuya,1
141480001,5148,かのんの母,1,100001,141480001,3,4,1,1,1,14148_0001_00,14148_0001_01,3,,,0,0,0,0,Kanon's mother,1
141490001,5149,マンマル,2,200001,141490001,1,2,1,1,1,14149_0001_00,14149_0001_01,1,,,0,0,0,0,Manmaru,1
141500001,5150,チビ,1,100001,141500001,1,2,1,1,1,14150_0001_00,14150_0001_01,1,,,0,0,0,0,Chibi,1
141490002,5149,マンマル,1,100001,141490002,2,3,1,1,1,14149_0002_00,14149_0002_01,2,,,0,0,0,0,Manmaru,1
110010135,2001,みかん色の太陽,2,200006,110010135,3,4,3540,3180,7580,11001_0135_00,11001_0135_01,3,,,0,0,0,0,Mikan Orange Sun,1
110020134,2002,波とたわむれて,1,100006,110020134,3,4,7580,3540,3180,11002_0134_00,11002_0134_01,3,,,0,0,0,0,Playing in the Waves,1
110030131,2003,海を感じて,3,300006,110030131,3,4,3180,7580,3660,11003_0131_00,11003_0131_01,3,,,0,0,0,0,Feeling the Sea,1
110040131,2004,真夏の海だから,1,100006,110040131,3,4,7580,3660,3180,11004_0131_00,11004_0131_01,3,,,0,0,0,0,Mid Summer Sea,1
110050137,2005,波しぶきときらめいて,3,300006,110050137,3,4,3180,7580,3540,11005_0137_00,11005_0137_01,3,,,0,0,0,0,Sparking Waves,1
110060136,2006,青き砂浜の堕天使,1,100006,110060136,3,4,7670,3510,3340,11006_0136_00,11006_0136_01,3,,,0,0,0,0,Blue Beach Fallen Angel,1
110070132,2007,波打ち際ではしゃいで,2,200006,110070132,3,4,3510,3340,7670,11007_0132_00,11007_0132_01,3,,,0,0,0,0,Fun at the Beach,1
110080133,2008,シャイニーオーシャン,2,200006,110080133,3,4,3660,3180,7580,11008_0133_00,11008_0133_01,3,,,0,0,0,0,Shiny Ocean,1
110090133,2009,波と遊んで,3,300006,110090133,3,4,3340,7670,3510,11009_0133_00,11009_0133_01,3,,,0,0,0,0,Playing with the Waves,1
110020135,2002,個性の表現,2,200006,110020135,2,3,3480,4350,5120,11002_0135_00,11002_0135_01,2,,,0,0,0,0,Showing Individuality,1
110040132,2004,花祭りのおもてなし,1,100006,110040132,3,4,5320,4560,4030,11004_0132_00,11004_0132_01,3,,,0,0,0,0,Festival Hospitality,1
110060137,2006,みんなで作る花絵,2,200006,110060137,3,4,3890,4800,5260,11006_0137_00,11006_0137_01,3,,,0,0,0,0,Our Flower Picture,1
110070133,2007,想いを込めて作る花絵,2,200006,110070133,3,4,4290,4130,5280,11007_0133_00,11007_0133_01,3,,,0,0,0,0,Art from the Heart,1
140100008,5010,陸を泳ぐように,1,100004,140100008,3,4,5320,4100,4490,14010_0008_00,14010_0008_01,3,,,0,0,0,0,Like Swimming on Land,1
120030024,3003,誕生日のヒロイン,3,300007,120030024,3,4,4150,6050,3750,12003_0024_00,12003_0024_01,3,,,0,0,0,0,Birthday Heroine,1
110010136,2001,一緒に行こう！,1,100001,110010136,3,4,4880,4210,3750,11001_0136_00,11001_0136_01,3,,,0,0,0,0,Let's Go Together,1
110020136,2002,不思議な力,3,300001,110020136,3,4,3750,4880,4210,11002_0136_00,11002_0136_01,3,,,0,0,0,0,Special Powers,1
110030132,2003,クールダウン,2,200001,110030132,3,4,4210,3750,4880,11003_0132_00,11003_0132_01,3,,,0,0,0,0,Cooldown,1
110040133,2004,姉妹の絆,3,300001,110040133,3,4,4210,4880,3750,11004_0133_00,11004_0133_01,3,,,0,0,0,0,Sisterly Bond,1
110050138,2005,二人三脚,2,200001,110050138,3,4,3750,4210,4880,11005_0138_00,11005_0138_01,3,,,0,0,0,0,Working Together,1
110060138,2006,堕天使の羽根,3,300001,110060138,3,4,3750,4880,4210,11006_0138_00,11006_0138_01,3,,,0,0,0,0,Fallen Angel Feathers,1
110070134,2007,癒やしの時間,1,100001,110070134,3,4,4880,3750,4210,11007_0134_00,11007_0134_01,3,,,0,0,0,0,Soothing Time,1
110080134,2008,ブレイクスルー,1,100001,110080134,3,4,4880,4210,3750,11008_0134_00,11008_0134_01,3,,,0,0,0,0,Breakthrough,1
110090134,2009,ルビィの成長,2,200001,110090134,3,4,3750,4210,4880,11009_0134_00,11009_0134_01,3,,,0,0,0,0,Ruby's Growth,1
100010158,1001,みんなの味,3,300005,100010158,3,4,3650,7660,3250,10001_0158_00,10001_0158_01,3,,,0,0,0,0,Everyone's Taste,1
100020154,1002,ポップなキャンディ,1,100005,100020154,3,4,7580,3540,3180,10002_0154_00,10002_0154_01,3,,,0,0,0,0,Pop Candy,1
100030152,1003,とろける時間,1,100005,100030152,3,4,7670,3340,3510,10003_0152_00,10003_0152_01,3,,,0,0,0,0,Melting Time,1
100040151,1004,甘い歌声,1,100005,100040151,3,4,7580,3660,3180,10004_0151_00,10004_0151_01,3,,,0,0,0,0,Sweet Voice,1
100050152,1005,弾けるキャンディ,2,200005,100050152,3,4,3660,3180,7580,10005_0152_00,10005_0152_01,3,,,0,0,0,0,Popping Candy,1
100060152,1006,童心にかえって,2,200005,100060152,3,4,3180,3540,7580,10006_0152_00,10006_0152_01,3,,,0,0,0,0,Back to Childhood,1
100070151,1007,フレーバーパーティ,3,300005,100070151,3,4,3180,7580,3540,10007_0151_00,10007_0151_01,3,,,0,0,0,0,Flavor Party,1
100080154,1008,砂糖菓子のように甘く,3,300005,100080154,3,4,3180,7580,3660,10008_0154_00,10008_0154_01,3,,,0,0,0,0,As Sweet As Sugar,1
100090155,1009,お菓子の国のお姫様,2,200005,100090155,3,4,3510,3340,7670,10009_0155_00,10009_0155_01,3,,,0,0,0,0,Princess of Sweets,1
110010137,2001,覚えていなくても,1,100006,110010137,3,4,7580,7480,7380,11001_0137_00,11001_0137_01,3,,,0,0,0,0,Even If We Forget,1
110020137,2002,夢の世界の音,3,300006,110020137,3,4,7370,7670,7470,11002_0137_00,11002_0137_01,3,,,0,0,0,0,Dreamscape Sounds,1
110030133,2003,試着完了♪,2,200006,110030133,3,4,7480,7380,7580,11003_0133_00,11003_0133_01,3,,,0,0,0,0,Costume Tried On!,1
110040134,2004,夢で見た世界,3,300006,110040134,3,4,7380,7580,7480,11004_0134_00,11004_0134_01,3,,,0,0,0,0,Our Dream World,1
110050139,2005,夢で浮かんだイメージ,2,200006,110050139,3,4,7470,7370,7670,11005_0139_00,11005_0139_01,3,,,0,0,0,0,Our Dream Picture,1
110060139,2006,漆黒の騎士,3,300006,110060139,3,4,7380,7580,7480,11006_0139_00,11006_0139_01,3,,,0,0,0,0,The Jet Black Knight,1
110070135,2007,夢の名残,1,100006,110070135,3,4,7670,7470,7370,11007_0135_00,11007_0135_01,3,,,0,0,0,0,Dream Remnants,1
110080135,2008,衣装と一緒に,1,100006,110080135,3,4,7580,7480,7380,11008_0135_00,11008_0135_01,3,,,0,0,0,0,Together in Costumes,1
110090135,2009,夢と現実のあいだで,2,200006,110090135,3,4,7480,7380,7580,11009_0135_00,11009_0135_01,3,,,0,0,0,0,Amid Truth and Dreams,1
110010138,2001,あなたとの契約,1,100006,110010138,3,4,5340,2990,4510,11001_0138_00,11001_0138_01,3,,,0,0,0,0,Our Pact,1
100010159,1001,高坂穂乃果,1,100001,100010159,2,3,3910,2320,1750,10001_0159_00,10001_0159_01,2,,,0,0,0,0,Honoka Kosaka,1
100020155,1002,絢瀬絵里,3,300001,100020155,2,3,2340,3860,1790,10002_0155_00,10002_0155_01,2,,,0,0,0,0,Eli Ayase,1
100030153,1003,南ことり,2,200001,100030153,2,3,1820,2140,4040,10003_0153_00,10003_0153_01,2,,,0,0,0,0,Kotori Minami,1
100040152,1004,園田海未,3,300001,100040152,2,3,2290,3900,1790,10004_0152_00,10004_0152_01,2,,,0,0,0,0,Umi Sonoda,1
100050153,1005,星空凛,1,100001,100050153,2,3,4020,2180,1800,10005_0153_00,10005_0153_01,2,,,0,0,0,0,Rin Hoshizora,1
100060153,1006,西木野真姫,3,300001,100060153,2,3,2200,3940,1850,10006_0153_00,10006_0153_01,2,,,0,0,0,0,Maki Nishikino,1
100070152,1007,東條希,2,200001,100070152,2,3,2310,1820,3850,10007_0152_00,10007_0152_01,2,,,0,0,0,0,Nozomi Tojo,1
100080155,1008,小泉花陽,2,200001,100080155,2,3,2150,1880,3960,10008_0155_00,10008_0155_01,2,,,0,0,0,0,Hanayo Koizumi,1
100090156,1009,矢澤にこ,1,100001,100090156,2,3,3950,1860,2180,10009_0156_00,10009_0156_01,2,,,0,0,0,0,Nico Yazawa,1
141290001,5129,カレン,1,100001,141290001,2,3,1,1,1,14129_0001_00,14129_0001_01,2,,,0,0,0,0,Kallen,1
141300001,5130,シャーリー,1,100001,141300001,2,3,1,1,1,14130_0001_00,14130_0001_01,2,,,0,0,0,0,Shirley,1
141310001,5131,C.C.,3,300001,141310001,2,3,1,1,1,14131_0001_00,14131_0001_01,2,,,0,0,0,0,C.C.,1
141320001,5132,コーネリア,3,300001,141320001,2,3,1,1,1,14132_0001_00,14132_0001_01,2,,,0,0,0,0,Cornelia,1
141330001,5133,ユーフェミア,2,200001,141330001,2,3,1,1,1,14133_0001_00,14133_0001_01,2,,,0,0,0,0,Euphemia,1
141340001,5134,ナナリー,2,200001,141340001,2,3,1,1,1,14134_0001_00,14134_0001_01,2,,,0,0,0,0,Nunnally,1
141350001,5135,ヴィレッタ,1,100001,141350001,2,3,1,1,1,14135_0001_00,14135_0001_01,2,,,0,0,0,0,Villetta,1
141360001,5136,咲世子,3,300001,141360001,2,3,1,1,1,14136_0001_00,14136_0001_01,2,,,0,0,0,0,Sayoko,1
141370001,5137,アーニャ,2,200001,141370001,2,3,1,1,1,14137_0001_00,14137_0001_01,2,,,0,0,0,0,Anya,1
120030025,3003,ジェイド・スター,3,300001,120030025,3,4,3410,4890,4540,12003_0025_00,12003_0025_01,3,,,0,0,0,0,Jade Star,1
141510001,5151,C.C.,3,300001,141510001,3,4,3000,3000,3000,14151_0001_00,14151_0001_01,3,,,0,0,0,0,C.C.,1
141510002,5151,C.C.,3,300001,141510002,3,4,3000,3000,3000,14151_0002_00,14151_0002_01,3,,,0,0,0,0,C.C.,1
141510003,5151,C.C.,3,300001,141510003,3,4,3000,3000,3000,14151_0003_00,14151_0003_01,3,,,0,0,0,0,C.C.,1
141520001,5152,アーニャ,1,100001,141520001,3,4,3000,3000,3000,14152_0001_00,14152_0001_01,3,,,0,0,0,0,Anya,1
141520002,5152,アーニャ,1,100001,141520002,3,4,3000,3000,3000,14152_0002_00,14152_0002_01,3,,,0,0,0,0,Anya,1
141530001,5153,ヴィレッタ,3,300001,141530001,3,4,3000,3000,3000,14153_0001_00,14153_0001_01,3,,,0,0,0,0,Villetta,1
141540001,5154,カレン,2,200001,141540001,3,4,3000,3000,3000,14154_0001_00,14154_0001_01,3,,,0,0,0,0,Kallen,1
141540002,5154,カレン,2,200001,141540002,3,4,3000,3000,3000,14154_0002_00,14154_0002_01,3,,,0,0,0,0,Kallen,1
141550001,5155,コーネリア,1,100001,141550001,3,4,3000,3000,3000,14155_0001_00,14155_0001_01,3,,,0,0,0,0,Cornelia,1
141560001,5156,シャーリー,1,100001,141560001,3,4,3000,3000,3000,14156_0001_00,14156_0001_01,3,,,0,0,0,0,Shirley,1
141570001,5157,セシル,3,300001,141570001,3,4,3000,3000,3000,14157_0001_00,14157_0001_01,3,,,0,0,0,0,Cecile,1
141580001,5158,ナナリー,2,200001,141580001,3,4,3000,3000,3000,14158_0001_00,14158_0001_01,3,,,0,0,0,0,Nunnally,1
141590001,5159,ニーナ,1,100001,141590001,3,4,3000,3000,3000,14159_0001_00,14159_0001_01,3,,,0,0,0,0,Nina,1
141590002,5159,ニーナ,1,100001,141590002,3,4,3000,3000,3000,14159_0002_00,14159_0002_01,3,,,0,0,0,0,Nina,1
141600001,5160,ノネット,2,200001,141600001,3,4,3000,3000,3000,14160_0001_00,14160_0001_01,3,,,0,0,0,0,Nonette,1
141610001,5161,マリアンヌ,2,200001,141610001,3,4,3000,3000,3000,14161_0001_00,14161_0001_01,3,,,0,0,0,0,Marianne,1
141620001,5162,ミレイ,1,100001,141620001,3,4,3000,3000,3000,14162_0001_00,14162_0001_01,3,,,0,0,0,0,Milly,1
141630001,5163,モニカ,2,200001,141630001,3,4,3000,3000,3000,14163_0001_00,14163_0001_01,3,,,0,0,0,0,Monica,1
141640001,5164,ユーフェミア,2,200001,141640001,3,4,3000,3000,3000,14164_0001_00,14164_0001_01,3,,,0,0,0,0,Euphemia,1
141650001,5165,ラクシャータ,3,300001,141650001,3,4,3000,3000,3000,14165_0001_00,14165_0001_01,3,,,0,0,0,0,Rakshata,1
141660001,5166,ローマイヤ,3,300001,141660001,3,4,3000,3000,3000,14166_0001_00,14166_0001_01,3,,,0,0,0,0,Lohmeyer,1
141670001,5167,咲世子,2,200001,141670001,3,4,3000,3000,3000,14167_0001_00,14167_0001_01,3,,,0,0,0,0,Sayoko,1
141680001,5168,周香凛,1,100001,141680001,3,4,3000,3000,3000,14168_0001_00,14168_0001_01,3,,,0,0,0,0,Zhou Xianglin,1
141690001,5169,神楽那,1,100001,141690001,3,4,3000,3000,3000,14169_0001_00,14169_0001_01,3,,,0,0,0,0,Kaguya,1
141700001,5170,千葉凪沙,2,200001,141700001,3,4,3000,3000,3000,14170_0001_00,14170_0001_01,3,,,0,0,0,0,Nagisa Chiba,1
141710001,5171,天子,3,300001,141710001,3,4,3000,3000,3000,14171_0001_00,14171_0001_01,3,,,0,0,0,0,Emperor,1
141510004,5151,C.C.,3,300001,141510004,3,4,3000,3000,3000,14151_0004_00,14151_0004_01,3,,,0,0,0,0,C.C.,1
141510005,5151,C.C.,3,300001,141510005,3,4,3000,3000,3000,14151_0005_00,14151_0005_01,3,,,0,0,0,0,C.C.,1
141510006,5151,C.C.,3,300001,141510006,3,4,3000,3000,3000,14151_0006_00,14151_0006_01,3,,,0,0,0,0,C.C.,1
141510007,5151,C.C.,3,300001,141510007,3,4,3000,3000,3000,14151_0007_00,14151_0007_01,3,,,0,0,0,0,C.C.,1
141520003,5152,アーニャ,1,100001,141520003,3,4,3000,3000,3000,14152_0003_00,14152_0003_01,3,,,0,0,0,0,Anya,1
141540003,5154,カレン,2,200001,141540003,3,4,3000,3000,3000,14154_0003_00,14154_0003_01,3,,,0,0,0,0,Kallen,1
141540004,5154,カレン,2,200001,141540004,3,4,3000,3000,3000,14154_0004_00,14154_0004_01,3,,,0,0,0,0,Kallen,1
141550002,5155,コーネリア,1,100001,141550002,3,4,3000,3000,3000,14155_0002_00,14155_0002_01,3,,,0,0,0,0,Cornelia,1
141560002,5156,シャーリー,1,100001,141560002,3,4,3000,3000,3000,14156_0002_00,14156_0002_01,3,,,0,0,0,0,Shirley,1
141720001,5172,シャムナ,1,100001,141720001,3,4,3000,3000,3000,14172_0001_00,14172_0001_01,3,,,0,0,0,0,Shamuna,1
141580002,5158,ナナリー,2,200001,141580002,3,4,3000,3000,3000,14158_0002_00,14158_0002_01,3,,,0,0,0,0,Nunnally,1
141580003,5158,ナナリー,2,200001,141580003,3,4,3000,3000,3000,14158_0003_00,14158_0003_01,3,,,0,0,0,0,Nunnally,1
141620002,5162,ミレイ,1,100001,141620002,3,4,3000,3000,3000,14162_0002_00,14162_0002_01,3,,,0,0,0,0,Milly,1
141650002,5165,ラクシャータ,3,300001,141650002,3,4,3000,3000,3000,14165_0002_00,14165_0002_01,3,,,0,0,0,0,Rakshata,1
141670002,5167,咲世子,2,200001,141670002,3,4,3000,3000,3000,14167_0002_00,14167_0002_01,3,,,0,0,0,0,Sayoko,1
100010160,1001,いらっしゃい！,2,200005,100010160,3,4,4510,4100,5340,10001_0160_00,10001_0160_01,3,,,0,0,0,0,Welcome!,1
100030154,1003,ことりのおもてなし,3,300005,100030154,3,4,4100,5320,4490,10003_0154_00,10003_0154_01,3,,,0,0,0,0,Kotori's Hospitality,1
100040153,1004,微笑みの彼方,1,100005,100040153,3,4,5340,4520,4090,10004_0153_00,10004_0153_01,3,,,0,0,0,0,Beyond the Smile,1
130010014,4001,桜と今の気持ち,3,300003,130010014,3,4,4070,6010,3830,13001_0014_00,13001_0014_01,3,,,0,0,0,0,Flowers and Feelings,1
130020014,4002,本番のイメージ,2,200003,130020014,3,4,3680,4160,5980,13002_0014_00,13002_0014_01,3,,,0,0,0,0,Vision of the Show,1
130030014,4003,桜のように踊って,2,200002,130030014,2,3,4170,3590,5090,13003_0014_00,13003_0014_01,2,,,0,0,0,0,Dancing like Petals,1
130040014,4004,機転を利かせて,3,300002,130040014,2,3,4320,4960,3090,13004_0014_00,13004_0014_01,2,,,0,0,0,0,Use Your Wits,1
130050014,4005,どんな桜も,1,100002,130050014,2,3,4980,4250,3150,13005_0014_00,13005_0014_01,2,,,0,0,0,0,Any Cherry Tree,1
110050140,2005,夜空の宝石,2,200006,110050140,3,4,4010,3840,6060,11005_0140_00,11005_0140_01,3,,,0,0,0,0,Night Sky Jewels,1
100060154,1006,少しだけ大人に,2,200005,100060154,3,4,3840,4010,6060,10006_0154_00,10006_0154_01,3,,,0,0,0,0,A Little More Mature,1
100010161,1001,これまで、これから,1,100005,100010161,3,4,7940,2030,5910,10001_0161_00,10001_0161_01,3,,,0,0,0,0,Til Now and Here On,1
100020156,1002,エンパシー,3,300005,100020156,3,4,5910,7940,2030,10002_0156_00,10002_0156_01,3,,,0,0,0,0,Empathy,1
100030155,1003,あなたに返したい,2,200005,100030155,3,4,2030,5910,7940,10003_0155_00,10003_0155_01,3,,,0,0,0,0,Giving Back to You,1
100040154,1004,ハートを掴め,3,300005,100040154,3,4,5910,7940,2030,10004_0154_00,10004_0154_01,3,,,0,0,0,0,Capturing Hearts,1
100050154,1005,ブンブン！,1,100005,100050154,3,4,7940,2030,5910,10005_0154_00,10005_0154_01,3,,,0,0,0,0,"Buzz, Buzz!",1
100060155,1006,熱くなれ,3,300005,100060155,3,4,5910,7940,2030,10006_0155_00,10006_0155_01,3,,,0,0,0,0,Get Fired Up,1
100070153,1007,離しません,2,200005,100070153,3,4,2030,5910,7940,10007_0153_00,10007_0153_01,3,,,0,0,0,0,Never Apart,1
100080156,1008,今なら思える,2,200005,100080156,3,4,2030,5910,7940,10008_0156_00,10008_0156_01,3,,,0,0,0,0,I Can See It Now,1
100090157,1009,忘れないで,1,100005,100090157,3,4,7940,2030,5910,10009_0157_00,10009_0157_01,3,,,0,0,0,0,Don't Forget,1
110010139,2001,その先の未来へ,3,300006,110010139,3,4,5910,7940,2030,11001_0139_00,11001_0139_01,3,,,0,0,0,0,To the Future Beyond,1
110020138,2002,一歩踏み出して！,2,200006,110020138,3,4,2030,5910,7940,11002_0138_00,11002_0138_01,3,,,0,0,0,0,Big Step Forward!,1
110030134,2003,積み重ねてきたから,1,100006,110030134,3,4,7940,2030,5910,11003_0134_00,11003_0134_01,3,,,0,0,0,0,Building Up to It,1
110040135,2004,あの日夢見たもの,2,200006,110040135,3,4,2030,5910,7940,11004_0135_00,11004_0135_01,3,,,0,0,0,0,The Dream That Day,1
110050141,2005,Aqoursの宝物,1,100006,110050141,3,4,7940,2030,5910,11005_0141_00,11005_0141_01,3,,,0,0,0,0,Aqours' Treasure,1
110060140,2006,次なる堕天,2,200006,110060140,3,4,2030,5910,7940,11006_0140_00,11006_0140_01,3,,,0,0,0,0,The Next Fallen Angel,1
110070136,2007,耳を澄ませて,3,300006,110070136,3,4,5910,7940,2030,11007_0136_00,11007_0136_01,3,,,0,0,0,0,Listen Closely,1
110080136,2008,シャイニー☆ライブ,3,300006,110080136,3,4,5910,7940,2030,11008_0136_00,11008_0136_01,3,,,0,0,0,0,Shiny Live Show,1
110090136,2009,もっと成長を,1,100006,110090136,3,4,7940,2030,5910,11009_0136_00,11009_0136_01,3,,,0,0,0,0,Growing More,1
120010020,3001,あなたとまた一歩,1,100007,120010020,3,4,7940,2030,5910,12001_0020_00,12001_0020_01,3,,,0,0,0,0,Another Step with You,1
120020020,3002,ハピネスフラワー,3,300007,120020020,3,4,5910,7940,2030,12002_0020_00,12002_0020_01,3,,,0,0,0,0,Happiness Flower,1
120030026,3003,感謝を込めて,1,100007,120030026,3,4,7940,2030,5910,12003_0026_00,12003_0026_01,3,,,0,0,0,0,With My Gratitude,1
120040021,3004,キミと私の記録,1,100007,120040021,3,4,7940,2030,5910,12004_0021_00,12004_0021_01,3,,,0,0,0,0,Record of You and I,1
120050020,3005,軌跡と奇跡！,3,300007,120050020,3,4,5910,7940,2030,12005_0020_00,12005_0020_01,3,,,0,0,0,0,History of Miracles,1
120060026,3006,ふわふわも〜ど,2,200007,120060026,3,4,2030,5910,7940,12006_0026_00,12006_0026_01,3,,,0,0,0,0,Fluffy Mode,1
120070022,3007,大好きはここから！,2,200007,120070022,3,4,2030,5910,7940,12007_0022_00,12007_0022_01,3,,,0,0,0,0,Our Love Starts Here!,1
120080025,3008,感謝を抱きしめて,3,300007,120080025,3,4,5910,7940,2030,12008_0025_00,12008_0025_01,3,,,0,0,0,0,Embrace of Gratitude,1
120090020,3009,気持ちよ届け！,2,200007,120090020,3,4,2030,5910,7940,12009_0020_00,12009_0020_01,3,,,0,0,0,0,Sending My Love!,1
130010015,4001,響け私たちの歌,3,300008,130010015,3,4,5910,7940,2030,13001_0015_00,13001_0015_01,3,,,0,0,0,0,Let Our Song Resound,1
130020015,4002,想いを繋げて,2,200008,130020015,3,4,2030,5910,7940,13002_0015_00,13002_0015_01,3,,,0,0,0,0,Connect Our Thoughts,1
130030015,4003,お気に入りの飾り,1,100008,130030015,3,4,7940,2030,5910,13003_0015_00,13003_0015_01,3,,,0,0,0,0,My Fave Decoration,1
130040015,4004,私たちの名を轟かせて,1,100008,130040015,3,4,7940,2030,5910,13004_0015_00,13004_0015_01,3,,,0,0,0,0,Make Our Name Known,1
130050015,4005,結ヶ丘の誇りを,3,300008,130050015,3,4,5910,7940,2030,13005_0015_00,13005_0015_01,3,,,0,0,0,0,The Pride of Yuigaoka,1
110050142,2005,会場へご案内♪,2,200001,110050142,3,4,3750,4210,4880,11005_0142_00,11005_0142_01,3,,,0,0,0,0,A Tour of the Venue,1
100060156,1006,紙吹雪のサプライズ,3,300001,100060156,3,4,3220,4890,4750,10006_0156_00,10006_0156_01,3,,,0,0,0,0,Confetti Surprise,1
110010140,2001,みかん色の眩さ,3,300006,110010140,3,4,4510,5340,4100,11001_0140_00,11001_0140_01,3,,,0,0,0,0,Blinding Mikan Orange,1
110020139,2002,胸に秘めたパッション,1,100006,110020139,3,4,5320,4490,4100,11002_0139_00,11002_0139_01,3,,,0,0,0,0,Passion of the Heart,1
110050143,2005,全速前進☆ドリーマー,2,200006,110050143,3,4,4510,4100,5340,11005_0143_00,11005_0143_01,3,,,0,0,0,0,Full Speed Dreamer,1
100010162,1001,気になる景色,1,100005,100010162,3,4,7660,3250,3650,10001_0162_00,10001_0162_01,3,,,0,0,0,0,Interesting Scenery,1
100020157,1002,たゆたう川の流れ,3,300005,100020157,3,4,3650,7660,3250,10002_0157_00,10002_0157_01,3,,,0,0,0,0,Drifting Downstream,1
100030156,1003,エキゾチックな旅へ,2,200005,100030156,3,4,3250,3650,7660,10003_0156_00,10003_0156_01,3,,,0,0,0,0,An Exotic Journey,1
100040155,1004,空からの景色,3,300005,100040155,3,4,3650,7660,3250,10004_0155_00,10004_0155_01,3,,,0,0,0,0,View from the Sky,1
100050155,1005,カラフルな海,1,100005,100050155,3,4,7660,3250,3650,10005_0155_00,10005_0155_01,3,,,0,0,0,0,Colorful Sea,1
100060157,1006,夜市の風に吹かれて,3,300005,100060157,3,4,3650,7660,3250,10006_0157_00,10006_0157_01,3,,,0,0,0,0,Night Market's Breeze,1
100070154,1007,秘密の花園,2,200005,100070154,3,4,3250,3650,7660,10007_0154_00,10007_0154_01,3,,,0,0,0,0,The Secret Garden,1
100080157,1008,お花の匂いに囲まれて,2,200005,100080157,3,4,3250,3650,7660,10008_0157_00,10008_0157_01,3,,,0,0,0,0,In the Floral Aroma,1
100090158,1009,ガラスのチューリップ,1,100005,100090158,3,4,7660,3250,3650,10009_0158_00,10009_0158_01,3,,,0,0,0,0,Glass Tulips,1
110010141,2001,どんなに寒くても,3,300006,110010141,3,4,3650,7660,3250,11001_0141_00,11001_0141_01,3,,,0,0,0,0,No Matter How Cold,1
110020140,2002,緑のトンネル,2,200006,110020140,3,4,3250,3650,7660,11002_0140_00,11002_0140_01,3,,,0,0,0,0,Green Tunnel,1
110030135,2003,一度は見たい景色,1,100006,110030135,3,4,7660,3250,3650,11003_0135_00,11003_0135_01,3,,,0,0,0,0,View I'd Like to See,1
110040136,2004,煌めく光の流れ,2,200006,110040136,3,4,3250,3650,7660,11004_0136_00,11004_0136_01,3,,,0,0,0,0,Glittering Light Flow,1
110050144,2005,雪山を眺めて,1,100006,110050144,3,4,7660,3250,3650,11005_0144_00,11005_0144_01,3,,,0,0,0,0,Snowy Mountain View,1
110060141,2006,水鏡のヨハネ,2,200006,110060141,3,4,3250,3650,7660,11006_0141_00,11006_0141_01,3,,,0,0,0,0,Yohane's Reflection,1
110070137,2007,世界の絶景巡り,3,300006,110070137,3,4,3650,7660,3250,11007_0137_00,11007_0137_01,3,,,0,0,0,0,World Scenery Tour,1
110080137,2008,弾けるバケーション,3,300006,110080137,3,4,3650,7660,3250,11008_0137_00,11008_0137_01,3,,,0,0,0,0,Vivacious Vacation,1
110090137,2009,いつか世界旅行に,1,100006,110090137,3,4,7660,3250,3650,11009_0137_00,11009_0137_01,3,,,0,0,0,0,Wanna Tour the World,1
120010021,3001,不思議をあげる♪,3,300007,120010021,3,4,3650,7660,3250,12001_0021_00,12001_0021_01,3,,,0,0,0,0,Give You Wonder,1
120020021,3002,ピスピスピ〜ス♪,1,100007,120020021,3,4,7660,3250,3650,12002_0021_00,12002_0021_01,3,,,0,0,0,0,Peace Peace Peace!,1
120030027,3003,道標は私,2,200007,120030027,3,4,3250,3650,7660,12003_0027_00,12003_0027_01,3,,,0,0,0,0,I'm the Guiding Sign,1
120040022,3004,ターゲット捕捉！,2,200007,120040022,3,4,3250,3650,7660,12004_0022_00,12004_0022_01,3,,,0,0,0,0,Target Locked!,1
120050021,3005,ココロ、撃ち抜け！,2,200007,120050021,3,4,3250,3650,7660,12005_0021_00,12005_0021_01,3,,,0,0,0,0,Shoot to the Heart!,1
120060027,3006,ゆったりまったり,3,300007,120060027,3,4,3650,7660,3250,12006_0027_00,12006_0027_01,3,,,0,0,0,0,Slowly but Surely,1
120070023,3007,誰もがトモダチ,1,100007,120070023,3,4,7660,3250,3650,12007_0023_00,12007_0023_01,3,,,0,0,0,0,We're All Friends,1
120080026,3008,みんなで歌おう,1,100007,120080026,3,4,7660,3250,3650,12008_0026_00,12008_0026_01,3,,,0,0,0,0,Let's All Sing,1
120090021,3009,声も気持ちも一緒だよ,3,300007,120090021,3,4,3650,7660,3250,12009_0021_00,12009_0021_01,3,,,0,0,0,0,Voice and Heart as 1,1
120100014,3010,信念の行方,1,100007,120100014,3,4,7660,3250,3650,12010_0014_00,12010_0014_01,3,,,0,0,0,0,Belief and Beyond,1
120120010,3012,新しい出発,3,300007,120120010,3,4,3650,7660,3250,12012_0010_00,12012_0010_01,3,,,0,0,0,0,Made Up My Mind,1
120110010,3011,覚悟完了,2,200007,120110010,3,4,3250,3650,7660,12011_0010_00,12011_0010_01,3,,,0,0,0,0,A New Departure,1
130010016,4001,想いを届けたいから,2,200008,130010016,3,4,3250,3650,7660,13001_0016_00,13001_0016_01,3,,,0,0,0,0,Conveying Feelings,1
130020016,4002,運命の出会い,1,100008,130020016,3,4,7660,3250,3650,13002_0016_00,13002_0016_01,3,,,0,0,0,0,A Fateful Encounter,1
130030016,4003,新しい景色,2,200008,130030016,3,4,3250,3650,7660,13003_0016_00,13003_0016_01,3,,,0,0,0,0,A New Perspective,1
130040016,4004,強い想いで,3,300008,130040016,3,4,3650,7660,3250,13004_0016_00,13004_0016_01,3,,,0,0,0,0,With Heart and Soul,1
130050016,4005,弾ける想い,1,100008,130050016,3,4,7660,3250,3650,13005_0016_00,13005_0016_01,3,,,0,0,0,0,Bursting Emotions,1
120080027,3008,心弾ませて,3,300007,120080027,3,4,4080,5340,4530,12008_0027_00,12008_0027_01,3,,,0,0,0,0,Bouncing Excitement,1
100050156,1005,テンションMAX！,3,300005,100050156,3,4,4510,5340,4100,10005_0156_00,10005_0156_01,3,,,0,0,0,0,Maximum Excitement!,1
100060158,1006,カジュアルルック,1,100005,100060158,3,4,5340,4510,4100,10006_0158_00,10006_0158_01,3,,,0,0,0,0,Casual Look,1
100080158,1008,青春の1ページ,1,100005,100080158,3,4,5320,4100,4490,10008_0158_00,10008_0158_01,3,,,0,0,0,0,A Chapter in Youth,1
130030017,4003,私たちの可能性,3,300008,130030017,3,4,4500,5350,4100,13003_0017_00,13003_0017_01,3,,,0,0,0,0,Our Potential,1
130040017,4004,凛と可愛らしく,1,100008,130040017,3,4,5350,4100,4500,13004_0017_00,13004_0017_01,3,,,0,0,0,0,Dignified and Darling,1
130050017,4005,もっと工夫したくて,1,100002,130050017,2,3,5090,4170,3590,13005_0017_00,13005_0017_01,2,,,0,0,0,0,I Wanna Try Harder,1
130010017,4001,神楽舞から,3,300002,130010017,2,3,3150,4960,4260,13001_0017_00,13001_0017_01,2,,,0,0,0,0,From the Sacred Dance,1
130020017,4002,剣の舞,2,200002,130020017,2,3,4240,3160,4980,13002_0017_00,13002_0017_01,2,,,0,0,0,0,Sword Dance,1
100010163,1001,夢の先へ,1,100005,100010163,3,4,7870,7210,7430,10001_0163_00,10001_0163_01,3,,,0,0,0,0,Beyond Our Dreams,1
110010142,2001,それぞれの夢,1,100006,110010142,3,4,7870,7210,7430,11001_0142_00,11001_0142_01,3,,,0,0,0,0,Each and Every Dream,1
120010022,3001,はじまりの瞬間,2,200007,120010022,3,4,7210,7430,7870,12001_0022_00,12001_0022_01,3,,,0,0,0,0,The Beginning Moment,1
130010018,4001,ずっとあなたと,3,300008,130010018,3,4,7430,7870,7210,13001_0018_00,13001_0018_01,3,,,0,0,0,0,Forever with You,1
110010143,2001,大好きなみかん,2,200006,110010143,2,3,4330,3030,4930,11001_0143_00,11001_0143_01,2,,,0,0,0,0,The Oranges I Love,1
110020141,2002,ここが私の地元♪,1,100006,110020141,2,3,4980,4360,3040,11002_0141_00,11002_0141_01,2,,,0,0,0,0,This Is My Hometown!,1
110030136,2003,大好きな景色,3,300006,110030136,2,3,3040,4980,4360,11003_0136_00,11003_0136_01,2,,,0,0,0,0,My Favorite Views,1
110040137,2004,沼津クイズ,1,100006,110040137,2,3,4940,4330,3360,11004_0137_00,11004_0137_01,2,,,0,0,0,0,Numazu Quiz,1
110050145,2005,沼津ヨーソロー,3,300006,110050145,2,3,3040,4980,4350,11005_0145_00,11005_0145_01,2,,,0,0,0,0,Aye Aye to Numazu!,1
110060142,2006,リトルデーモンの祭典,1,100006,110060142,2,3,4980,4350,3040,11006_0142_00,11006_0142_01,2,,,0,0,0,0,Little Demon Fest,1
110070138,2007,沼津の魅力満載♪,2,200006,110070138,2,3,4360,3040,4980,11007_0138_00,11007_0138_01,2,,,0,0,0,0,Numazu's Best Stuff!,1
110080138,2008,沼津の新料理,2,200006,110080138,2,3,4350,3040,4980,11008_0138_00,11008_0138_01,2,,,0,0,0,0,Numazu's New Cuisine,1
110090138,2009,もっと沼津のこと,3,300006,110090138,2,3,3050,4960,4270,11009_0138_00,11009_0138_01,2,,,0,0,0,0,More Numazu Knowledge,1
110060143,2006,堕天使達の集い,3,300006,110060143,3,4,4090,5340,4520,11006_0143_00,11006_0143_01,3,,,0,0,0,0,Fallen Angel Meeting,1
110070139,2007,シュシュに込めた想い,2,200006,110070139,3,4,4510,4100,5340,11007_0139_00,11007_0139_01,3,,,0,0,0,0,Scrunchie of Hopes,1
110090139,2009,一瞬切り取る笑顔,1,100006,110090139,3,4,5320,4100,4490,11009_0139_00,11009_0139_01,3,,,0,0,0,0,A Smile of the Moment,1
110060144,2006,花々の彩り,3,300006,110060144,3,4,3650,7660,3250,11006_0144_00,11006_0144_01,3,,,0,0,0,0,Floral Brilliance,1
110070140,2007,光のお花畑,1,100006,110070140,3,4,7660,3250,3650,11007_0140_00,11007_0140_01,3,,,0,0,0,0,Meadow of Lights,1
110090140,2009,妖精さんになれたら,2,200006,110090140,3,4,3250,3650,7660,11009_0140_00,11009_0140_01,3,,,0,0,0,0,If I Were a Fairy,1
120050022,3005,エメラルドの輝き,2,200007,120050022,3,4,3250,3650,7660,12005_0022_00,12005_0022_01,3,,,0,0,0,0,Sparkling Emerald,1
110030137,2003,みんなの花,2,200006,110030137,3,4,3250,3650,7660,11003_0137_00,11003_0137_01,3,,,0,0,0,0,Everyone's Flowers,1
110040138,2004,あたたかな涙,3,300006,110040138,3,4,3650,7660,3250,11004_0138_00,11004_0138_01,3,,,0,0,0,0,Warm Teardrops,1
110080139,2008,シャイニーに咲かせて,1,100006,110080139,3,4,7660,3250,3650,11008_0139_00,11008_0139_01,3,,,0,0,0,0,Shiny Blooms,1
120050023,3005,テンアゲな関係,3,300001,120050023,3,4,4210,4880,3750,12005_0023_00,12005_0023_01,3,,,0,0,0,0,Exciting Relationship,1
100010164,1001,世界にはばたいて,2,200005,100010164,3,4,3250,3650,7660,10001_0164_00,10001_0164_01,3,,,0,0,0,0,Fly across the World,1
100030157,1003,ことりに注目♪,3,300005,100030157,3,4,3650,7660,3250,10003_0157_00,10003_0157_01,3,,,0,0,0,0,Eyes on Kotori!,1
100040156,1004,ちょっぴり大胆に,2,200005,100040156,3,4,3250,3650,7660,10004_0156_00,10004_0156_01,3,,,0,0,0,0,A Bit Bolder,1
110010144,2001,花の妖精みたいに,1,100006,110010144,3,4,7660,3250,3650,11001_0144_00,11001_0144_01,3,,,0,0,0,0,Like a Flower Fairy,1
110020142,2002,花々の声,3,300006,110020142,3,4,3650,7660,3250,11002_0142_00,11002_0142_01,3,,,0,0,0,0,Voice of the Flowers,1
110050146,2005,残しておきたいから,2,200006,110050146,3,4,3250,3650,7660,11005_0146_00,11005_0146_01,3,,,0,0,0,0,Leaving a Legacy,1
120090022,3009,笑顔を伝えて,2,200007,120090022,3,4,4490,4100,5320,12009_0022_00,12009_0022_01,3,,,0,0,0,0,Tell It with a Smile,1
100070155,1007,月のしずく,3,300005,100070155,3,4,3650,7660,3250,10007_0155_00,10007_0155_01,3,,,0,0,0,0,Moon Drops,1
100020158,1002,視線の先,1,100005,100020158,3,4,5340,4520,4090,10002_0158_00,10002_0158_01,3,,,0,0,0,0,Sights Set,1
100070156,1007,運命の女神,2,200005,100070156,3,4,4100,4510,5340,10007_0156_00,10007_0156_01,3,,,0,0,0,0,Goddess of Fortune,1
100090159,1009,ニコニーパワー☆,3,300005,100090159,3,4,4490,5320,4100,10009_0159_00,10009_0159_01,3,,,0,0,0,0,Nico Ni Power!,1
100050157,1005,元気をみんなに,3,300005,100050157,3,4,3650,7660,3250,10005_0157_00,10005_0157_01,3,,,0,0,0,0,Spreading Cheer,1
100060159,1006,ドキドキリハーサル,1,100005,100060159,3,4,7660,3250,3650,10006_0159_00,10006_0159_01,3,,,0,0,0,0,Thrilling Rehearsal,1
100080159,1008,夢を叶えて,1,100005,100080159,3,4,7660,3250,3650,10008_0159_00,10008_0159_01,3,,,0,0,0,0,Fulfilling Our Dreams,1
110080140,2008,大事なチケット,2,200006,110080140,3,4,3250,3650,7660,11008_0140_00,11008_0140_01,3,,,0,0,0,0,Precious Ticket,1
100070157,1007,わしわしMAX!?,2,200001,100070157,3,4,3210,4760,4890,10007_0157_00,10007_0157_01,3,,,0,0,0,0,Max Tickle Attack?!,1
130010019,4001,幸せな花嫁,1,100008,130010019,3,4,5350,4100,4500,13001_0019_00,13001_0019_01,3,,,0,0,0,0,Blissful Bride,1
130050018,4005,ヴェールの向こうに,2,200008,130050018,3,4,4100,4500,5350,13005_0018_00,13005_0018_01,3,,,0,0,0,0,Under the Veil,1
130020018,4002,紫陽花の絆,3,300008,130020018,2,3,3420,5140,4390,13002_0018_00,13002_0018_01,2,,,0,0,0,0,Hydrangea's Bond,1
130030018,4003,憧れのウエディング,3,300002,130030018,2,3,4250,4910,3140,13003_0018_00,13003_0018_01,2,,,0,0,0,0,Dream Wedding,1
130040018,4004,ドレス姿に見とれて,2,200002,130040018,2,3,4280,3110,4910,13004_0018_00,13004_0018_01,2,,,0,0,0,0,Charmed by the Dress,1
100020159,1002,みんなに届け,2,200005,100020159,3,4,3250,3650,7660,10002_0159_00,10002_0159_01,3,,,0,0,0,0,For People Everywhere,1
100070158,1007,のぞみパワー注入♪,1,100005,100070158,3,4,7660,3250,3650,10007_0158_00,10007_0158_01,3,,,0,0,0,0,Nozomi Power Infusion,1
100090160,1009,スペシャルニコニー,3,300005,100090160,3,4,3650,7660,3250,10009_0160_00,10009_0160_01,3,,,0,0,0,0,A Special Nico,1
110080141,2008,スペシャルなステージ,1,100001,110080141,3,4,4890,4780,3190,11008_0141_00,11008_0141_01,3,,,0,0,0,0,Special Show,1
110080142,2008,デモンストレーション,1,100006,110080142,3,4,7660,3250,3650,11008_0142_00,11008_0142_01,3,,,0,0,0,0,Demonstration,1
110030138,2003,教えてあげる！,3,300006,110030138,3,4,4100,5320,4490,11003_0138_00,11003_0138_01,3,,,0,0,0,0,I'll Teach You!,1
110040139,2004,流れる髪のきらめき,2,200006,110040139,3,4,4080,4530,5340,11004_0139_00,11004_0139_01,3,,,0,0,0,0,Flowing Hair Sparkle,1
110080143,2008,いたずらっ子の余裕,1,100006,110080143,3,4,5340,4100,4510,11008_0143_00,11008_0143_01,3,,,0,0,0,0,Rascal's Confidence,1
110030139,2003,衣装に合わせて,3,300006,110030139,3,4,3650,7660,3250,11003_0139_00,11003_0139_01,3,,,0,0,0,0,Flaunting,1
110040140,2004,撮り足りなくて,1,100006,110040140,3,4,7660,3250,3650,11004_0140_00,11004_0140_01,3,,,0,0,0,0,Photo Frenzy,1
110080144,2008,シャイニープリンセス,2,200006,110080144,3,4,3250,3650,7660,11008_0144_00,11008_0144_01,3,,,0,0,0,0,Shiny Princess,1
110060145,2006,闇を統べるドレス,1,100006,110060145,3,4,7660,3250,3650,11006_0145_00,11006_0145_01,3,,,0,0,0,0,Dress of Darkness,1
110070141,2007,本の国のお姫様,2,200006,110070141,3,4,3250,3650,7660,11007_0141_00,11007_0141_01,3,,,0,0,0,0,Princess of Bookdom,1
110090141,2009,想い出のドレス,3,300006,110090141,3,4,3650,7660,3250,11009_0141_00,11009_0141_01,3,,,0,0,0,0,Nostalgic Dress,1
120040023,3004,真珠に込めた願い,2,200007,120040023,3,4,3250,3650,7660,12004_0023_00,12004_0023_01,3,,,0,0,0,0,Wish in the Pearl,1
120040024,3004,お姉さんの余裕,1,100001,120040024,3,4,4890,4750,3220,12004_0024_00,12004_0024_01,3,,,0,0,0,0,Mature Confidence,1
110030140,2003,潮干狩りのコツ,3,300004,110030140,3,4,5910,7660,2310,11003_0140_00,11003_0140_01,3,,,0,0,0,0,Clam-Hunting Tips,1
110090142,2009,美味しい予感,1,100004,110090142,3,4,7660,2310,5910,11009_0142_00,11009_0142_01,3,,,0,0,0,0,Tasty Premonition,1
120010023,3001,一歩一歩を確かめて,3,300007,120010023,3,4,4080,5340,4530,12001_0023_00,12001_0023_01,3,,,0,0,0,0,Taking Sure Steps,1
110010145,2001,夢の場所との約束,1,100001,110010145,3,4,5140,4790,2930,11001_0145_00,11001_0145_01,3,,,0,0,0,0,Promise and Dreams,1
110020143,2002,この想いを響かせて,3,300001,110020143,3,4,4790,5140,2930,11002_0143_00,11002_0143_01,3,,,0,0,0,0,Let Our Hearts Echo,1
110030141,2003,吹き抜ける風,2,200001,110030141,3,4,2930,4790,5140,11003_0141_00,11003_0141_01,3,,,0,0,0,0,The Blowing Wind,1
110040141,2004,高鳴る鼓動,3,300001,110040141,3,4,2930,5140,4790,11004_0141_00,11004_0141_01,3,,,0,0,0,0,Heart Beating High,1
110050147,2005,みんなと一緒に！,2,200001,110050147,3,4,4790,2930,5140,11005_0147_00,11005_0147_01,3,,,0,0,0,0,Together with All!,1
110060146,2006,約束の地,3,300001,110060146,3,4,2930,5140,4790,11006_0146_00,11006_0146_01,3,,,0,0,0,0,The Promised Land,1
110070142,2007,雲の先に見えた光,1,100001,110070142,3,4,5140,2930,4790,11007_0142_00,11007_0142_01,3,,,0,0,0,0,Beyond the Clouds,1
110080145,2008,曇り空を吹き飛ばして,1,100001,110080145,3,4,5140,4790,2930,11008_0145_00,11008_0145_01,3,,,0,0,0,0,Blow Away the Clouds,1
110090143,2009,高く続く青い空,2,200001,110090143,3,4,4790,2930,5140,11009_0143_00,11009_0143_01,3,,,0,0,0,0,High Blue Sky,1
100010165,1001,おてんばなお姫様,3,300005,100010165,3,4,3650,7660,3250,10001_0165_00,10001_0165_01,3,,,0,0,0,0,Pegasus Princess,1
100030158,1003,あなたのエスコート,1,100005,100030158,3,4,7660,3250,3650,10003_0158_00,10003_0158_01,3,,,0,0,0,0,Your Personal Escort,1
100040157,1004,お姫様気分で,1,100005,100040157,3,4,7660,3250,3650,10004_0157_00,10004_0157_01,3,,,0,0,0,0,Like a Princess,1
110010146,2001,スイートプリンセス,2,200006,110010146,3,4,3250,3650,7660,11001_0146_00,11001_0146_01,3,,,0,0,0,0,Sweet Princess,1
110020144,2002,プリンセスのメロディ,1,100006,110020144,3,4,7660,3250,3650,11002_0144_00,11002_0144_01,3,,,0,0,0,0,A Princess's Melody,1
110050148,2005,晴れ舞台をもっと,3,300006,110050148,3,4,3650,7660,3250,11005_0148_00,11005_0148_01,3,,,0,0,0,0,In the Spotlight,1
100010166,1001,楽しく学ぼう,2,200005,100010166,3,4,4100,4500,5350,10001_0166_00,10001_0166_01,3,,,0,0,0,0,Make Learning Fun!,1
100070159,1007,司会のお姉さん,1,100005,100070159,3,4,5350,4100,4500,10007_0159_00,10007_0159_01,3,,,0,0,0,0,Miss Presenter,1
100090161,1009,素敵なキメポーズ,3,300005,100090161,3,4,4520,5340,4090,10009_0161_00,10009_0161_01,3,,,0,0,0,0,Nail That Pose,1
100040158,1004,新しい発見と閃き,3,300005,100040158,2,3,3390,5180,4380,10004_0158_00,10004_0158_01,2,,,0,0,0,0,New Inspirations,1
110060147,2006,真紅の祝福,1,100006,110060147,3,4,7660,3250,3650,11006_0147_00,11006_0147_01,3,,,0,0,0,0,Crimson Blessing,1
100020160,1002,プリンセスステップ,1,100005,100020160,3,4,7660,3250,3650,10002_0160_00,10002_0160_01,3,,,0,0,0,0,Princess Steps,1
100070160,1007,素足のプリンセス,3,300005,100070160,3,4,3650,7660,3250,10007_0160_00,10007_0160_01,3,,,0,0,0,0,Bare-Footed Princess,1
100090162,1009,プリンセスニコニー,2,200005,100090162,3,4,3250,3650,7660,10009_0162_00,10009_0162_01,3,,,0,0,0,0,Smiling Princess,1
100050158,1005,スイーツタイム♪,2,200005,100050158,3,4,3250,3650,7660,10005_0158_00,10005_0158_01,3,,,0,0,0,0,Time for Sweets!,1
100060160,1006,まどろみのプリンセス,2,200005,100060160,3,4,3250,3650,7660,10006_0160_00,10006_0160_01,3,,,0,0,0,0,Sleeping Princess,1
100080160,1008,みんなお姫様,3,300005,100080160,3,4,3650,7660,3250,10008_0160_00,10008_0160_01,3,,,0,0,0,0,Everyone's a Princess,1
130020019,4002,常夏のプール,1,100008,130020019,3,4,5350,4100,4500,13002_0019_00,13002_0019_01,3,,,0,0,0,0,Endless Summer Pool,1
130030019,4003,ちぃちゃん式準備体操,2,200008,130030019,3,4,4100,4500,5350,13003_0019_00,13003_0019_01,3,,,0,0,0,0,Chisato's Warm-Up,1
130040019,4004,視線を釘づけ,3,300008,130040019,2,3,4410,5140,3400,13004_0019_00,13004_0019_01,2,,,0,0,0,0,Eye Catcher,1
130010020,4001,波のプールで,1,100002,130010020,2,3,4970,4140,3270,13001_0020_00,13001_0020_01,2,,,0,0,0,0,At the Wave Pool,1
130050019,4005,夏の思い出,2,200002,130050019,2,3,3100,4290,4890,13005_0019_00,13005_0019_01,2,,,0,0,0,0,Summer Memories,1
110060148,2006,魔眼の間隙,3,300001,110060148,3,4,4520,4880,3450,11006_0148_00,11006_0148_01,3,,,0,0,0,0,Magic Eye Dazzled,1
130060001,4006,憧れへの第一歩,2,200002,130060001,2,3,3600,4030,4530,13006_0001_00,13006_0001_01,2,,,0,0,0,0,First Step of A Dream,1
130070001,4007,好きをパワーに,2,200002,130070001,2,3,4030,3600,4530,13007_0001_00,13007_0001_01,2,,,0,0,0,0,Turn Love into Power,1
130080001,4008,蝶々のように,3,300002,130080001,2,3,4030,4530,3600,13008_0001_00,13008_0001_01,2,,,0,0,0,0,Like a Butterfly,1
130090001,4009,一攫千マニー,1,100002,130090001,2,3,4530,4030,3600,13009_0001_00,13009_0001_01,2,,,0,0,0,0,Easy Money,1
100060161,1006,サンセットメモリー,3,300005,100060161,3,4,7430,7870,7210,10006_0161_00,10006_0161_01,3,,,0,0,0,0,Sunset Memories,1
110020145,2002,夕日の調べ,2,200006,110020145,3,4,7210,7430,7870,11002_0145_00,11002_0145_01,3,,,0,0,0,0,Evening Melody,1
100090163,1009,大人の雰囲気で,2,200005,100090163,3,4,3250,3650,7660,10009_0163_00,10009_0163_01,3,,,0,0,0,0,With a Mature Vibe,1
110030142,2003,さかなのみるゆめ,2,200006,110030142,3,4,3250,3650,7660,11003_0142_00,11003_0142_01,3,,,0,0,0,0,A Fishy Dream,1
110040142,2004,初雪に溶ける思い,3,300006,110040142,3,4,3650,7660,3250,11004_0142_00,11004_0142_01,3,,,0,0,0,0,Feelings Melt in Snow,1
110080146,2008,明日の輝きを求めて,1,100006,110080146,3,4,7660,3250,3650,11008_0146_00,11008_0146_01,3,,,0,0,0,0,Seeking Future Shine,1
100090164,1009,大銀河宇宙No.1☆,1,100001,100090164,3,4,4880,4210,3750,10009_0164_00,10009_0164_01,3,,,0,0,0,0,No. 1 in the Universe,1
110060149,2006,不安定セカイ・渡航,3,300006,110060149,3,4,3650,7660,3250,11006_0149_00,11006_0149_01,3,,,0,0,0,0,Unstable World Voyage,1
110070143,2007,おはようのための,1,100006,110070143,3,4,7660,3250,3650,11007_0143_00,11007_0143_01,3,,,0,0,0,0,To Say Good Morning,1
110090144,2009,夢にウインク！,2,200006,110090144,3,4,3250,3650,7660,11009_0144_00,11009_0144_01,3,,,0,0,0,0,Dreamy Wink!,1
110010147,2001,一日を長く感じて,2,200006,110010147,3,4,3250,3650,7660,11001_0147_00,11001_0147_01,3,,,0,0,0,0,Days Getting Longer,1
100010167,1001,幸せな誕生日,2,200005,100010167,3,4,3250,3650,7660,10001_0167_00,10001_0167_01,3,,,0,0,0,0,Delightful Birthday,1
110010148,2001,きらきらを、何度でも,1,100006,110010148,3,4,7660,3250,3650,11001_0148_00,11001_0148_01,3,,,0,0,0,0,Sparkle Over and Over,1
110020146,2002,届け、私のピアノ,3,300006,110020146,3,4,3650,7660,3250,11002_0146_00,11002_0146_01,3,,,0,0,0,0,Sharing My Piano,1
110050149,2005,始まりの情熱,2,200006,110050149,3,4,3250,3650,7660,11005_0149_00,11005_0149_01,3,,,0,0,0,0,Beginning Passion,1
100030159,1003,ウィンド・チャイム,1,100004,100030159,3,4,7660,2310,5910,10003_0159_00,10003_0159_01,3,,,0,0,0,0,Wind Chime,1
100080161,1008,ビビッド・ドロー,3,300004,100080161,3,4,5910,7660,2310,10008_0161_00,10008_0161_01,3,,,0,0,0,0,Vivid Drawing,1
120020022,3002,カワイイの塊！,1,100007,120020022,3,4,5320,4100,4490,12002_0022_00,12002_0022_01,3,,,0,0,0,0,Kawaii Personified,1
100020161,1002,キミのプラン,3,300005,100020161,3,4,5910,7940,2030,10002_0161_00,10002_0161_01,3,,,0,0,0,0,Your Plans,1
100070161,1007,ウチのおすすめ,2,200005,100070161,3,4,2030,5910,7940,10007_0161_00,10007_0161_01,3,,,0,0,0,0,My Recommendation,1
100090165,1009,特別なツーショット,1,100005,100090165,3,4,7940,2030,5910,10009_0165_00,10009_0165_01,3,,,0,0,0,0,A Special Photo of Us,1
110010149,2001,今日だけのお姫様,1,100001,110010149,3,4,4880,4520,3450,11001_0149_00,11001_0149_01,3,,,0,0,0,0,A Princess for Today,1
120070024,3007,ペリドットの夢,1,100007,120070024,3,4,7660,3250,3650,12007_0024_00,12007_0024_01,3,,,0,0,0,0,Peridot Dream,1
100010168,1001,みんなのライブ,1,100001,100010168,3,4,4890,4790,3180,10001_0168_00,10001_0168_01,3,,,0,0,0,0,Everyone's Live Show,1
100010169,1001,もっと歩いて,1,100005,100010169,3,4,7940,2030,5910,10001_0169_00,10001_0169_01,3,,,0,0,0,0,Walk On and On,1
100030160,1003,ワンピースバカンス,2,200005,100030160,3,4,2030,5910,7940,10003_0160_00,10003_0160_01,3,,,0,0,0,0,Dress Vacation,1
100040159,1004,時間の使い方,3,300005,100040159,3,4,5910,7940,2030,10004_0159_00,10004_0159_01,3,,,0,0,0,0,How to Pass Time,1
110010150,2001,おつかいのトマト,3,300006,110010150,3,4,5910,7940,2030,11001_0150_00,11001_0150_01,3,,,0,0,0,0,Tomato Errand,1
110020147,2002,海辺のパニーニ,2,200006,110020147,3,4,2030,5910,7940,11002_0147_00,11002_0147_01,3,,,0,0,0,0,Panini by the Ocean,1
110050150,2005,夢中になる味,1,100006,110050150,3,4,7940,2030,5910,11005_0150_00,11005_0150_01,3,,,0,0,0,0,Transfixing Flavor,1
110030143,2003,渚のお茶娘,3,300006,110030143,3,4,4500,5350,4100,11003_0143_00,11003_0143_01,3,,,0,0,0,0,Waterside Tea Girl,1
110050151,2005,茶娘姿でパチリ,2,200006,110050151,3,4,4100,4490,5320,11005_0151_00,11005_0151_01,3,,,0,0,0,0,Tea Girl Outfit Photo,1
110060150,2006,茶畑の堕天使,2,200006,110060150,3,4,4100,4500,5320,11006_0150_00,11006_0150_01,3,,,0,0,0,0,Fallen Angel of Tea,1
110080147,2008,沼津を満喫,3,300006,110080147,2,3,4350,5120,3480,11008_0147_00,11008_0147_01,2,,,0,0,0,0,Your Fill of Numazu,1
120070025,3007,目指す先のその先へ,2,200001,120070025,3,4,3450,4520,4880,12007_0025_00,12007_0025_01,3,,,0,0,0,0,Far Beyond the Aim,1
100050159,1005,迷子のネコ,1,100005,100050159,3,4,7940,2030,5910,10005_0159_00,10005_0159_01,3,,,0,0,0,0,Lost Cat,1
100060162,1006,旅の予習,3,300005,100060162,3,4,5910,7940,2030,10006_0162_00,10006_0162_01,3,,,0,0,0,0,Prepping for the Trip,1
100080162,1008,写真のなかの笑顔,2,200005,100080162,3,4,2030,5910,7940,10008_0162_00,10008_0162_01,3,,,0,0,0,0,A Smile in a Photo,1
110060151,2006,漆黒を纏いし豊穣の証,2,200006,110060151,3,4,2030,5910,7940,11006_0151_00,11006_0151_01,3,,,0,0,0,0,Abundance in Black,1
110070144,2007,グルメと想像の旅,3,300006,110070144,3,4,5910,7940,2030,11007_0144_00,11007_0144_01,3,,,0,0,0,0,Dream Gourmet Holiday,1
110090145,2009,好きなお味は？,1,100006,110090145,3,4,7940,2030,5910,11009_0145_00,11009_0145_01,3,,,0,0,0,0,Your Favorite Flavor,1
110030144,2003,みんなで分け合って,1,100006,110030144,3,4,7940,2030,5910,11003_0144_00,11003_0144_01,3,,,0,0,0,0,Sharing with Everyone,1
110040143,2004,ビッグティラミス,2,200006,110040143,3,4,2030,5910,7940,11004_0143_00,11004_0143_01,3,,,0,0,0,0,Enormous Tiramisu,1
110080148,2008,シャイニーな試食会,3,300006,110080148,3,4,5910,7940,2030,11008_0148_00,11008_0148_01,3,,,0,0,0,0,Shiny Food Sampling,1
100020162,1002,ナイトプール・スワン,3,300005,100020162,3,4,7430,7870,7210,10002_0162_00,10002_0162_01,3,,,0,0,0,0,Night Pool Swan,1
100030161,1003,ナイトアクアリウム,2,200005,100030161,3,4,7210,7430,7870,10003_0161_00,10003_0161_01,3,,,0,0,0,0,Night Aquarium,1
110050152,2005,どきどきナイトプール,1,100006,110050152,3,4,7870,7210,7430,11005_0152_00,11005_0152_01,3,,,0,0,0,0,Exciting Night Pool,1
110070145,2007,うきうきナイトプール,3,300006,110070145,3,4,7430,7870,7210,11007_0145_00,11007_0145_01,3,,,0,0,0,0,Happy Night Pool,1
100010170,1001,憧れのレースクイーン,2,200005,100010170,3,4,2030,5910,7940,10001_0170_00,10001_0170_01,3,,,0,0,0,0,Adored Grid Girl,1
100030162,1003,こだわりの衣装,3,300005,100030162,3,4,5910,7940,2030,10003_0162_00,10003_0162_01,3,,,0,0,0,0,A Specialty Costume,1
100040160,1004,記念写真に応えて,2,200005,100040160,3,4,2030,5910,7940,10004_0160_00,10004_0160_01,3,,,0,0,0,0,Commemorative Photo,1
110010151,2001,もっと泳ぎたくて,2,200006,110010151,3,4,2030,5910,7940,11001_0151_00,11001_0151_01,3,,,0,0,0,0,I Want to Swim More,1
110020148,2002,ひんやりかき氷,1,100006,110020148,3,4,7940,2030,5910,11002_0148_00,11002_0148_01,3,,,0,0,0,0,Cool Shaved Ice,1
110050153,2005,スペシャルドリンク♪,3,300006,110050153,3,4,5910,7940,2030,11005_0153_00,11005_0153_01,3,,,0,0,0,0,A Special Drink,1
100050160,1005,ステージも駆け抜けて,3,300005,100050160,3,4,5910,7940,2030,10005_0160_00,10005_0160_01,3,,,0,0,0,0,Speedy Onstage Too,1
100060163,1006,駆け抜ける疾走感,1,100005,100060163,3,4,7940,2030,5910,10006_0163_00,10006_0163_01,3,,,0,0,0,0,Rush of Speed,1
100080163,1008,この日のために,1,100005,100080163,3,4,7940,2030,5910,10008_0163_00,10008_0163_01,3,,,0,0,0,0,For This Day,1
110060152,2006,真夏の夜の堕天使,1,100006,110060152,3,4,7940,2030,5910,11006_0152_00,11006_0152_01,3,,,0,0,0,0,Midsummer Night Angel,1
110070146,2007,フロートに乗って,2,200006,110070146,3,4,2030,5910,7940,11007_0146_00,11007_0146_01,3,,,0,0,0,0,Ride the Float,1
110090146,2009,お魚さんに乗って,3,300006,110090146,3,4,5910,7940,2030,11009_0146_00,11009_0146_01,3,,,0,0,0,0,Ride the Fish,1
100020163,1002,フラッグを使って,2,200005,100020163,3,4,2030,5910,7940,10002_0163_00,10002_0163_01,3,,,0,0,0,0,Working the Flags,1
100070162,1007,圧巻の光景,1,100005,100070162,3,4,7940,2030,5910,10007_0162_00,10007_0162_01,3,,,0,0,0,0,A Stunning Sight,1
100090166,1009,ニコニーに夢中,3,300005,100090166,3,4,5910,7940,2030,10009_0166_00,10009_0166_01,3,,,0,0,0,0,Obsessed with Nico-Ni,1
110030145,2003,泳ぎの季節,3,300006,110030145,3,4,5910,7940,2030,11003_0145_00,11003_0145_01,3,,,0,0,0,0,Swimming Season,1
110040144,2004,髪を束ねて,1,100006,110040144,3,4,7940,2030,5910,11004_0144_00,11004_0144_01,3,,,0,0,0,0,Tying My Hair Up,1
110080149,2008,サマースケジュール,2,200006,110080149,3,4,2030,5910,7940,11008_0149_00,11008_0149_01,3,,,0,0,0,0,Summer Schedule,1
110020149,2002,曜ちゃんがいるから,3,300004,110020149,3,4,5910,7660,2310,11002_0149_00,11002_0149_01,3,,,0,0,0,0,Because You is Here,1
110050154,2005,海とアイスの幸せ,1,100004,110050154,3,4,7660,2310,5910,11005_0154_00,11005_0154_01,3,,,0,0,0,0,Ice-Cream-and-Sea Joy,1
120030028,3003,全てが私,2,200007,120030028,3,4,4490,4100,5320,12003_0028_00,12003_0028_01,3,,,0,0,0,0,It's All Me,1
110060153,2006,ヨハネの道案内,2,200006,110060153,3,4,3250,3650,7660,11006_0153_00,11006_0153_01,3,,,0,0,0,0,Yohane's Guide,1
110070147,2007,ご当地スイーツ,3,300006,110070147,3,4,3650,7660,3250,11007_0147_00,11007_0147_01,3,,,0,0,0,0,Local Sweets,1
110090147,2009,葉っぱのドレス,1,100006,110090147,3,4,7660,3250,3650,11009_0147_00,11009_0147_01,3,,,0,0,0,0,Foliage Dress,1
110030146,2003,秋の過ごし方,1,100006,110030146,3,4,7660,3250,3650,11003_0146_00,11003_0146_01,3,,,0,0,0,0,Fall Days,1
110040145,2004,旅の車窓,2,200006,110040145,3,4,3250,3650,7660,11004_0145_00,11004_0145_01,3,,,0,0,0,0,Sightseeing Window,1
110080150,2008,エンジョイしたいから,3,300006,110080150,3,4,3650,7660,3250,11008_0150_00,11008_0150_01,3,,,0,0,0,0,I Want to Have Fun,1
100020164,1002,あの子に似てるから,1,100005,100020164,3,4,5350,4100,4500,10002_0164_00,10002_0164_01,3,,,0,0,0,0,It Reminds Me of Her,1
100050161,1005,猫まつりにゃ！,2,200005,100050161,3,4,4100,4500,5350,10005_0161_00,10005_0161_01,3,,,0,0,0,0,Cat Fest Time!,1
100060164,1006,香りの思い出,3,300005,100060164,3,4,4520,5340,4090,10006_0164_00,10006_0164_01,3,,,0,0,0,0,Memory of a Scent,1
100090167,1009,さらに磨き上げて,1,100005,100090167,2,3,5180,4380,3390,10009_0167_00,10009_0167_01,2,,,0,0,0,0,Hone It Further,1
100030163,1003,お守りの石,1,100005,100030163,3,4,7660,3250,3650,10003_0163_00,10003_0163_01,3,,,0,0,0,0,Lucky Charm Stone,1
110010152,2001,秋色に染まる景色,3,300006,110010152,3,4,3650,7660,3250,11001_0152_00,11001_0152_01,3,,,0,0,0,0,The Colors of Fall,1
110020150,2002,紅葉のなかで,2,200006,110020150,3,4,3250,3650,7660,11002_0150_00,11002_0150_01,3,,,0,0,0,0,Among the Fall Leaves,1
110050155,2005,秋のコーディネート,1,100006,110050155,3,4,7660,3250,3650,11005_0155_00,11005_0155_01,3,,,0,0,0,0,Fall Fashion,1
100030164,1003,早く会いたくて,3,300001,100030164,3,4,3220,4890,4750,10003_0164_00,10003_0164_01,3,,,0,0,0,0,Want to See You Early,1
110020151,2002,夜を奏でて,1,100006,110020151,3,4,7660,3250,3650,11002_0151_00,11002_0151_01,3,,,0,0,0,0,Performing at Night,1
110090148,2009,サファイアをまとって,3,300006,110090148,3,4,3650,7660,3250,11009_0148_00,11009_0148_01,3,,,0,0,0,0,Wrapped in Sapphires,1
110020152,2002,少しでも長く,3,300001,110020152,3,4,3220,4890,4750,11002_0152_00,11002_0152_01,3,,,0,0,0,0,Just a Bit Longer,1
100050162,1005,トロピカルダンシング,3,300005,100050162,3,4,7430,7870,7210,10005_0162_00,10005_0162_01,3,,,0,0,0,0,Tropical Dancing,1
110080151,2008,マリーのフラダンス,2,200006,110080151,3,4,7210,7430,7870,11008_0151_00,11008_0151_01,3,,,0,0,0,0,Mari's Hula Dance,1
100050163,1005,ふわふわの帽子,2,200005,100050163,3,4,3250,3650,7660,10005_0163_00,10005_0163_01,3,,,0,0,0,0,Fluffy Hat,1
100060165,1006,ふたりだから,1,100005,100060165,3,4,7660,3250,3650,10006_0165_00,10006_0165_01,3,,,0,0,0,0,Since We're Together,1
100080164,1008,マフラーをふたりで,3,300005,100080164,3,4,3650,7660,3250,10008_0164_00,10008_0164_01,3,,,0,0,0,0,Sharing a Scarf,1
100020165,1002,夜景に包まれて,2,200005,100020165,3,4,3250,3650,7660,10002_0165_00,10002_0165_01,3,,,0,0,0,0,Shrouded in the Night,1
100070163,1007,浴衣でくつろいで,3,300005,100070163,3,4,3650,7660,3250,10007_0163_00,10007_0163_01,3,,,0,0,0,0,Relaxing in a Yukata,1
100090168,1009,ニコニーに似合う服,1,100005,100090168,3,4,7660,3250,3650,10009_0168_00,10009_0168_01,3,,,0,0,0,0,Clothes for Nico,1
130060002,4006,２人だけの秘密,2,200008,130060002,3,4,7210,7430,7870,13006_0002_00,13006_0002_01,3,,,0,0,0,0,Our Secret,1
130070002,4007,小悪魔メイちゃん★,3,300008,130070002,3,4,7430,7870,7210,13007_0002_00,13007_0002_01,3,,,0,0,0,0,Little Devil Mei,1
110090149,2009,ルビィのハート,2,200001,110090149,3,4,3180,4790,4890,11009_0149_00,11009_0149_01,3,,,0,0,0,0,Ruby's Heart,1
100010171,1001,スイーツに囲まれて,3,300005,100010171,3,4,3650,7660,3250,10001_0171_00,10001_0171_01,3,,,0,0,0,0,Surrounded by Sweets,1
100030165,1003,観覧車に揺られて,2,200005,100030165,3,4,3250,3650,7660,10003_0165_00,10003_0165_01,3,,,0,0,0,0,Rocking Ferris Wheel,1
100040161,1004,残暑の海で,1,100005,100040161,3,4,7660,3250,3650,10004_0161_00,10004_0161_01,3,,,0,0,0,0,Lingering Heat at Sea,1
120100015,3010,ジュエリーへの憧れ,3,300007,120100015,3,4,3650,7660,3250,12010_0015_00,12010_0015_01,3,,,0,0,0,0,Longing for Jewelry,1
100050164,1005,ウェットカウンター,1,100004,100050164,3,4,7660,2310,5910,10005_0164_00,10005_0164_01,3,,,0,0,0,0,Splash Counter,1
100090169,1009,スプラッシュヒット,2,200004,100090169,3,4,2310,5910,7660,10009_0169_00,10009_0169_01,3,,,0,0,0,0,Splash Attack,1
120040025,3004,この瞳に映るもの,2,200007,120040025,3,4,4490,4100,5320,12004_0025_00,12004_0025_01,3,,,0,0,0,0,Reflected in My Eyes,1
120100016,3010,決意とともに,1,100001,120100016,3,4,4890,4790,3180,12010_0016_00,12010_0016_01,3,,,0,0,0,0,With Resolution,1
110060154,2006,あなたを召喚,1,100006,110060154,3,4,7660,3250,3650,11006_0154_00,11006_0154_01,3,,,0,0,0,0,I Summon Thee!,1
110070148,2007,マルの恋の花,2,200006,110070148,3,4,3250,3650,7660,11007_0148_00,11007_0148_01,3,,,0,0,0,0,Blossoms of My Love,1
110090150,2009,CYaRon！スマイル,3,300006,110090150,3,4,3650,7660,3250,11009_0150_00,11009_0150_01,3,,,0,0,0,0,CYaRon! Smile,1
110010153,2001,大好きな衣装,2,200006,110010153,3,4,3250,3650,7660,11001_0153_00,11001_0153_01,3,,,0,0,0,0,A Beloved Costume,1
110020153,2002,刺激的な時間,1,100006,110020153,3,4,7660,3250,3650,11002_0153_00,11002_0153_01,3,,,0,0,0,0,Exciting Times,1
110050156,2005,元気をチャージ,3,300006,110050156,3,4,3650,7660,3250,11005_0156_00,11005_0156_01,3,,,0,0,0,0,Charging Energy,1
110030147,2003,イメージチェンジ,3,300006,110030147,3,4,3650,7660,3250,11003_0147_00,11003_0147_01,3,,,0,0,0,0,A Change of Style,1
110040146,2004,他言無用！,1,100006,110040146,3,4,7660,3250,3650,11004_0146_00,11004_0146_01,3,,,0,0,0,0,This Stays Between Us,1
110080152,2008,恋のヴァルハラ,2,200006,110080152,3,4,3250,3650,7660,11008_0152_00,11008_0152_01,3,,,0,0,0,0,Valhalla of Love,1
110010154,2001,浦の星とAqours,2,200006,110010154,2,3,3480,4350,5120,11001_0154_00,11001_0154_01,2,,,0,0,0,0,Uranohoshi and Aqours,1
110040147,2004,魅入る蛍光,2,200006,110040147,3,4,4100,4500,5350,11004_0147_00,11004_0147_01,3,,,0,0,0,0,Enchanting Glow,1
110070149,2007,幻想蛍夜,3,300006,110070149,3,4,4500,5350,4100,11007_0149_00,11007_0149_01,3,,,0,0,0,0,Magical Firefly Night,1
110090151,2009,心に残る蛍狩り,1,100006,110090151,3,4,5260,3890,4800,11009_0151_00,11009_0151_01,3,,,0,0,0,0,Memories of Fireflies,1
100020166,1002,大人っぽく仕上げて,1,100005,100020166,3,4,7660,3250,3650,10002_0166_00,10002_0166_01,3,,,0,0,0,0,Mature Flair,1
100010172,1001,かわいく、カッコよく,2,200005,100010172,3,4,2030,5910,7940,10001_0172_00,10001_0172_01,3,,,0,0,0,0,Be Cute and Stylish,1
100030166,1003,新しいイメージ,1,100005,100030166,3,4,7940,2030,5910,10003_0166_00,10003_0166_01,3,,,0,0,0,0,New Style,1
100040162,1004,リズムに乗って,3,300005,100040162,3,4,5910,7940,2030,10004_0162_00,10004_0162_01,3,,,0,0,0,0,Caught Up in a Rhythm,1
110060155,2006,興奮の渦,3,300006,110060155,3,4,5910,7940,2030,11006_0155_00,11006_0155_01,3,,,0,0,0,0,Vortex of Excitement,1
110070150,2007,背中を押したくて,1,100006,110070150,3,4,7940,2030,5910,11007_0150_00,11007_0150_01,3,,,0,0,0,0,Encouraging Me,1
110090152,2009,強い想い,2,200006,110090152,3,4,2030,5910,7940,11009_0152_00,11009_0152_01,3,,,0,0,0,0,Strong Feelings,1
110010155,2001,高海千歌,2,200001,110010155,3,4,4790,2930,5140,11001_0155_00,11001_0155_01,3,,,0,0,0,0,Chika Takami,1
110020154,2002,桜内梨子,2,200001,110020154,3,4,4790,2930,5140,11002_0154_00,11002_0154_01,3,,,0,0,0,0,Riko Sakurauchi,1
110030148,2003,松浦果南,1,100001,110030148,3,4,5140,4790,2930,11003_0148_00,11003_0148_01,3,,,0,0,0,0,Kanan Matsuura,1
110040148,2004,黒澤ダイヤ,2,200001,110040148,3,4,4790,2930,5140,11004_0148_00,11004_0148_01,3,,,0,0,0,0,Dia Kurosawa,1
110050157,2005,渡辺曜,3,300001,110050157,3,4,2930,5140,4790,11005_0157_00,11005_0157_01,3,,,0,0,0,0,You Watanabe,1
110060156,2006,津島善子,1,100001,110060156,3,4,5140,4790,2930,11006_0156_00,11006_0156_01,3,,,0,0,0,0,Yoshiko Tsushima,1
110070151,2007,国木田花丸,3,300001,110070151,3,4,2930,5140,4790,11007_0151_00,11007_0151_01,3,,,0,0,0,0,Hanamaru Kunikida,1
110080153,2008,小原鞠莉,3,300001,110080153,3,4,2930,5140,4790,11008_0153_00,11008_0153_01,3,,,0,0,0,0,Mari Ohara,1
110090153,2009,黒澤ルビィ,1,100001,110090153,3,4,5140,4790,2930,11009_0153_00,11009_0153_01,3,,,0,0,0,0,Ruby Kurosawa,1
100050165,1005,新規開拓にゃ♪,3,300005,100050165,3,4,5910,7940,2030,10005_0165_00,10005_0165_01,3,,,0,0,0,0,Breaking New Ground,1
100060166,1006,ちょっぴりハードに,2,200005,100060166,3,4,2030,5910,7940,10006_0166_00,10006_0166_01,3,,,0,0,0,0,A Little Toughness,1
100080165,1008,ギターに挑戦♪,1,100005,100080165,3,4,7940,2030,5910,10008_0165_00,10008_0165_01,3,,,0,0,0,0,Trying the Guitar!,1
110010156,2001,ハートに響かせて,1,100006,110010156,3,4,7940,2030,5910,11001_0156_00,11001_0156_01,3,,,0,0,0,0,Playing Heartstrings,1
110020155,2002,オンリーワンの個性,3,300006,110020155,3,4,5910,7940,2030,11002_0155_00,11002_0155_01,3,,,0,0,0,0,Unique Individuality,1
110050158,2005,ロックなAqours,2,200006,110050158,3,4,2030,5910,7940,11005_0158_00,11005_0158_01,3,,,0,0,0,0,Rockin' Aqours,1
100040163,1004,ハロウィンフロート,2,200005,100040163,3,4,7210,7430,7870,10004_0163_00,10004_0163_01,3,,,0,0,0,0,Halloween Inflatable,1
100090170,1009,ナイト・カクテル,1,100005,100090170,3,4,7870,7210,7430,10009_0170_00,10009_0170_01,3,,,0,0,0,0,Evening Cocktails,1
110030149,2003,ナイトプールに乾杯,1,100006,110030149,3,4,7870,7210,7430,11003_0149_00,11003_0149_01,3,,,0,0,0,0,A Night Pool Toast,1
110060157,2006,漲る力,2,200006,110060157,3,4,7210,7430,7870,11006_0157_00,11006_0157_01,3,,,0,0,0,0,Brimming with Power,1
130080002,4008,完璧な小悪魔,1,100008,130080002,3,4,7870,7210,7430,13008_0002_00,13008_0002_01,3,,,0,0,0,0,Perfect Little Devil,1
130090002,4009,夏美プロデュース,3,300008,130090002,3,4,7430,7870,7210,13009_0002_00,13009_0002_01,3,,,0,0,0,0,Natsumi Productions,1
100020167,1002,誰よりも堂々と,2,200001,100020167,3,4,3450,4520,4880,10002_0167_00,10002_0167_01,3,,,0,0,0,0,Grander than Anyone,1
100020168,1002,ばっちりキメて♪,3,300005,100020168,3,4,5910,7940,2030,10002_0168_00,10002_0168_01,3,,,0,0,0,0,Right On the Mark,1
100070164,1007,クールにスイートに,1,100005,100070164,3,4,7940,2030,5910,10007_0164_00,10007_0164_01,3,,,0,0,0,0,Be Cool and Sweet,1
100090171,1009,にこにーに釘付け,2,200005,100090171,3,4,2030,5910,7940,10009_0171_00,10009_0171_01,3,,,0,0,0,0,Eyes on Nico-Ni,1
110030150,2003,クールで熱く,2,200006,110030150,3,4,2030,5910,7940,11003_0150_00,11003_0150_01,3,,,0,0,0,0,Cool and Passionate,1
110040149,2004,全身で表現したいから,3,300006,110040149,3,4,5910,7940,2030,11004_0149_00,11004_0149_01,3,,,0,0,0,0,Express with My Body,1
110080154,2008,シャイニーパッション,1,100006,110080154,3,4,7940,2030,5910,11008_0154_00,11008_0154_01,3,,,0,0,0,0,Shiny Passion,1
100050166,1005,バースデーソング♪,2,200005,100050166,3,4,3250,3650,7660,10005_0166_00,10005_0166_01,3,,,0,0,0,0,Birthday Song,1
120010024,3001,夢を描きたい！,1,100007,120010024,3,4,7940,2030,5910,12001_0024_00,12001_0024_01,3,,,0,0,0,0,Paint My Dreams!,1
120020023,3002,落書きはお手の物,3,300007,120020023,3,4,5910,7940,2030,12002_0023_00,12002_0023_01,3,,,0,0,0,0,Doodling Is My Thing,1
120030029,3003,芸術はこの胸のなか,1,100007,120030029,3,4,7940,2030,5910,12003_0029_00,12003_0029_01,3,,,0,0,0,0,Art Is in My Heart,1
120040026,3004,カラフルホッパー,1,100007,120040026,3,4,7940,2030,5910,12004_0026_00,12004_0026_01,3,,,0,0,0,0,Colorful Hoppers,1
120050024,3005,キャンバスを超えて,3,300007,120050024,3,4,5910,7940,2030,12005_0024_00,12005_0024_01,3,,,0,0,0,0,Beyond the Canvas,1
120060028,3006,ココロノート,2,200007,120060028,3,4,2030,5910,7940,12006_0028_00,12006_0028_01,3,,,0,0,0,0,Heart Notebook,1
120070026,3007,情熱で染め上げる！,2,200007,120070026,3,4,2030,5910,7940,12007_0026_00,12007_0026_01,3,,,0,0,0,0,Dye It with Passion!,1
120080028,3008,わたしとあなたの色,3,300007,120080028,3,4,5910,7940,2030,12008_0028_00,12008_0028_01,3,,,0,0,0,0,Colors of You and Me,1
120090023,3009,ココロの笑顔,2,200007,120090023,3,4,2030,5910,7940,12009_0023_00,12009_0023_01,3,,,0,0,0,0,Smiling Heart,1
120100017,3010,ひと筆の未来,2,200007,120100017,3,4,2030,5910,7940,12010_0017_00,12010_0017_01,3,,,0,0,0,0,Future in a Stroke,1
120120011,3012,未来を描いて,1,100007,120120011,3,4,7940,2030,5910,12012_0011_00,12012_0011_01,3,,,0,0,0,0,Draw the Future,1
120110011,3011,カラフルソング,3,300007,120110011,3,4,5910,7940,2030,12011_0011_00,12011_0011_01,3,,,0,0,0,0,Colorful Song,1
110030151,2003,傘咲く季節,3,300004,110030151,3,4,5910,7660,2310,11003_0151_00,11003_0151_01,3,,,0,0,0,0,Open Umbrella Season,1
110060158,2006,耐雨結界,1,100004,110060158,3,4,7660,2310,5910,11006_0158_00,11006_0158_01,3,,,0,0,0,0,Rain-Proof Barrier,1
120050025,3005,楽しく激しく！,2,200007,120050025,3,4,4490,4100,5320,12005_0025_00,12005_0025_01,3,,,0,0,0,0,Fun and Energetic!,1
100050167,1005,テンションを上げて,3,300001,100050167,3,4,3220,4890,4750,10005_0167_00,10005_0167_01,3,,,0,0,0,0,Get Excited,1
110010157,2001,みんなが素敵だから,3,300006,110010157,3,4,3650,7660,3250,11001_0157_00,11001_0157_01,3,,,0,0,0,0,Everyone is Wonderful,1
110020156,2002,幸せの音色,2,200006,110020156,3,4,3250,3650,7660,11002_0156_00,11002_0156_01,3,,,0,0,0,0,Joyous Tone,1
110050159,2005,船出にたとえて,1,100006,110050159,3,4,7660,3250,3650,11005_0159_00,11005_0159_01,3,,,0,0,0,0,Like Setting Sail,1
110060159,2006,堕天使のブーケトス,2,200006,110060159,3,4,3250,3650,7660,11006_0159_00,11006_0159_01,3,,,0,0,0,0,Fallen Angel Bouquet,1
110070152,2007,映画のシーンのように,3,300006,110070152,3,4,3650,7660,3250,11007_0152_00,11007_0152_01,3,,,0,0,0,0,Like a Movie Scene,1
110090154,2009,お姉ちゃんのドレス,1,100006,110090154,3,4,7660,3250,3650,11009_0154_00,11009_0154_01,3,,,0,0,0,0,My Big Sister's Dress,1
100040164,1004,味見の幸せ,2,200005,100040164,3,4,4100,4500,5350,10004_0164_00,10004_0164_01,3,,,0,0,0,0,The Joys of Tasting,1
100030167,1003,みんなで作った衣装,3,300005,100030167,3,4,4500,5350,4100,10003_0167_00,10003_0167_01,3,,,0,0,0,0,Costume Made Together,1
100080166,1008,最高のおもてなしを,1,100005,100080166,3,4,5260,3890,4800,10008_0166_00,10008_0166_01,3,,,0,0,0,0,The Ultimate Service,1
100010173,1001,ルックイン・マインド,3,300005,100010173,2,3,4350,5120,3480,10001_0173_00,10001_0173_01,2,,,0,0,0,0,Look Into My Mind,1
120090024,3009,一年に一度の大切な日,3,300007,120090024,3,4,3650,7660,3250,12009_0024_00,12009_0024_01,3,,,0,0,0,0,Once a Year Event,1
110030152,2003,小さな頃の誓い,1,100006,110030152,3,4,7660,3250,3650,11003_0152_00,11003_0152_01,3,,,0,0,0,0,Childhood Vow,1
110040150,2004,ウエディングの夢,2,200006,110040150,3,4,3250,3650,7660,11004_0150_00,11004_0150_01,3,,,0,0,0,0,Wedding Dream,1
110080155,2008,懐かしい遊び,3,300006,110080155,3,4,3650,7660,3250,11008_0155_00,11008_0155_01,3,,,0,0,0,0,Like the Old Days,1
120090025,3009,今こそ繋がろう,2,200001,120090025,3,4,3450,4520,4880,12009_0025_00,12009_0025_01,3,,,0,0,0,0,It's Time to Connect,1
100080167,1008,アクアスプラッシュ,1,100005,100080167,3,4,7870,7210,7430,10008_0167_00,10008_0167_01,3,,,0,0,0,0,Aqua Splash!,1
110090155,2009,転んじゃった,3,300006,110090155,3,4,7430,7870,7210,11009_0155_00,11009_0155_01,3,,,0,0,0,0,I Tripped,1
100020169,1002,猫のステップ,2,200005,100020169,3,4,3250,3650,7660,10002_0169_00,10002_0169_01,3,,,0,0,0,0,Cat's Step,1
100070165,1007,ラッキーアニマル♪,1,100005,100070165,3,4,7660,3250,3650,10007_0165_00,10007_0165_01,3,,,0,0,0,0,Lucky Animal,1
100090172,1009,あなたにも差し入れ,3,300005,100090172,3,4,3650,7660,3250,10009_0172_00,10009_0172_01,3,,,0,0,0,0,Refreshments for You,1
130010021,4001,無自覚な小悪魔,2,200008,130010021,3,4,7210,7430,7870,13001_0021_00,13001_0021_01,3,,,0,0,0,0,Unaware Little Devil,1
130020020,4002,好きになっちゃう,3,300008,130020020,3,4,7430,7870,7210,13002_0020_00,13002_0020_01,3,,,0,0,0,0,Head Over Heels,1
100050168,1005,ネコさんになって,1,100005,100050168,3,4,7660,3250,3650,10005_0168_00,10005_0168_01,3,,,0,0,0,0,Become a Cat,1
100060167,1006,感謝をかたちに,3,300005,100060167,3,4,3650,7660,3250,10006_0167_00,10006_0167_01,3,,,0,0,0,0,A Token of Thanks,1
100080168,1008,ありがとうを伝えて,2,200005,100080168,3,4,3250,3650,7660,10008_0168_00,10008_0168_01,3,,,0,0,0,0,Communicating Thanks,1
120110012,3011,ちゃんと祝ってよね！,1,100007,120110012,3,4,7660,3250,3650,12011_0012_00,12011_0012_01,3,,,0,0,0,0,Celebrate Properly!,1
100010174,1001,サークルメモリー,2,200004,100010174,3,4,2310,5910,7660,10001_0174_00,10001_0174_01,3,,,0,0,0,0,Circle of Memories,1
100070166,1007,サプライズ・ビジター,3,300004,100070166,3,4,5910,7660,2310,10007_0166_00,10007_0166_01,3,,,0,0,0,0,Surprise Visitor,1
120060029,3006,ワガママOK！,1,100007,120060029,3,4,5320,4100,4490,12006_0029_00,12006_0029_01,3,,,0,0,0,0,Being Selfish is OK!,1
100010175,1001,髪型を変えてみて,3,300005,100010175,3,4,3650,7660,3250,10001_0175_00,10001_0175_01,3,,,0,0,0,0,Try a New Hairstyle,1
100030168,1003,感謝の気持ち,2,200005,100030168,3,4,3250,3650,7660,10003_0168_00,10003_0168_01,3,,,0,0,0,0,Feelings of Gratitude,1
100040165,1004,ネコを意識して,1,100005,100040165,3,4,7660,3250,3650,10004_0165_00,10004_0165_01,3,,,0,0,0,0,Think of Cats,1
110010158,2001,サンタチカチー☆,3,300006,110010158,3,4,3650,7660,3250,11001_0158_00,11001_0158_01,3,,,0,0,0,0,Santa Chika,1
110020157,2002,地上の星,2,200006,110020157,3,4,3250,3650,7660,11002_0157_00,11002_0157_01,3,,,0,0,0,0,A Star on Earth,1
110050160,2005,パーティ気分で,1,100006,110050160,3,4,7660,3250,3650,11005_0160_00,11005_0160_01,3,,,0,0,0,0,Feels Like a Party,1
110060160,2006,堕天使ヨハネのギフト,1,100006,110060160,3,4,7660,3250,3650,11006_0160_00,11006_0160_01,3,,,0,0,0,0,Fallen Angel's Gift,1
110070153,2007,夢の巨大ハンバーガー,2,200006,110070153,3,4,3250,3650,7660,11007_0153_00,11007_0153_01,3,,,0,0,0,0,Giant Dream Burger,1
110090156,2009,夢への写真,3,300006,110090156,3,4,3650,7660,3250,11009_0156_00,11009_0156_01,3,,,0,0,0,0,A Photo for a Dream,1
110050161,2005,渡辺曜,3,300001,110050161,2,3,4350,5120,3480,11005_0161_00,11005_0161_01,2,,,0,0,0,0,You Watanabe,1
110060161,2006,津島善子,2,200001,110060161,2,3,4380,3390,5180,11006_0161_00,11006_0161_01,2,,,0,0,0,0,Yoshiko Tsushima,1
110090157,2009,黒澤ルビィ,1,100001,110090157,2,3,5120,4350,3480,11009_0157_00,11009_0157_01,2,,,0,0,0,0,Ruby Kurosawa,1
120010025,3001,上原歩夢,1,100001,120010025,2,3,5120,4350,3480,12001_0025_00,12001_0025_01,2,,,0,0,0,0,Ayumu Uehara,1
120030030,3003,桜坂しずく,2,200001,120030030,2,3,4380,3390,5180,12003_0030_00,12003_0030_01,2,,,0,0,0,0,Shizuku Osaka,1
120100018,3010,三船栞子,3,300001,120100018,2,3,4350,5120,3480,12010_0018_00,12010_0018_01,2,,,0,0,0,0,Shioriko Mifune,1
100010176,1001,[パーティ]大正スクールアイドル,2,200004,100010176,3,4,2310,5910,7660,10001_0176_00,10001_0176_01,3,,,0,0,0,0,[Party Card] Taisho School Idols,1
100080169,1008,[パーティ]今は何の時代？,1,100004,100080169,3,4,7660,2310,5910,10008_0169_00,10008_0169_01,3,,,0,0,0,0,[Party Card] What Era Is It?,1
100020170,1002,[パーティ]シンプルドレス,3,300004,100020170,3,4,5910,7660,2310,10002_0170_00,10002_0170_01,3,,,0,0,0,0,[Party Card] Simple Dress?,1
100010177,1001,[パーティ]その日が来るまで,1,100004,100010177,3,4,7660,2310,5910,10001_0177_00,10001_0177_01,3,,,0,0,0,0,[Party Card] Until That Day...,1
100030169,1003,[パーティ]捕まえちゃいます♪,3,300004,100030169,3,4,5910,7660,2310,10003_0169_00,10003_0169_01,3,,,0,0,0,0,[Party Card] Get Ready!,1
100020171,1002,[パーティ]ターゲットはキミ♪,2,200004,100020171,3,4,2310,5910,7660,10002_0171_00,10002_0171_01,3,,,0,0,0,0,[Party Card] Target: You!,1
100040166,1004,[パーティ]期待に応えます！,1,100004,100040166,3,4,7660,2310,5910,10004_0166_00,10004_0166_01,3,,,0,0,0,0,[Party Card] I Won't Disappoint!,1
100060168,1006,[パーティ]奏でたい音楽,2,200004,100060168,3,4,2310,5910,7660,10006_0168_00,10006_0168_01,3,,,0,0,0,0,[Party Card] Music I Want to Play,1
100050169,1005,[パーティ]尊敬するにゃ！,2,200004,100050169,3,4,2310,5910,7660,10005_0169_00,10005_0169_01,3,,,0,0,0,0,[Party Card] Respect!,1
100030170,1003,[パーティ]みんなでって嬉しいな,3,300004,100030170,3,4,5910,7660,2310,10003_0170_00,10003_0170_01,3,,,0,0,0,0,[Party Card] Happier Together,1
100060169,1006,[パーティ]今の幸せ,3,300004,100060169,3,4,5910,7660,2310,10006_0169_00,10006_0169_01,3,,,0,0,0,0,[Party Card] Happy Where I Am,1
100070167,1007,[パーティ]一途な想い,2,200004,100070167,3,4,2310,5910,7660,10007_0167_00,10007_0167_01,3,,,0,0,0,0,[Party Card] Honest Emotion,1
100070168,1007,[パーティ]希のセット☆,2,200004,100070168,3,4,2310,5910,7660,10007_0168_00,10007_0168_01,3,,,0,0,0,0,[Party Card] The Nozomi Set!,1
100090173,1009,[パーティ]陰の努力,1,100004,100090173,3,4,7660,2310,5910,10009_0173_00,10009_0173_01,3,,,0,0,0,0,[Party Card] Secret Efforts,1
100080170,1008,[パーティ]花陽の春コーデ♪,1,100004,100080170,3,4,7660,2310,5910,10008_0170_00,10008_0170_01,3,,,0,0,0,0,[Party Card] My Spring Looks,1
100050170,1005,[パーティ]遊びに行こうっ！,2,200004,100050170,3,4,2310,5910,7660,10005_0170_00,10005_0170_01,3,,,0,0,0,0,[Party Card] Let's Go Out!,1
100090174,1009,[パーティ]小悪魔猛特訓！,3,300004,100090174,3,4,5910,7660,2310,10009_0174_00,10009_0174_01,3,,,0,0,0,0,[Party Card] Feisty Imp Training,1
100040167,1004,[パーティ]小悪魔な台詞,2,200004,100040167,3,4,2310,5910,7660,10004_0167_00,10004_0167_01,3,,,0,0,0,0,[Party Card] Suggestive Phrase,1
110010159,2001,[パーティ]可愛さをアピール,2,200004,110010159,3,4,2310,5910,7660,11001_0159_00,11001_0159_01,3,,,0,0,0,0,[Party Card] Acting Cutely,1
110090158,2009,[パーティ]心地良い場所,1,100004,110090158,3,4,7660,2310,5910,11009_0158_00,11009_0158_01,3,,,0,0,0,0,[Party Card] A Comfy Place,1
110020158,2002,[パーティ]happy life,2,200004,110020158,3,4,2310,5910,7660,11002_0158_00,11002_0158_01,3,,,0,0,0,0,[Party Card] happy life,1
110080156,2008,[パーティ]ラッキーアイテム,3,300004,110080156,3,4,5910,7660,2310,11008_0156_00,11008_0156_01,3,,,0,0,0,0,[Party Card] Lucky Charm,1
110030153,2003,[パーティ]キャンディシャワー,2,200004,110030153,3,4,2310,5910,7660,11003_0153_00,11003_0153_01,3,,,0,0,0,0,[Party Card] Candy Shower,1
110070154,2007,[パーティ]迷い火,1,100004,110070154,3,4,7660,2310,5910,11007_0154_00,11007_0154_01,3,,,0,0,0,0,[Party Card] Wandering Flame,1
110040151,2004,[パーティ]巫女舞ステップ,1,100004,110040151,3,4,7660,2310,5910,11004_0151_00,11004_0151_01,3,,,0,0,0,0,[Party Card] Shrine Maiden Steps,1
110030154,2003,[パーティ]わんわん巡回,3,300004,110030154,3,4,5910,7660,2310,11003_0154_00,11003_0154_01,3,,,0,0,0,0,[Party Card] Officer on Duty,1
110050162,2005,[パーティ]うさぎを追って,2,200004,110050162,3,4,2310,5910,7660,11005_0162_00,11005_0162_01,3,,,0,0,0,0,[Party Card] Follow the Rabbit,1
110020159,2002,"[パーティ]Hello,WONDER!",3,300004,110020159,3,4,5910,7660,2310,11002_0159_00,11002_0159_01,3,,,0,0,0,0,"[Party Card] Hello,WONDER!",1
110060162,2006,[パーティ]下界の儀式,3,300004,110060162,3,4,5910,7660,2310,11006_0162_00,11006_0162_01,3,,,0,0,0,0,[Party Card] Underworld Ritual,1
110040152,2004,[パーティ]はろうぃんぱーてぃ,3,300004,110040152,3,4,5910,7660,2310,11004_0152_00,11004_0152_01,3,,,0,0,0,0,[Party Card] Halloween Party,1
110070155,2007,[パーティ]色褪せぬ美しさ,2,200004,110070155,3,4,2310,5910,7660,11007_0155_00,11007_0155_01,3,,,0,0,0,0,[Party Card] Unfading Beauty,1
110010160,2001,[パーティ]オレンジマーメイド,2,200004,110010160,3,4,2310,5910,7660,11001_0160_00,11001_0160_01,3,,,0,0,0,0,[Party Card] Orange Mermaid,1
110080157,2008,[パーティ]あなただけに,2,200004,110080157,3,4,2310,5910,7660,11008_0157_00,11008_0157_01,3,,,0,0,0,0,[Party Card] Just for you,1
110060163,2006,[パーティ]罪のくちづけ,1,100004,110060163,3,4,7660,2310,5910,11006_0163_00,11006_0163_01,3,,,0,0,0,0,[Party Card] Sinful Smooch,1
110090159,2009,[パーティ]夢と幸せの在処,3,300004,110090159,3,4,5910,7660,2310,11009_0159_00,11009_0159_01,3,,,0,0,0,0,[Party Card] A Happy Home,1
110050163,2005,[パーティ]プラスワン・アレンジ,2,200004,110050163,3,4,2310,5910,7660,11005_0163_00,11005_0163_01,3,,,0,0,0,0,[Party Card] Rearranged,1
110020160,2002,生存戦略,2,200006,110020160,3,4,3250,3650,7660,11002_0160_00,11002_0160_01,3,,,0,0,0,0,Survival Strategy,1
110080158,2008,反撃開始！,3,300006,110080158,3,4,3650,7660,3250,11008_0158_00,11008_0158_01,3,,,0,0,0,0,"Counterstrike, Go!",1
110010161,2001,二丁拳銃でいこう,1,100006,110010161,3,4,5260,3890,4800,11001_0161_00,11001_0161_01,3,,,0,0,0,0,Let's Dual-Wield!,1
110070156,2007,一緒だと楽しくて,2,200006,110070156,2,3,4380,3390,5180,11007_0156_00,11007_0156_01,2,,,0,0,0,0,Always Fun Together,1
120110013,3011,ディーバの決意,2,200001,120110013,3,4,3450,4520,4880,12011_0013_00,12011_0013_01,3,,,0,0,0,0,Diva's Resolution,1
110030155,2003,雪の道を,1,100006,110030155,3,4,7660,3250,3650,11003_0155_00,11003_0155_01,3,,,0,0,0,0,On a Snowy Road,1
110040153,2004,ホリデーの朝,2,200006,110040153,3,4,3250,3650,7660,11004_0153_00,11004_0153_01,3,,,0,0,0,0,A Holiday Morning,1
110080159,2008,クリスマスカード♡,3,300006,110080159,3,4,3650,7660,3250,11008_0159_00,11008_0159_01,3,,,0,0,0,0,Christmas Cards,1
120060030,3006,同じ想いを胸に抱いて,3,300007,120060030,3,4,3650,7660,3250,12006_0030_00,12006_0030_01,3,,,0,0,0,0,With the Same Dreams,1
100020172,1002,プラクティス・マッチ,1,100005,100020172,3,4,7660,3250,3650,10002_0172_00,10002_0172_01,3,,,0,0,0,0,Practice Match,1
100070169,1007,レトロ・シャッター,3,300005,100070169,3,4,3650,7660,3250,10007_0169_00,10007_0169_01,3,,,0,0,0,0,Retro Camera Shutter,1
100090175,1009,プレチャージ・オン,2,200005,100090175,3,4,3250,3650,7660,10009_0175_00,10009_0175_01,3,,,0,0,0,0,Pre-Charge On,1
120060031,3006,全力で行こう,2,200001,120060031,3,4,3450,4520,4880,12006_0031_00,12006_0031_01,3,,,0,0,0,0,Let's Give It All,1
100050171,1005,狙いは確実、着実に,3,300005,100050171,3,4,3650,7660,3250,10005_0171_00,10005_0171_01,3,,,0,0,0,0,Steady and True Aim,1
100060170,1006,サウンド・チョイス,2,200005,100060170,3,4,3250,3650,7660,10006_0170_00,10006_0170_01,3,,,0,0,0,0,Sound Selection,1
100080171,1008,ホリディ・トレジャー,1,100005,100080171,3,4,7660,3250,3650,10008_0171_00,10008_0171_01,3,,,0,0,0,0,Day-Off Treasure,1
100010178,1001,ナイト・ショーアップ,2,200005,100010178,3,4,7210,7430,7870,10001_0178_00,10001_0178_01,3,,,0,0,0,0,Nighttime Amusements,1
100070170,1007,オン・ザ・フロート,1,100005,100070170,3,4,7870,7210,7430,10007_0170_00,10007_0170_01,3,,,0,0,0,0,On the Raft,1
110010162,2001,キラキラに輝いて,3,300006,110010162,3,4,7430,7870,7210,11001_0162_00,11001_0162_01,3,,,0,0,0,0,Shining Brightly,1
110040154,2004,その目で確かめて,1,100006,110040154,3,4,7870,7210,7430,11004_0154_00,11004_0154_01,3,,,0,0,0,0,Seeing Is Believing,1
130030020,4003,目を離しちゃダメ♪,1,100008,130030020,3,4,7870,7210,7430,13003_0020_00,13003_0020_01,3,,,0,0,0,0,Don't Look Away!,1
130040020,4004,宇宙一の小悪魔,2,200008,130040020,3,4,7210,7430,7870,13004_0020_00,13004_0020_01,3,,,0,0,0,0,Galaxy's Little Devil,1
130050020,4005,何度も聴きたい曲,1,100008,130050020,3,4,7870,7210,7430,13005_0020_00,13005_0020_01,3,,,0,0,0,0,A Song to Loop,1
100010179,1001,ホリディウォーキング,3,300005,100010179,3,4,3650,7660,3250,10001_0179_00,10001_0179_01,3,,,0,0,0,0,Day Off Walking,1
100030171,1003,見つかってよかった,1,100005,100030171,3,4,7660,3250,3650,10003_0171_00,10003_0171_01,3,,,0,0,0,0,Glad You Found Them,1
100040168,1004,読書タイムの楽しみ方,2,200005,100040168,3,4,3250,3650,7660,10004_0168_00,10004_0168_01,3,,,0,0,0,0,Ways to Enjoy Reading,1
110040155,2004,メイクアップルビィ,1,100006,110040155,3,4,7660,3250,3650,11004_0155_00,11004_0155_01,3,,,0,0,0,0,Makeup Time with Ruby,1
110040156,2004,懐かしい本を,2,200004,110040156,3,4,2310,5910,7660,11004_0156_00,11004_0156_01,3,,,0,0,0,0,A Nostalgic Book,1
110070157,2007,夢で続きを,3,300004,110070157,3,4,5910,7660,2310,11007_0157_00,11007_0157_01,3,,,0,0,0,0,Dreaming a Story,1
120070027,3007,野望フルスロットル,3,300007,120070027,3,4,4080,5340,4530,12007_0027_00,12007_0027_01,3,,,0,0,0,0,Full Speed Ambition,1
100010180,1001,新年の意気込み,2,200005,100010180,3,4,2030,5910,7940,10001_0180_00,10001_0180_01,3,,,0,0,0,0,New Year's Enthusiasm,1
100020173,1002,ハートのおみくじ掛け,3,300005,100020173,3,4,5910,7940,2030,10002_0173_00,10002_0173_01,3,,,0,0,0,0,Heart Rope Wires,1
100030172,1003,大好きをもっと,3,300005,100030172,3,4,5910,7940,2030,10003_0172_00,10003_0172_01,3,,,0,0,0,0,Love Them Much More,1
100040169,1004,気持ちも新たに,1,100005,100040169,3,4,7940,2030,5910,10004_0169_00,10004_0169_01,3,,,0,0,0,0,A Novel Feeling,1
100050172,1005,お参りの作法♪,2,200005,100050172,3,4,2030,5910,7940,10005_0172_00,10005_0172_01,3,,,0,0,0,0,Shrine Etiquette,1
100060171,1006,手を取って支えて,1,100005,100060171,3,4,7940,2030,5910,10006_0171_00,10006_0171_01,3,,,0,0,0,0,Hand-Holding Support,1
100070171,1007,打ち出の小槌で♪,1,100005,100070171,3,4,7940,2030,5910,10007_0171_00,10007_0171_01,3,,,0,0,0,0,With A Magic Mallet,1
100080172,1008,良い年を迎えて,3,300005,100080172,3,4,5910,7940,2030,10008_0172_00,10008_0172_01,3,,,0,0,0,0,Welcoming a Long Year,1
100090176,1009,銀河宇宙No.1,2,200005,100090176,3,4,2030,5910,7940,10009_0176_00,10009_0176_01,3,,,0,0,0,0,No.1 in the Galaxy,1
110010163,2001,みかん色の思い出,2,200006,110010163,3,4,2030,5910,7940,11001_0163_00,11001_0163_01,3,,,0,0,0,0,Mikan Orange Memory,1
110020161,2002,海辺のメロディ,1,100006,110020161,3,4,7940,2030,5910,11002_0161_00,11002_0161_01,3,,,0,0,0,0,A Seaside Melody,1
110030156,2003,遠泳マスター,3,300006,110030156,3,4,5910,7940,2030,11003_0156_00,11003_0156_01,3,,,0,0,0,0,Long-Distance Master,1
110040157,2004,吹き抜ける風の香り,1,100006,110040157,3,4,7940,2030,5910,11004_0157_00,11004_0157_01,3,,,0,0,0,0,Scent of the Breeze,1
110050164,2005,ドルフィン・ショー,3,300006,110050164,3,4,5910,7940,2030,11005_0164_00,11005_0164_01,3,,,0,0,0,0,Dolphin Show,1
110060164,2006,眷属の救出,2,200006,110060164,3,4,2030,5910,7940,11006_0164_00,11006_0164_01,3,,,0,0,0,0,Rescuing Minions,1
110070158,2007,図書館の静けさ,1,100006,110070158,3,4,7940,2030,5910,11007_0158_00,11007_0158_01,3,,,0,0,0,0,Hush of the Library,1
110080160,2008,一口の幸せ,2,200006,110080160,3,4,2030,5910,7940,11008_0160_00,11008_0160_01,3,,,0,0,0,0,A Mouthful of Bliss,1
110090160,2009,深海の神秘,3,300006,110090160,3,4,5910,7940,2030,11009_0160_00,11009_0160_01,3,,,0,0,0,0,Deep Sea Mysteries,1
110040158,2004,新年のお弾き初め,2,200001,110040158,3,4,3450,4520,4880,11004_0158_00,11004_0158_01,3,,,0,0,0,0,Playing in a New Year,1
100020174,1002,プレゼントをキミに,1,100005,100020174,3,4,5350,4100,4500,10002_0174_00,10002_0174_01,3,,,0,0,0,0,Giving You a Present,1
100060172,1006,プレゼントフォーユー,2,200005,100060172,3,4,4100,4500,5350,10006_0172_00,10006_0172_01,3,,,0,0,0,0,A Present for You,1
100040170,1004,季節外れの線香花火,3,300005,100040170,3,4,4520,5340,4090,10004_0170_00,10004_0170_01,3,,,0,0,0,0,Off-Season Sparklers,1
100070172,1007,ユア・グッドハンズ,2,200005,100070172,2,3,3480,4350,5120,10007_0172_00,10007_0172_01,2,,,0,0,0,0,In Good Hands,1
100020175,1002,ナイトミラーイメージ,2,200004,100020175,3,4,2310,5910,7660,10002_0175_00,10002_0175_01,3,,,0,0,0,0,Night Mirror Image,1
100030173,1003,フラワーリースリング,1,100004,100030173,3,4,7660,2310,5910,10003_0173_00,10003_0173_01,3,,,0,0,0,0,Flower Wreath Ring,1
100010181,1001,花束を君に,1,100005,100010181,3,4,7940,2030,5910,10001_0181_00,10001_0181_01,3,,,0,0,0,0,Bouquet for You,1
100030174,1003,ブーケを受け取って,3,300005,100030174,3,4,5910,7940,2030,10003_0174_00,10003_0174_01,3,,,0,0,0,0,Take This Bouquet,1
100040171,1004,瞳のゆらめき,2,200005,100040171,3,4,2030,5910,7940,10004_0171_00,10004_0171_01,3,,,0,0,0,0,A Twinkle in Your Eye,1
110010164,2001,みかん色の夢を抱えて,3,300006,110010164,3,4,5910,7940,2030,11001_0164_00,11001_0164_01,3,,,0,0,0,0,Mikan-Colored Dream,1
110020162,2002,祝福の音色を届けたい,2,200006,110020162,3,4,2030,5910,7940,11002_0162_00,11002_0162_01,3,,,0,0,0,0,The Sound of Blessing,1
110050165,2005,夢へのフラワーロード,1,100006,110050165,3,4,7940,2030,5910,11005_0165_00,11005_0165_01,3,,,0,0,0,0,Flower Road of Dreams,1
100050173,1005,駆け出す心,2,200005,100050173,3,4,2030,5910,7940,10005_0173_00,10005_0173_01,3,,,0,0,0,0,Rushing Heart,1
100060173,1006,一番星をめざして,3,300005,100060173,3,4,5910,7940,2030,10006_0173_00,10006_0173_01,3,,,0,0,0,0,Be the First Star,1
100080173,1008,受け取ってください！,1,100005,100080173,3,4,7940,2030,5910,10008_0173_00,10008_0173_01,3,,,0,0,0,0,This Is for You!,1
110060165,2006,純真な闇の使者,1,100006,110060165,3,4,7940,2030,5910,11006_0165_00,11006_0165_01,3,,,0,0,0,0,Innocent Dark Agent,1
110070159,2007,想いを花束に込めて,3,300006,110070159,3,4,5910,7940,2030,11007_0159_00,11007_0159_01,3,,,0,0,0,0,Bouquet of Emotions,1
110090161,2009,桃色のときめき,2,200006,110090161,3,4,2030,5910,7940,11009_0161_00,11009_0161_01,3,,,0,0,0,0,Peachy Crush,1
100020176,1002,花言葉に祈りを込めて,1,100005,100020176,3,4,7940,2030,5910,10002_0176_00,10002_0176_01,3,,,0,0,0,0,Message of Flowers,1
100070173,1007,ハートを込めた贈り物,2,200005,100070173,3,4,2030,5910,7940,10007_0173_00,10007_0173_01,3,,,0,0,0,0,A Gift of Hearts,1
100090177,1009,笑顔の魔法使い,3,300005,100090177,3,4,5910,7940,2030,10009_0177_00,10009_0177_01,3,,,0,0,0,0,Wizard of a Smile,1
110030157,2003,夢を身にまとって,1,100006,110030157,3,4,7940,2030,5910,11003_0157_00,11003_0157_01,3,,,0,0,0,0,Immersed in the Dream,1
110040159,2004,胸に抱く情熱の色,3,300006,110040159,3,4,5910,7940,2030,11004_0159_00,11004_0159_01,3,,,0,0,0,0,The Color of Passion,1
110080161,2008,一輪に込めた愛,2,200006,110080161,3,4,2030,5910,7940,11008_0161_00,11008_0161_01,3,,,0,0,0,0,Single Flower of Love,1
120020024,3002,夢に手を伸ばして,1,100007,120020024,3,4,7660,3250,3650,12002_0024_00,12002_0024_01,3,,,0,0,0,0,Reach for Your Dreams,1
110080162,2008,初めての手さばき,3,300006,110080162,3,4,4500,5350,4100,11008_0162_00,11008_0162_01,3,,,0,0,0,0,First Time Prepping,1
110090162,2009,大きいのをゲット！,1,100006,110090162,3,4,5350,4100,4500,11009_0162_00,11009_0162_01,3,,,0,0,0,0,Catching a Big One!,1
110070160,2007,コツが大事！,2,200006,110070160,3,4,4490,4100,5320,11007_0160_00,11007_0160_01,3,,,0,0,0,0,Gotta Have the Knack!,1
110040160,2004,それぞれのAqours,1,100006,110040160,2,3,5180,4380,3390,11004_0160_00,11004_0160_01,2,,,0,0,0,0,Everyone's Own Aqours,1
120020025,3002,かわいいの伝道者,3,300001,120020025,3,4,3220,4890,4750,12002_0025_00,12002_0025_01,3,,,0,0,0,0,Preacher of Cuteness,1
120080029,3008,わたしからも感謝を,1,100007,120080029,3,4,7660,3250,3650,12008_0029_00,12008_0029_01,3,,,0,0,0,0,Thanks from Me Also,1
120080030,3008,月のように照らしたい,1,100007,120080030,3,4,5320,4100,4490,12008_0030_00,12008_0030_01,3,,,0,0,0,0,Shine Like the Moon,1
110030158,2003,誕生日の集大成,3,300006,110030158,3,4,3650,7660,3250,11003_0158_00,11003_0158_01,3,,,0,0,0,0,Hard Work Leading Up,1
120120012,3012,みんないるから大丈夫,2,200007,120120012,3,4,3250,3650,7660,12012_0012_00,12012_0012_01,3,,,0,0,0,0,We're Fine Together,1
120010026,3001,あなたの言葉が欲しい,3,300007,120010026,3,4,3650,7660,3250,12001_0026_00,12001_0026_01,3,,,0,0,0,0,I Want Your Words,1
110070161,2007,最高にハナマル,3,300006,110070161,3,4,3650,7660,3250,11007_0161_00,11007_0161_01,3,,,0,0,0,0,Make You Proud,1
120030031,3003,新たな舞台の幕あけ,2,200007,120030031,3,4,3250,3650,7660,12003_0031_00,12003_0031_01,3,,,0,0,0,0,A New Stage Starts,1
120080031,3008,後悔なく明日へ,3,300001,120080031,3,4,3220,4890,4750,12008_0031_00,12008_0031_01,3,,,0,0,0,0,No Regrets Tomorrow,1
110030159,2003,嬉しい時は泣かないで,1,100001,110030159,3,4,4890,4790,3180,11003_0159_00,11003_0159_01,3,,,0,0,0,0,"Be Happy, Don't Cry",1
120120013,3012,遊びに行きましょ！,3,300001,120120013,3,4,3220,4890,4750,12012_0013_00,12012_0013_01,3,,,0,0,0,0,Let's Go Have Fun!,1
120090026,3009,気持ち繋げて,3,300007,120090026,3,4,4080,5340,4530,12009_0026_00,12009_0026_01,3,,,0,0,0,0,Connecting Feelings,1
120010027,3001,夢へ向かって,1,100001,120010027,3,4,4890,4790,3180,12001_0027_00,12001_0027_01,3,,,0,0,0,0,Forward To Our Dreams,1
110070162,2007,今日だけの魔法,3,300001,110070162,3,4,3220,4890,4750,11007_0162_00,11007_0162_01,3,,,0,0,0,0,Today's Special Spell,1
100080174,1008,常夏のきらめき,2,200005,100080174,3,4,3250,3650,7660,10008_0174_00,10008_0174_01,3,,,0,0,0,0,Everlasting Summer,1
100080175,1008,サイダースパークル,3,300001,100080175,3,4,3220,4890,4750,10008_0175_00,10008_0175_01,3,,,0,0,0,0,Soda Sparkle,1
100040172,1004,セーラービューティー,2,200001,100040172,3,4,3450,4520,4880,10004_0172_00,10004_0172_01,3,,,0,0,0,0,Sailor Beauty,1
100010182,1001,始まりの一歩,3,300005,100010182,3,4,7430,7870,7210,10001_0182_00,10001_0182_01,3,,,0,0,0,0,Beginning Step,1
100020177,1002,手を伸ばした先に,1,100005,100020177,3,4,7870,7210,7430,10002_0177_00,10002_0177_01,3,,,0,0,0,0,Reaching Out,1
100030175,1003,共に踏み出すもう一歩,2,200005,100030175,3,4,7210,7430,7870,10003_0175_00,10003_0175_01,3,,,0,0,0,0,Another Step Together,1
100040173,1004,手を取り進むまた一歩,1,100005,100040173,3,4,7870,7210,7430,10004_0173_00,10004_0173_01,3,,,0,0,0,0,Forward Hand in Hand,1
100050174,1005,明日へつなげて,2,200005,100050174,3,4,7210,7430,7870,10005_0174_00,10005_0174_01,3,,,0,0,0,0,For Tomorrow,1
100060174,1006,響く希望の歌,1,100005,100060174,3,4,7870,7210,7430,10006_0174_00,10006_0174_01,3,,,0,0,0,0,Echoing Song of Hope,1
100070174,1007,未来へ続く眩さ,3,300005,100070174,3,4,7430,7870,7210,10007_0174_00,10007_0174_01,3,,,0,0,0,0,Dazzling Future,1
100080176,1008,憧れをパワーに変えて,3,300005,100080176,3,4,7430,7870,7210,10008_0176_00,10008_0176_01,3,,,0,0,0,0,Power from Admiration,1
100090178,1009,変わらない想い,2,200005,100090178,3,4,7210,7430,7870,10009_0178_00,10009_0178_01,3,,,0,0,0,0,Unchanging Heart,1
110010165,2001,今始まる未来,1,100006,110010165,3,4,7870,7210,7430,11001_0165_00,11001_0165_01,3,,,0,0,0,0,The Future Begins Now,1
110020163,2002,未来を告げる風,3,300006,110020163,3,4,7430,7870,7210,11002_0163_00,11002_0163_01,3,,,0,0,0,0,Winds of the Future,1
110030160,2003,バタフライエフェクト,3,300006,110030160,3,4,7430,7870,7210,11003_0160_00,11003_0160_01,3,,,0,0,0,0,Butterfly Effect,1
110040161,2004,前進あるのみ！,2,200006,110040161,3,4,7210,7430,7870,11004_0161_00,11004_0161_01,3,,,0,0,0,0,Forward We Go!,1
110050166,2005,光指す水平線,2,200006,110050166,3,4,7210,7430,7870,11005_0166_00,11005_0166_01,3,,,0,0,0,0,Light on the Horizon,1
110060166,2006,一瞬の瞬きの間に,2,200006,110060166,3,4,7210,7430,7870,11006_0166_00,11006_0166_01,3,,,0,0,0,0,Blink of an Eye,1
110070163,2007,まだ知らぬ世界へ,1,100006,110070163,3,4,7870,7210,7430,11007_0163_00,11007_0163_01,3,,,0,0,0,0,World of Unknown,1
110080163,2008,広い世界で一つの奇跡,1,100006,110080163,3,4,7870,7210,7430,11008_0163_00,11008_0163_01,3,,,0,0,0,0,Miracle of the World,1
110090163,2009,華やぐ笑顔,3,300006,110090163,3,4,7430,7870,7210,11009_0163_00,11009_0163_01,3,,,0,0,0,0,Flamboyant Smile,1
130010022,4001,レッツ・クッキング！,1,100008,130010022,3,4,7870,7210,7430,13001_0022_00,13001_0022_01,3,,,0,0,0,0,Let’s Cook!,1
130020021,4002,スカートの揺らめき,2,200008,130020021,3,4,7210,7430,7870,13002_0021_00,13002_0021_01,3,,,0,0,0,0,Wafting Skirt,1
130030021,4003,昨日の自分を超えて,3,300008,130030021,3,4,7430,7870,7210,13003_0021_00,13003_0021_01,3,,,0,0,0,0,Exceeding Yesterday,1
130040021,4004,てっぺん目指して,3,300008,130040021,3,4,7430,7870,7210,13004_0021_00,13004_0021_01,3,,,0,0,0,0,Aiming for the Top,1
130050021,4005,止まらない胸の高鳴り,2,200008,130050021,3,4,7210,7430,7870,13005_0021_00,13005_0021_01,3,,,0,0,0,0,Nonstop Excitement,1
130060003,4006,夢へ踏み出す第一歩,1,100008,130060003,3,4,7870,7210,7430,13006_0003_00,13006_0003_01,3,,,0,0,0,0,A Step to the Dream,1
130070003,4007,一つ一つ叶えること,2,200008,130070003,3,4,7210,7430,7870,13007_0003_00,13007_0003_01,3,,,0,0,0,0,Achieving One by One,1
130080003,4008,「楽しい」を超えた先,3,300008,130080003,3,4,7430,7870,7210,13008_0003_00,13008_0003_01,3,,,0,0,0,0,Beyond the Fun,1
130090003,4009,勢いにまかせて！,1,100008,130090003,3,4,7870,7210,7430,13009_0003_00,13009_0003_01,3,,,0,0,0,0,Go with the Momentum!,1
