_id,_number,_type,_value,_amount,_priority,_pickup,_show,_boxCount,_masterReleaseLabelId
200044001,1,2,10010013,1,0,0,1,0,223041501
200044001,2,2,10020013,1,0,0,0,0,223041501
200044001,3,2,10030013,1,0,0,0,0,223041501
200044001,4,2,10040013,1,0,0,0,0,223041501
200044001,5,2,10050013,1,0,0,0,0,223041501
200044001,6,2,10060013,1,0,0,0,0,223041501
200044001,7,2,10070013,1,0,0,0,0,223041501
200044001,8,2,10080013,1,0,0,0,0,223041501
200044001,9,2,10090013,1,0,0,0,0,223041501
200044001,10,2,20010011,1,0,0,1,0,223041501
200044001,11,2,20020011,1,0,0,0,0,223041501
200044001,12,2,20030011,1,0,0,0,0,223041501
200044001,13,2,20040011,1,0,0,0,0,223041501
200044001,14,2,20050011,1,0,0,0,0,223041501
200044001,15,2,20060011,1,0,0,0,0,223041501
200044001,16,2,20070011,1,0,0,0,0,223041501
200044001,17,2,20080011,1,0,0,0,0,223041501
200044001,18,2,20090011,1,0,0,0,0,223041501
200044001,19,2,30010007,1,0,0,1,0,223041501
200044001,20,2,30020007,1,0,0,0,0,223041501
200044001,21,2,30030007,1,0,0,0,0,223041501
200044001,22,2,30040007,1,0,0,0,0,223041501
200044001,23,2,30050007,1,0,0,0,0,223041501
200044001,24,2,30060007,1,0,0,0,0,223041501
200044001,25,2,30070007,1,0,0,0,0,223041501
200044001,26,2,30080007,1,0,0,0,0,223041501
200044001,27,2,30090007,1,0,0,0,0,223041501
200044001,28,2,30100007,1,0,0,0,0,223041501
200044001,29,2,30110007,1,0,0,0,0,223041501
200044001,30,2,30120007,1,0,0,0,0,223041501
200044001,31,2,40010007,1,0,0,1,0,223041501
200044001,32,2,40020007,1,0,0,0,0,223041501
200044001,33,2,40030007,1,0,0,0,0,223041501
200044001,34,2,40040007,1,0,0,0,0,223041501
200044001,35,2,40050007,1,0,0,0,0,223041501
200044001,36,2,40060007,1,0,0,0,0,223041501
200044001,37,2,40070007,1,0,0,0,0,223041501
200044001,38,2,40080007,1,0,0,0,0,223041501
200044001,39,2,40090007,1,0,0,0,0,223041501
111000301,1,2,10010013,1,0,0,0,0,223041901
111000301,2,2,10020013,1,0,0,0,0,223041901
111000301,3,2,10030013,1,0,0,0,0,223041901
111000301,4,2,10040013,1,0,0,0,0,223041901
111000301,5,2,10050013,1,0,0,0,0,223041901
111000301,6,2,10060013,1,0,0,0,0,223041901
111000301,7,2,10070013,1,0,0,0,0,223041901
111000301,8,2,10080013,1,0,0,0,0,223041901
111000301,9,2,10090013,1,0,0,0,0,223041901
111000301,10,2,20010011,1,0,0,0,0,223041901
111000301,11,2,20020011,1,0,0,0,0,223041901
111000301,12,2,20030011,1,0,0,0,0,223041901
111000301,13,2,20040011,1,0,0,0,0,223041901
111000301,14,2,20050011,1,0,0,0,0,223041901
111000301,15,2,20060011,1,0,0,0,0,223041901
111000301,16,2,20070011,1,0,0,0,0,223041901
111000301,17,2,20080011,1,0,0,0,0,223041901
111000301,18,2,20090011,1,0,0,0,0,223041901
111000301,19,2,30010007,1,0,0,0,0,223041901
111000301,20,2,30020007,1,0,0,0,0,223041901
111000301,21,2,30030007,1,0,0,0,0,223041901
111000301,22,2,30040007,1,0,0,0,0,223041901
111000301,23,2,30050007,1,0,0,0,0,223041901
111000301,24,2,30060007,1,0,0,0,0,223041901
111000301,25,2,30070007,1,0,0,0,0,223041901
111000301,26,2,30080007,1,0,0,0,0,223041901
111000301,27,2,30090007,1,0,0,0,0,223041901
111000301,28,2,30100007,1,0,0,0,0,223041901
111000301,29,2,30110007,1,0,0,0,0,223041901
111000301,30,2,30120007,1,0,0,0,0,223041901
111000301,31,2,40010007,1,0,0,0,0,223041901
111000301,32,2,40020007,1,0,0,0,0,223041901
111000301,33,2,40030007,1,0,0,0,0,223041901
111000301,34,2,40040007,1,0,0,0,0,223041901
111000301,35,2,40050007,1,0,0,0,0,223041901
111000301,36,2,40060007,1,0,0,0,0,223041901
111000301,37,2,40070007,1,0,0,0,0,223041901
111000301,38,2,40080007,1,0,0,0,0,223041901
111000301,39,2,40090007,1,0,0,0,0,223041901
111000301,40,2,40090009,1,0,1,1,0,223041901
111000301,41,2,40020009,1,0,1,1,0,223041901
111000401,1,2,10010013,1,0,0,1,0,223043001
111000401,2,2,10020013,1,0,0,0,0,223043001
111000401,3,2,10030013,1,0,0,0,0,223043001
111000401,4,2,10040013,1,0,0,0,0,223043001
111000401,5,2,10050013,1,0,0,0,0,223043001
111000401,6,2,10060013,1,0,0,0,0,223043001
111000401,7,2,10070013,1,0,0,0,0,223043001
111000401,8,2,10080013,1,0,0,0,0,223043001
111000401,9,2,10090013,1,0,0,0,0,223043001
111000401,10,2,20010011,1,0,0,1,0,223043001
111000401,11,2,20020011,1,0,0,0,0,223043001
111000401,12,2,20030011,1,0,0,0,0,223043001
111000401,13,2,20040011,1,0,0,0,0,223043001
111000401,14,2,20050011,1,0,0,0,0,223043001
111000401,15,2,20060011,1,0,0,0,0,223043001
111000401,16,2,20070011,1,0,0,0,0,223043001
111000401,17,2,20080011,1,0,0,0,0,223043001
111000401,18,2,20090011,1,0,0,0,0,223043001
111000401,19,2,30010007,1,0,0,1,0,223043001
111000401,20,2,30020007,1,0,0,0,0,223043001
111000401,21,2,30030007,1,0,0,0,0,223043001
111000401,22,2,30040007,1,0,0,0,0,223043001
111000401,23,2,30050007,1,0,0,0,0,223043001
111000401,24,2,30060007,1,0,0,0,0,223043001
111000401,25,2,30070007,1,0,0,0,0,223043001
111000401,26,2,30080007,1,0,0,0,0,223043001
111000401,27,2,30090007,1,0,0,0,0,223043001
111000401,28,2,30100007,1,0,0,0,0,223043001
111000401,29,2,30110007,1,0,0,0,0,223043001
111000401,30,2,30120007,1,0,0,0,0,223043001
111000401,31,2,40010007,1,0,0,1,0,223043001
111000401,32,2,40020007,1,0,0,0,0,223043001
111000401,33,2,40030007,1,0,0,0,0,223043001
111000401,34,2,40040007,1,0,0,0,0,223043001
111000401,35,2,40050007,1,0,0,0,0,223043001
111000401,36,2,40060007,1,0,0,0,0,223043001
111000401,37,2,40070007,1,0,0,0,0,223043001
111000401,38,2,40080007,1,0,0,0,0,223043001
111000401,39,2,40090007,1,0,0,0,0,223043001
111000401,40,2,40020009,1,0,0,1,0,223043001
111000401,41,2,40090009,1,0,0,1,0,223043001
111000501,1,2,10010013,1,0,0,0,0,223051501
111000501,2,2,10020013,1,0,0,0,0,223051501
111000501,3,2,10030013,1,0,0,0,0,223051501
111000501,4,2,10040013,1,0,0,0,0,223051501
111000501,5,2,10050013,1,0,0,0,0,223051501
111000501,6,2,10060013,1,0,0,0,0,223051501
111000501,7,2,10070013,1,0,0,0,0,223051501
111000501,8,2,10080013,1,0,0,0,0,223051501
111000501,9,2,10090013,1,0,0,0,0,223051501
111000501,10,2,20010011,1,0,0,0,0,223051501
111000501,11,2,20020011,1,0,0,0,0,223051501
111000501,12,2,20030011,1,0,0,0,0,223051501
111000501,13,2,20040011,1,0,0,0,0,223051501
111000501,14,2,20050011,1,0,0,0,0,223051501
111000501,15,2,20060011,1,0,0,0,0,223051501
111000501,16,2,20070011,1,0,0,0,0,223051501
111000501,17,2,20080011,1,0,0,0,0,223051501
111000501,18,2,20090011,1,0,0,0,0,223051501
111000501,19,2,30010007,1,0,0,0,0,223051501
111000501,20,2,30020007,1,0,0,0,0,223051501
111000501,21,2,30030007,1,0,0,0,0,223051501
111000501,22,2,30040007,1,0,0,0,0,223051501
111000501,23,2,30050007,1,0,0,0,0,223051501
111000501,24,2,30060007,1,0,0,0,0,223051501
111000501,25,2,30070007,1,0,0,0,0,223051501
111000501,26,2,30080007,1,0,0,0,0,223051501
111000501,27,2,30090007,1,0,0,0,0,223051501
111000501,28,2,30100007,1,0,0,0,0,223051501
111000501,29,2,30110007,1,0,0,0,0,223051501
111000501,30,2,30120007,1,0,0,0,0,223051501
111000501,31,2,40010007,1,0,0,0,0,223051501
111000501,32,2,40020007,1,0,0,0,0,223051501
111000501,33,2,40030007,1,0,0,0,0,223051501
111000501,34,2,40040007,1,0,0,0,0,223051501
111000501,35,2,40050007,1,0,0,0,0,223051501
111000501,36,2,40060007,1,0,0,0,0,223051501
111000501,37,2,40070007,1,0,0,0,0,223051501
111000501,38,2,40080007,1,0,0,0,0,223051501
111000501,39,2,40090007,1,0,0,0,0,223051501
111000501,40,2,40020009,1,0,0,1,0,223051501
111000501,41,2,40090009,1,0,0,1,0,223051501
111000501,42,2,10010016,1,0,0,1,0,223051501
111000501,43,2,10020015,1,0,0,1,0,223051501
111000601,1,2,10010013,1,0,0,0,0,223053101
111000601,2,2,10020013,1,0,0,0,0,223053101
111000601,3,2,10030013,1,0,0,0,0,223053101
111000601,4,2,10040013,1,0,0,0,0,223053101
111000601,5,2,10050013,1,0,0,0,0,223053101
111000601,6,2,10060013,1,0,0,0,0,223053101
111000601,7,2,10070013,1,0,0,0,0,223053101
111000601,8,2,10080013,1,0,0,0,0,223053101
111000601,9,2,10090013,1,0,0,0,0,223053101
111000601,10,2,20010011,1,0,0,0,0,223053101
111000601,11,2,20020011,1,0,0,0,0,223053101
111000601,12,2,20030011,1,0,0,0,0,223053101
111000601,13,2,20040011,1,0,0,0,0,223053101
111000601,14,2,20050011,1,0,0,0,0,223053101
111000601,15,2,20060011,1,0,0,0,0,223053101
111000601,16,2,20070011,1,0,0,0,0,223053101
111000601,17,2,20080011,1,0,0,0,0,223053101
111000601,18,2,20090011,1,0,0,0,0,223053101
111000601,19,2,30010007,1,0,0,0,0,223053101
111000601,20,2,30020007,1,0,0,0,0,223053101
111000601,21,2,30030007,1,0,0,0,0,223053101
111000601,22,2,30040007,1,0,0,0,0,223053101
111000601,23,2,30050007,1,0,0,0,0,223053101
111000601,24,2,30060007,1,0,0,0,0,223053101
111000601,25,2,30070007,1,0,0,0,0,223053101
111000601,26,2,30080007,1,0,0,0,0,223053101
111000601,27,2,30090007,1,0,0,0,0,223053101
111000601,28,2,30100007,1,0,0,0,0,223053101
111000601,29,2,30110007,1,0,0,0,0,223053101
111000601,30,2,30120007,1,0,0,0,0,223053101
111000601,31,2,40010007,1,0,0,0,0,223053101
111000601,32,2,40020007,1,0,0,0,0,223053101
111000601,33,2,40030007,1,0,0,0,0,223053101
111000601,34,2,40040007,1,0,0,0,0,223053101
111000601,35,2,40050007,1,0,0,0,0,223053101
111000601,36,2,40060007,1,0,0,0,0,223053101
111000601,37,2,40070007,1,0,0,0,0,223053101
111000601,38,2,40080007,1,0,0,0,0,223053101
111000601,39,2,40090007,1,0,0,0,0,223053101
111000601,40,2,40020009,1,0,0,1,0,223053101
111000601,41,2,40090009,1,0,0,1,0,223053101
111000601,42,2,10010016,1,0,0,1,0,223053101
111000601,43,2,10020015,1,0,0,1,0,223053101
111000601,44,2,20010014,1,0,0,1,0,223053101
111000601,45,2,20020013,1,0,0,1,0,223053101
111000701,1,2,10010013,1,0,0,0,0,223061501
111000701,2,2,10020013,1,0,0,0,0,223061501
111000701,3,2,10030013,1,0,0,0,0,223061501
111000701,4,2,10040013,1,0,0,0,0,223061501
111000701,5,2,10050013,1,0,0,0,0,223061501
111000701,6,2,10060013,1,0,0,0,0,223061501
111000701,7,2,10070013,1,0,0,0,0,223061501
111000701,8,2,10080013,1,0,0,0,0,223061501
111000701,9,2,10090013,1,0,0,0,0,223061501
111000701,10,2,20010011,1,0,0,0,0,223061501
111000701,11,2,20020011,1,0,0,0,0,223061501
111000701,12,2,20030011,1,0,0,0,0,223061501
111000701,13,2,20040011,1,0,0,0,0,223061501
111000701,14,2,20050011,1,0,0,0,0,223061501
111000701,15,2,20060011,1,0,0,0,0,223061501
111000701,16,2,20070011,1,0,0,0,0,223061501
111000701,17,2,20080011,1,0,0,0,0,223061501
111000701,18,2,20090011,1,0,0,0,0,223061501
111000701,19,2,30010007,1,0,0,0,0,223061501
111000701,20,2,30020007,1,0,0,0,0,223061501
111000701,21,2,30030007,1,0,0,0,0,223061501
111000701,22,2,30040007,1,0,0,0,0,223061501
111000701,23,2,30050007,1,0,0,0,0,223061501
111000701,24,2,30060007,1,0,0,0,0,223061501
111000701,25,2,30070007,1,0,0,0,0,223061501
111000701,26,2,30080007,1,0,0,0,0,223061501
111000701,27,2,30090007,1,0,0,0,0,223061501
111000701,28,2,30100007,1,0,0,0,0,223061501
111000701,29,2,30110007,1,0,0,0,0,223061501
111000701,30,2,30120007,1,0,0,0,0,223061501
111000701,31,2,40010007,1,0,0,0,0,223061501
111000701,32,2,40020007,1,0,0,0,0,223061501
111000701,33,2,40030007,1,0,0,0,0,223061501
111000701,34,2,40040007,1,0,0,0,0,223061501
111000701,35,2,40050007,1,0,0,0,0,223061501
111000701,36,2,40060007,1,0,0,0,0,223061501
111000701,37,2,40070007,1,0,0,0,0,223061501
111000701,38,2,40080007,1,0,0,0,0,223061501
111000701,39,2,40090007,1,0,0,0,0,223061501
111000701,40,2,40020009,1,0,0,0,0,223061501
111000701,41,2,40090009,1,0,0,0,0,223061501
111000701,42,2,10010016,1,0,0,1,0,223061501
111000701,43,2,10020015,1,0,0,1,0,223061501
111000701,44,2,20010014,1,0,0,1,0,223061501
111000701,45,2,20020013,1,0,0,1,0,223061501
111000701,46,2,30060009,1,0,0,1,0,223061501
111000701,47,2,30080009,1,0,0,1,0,223061501
111000801,1,2,10010013,1,0,0,0,0,223063001
111000801,2,2,10020013,1,0,0,0,0,223063001
111000801,3,2,10030013,1,0,0,0,0,223063001
111000801,4,2,10040013,1,0,0,0,0,223063001
111000801,5,2,10050013,1,0,0,0,0,223063001
111000801,6,2,10060013,1,0,0,0,0,223063001
111000801,7,2,10070013,1,0,0,0,0,223063001
111000801,8,2,10080013,1,0,0,0,0,223063001
111000801,9,2,10090013,1,0,0,0,0,223063001
111000801,10,2,20010011,1,0,0,0,0,223063001
111000801,11,2,20020011,1,0,0,0,0,223063001
111000801,12,2,20030011,1,0,0,0,0,223063001
111000801,13,2,20040011,1,0,0,0,0,223063001
111000801,14,2,20050011,1,0,0,0,0,223063001
111000801,15,2,20060011,1,0,0,0,0,223063001
111000801,16,2,20070011,1,0,0,0,0,223063001
111000801,17,2,20080011,1,0,0,0,0,223063001
111000801,18,2,20090011,1,0,0,0,0,223063001
111000801,19,2,30010007,1,0,0,0,0,223063001
111000801,20,2,30020007,1,0,0,0,0,223063001
111000801,21,2,30030007,1,0,0,0,0,223063001
111000801,22,2,30040007,1,0,0,0,0,223063001
111000801,23,2,30050007,1,0,0,0,0,223063001
111000801,24,2,30060007,1,0,0,0,0,223063001
111000801,25,2,30070007,1,0,0,0,0,223063001
111000801,26,2,30080007,1,0,0,0,0,223063001
111000801,27,2,30090007,1,0,0,0,0,223063001
111000801,28,2,30100007,1,0,0,0,0,223063001
111000801,29,2,30110007,1,0,0,0,0,223063001
111000801,30,2,30120007,1,0,0,0,0,223063001
111000801,31,2,40010007,1,0,0,0,0,223063001
111000801,32,2,40020007,1,0,0,0,0,223063001
111000801,33,2,40030007,1,0,0,0,0,223063001
111000801,34,2,40040007,1,0,0,0,0,223063001
111000801,35,2,40050007,1,0,0,0,0,223063001
111000801,36,2,40060007,1,0,0,0,0,223063001
111000801,37,2,40070007,1,0,0,0,0,223063001
111000801,38,2,40080007,1,0,0,0,0,223063001
111000801,39,2,40090007,1,0,0,0,0,223063001
111000801,40,2,40020009,1,0,0,0,0,223063001
111000801,41,2,40090009,1,0,0,0,0,223063001
111000801,42,2,10010016,1,0,0,0,0,223063001
111000801,43,2,10020015,1,0,0,0,0,223063001
111000801,44,2,20010014,1,0,0,0,0,223063001
111000801,45,2,20020013,1,0,0,0,0,223063001
111000801,46,2,30060009,1,0,0,1,0,223063001
111000801,47,2,30080009,1,0,0,1,0,223063001
111000801,48,2,20030013,1,0,0,1,0,223063001
111000801,49,2,20040013,1,0,0,1,0,223063001
111000901,1,2,10010013,1,0,0,0,0,223071502
111000901,2,2,10020013,1,0,0,0,0,223071502
111000901,3,2,10030013,1,0,0,0,0,223071502
111000901,4,2,10040013,1,0,0,0,0,223071502
111000901,5,2,10050013,1,0,0,0,0,223071502
111000901,6,2,10060013,1,0,0,0,0,223071502
111000901,7,2,10070013,1,0,0,0,0,223071502
111000901,8,2,10080013,1,0,0,0,0,223071502
111000901,9,2,10090013,1,0,0,0,0,223071502
111000901,10,2,20010011,1,0,0,0,0,223071502
111000901,11,2,20020011,1,0,0,0,0,223071502
111000901,12,2,20030011,1,0,0,0,0,223071502
111000901,13,2,20040011,1,0,0,0,0,223071502
111000901,14,2,20050011,1,0,0,0,0,223071502
111000901,15,2,20060011,1,0,0,0,0,223071502
111000901,16,2,20070011,1,0,0,0,0,223071502
111000901,17,2,20080011,1,0,0,0,0,223071502
111000901,18,2,20090011,1,0,0,0,0,223071502
111000901,19,2,30010007,1,0,0,0,0,223071502
111000901,20,2,30020007,1,0,0,0,0,223071502
111000901,21,2,30030007,1,0,0,0,0,223071502
111000901,22,2,30040007,1,0,0,0,0,223071502
111000901,23,2,30050007,1,0,0,0,0,223071502
111000901,24,2,30060007,1,0,0,0,0,223071502
111000901,25,2,30070007,1,0,0,0,0,223071502
111000901,26,2,30080007,1,0,0,0,0,223071502
111000901,27,2,30090007,1,0,0,0,0,223071502
111000901,28,2,30100007,1,0,0,0,0,223071502
111000901,29,2,30110007,1,0,0,0,0,223071502
111000901,30,2,30120007,1,0,0,0,0,223071502
111000901,31,2,40010007,1,0,0,0,0,223071502
111000901,32,2,40020007,1,0,0,0,0,223071502
111000901,33,2,40030007,1,0,0,0,0,223071502
111000901,34,2,40040007,1,0,0,0,0,223071502
111000901,35,2,40050007,1,0,0,0,0,223071502
111000901,36,2,40060007,1,0,0,0,0,223071502
111000901,37,2,40070007,1,0,0,0,0,223071502
111000901,38,2,40080007,1,0,0,0,0,223071502
111000901,39,2,40090007,1,0,0,0,0,223071502
111000901,40,2,40020009,1,0,0,0,0,223071502
111000901,41,2,40090009,1,0,0,0,0,223071502
111000901,42,2,10010016,1,0,0,0,0,223071502
111000901,43,2,10020015,1,0,0,0,0,223071502
111000901,44,2,20010014,1,0,0,0,0,223071502
111000901,45,2,20020013,1,0,0,0,0,223071502
111000901,46,2,30060009,1,0,0,0,0,223071502
111000901,47,2,30080009,1,0,0,0,0,223071502
111000901,48,2,20030013,1,0,0,1,0,223071502
111000901,49,2,20040013,1,0,0,1,0,223071502
111000901,50,2,40040009,1,0,0,1,0,223071502
111000901,51,2,40050009,1,0,0,1,0,223071502
111001001,1,2,10010013,1,0,0,0,0,223073101
111001001,2,2,10020013,1,0,0,0,0,223073101
111001001,3,2,10030013,1,0,0,0,0,223073101
111001001,4,2,10040013,1,0,0,0,0,223073101
111001001,5,2,10050013,1,0,0,0,0,223073101
111001001,6,2,10060013,1,0,0,0,0,223073101
111001001,7,2,10070013,1,0,0,0,0,223073101
111001001,8,2,10080013,1,0,0,0,0,223073101
111001001,9,2,10090013,1,0,0,0,0,223073101
111001001,10,2,20010011,1,0,0,0,0,223073101
111001001,11,2,20020011,1,0,0,0,0,223073101
111001001,12,2,20030011,1,0,0,0,0,223073101
111001001,13,2,20040011,1,0,0,0,0,223073101
111001001,14,2,20050011,1,0,0,0,0,223073101
111001001,15,2,20060011,1,0,0,0,0,223073101
111001001,16,2,20070011,1,0,0,0,0,223073101
111001001,17,2,20080011,1,0,0,0,0,223073101
111001001,18,2,20090011,1,0,0,0,0,223073101
111001001,19,2,30010007,1,0,0,0,0,223073101
111001001,20,2,30020007,1,0,0,0,0,223073101
111001001,21,2,30030007,1,0,0,0,0,223073101
111001001,22,2,30040007,1,0,0,0,0,223073101
111001001,23,2,30050007,1,0,0,0,0,223073101
111001001,24,2,30060007,1,0,0,0,0,223073101
111001001,25,2,30070007,1,0,0,0,0,223073101
111001001,26,2,30080007,1,0,0,0,0,223073101
111001001,27,2,30090007,1,0,0,0,0,223073101
111001001,28,2,30100007,1,0,0,0,0,223073101
111001001,29,2,30110007,1,0,0,0,0,223073101
111001001,30,2,30120007,1,0,0,0,0,223073101
111001001,31,2,40010007,1,0,0,0,0,223073101
111001001,32,2,40020007,1,0,0,0,0,223073101
111001001,33,2,40030007,1,0,0,0,0,223073101
111001001,34,2,40040007,1,0,0,0,0,223073101
111001001,35,2,40050007,1,0,0,0,0,223073101
111001001,36,2,40060007,1,0,0,0,0,223073101
111001001,37,2,40070007,1,0,0,0,0,223073101
111001001,38,2,40080007,1,0,0,0,0,223073101
111001001,39,2,40090007,1,0,0,0,0,223073101
111001001,40,2,40020009,1,0,0,0,0,223073101
111001001,41,2,40090009,1,0,0,0,0,223073101
111001001,42,2,10010016,1,0,0,0,0,223073101
111001001,43,2,10020015,1,0,0,0,0,223073101
111001001,44,2,20010014,1,0,0,0,0,223073101
111001001,45,2,20020013,1,0,0,0,0,223073101
111001001,46,2,30060009,1,0,0,0,0,223073101
111001001,47,2,30080009,1,0,0,0,0,223073101
111001001,48,2,20030013,1,0,0,0,0,223073101
111001001,49,2,20040013,1,0,0,0,0,223073101
111001001,50,2,40040009,1,0,0,1,0,223073101
111001001,51,2,40050009,1,0,0,1,0,223073101
111001001,52,2,30010010,1,0,0,1,0,223073101
111001001,53,2,30100009,1,0,0,1,0,223073101
111001101,1,2,10010013,1,0,0,0,0,223081501
111001101,2,2,10020013,1,0,0,0,0,223081501
111001101,3,2,10030013,1,0,0,0,0,223081501
111001101,4,2,10040013,1,0,0,0,0,223081501
111001101,5,2,10050013,1,0,0,0,0,223081501
111001101,6,2,10060013,1,0,0,0,0,223081501
111001101,7,2,10070013,1,0,0,0,0,223081501
111001101,8,2,10080013,1,0,0,0,0,223081501
111001101,9,2,10090013,1,0,0,0,0,223081501
111001101,10,2,20010011,1,0,0,0,0,223081501
111001101,11,2,20020011,1,0,0,0,0,223081501
111001101,12,2,20030011,1,0,0,0,0,223081501
111001101,13,2,20040011,1,0,0,0,0,223081501
111001101,14,2,20050011,1,0,0,0,0,223081501
111001101,15,2,20060011,1,0,0,0,0,223081501
111001101,16,2,20070011,1,0,0,0,0,223081501
111001101,17,2,20080011,1,0,0,0,0,223081501
111001101,18,2,20090011,1,0,0,0,0,223081501
111001101,19,2,30010007,1,0,0,0,0,223081501
111001101,20,2,30020007,1,0,0,0,0,223081501
111001101,21,2,30030007,1,0,0,0,0,223081501
111001101,22,2,30040007,1,0,0,0,0,223081501
111001101,23,2,30050007,1,0,0,0,0,223081501
111001101,24,2,30060007,1,0,0,0,0,223081501
111001101,25,2,30070007,1,0,0,0,0,223081501
111001101,26,2,30080007,1,0,0,0,0,223081501
111001101,27,2,30090007,1,0,0,0,0,223081501
111001101,28,2,30100007,1,0,0,0,0,223081501
111001101,29,2,30110007,1,0,0,0,0,223081501
111001101,30,2,30120007,1,0,0,0,0,223081501
111001101,31,2,40010007,1,0,0,0,0,223081501
111001101,32,2,40020007,1,0,0,0,0,223081501
111001101,33,2,40030007,1,0,0,0,0,223081501
111001101,34,2,40040007,1,0,0,0,0,223081501
111001101,35,2,40050007,1,0,0,0,0,223081501
111001101,36,2,40060007,1,0,0,0,0,223081501
111001101,37,2,40070007,1,0,0,0,0,223081501
111001101,38,2,40080007,1,0,0,0,0,223081501
111001101,39,2,40090007,1,0,0,0,0,223081501
111001101,40,2,40020009,1,0,0,0,0,223081501
111001101,41,2,40090009,1,0,0,0,0,223081501
111001101,42,2,10010016,1,0,0,0,0,223081501
111001101,43,2,10020015,1,0,0,0,0,223081501
111001101,44,2,20010014,1,0,0,0,0,223081501
111001101,45,2,20020013,1,0,0,0,0,223081501
111001101,46,2,30060009,1,0,0,0,0,223081501
111001101,47,2,30080009,1,0,0,0,0,223081501
111001101,48,2,20030013,1,0,0,0,0,223081501
111001101,49,2,20040013,1,0,0,0,0,223081501
111001101,50,2,40040009,1,0,0,0,0,223081501
111001101,51,2,40050009,1,0,0,0,0,223081501
111001101,52,2,30010010,1,0,0,1,0,223081501
111001101,53,2,30100009,1,0,0,1,0,223081501
111001101,54,2,10030016,1,0,0,1,0,223081501
111001101,55,2,10050015,1,0,0,1,0,223081501
111001201,1,2,10010013,1,0,0,0,0,223083107
111001201,2,2,10020013,1,0,0,0,0,223083107
111001201,3,2,10030013,1,0,0,0,0,223083107
111001201,4,2,10040013,1,0,0,0,0,223083107
111001201,5,2,10050013,1,0,0,0,0,223083107
111001201,6,2,10060013,1,0,0,0,0,223083107
111001201,7,2,10070013,1,0,0,0,0,223083107
111001201,8,2,10080013,1,0,0,0,0,223083107
111001201,9,2,10090013,1,0,0,0,0,223083107
111001201,10,2,20010011,1,0,0,0,0,223083107
111001201,11,2,20020011,1,0,0,0,0,223083107
111001201,12,2,20030011,1,0,0,0,0,223083107
111001201,13,2,20040011,1,0,0,0,0,223083107
111001201,14,2,20050011,1,0,0,0,0,223083107
111001201,15,2,20060011,1,0,0,0,0,223083107
111001201,16,2,20070011,1,0,0,0,0,223083107
111001201,17,2,20080011,1,0,0,0,0,223083107
111001201,18,2,20090011,1,0,0,0,0,223083107
111001201,19,2,30010007,1,0,0,0,0,223083107
111001201,20,2,30020007,1,0,0,0,0,223083107
111001201,21,2,30030007,1,0,0,0,0,223083107
111001201,22,2,30040007,1,0,0,0,0,223083107
111001201,23,2,30050007,1,0,0,0,0,223083107
111001201,24,2,30060007,1,0,0,0,0,223083107
111001201,25,2,30070007,1,0,0,0,0,223083107
111001201,26,2,30080007,1,0,0,0,0,223083107
111001201,27,2,30090007,1,0,0,0,0,223083107
111001201,28,2,30100007,1,0,0,0,0,223083107
111001201,29,2,30110007,1,0,0,0,0,223083107
111001201,30,2,30120007,1,0,0,0,0,223083107
111001201,31,2,40010007,1,0,0,0,0,223083107
111001201,32,2,40020007,1,0,0,0,0,223083107
111001201,33,2,40030007,1,0,0,0,0,223083107
111001201,34,2,40040007,1,0,0,0,0,223083107
111001201,35,2,40050007,1,0,0,0,0,223083107
111001201,36,2,40060007,1,0,0,0,0,223083107
111001201,37,2,40070007,1,0,0,0,0,223083107
111001201,38,2,40080007,1,0,0,0,0,223083107
111001201,39,2,40090007,1,0,0,0,0,223083107
111001201,40,2,40020009,1,0,0,0,0,223083107
111001201,41,2,40090009,1,0,0,0,0,223083107
111001201,42,2,10010016,1,0,0,0,0,223083107
111001201,43,2,10020015,1,0,0,0,0,223083107
111001201,44,2,20010014,1,0,0,0,0,223083107
111001201,45,2,20020013,1,0,0,0,0,223083107
111001201,46,2,30060009,1,0,0,0,0,223083107
111001201,47,2,30080009,1,0,0,0,0,223083107
111001201,48,2,20030013,1,0,0,0,0,223083107
111001201,49,2,20040013,1,0,0,0,0,223083107
111001201,50,2,40040009,1,0,0,0,0,223083107
111001201,51,2,40050009,1,0,0,0,0,223083107
111001201,52,2,30010010,1,0,0,0,0,223083107
111001201,53,2,30100009,1,0,0,0,0,223083107
111001201,54,2,10030016,1,0,0,1,0,223083107
111001201,55,2,10050015,1,0,0,1,0,223083107
111001201,56,2,40070010,1,0,0,1,0,223083107
111001201,57,2,40080010,1,0,0,1,0,223083107
111001301,1,2,10010013,1,0,0,0,0,223091501
111001301,2,2,10020013,1,0,0,0,0,223091501
111001301,3,2,10030013,1,0,0,0,0,223091501
111001301,4,2,10040013,1,0,0,0,0,223091501
111001301,5,2,10050013,1,0,0,0,0,223091501
111001301,6,2,10060013,1,0,0,0,0,223091501
111001301,7,2,10070013,1,0,0,0,0,223091501
111001301,8,2,10080013,1,0,0,0,0,223091501
111001301,9,2,10090013,1,0,0,0,0,223091501
111001301,10,2,20010011,1,0,0,0,0,223091501
111001301,11,2,20020011,1,0,0,0,0,223091501
111001301,12,2,20030011,1,0,0,0,0,223091501
111001301,13,2,20040011,1,0,0,0,0,223091501
111001301,14,2,20050011,1,0,0,0,0,223091501
111001301,15,2,20060011,1,0,0,0,0,223091501
111001301,16,2,20070011,1,0,0,0,0,223091501
111001301,17,2,20080011,1,0,0,0,0,223091501
111001301,18,2,20090011,1,0,0,0,0,223091501
111001301,19,2,30010007,1,0,0,0,0,223091501
111001301,20,2,30020007,1,0,0,0,0,223091501
111001301,21,2,30030007,1,0,0,0,0,223091501
111001301,22,2,30040007,1,0,0,0,0,223091501
111001301,23,2,30050007,1,0,0,0,0,223091501
111001301,24,2,30060007,1,0,0,0,0,223091501
111001301,25,2,30070007,1,0,0,0,0,223091501
111001301,26,2,30080007,1,0,0,0,0,223091501
111001301,27,2,30090007,1,0,0,0,0,223091501
111001301,28,2,30100007,1,0,0,0,0,223091501
111001301,29,2,30110007,1,0,0,0,0,223091501
111001301,30,2,30120007,1,0,0,0,0,223091501
111001301,31,2,40010007,1,0,0,0,0,223091501
111001301,32,2,40020007,1,0,0,0,0,223091501
111001301,33,2,40030007,1,0,0,0,0,223091501
111001301,34,2,40040007,1,0,0,0,0,223091501
111001301,35,2,40050007,1,0,0,0,0,223091501
111001301,36,2,40060007,1,0,0,0,0,223091501
111001301,37,2,40070007,1,0,0,0,0,223091501
111001301,38,2,40080007,1,0,0,0,0,223091501
111001301,39,2,40090007,1,0,0,0,0,223091501
111001301,40,2,40020009,1,0,0,0,0,223091501
111001301,41,2,40090009,1,0,0,0,0,223091501
111001301,42,2,10010016,1,0,0,0,0,223091501
111001301,43,2,10020015,1,0,0,0,0,223091501
111001301,44,2,20010014,1,0,0,0,0,223091501
111001301,45,2,20020013,1,0,0,0,0,223091501
111001301,46,2,30060009,1,0,0,0,0,223091501
111001301,47,2,30080009,1,0,0,0,0,223091501
111001301,48,2,20030013,1,0,0,0,0,223091501
111001301,49,2,20040013,1,0,0,0,0,223091501
111001301,50,2,40040009,1,0,0,0,0,223091501
111001301,51,2,40050009,1,0,0,0,0,223091501
111001301,52,2,30010010,1,0,0,0,0,223091501
111001301,53,2,30100009,1,0,0,0,0,223091501
111001301,54,2,10030016,1,0,0,0,0,223091501
111001301,55,2,10050015,1,0,0,0,0,223091501
111001301,56,2,40070010,1,0,0,1,0,223091501
111001301,57,2,40080010,1,0,0,1,0,223091501
111001301,58,2,20060015,1,0,0,1,0,223091501
111001301,59,2,20080014,1,0,0,1,0,223091501
111001401,1,2,10010013,1,0,0,0,0,223093001
111001401,2,2,10020013,1,0,0,0,0,223093001
111001401,3,2,10030013,1,0,0,0,0,223093001
111001401,4,2,10040013,1,0,0,0,0,223093001
111001401,5,2,10050013,1,0,0,0,0,223093001
111001401,6,2,10060013,1,0,0,0,0,223093001
111001401,7,2,10070013,1,0,0,0,0,223093001
111001401,8,2,10080013,1,0,0,0,0,223093001
111001401,9,2,10090013,1,0,0,0,0,223093001
111001401,10,2,20010011,1,0,0,0,0,223093001
111001401,11,2,20020011,1,0,0,0,0,223093001
111001401,12,2,20030011,1,0,0,0,0,223093001
111001401,13,2,20040011,1,0,0,0,0,223093001
111001401,14,2,20050011,1,0,0,0,0,223093001
111001401,15,2,20060011,1,0,0,0,0,223093001
111001401,16,2,20070011,1,0,0,0,0,223093001
111001401,17,2,20080011,1,0,0,0,0,223093001
111001401,18,2,20090011,1,0,0,0,0,223093001
111001401,19,2,30010007,1,0,0,0,0,223093001
111001401,20,2,30020007,1,0,0,0,0,223093001
111001401,21,2,30030007,1,0,0,0,0,223093001
111001401,22,2,30040007,1,0,0,0,0,223093001
111001401,23,2,30050007,1,0,0,0,0,223093001
111001401,24,2,30060007,1,0,0,0,0,223093001
111001401,25,2,30070007,1,0,0,0,0,223093001
111001401,26,2,30080007,1,0,0,0,0,223093001
111001401,27,2,30090007,1,0,0,0,0,223093001
111001401,28,2,30100007,1,0,0,0,0,223093001
111001401,29,2,30110007,1,0,0,0,0,223093001
111001401,30,2,30120007,1,0,0,0,0,223093001
111001401,31,2,40010007,1,0,0,0,0,223093001
111001401,32,2,40020007,1,0,0,0,0,223093001
111001401,33,2,40030007,1,0,0,0,0,223093001
111001401,34,2,40040007,1,0,0,0,0,223093001
111001401,35,2,40050007,1,0,0,0,0,223093001
111001401,36,2,40060007,1,0,0,0,0,223093001
111001401,37,2,40070007,1,0,0,0,0,223093001
111001401,38,2,40080007,1,0,0,0,0,223093001
111001401,39,2,40090007,1,0,0,0,0,223093001
111001401,40,2,40020009,1,0,0,0,0,223093001
111001401,41,2,40090009,1,0,0,0,0,223093001
111001401,42,2,10010016,1,0,0,0,0,223093001
111001401,43,2,10020015,1,0,0,0,0,223093001
111001401,44,2,20010014,1,0,0,0,0,223093001
111001401,45,2,20020013,1,0,0,0,0,223093001
111001401,46,2,30060009,1,0,0,0,0,223093001
111001401,47,2,30080009,1,0,0,0,0,223093001
111001401,48,2,20030013,1,0,0,0,0,223093001
111001401,49,2,20040013,1,0,0,0,0,223093001
111001401,50,2,40040009,1,0,0,0,0,223093001
111001401,51,2,40050009,1,0,0,0,0,223093001
111001401,52,2,30010010,1,0,0,0,0,223093001
111001401,53,2,30100009,1,0,0,0,0,223093001
111001401,54,2,10030016,1,0,0,0,0,223093001
111001401,55,2,10050015,1,0,0,0,0,223093001
111001401,56,2,40070010,1,0,0,0,0,223093001
111001401,57,2,40080010,1,0,0,0,0,223093001
111001401,58,2,20060015,1,0,0,1,0,223093001
111001401,59,2,20080014,1,0,0,1,0,223093001
111001401,60,2,10060015,1,0,0,1,0,223093001
111001401,61,2,10070017,1,0,0,1,0,223093001
111001501,1,2,10010013,1,0,0,0,0,223101505
111001501,2,2,10020013,1,0,0,0,0,223101505
111001501,3,2,10030013,1,0,0,0,0,223101505
111001501,4,2,10040013,1,0,0,0,0,223101505
111001501,5,2,10050013,1,0,0,0,0,223101505
111001501,6,2,10060013,1,0,0,0,0,223101505
111001501,7,2,10070013,1,0,0,0,0,223101505
111001501,8,2,10080013,1,0,0,0,0,223101505
111001501,9,2,10090013,1,0,0,0,0,223101505
111001501,10,2,20010011,1,0,0,0,0,223101505
111001501,11,2,20020011,1,0,0,0,0,223101505
111001501,12,2,20030011,1,0,0,0,0,223101505
111001501,13,2,20040011,1,0,0,0,0,223101505
111001501,14,2,20050011,1,0,0,0,0,223101505
111001501,15,2,20060011,1,0,0,0,0,223101505
111001501,16,2,20070011,1,0,0,0,0,223101505
111001501,17,2,20080011,1,0,0,0,0,223101505
111001501,18,2,20090011,1,0,0,0,0,223101505
111001501,19,2,30010007,1,0,0,0,0,223101505
111001501,20,2,30020007,1,0,0,0,0,223101505
111001501,21,2,30030007,1,0,0,0,0,223101505
111001501,22,2,30040007,1,0,0,0,0,223101505
111001501,23,2,30050007,1,0,0,0,0,223101505
111001501,24,2,30060007,1,0,0,0,0,223101505
111001501,25,2,30070007,1,0,0,0,0,223101505
111001501,26,2,30080007,1,0,0,0,0,223101505
111001501,27,2,30090007,1,0,0,0,0,223101505
111001501,28,2,30100007,1,0,0,0,0,223101505
111001501,29,2,30110007,1,0,0,0,0,223101505
111001501,30,2,30120007,1,0,0,0,0,223101505
111001501,31,2,40010007,1,0,0,0,0,223101505
111001501,32,2,40020007,1,0,0,0,0,223101505
111001501,33,2,40030007,1,0,0,0,0,223101505
111001501,34,2,40040007,1,0,0,0,0,223101505
111001501,35,2,40050007,1,0,0,0,0,223101505
111001501,36,2,40060007,1,0,0,0,0,223101505
111001501,37,2,40070007,1,0,0,0,0,223101505
111001501,38,2,40080007,1,0,0,0,0,223101505
111001501,39,2,40090007,1,0,0,0,0,223101505
111001501,40,2,40020009,1,0,0,0,0,223101505
111001501,41,2,40090009,1,0,0,0,0,223101505
111001501,42,2,10010016,1,0,0,0,0,223101505
111001501,43,2,10020015,1,0,0,0,0,223101505
111001501,44,2,20010014,1,0,0,0,0,223101505
111001501,45,2,20020013,1,0,0,0,0,223101505
111001501,46,2,30060009,1,0,0,0,0,223101505
111001501,47,2,30080009,1,0,0,0,0,223101505
111001501,48,2,20030013,1,0,0,0,0,223101505
111001501,49,2,20040013,1,0,0,0,0,223101505
111001501,50,2,40040009,1,0,0,0,0,223101505
111001501,51,2,40050009,1,0,0,0,0,223101505
111001501,52,2,30010010,1,0,0,0,0,223101505
111001501,53,2,30100009,1,0,0,0,0,223101505
111001501,54,2,10030016,1,0,0,0,0,223101505
111001501,55,2,10050015,1,0,0,0,0,223101505
111001501,56,2,40070010,1,0,0,0,0,223101505
111001501,57,2,40080010,1,0,0,0,0,223101505
111001501,58,2,20060015,1,0,0,0,0,223101505
111001501,59,2,20080014,1,0,0,0,0,223101505
111001501,60,2,10060015,1,0,0,1,0,223101505
111001501,61,2,10070017,1,0,0,1,0,223101505
111001501,62,2,30120010,1,0,0,1,0,223101505
111001501,63,2,30110010,1,0,0,1,0,223101505
111001601,1,2,10010013,1,0,0,0,0,223103107
111001601,2,2,10020013,1,0,0,0,0,223103107
111001601,3,2,10030013,1,0,0,0,0,223103107
111001601,4,2,10040013,1,0,0,0,0,223103107
111001601,5,2,10050013,1,0,0,0,0,223103107
111001601,6,2,10060013,1,0,0,0,0,223103107
111001601,7,2,10070013,1,0,0,0,0,223103107
111001601,8,2,10080013,1,0,0,0,0,223103107
111001601,9,2,10090013,1,0,0,0,0,223103107
111001601,10,2,20010011,1,0,0,0,0,223103107
111001601,11,2,20020011,1,0,0,0,0,223103107
111001601,12,2,20030011,1,0,0,0,0,223103107
111001601,13,2,20040011,1,0,0,0,0,223103107
111001601,14,2,20050011,1,0,0,0,0,223103107
111001601,15,2,20060011,1,0,0,0,0,223103107
111001601,16,2,20070011,1,0,0,0,0,223103107
111001601,17,2,20080011,1,0,0,0,0,223103107
111001601,18,2,20090011,1,0,0,0,0,223103107
111001601,19,2,30010007,1,0,0,0,0,223103107
111001601,20,2,30020007,1,0,0,0,0,223103107
111001601,21,2,30030007,1,0,0,0,0,223103107
111001601,22,2,30040007,1,0,0,0,0,223103107
111001601,23,2,30050007,1,0,0,0,0,223103107
111001601,24,2,30060007,1,0,0,0,0,223103107
111001601,25,2,30070007,1,0,0,0,0,223103107
111001601,26,2,30080007,1,0,0,0,0,223103107
111001601,27,2,30090007,1,0,0,0,0,223103107
111001601,28,2,30100007,1,0,0,0,0,223103107
111001601,29,2,30110007,1,0,0,0,0,223103107
111001601,30,2,30120007,1,0,0,0,0,223103107
111001601,31,2,40010007,1,0,0,0,0,223103107
111001601,32,2,40020007,1,0,0,0,0,223103107
111001601,33,2,40030007,1,0,0,0,0,223103107
111001601,34,2,40040007,1,0,0,0,0,223103107
111001601,35,2,40050007,1,0,0,0,0,223103107
111001601,36,2,40060007,1,0,0,0,0,223103107
111001601,37,2,40070007,1,0,0,0,0,223103107
111001601,38,2,40080007,1,0,0,0,0,223103107
111001601,39,2,40090007,1,0,0,0,0,223103107
111001601,40,2,40020009,1,0,0,0,0,223103107
111001601,41,2,40090009,1,0,0,0,0,223103107
111001601,42,2,10010016,1,0,0,0,0,223103107
111001601,43,2,10020015,1,0,0,0,0,223103107
111001601,44,2,20010014,1,0,0,0,0,223103107
111001601,45,2,20020013,1,0,0,0,0,223103107
111001601,46,2,30060009,1,0,0,0,0,223103107
111001601,47,2,30080009,1,0,0,0,0,223103107
111001601,48,2,20030013,1,0,0,0,0,223103107
111001601,49,2,20040013,1,0,0,0,0,223103107
111001601,50,2,40040009,1,0,0,0,0,223103107
111001601,51,2,40050009,1,0,0,0,0,223103107
111001601,52,2,30010010,1,0,0,0,0,223103107
111001601,53,2,30100009,1,0,0,0,0,223103107
111001601,54,2,10030016,1,0,0,0,0,223103107
111001601,55,2,10050015,1,0,0,0,0,223103107
111001601,56,2,40070010,1,0,0,0,0,223103107
111001601,57,2,40080010,1,0,0,0,0,223103107
111001601,58,2,20060015,1,0,0,0,0,223103107
111001601,59,2,20080014,1,0,0,0,0,223103107
111001601,60,2,10060015,1,0,0,0,0,223103107
111001601,61,2,10070017,1,0,0,0,0,223103107
111001601,62,2,30110010,1,0,0,1,0,223103107
111001601,63,2,30120010,1,0,0,1,0,223103107
111001601,64,2,20040015,1,0,0,1,0,223103107
111001601,65,2,20070015,1,0,0,1,0,223103107
111001701,1,2,10010013,1,0,0,0,0,223111501
111001701,2,2,10020013,1,0,0,0,0,223111501
111001701,3,2,10030013,1,0,0,0,0,223111501
111001701,4,2,10040013,1,0,0,0,0,223111501
111001701,5,2,10050013,1,0,0,0,0,223111501
111001701,6,2,10060013,1,0,0,0,0,223111501
111001701,7,2,10070013,1,0,0,0,0,223111501
111001701,8,2,10080013,1,0,0,0,0,223111501
111001701,9,2,10090013,1,0,0,0,0,223111501
111001701,10,2,20010011,1,0,0,0,0,223111501
111001701,11,2,20020011,1,0,0,0,0,223111501
111001701,12,2,20030011,1,0,0,0,0,223111501
111001701,13,2,20040011,1,0,0,0,0,223111501
111001701,14,2,20050011,1,0,0,0,0,223111501
111001701,15,2,20060011,1,0,0,0,0,223111501
111001701,16,2,20070011,1,0,0,0,0,223111501
111001701,17,2,20080011,1,0,0,0,0,223111501
111001701,18,2,20090011,1,0,0,0,0,223111501
111001701,19,2,30010007,1,0,0,0,0,223111501
111001701,20,2,30020007,1,0,0,0,0,223111501
111001701,21,2,30030007,1,0,0,0,0,223111501
111001701,22,2,30040007,1,0,0,0,0,223111501
111001701,23,2,30050007,1,0,0,0,0,223111501
111001701,24,2,30060007,1,0,0,0,0,223111501
111001701,25,2,30070007,1,0,0,0,0,223111501
111001701,26,2,30080007,1,0,0,0,0,223111501
111001701,27,2,30090007,1,0,0,0,0,223111501
111001701,28,2,30100007,1,0,0,0,0,223111501
111001701,29,2,30110007,1,0,0,0,0,223111501
111001701,30,2,30120007,1,0,0,0,0,223111501
111001701,31,2,40010007,1,0,0,0,0,223111501
111001701,32,2,40020007,1,0,0,0,0,223111501
111001701,33,2,40030007,1,0,0,0,0,223111501
111001701,34,2,40040007,1,0,0,0,0,223111501
111001701,35,2,40050007,1,0,0,0,0,223111501
111001701,36,2,40060007,1,0,0,0,0,223111501
111001701,37,2,40070007,1,0,0,0,0,223111501
111001701,38,2,40080007,1,0,0,0,0,223111501
111001701,39,2,40090007,1,0,0,0,0,223111501
111001701,40,2,40020009,1,0,0,0,0,223111501
111001701,41,2,40090009,1,0,0,0,0,223111501
111001701,42,2,10010016,1,0,0,0,0,223111501
111001701,43,2,10020015,1,0,0,0,0,223111501
111001701,44,2,20010014,1,0,0,0,0,223111501
111001701,45,2,20020013,1,0,0,0,0,223111501
111001701,46,2,30060009,1,0,0,0,0,223111501
111001701,47,2,30080009,1,0,0,0,0,223111501
111001701,48,2,20030013,1,0,0,0,0,223111501
111001701,49,2,20040013,1,0,0,0,0,223111501
111001701,50,2,40040009,1,0,0,0,0,223111501
111001701,51,2,40050009,1,0,0,0,0,223111501
111001701,52,2,30010010,1,0,0,0,0,223111501
111001701,53,2,30100009,1,0,0,0,0,223111501
111001701,54,2,10030016,1,0,0,0,0,223111501
111001701,55,2,10050015,1,0,0,0,0,223111501
111001701,56,2,40070010,1,0,0,0,0,223111501
111001701,57,2,40080010,1,0,0,0,0,223111501
111001701,58,2,20060015,1,0,0,0,0,223111501
111001701,59,2,20080014,1,0,0,0,0,223111501
111001701,60,2,10060015,1,0,0,0,0,223111501
111001701,61,2,10070017,1,0,0,0,0,223111501
111001701,62,2,30110010,1,0,0,0,0,223111501
111001701,63,2,30120010,1,0,0,0,0,223111501
111001701,64,2,20040015,1,0,0,1,0,223111501
111001701,65,2,20070015,1,0,0,1,0,223111501
111001701,66,2,40030012,1,0,0,1,0,223111501
111001701,67,2,40060011,1,0,0,1,0,223111501
111001801,1,2,10010013,1,0,0,0,0,223113008
111001801,2,2,10020013,1,0,0,0,0,223113008
111001801,3,2,10030013,1,0,0,0,0,223113008
111001801,4,2,10040013,1,0,0,0,0,223113008
111001801,5,2,10050013,1,0,0,0,0,223113008
111001801,6,2,10060013,1,0,0,0,0,223113008
111001801,7,2,10070013,1,0,0,0,0,223113008
111001801,8,2,10080013,1,0,0,0,0,223113008
111001801,9,2,10090013,1,0,0,0,0,223113008
111001801,10,2,20010011,1,0,0,0,0,223113008
111001801,11,2,20020011,1,0,0,0,0,223113008
111001801,12,2,20030011,1,0,0,0,0,223113008
111001801,13,2,20040011,1,0,0,0,0,223113008
111001801,14,2,20050011,1,0,0,0,0,223113008
111001801,15,2,20060011,1,0,0,0,0,223113008
111001801,16,2,20070011,1,0,0,0,0,223113008
111001801,17,2,20080011,1,0,0,0,0,223113008
111001801,18,2,20090011,1,0,0,0,0,223113008
111001801,19,2,30010007,1,0,0,0,0,223113008
111001801,20,2,30020007,1,0,0,0,0,223113008
111001801,21,2,30030007,1,0,0,0,0,223113008
111001801,22,2,30040007,1,0,0,0,0,223113008
111001801,23,2,30050007,1,0,0,0,0,223113008
111001801,24,2,30060007,1,0,0,0,0,223113008
111001801,25,2,30070007,1,0,0,0,0,223113008
111001801,26,2,30080007,1,0,0,0,0,223113008
111001801,27,2,30090007,1,0,0,0,0,223113008
111001801,28,2,30100007,1,0,0,0,0,223113008
111001801,29,2,30110007,1,0,0,0,0,223113008
111001801,30,2,30120007,1,0,0,0,0,223113008
111001801,31,2,40010007,1,0,0,0,0,223113008
111001801,32,2,40020007,1,0,0,0,0,223113008
111001801,33,2,40030007,1,0,0,0,0,223113008
111001801,34,2,40040007,1,0,0,0,0,223113008
111001801,35,2,40050007,1,0,0,0,0,223113008
111001801,36,2,40060007,1,0,0,0,0,223113008
111001801,37,2,40070007,1,0,0,0,0,223113008
111001801,38,2,40080007,1,0,0,0,0,223113008
111001801,39,2,40090007,1,0,0,0,0,223113008
111001801,40,2,40020009,1,0,0,0,0,223113008
111001801,41,2,40090009,1,0,0,0,0,223113008
111001801,42,2,10010016,1,0,0,0,0,223113008
111001801,43,2,10020015,1,0,0,0,0,223113008
111001801,44,2,20010014,1,0,0,0,0,223113008
111001801,45,2,20020013,1,0,0,0,0,223113008
111001801,46,2,30060009,1,0,0,0,0,223113008
111001801,47,2,30080009,1,0,0,0,0,223113008
111001801,48,2,20030013,1,0,0,0,0,223113008
111001801,49,2,20040013,1,0,0,0,0,223113008
111001801,50,2,40040009,1,0,0,0,0,223113008
111001801,51,2,40050009,1,0,0,0,0,223113008
111001801,52,2,30010010,1,0,0,0,0,223113008
111001801,53,2,30100009,1,0,0,0,0,223113008
111001801,54,2,10030016,1,0,0,0,0,223113008
111001801,55,2,10050015,1,0,0,0,0,223113008
111001801,56,2,40070010,1,0,0,0,0,223113008
111001801,57,2,40080010,1,0,0,0,0,223113008
111001801,58,2,20060015,1,0,0,0,0,223113008
111001801,59,2,20080014,1,0,0,0,0,223113008
111001801,60,2,10060015,1,0,0,0,0,223113008
111001801,61,2,10070017,1,0,0,0,0,223113008
111001801,62,2,30110010,1,0,0,0,0,223113008
111001801,63,2,30120010,1,0,0,0,0,223113008
111001801,64,2,20040015,1,0,0,0,0,223113008
111001801,65,2,20070015,1,0,0,0,0,223113008
111001801,66,2,40030012,1,0,0,1,0,223113008
111001801,67,2,40060011,1,0,0,1,0,223113008
111001801,68,2,30050013,1,0,0,1,0,223113008
111001801,69,2,30070013,1,0,0,1,0,223113008
111001901,1,2,10010013,1,0,0,0,0,223121513
111001901,2,2,10020013,1,0,0,0,0,223121513
111001901,3,2,10030013,1,0,0,0,0,223121513
111001901,4,2,10040013,1,0,0,0,0,223121513
111001901,5,2,10050013,1,0,0,0,0,223121513
111001901,6,2,10060013,1,0,0,0,0,223121513
111001901,7,2,10070013,1,0,0,0,0,223121513
111001901,8,2,10080013,1,0,0,0,0,223121513
111001901,9,2,10090013,1,0,0,0,0,223121513
111001901,10,2,20010011,1,0,0,0,0,223121513
111001901,11,2,20020011,1,0,0,0,0,223121513
111001901,12,2,20030011,1,0,0,0,0,223121513
111001901,13,2,20040011,1,0,0,0,0,223121513
111001901,14,2,20050011,1,0,0,0,0,223121513
111001901,15,2,20060011,1,0,0,0,0,223121513
111001901,16,2,20070011,1,0,0,0,0,223121513
111001901,17,2,20080011,1,0,0,0,0,223121513
111001901,18,2,20090011,1,0,0,0,0,223121513
111001901,19,2,30010007,1,0,0,0,0,223121513
111001901,20,2,30020007,1,0,0,0,0,223121513
111001901,21,2,30030007,1,0,0,0,0,223121513
111001901,22,2,30040007,1,0,0,0,0,223121513
111001901,23,2,30050007,1,0,0,0,0,223121513
111001901,24,2,30060007,1,0,0,0,0,223121513
111001901,25,2,30070007,1,0,0,0,0,223121513
111001901,26,2,30080007,1,0,0,0,0,223121513
111001901,27,2,30090007,1,0,0,0,0,223121513
111001901,28,2,30100007,1,0,0,0,0,223121513
111001901,29,2,30110007,1,0,0,0,0,223121513
111001901,30,2,30120007,1,0,0,0,0,223121513
111001901,31,2,40010007,1,0,0,0,0,223121513
111001901,32,2,40020007,1,0,0,0,0,223121513
111001901,33,2,40030007,1,0,0,0,0,223121513
111001901,34,2,40040007,1,0,0,0,0,223121513
111001901,35,2,40050007,1,0,0,0,0,223121513
111001901,36,2,40060007,1,0,0,0,0,223121513
111001901,37,2,40070007,1,0,0,0,0,223121513
111001901,38,2,40080007,1,0,0,0,0,223121513
111001901,39,2,40090007,1,0,0,0,0,223121513
111001901,40,2,40020009,1,0,0,0,0,223121513
111001901,41,2,40090009,1,0,0,0,0,223121513
111001901,42,2,10010016,1,0,0,0,0,223121513
111001901,43,2,10020015,1,0,0,0,0,223121513
111001901,44,2,20010014,1,0,0,0,0,223121513
111001901,45,2,20020013,1,0,0,0,0,223121513
111001901,46,2,30060009,1,0,0,0,0,223121513
111001901,47,2,30080009,1,0,0,0,0,223121513
111001901,48,2,20030013,1,0,0,0,0,223121513
111001901,49,2,20040013,1,0,0,0,0,223121513
111001901,50,2,40040009,1,0,0,0,0,223121513
111001901,51,2,40050009,1,0,0,0,0,223121513
111001901,52,2,30010010,1,0,0,0,0,223121513
111001901,53,2,30100009,1,0,0,0,0,223121513
111001901,54,2,10030016,1,0,0,0,0,223121513
111001901,55,2,10050015,1,0,0,0,0,223121513
111001901,56,2,40070010,1,0,0,0,0,223121513
111001901,57,2,40080010,1,0,0,0,0,223121513
111001901,58,2,20060015,1,0,0,0,0,223121513
111001901,59,2,20080014,1,0,0,0,0,223121513
111001901,60,2,10060015,1,0,0,0,0,223121513
111001901,61,2,10070017,1,0,0,0,0,223121513
111001901,62,2,30110010,1,0,0,0,0,223121513
111001901,63,2,30120010,1,0,0,0,0,223121513
111001901,64,2,20040015,1,0,0,0,0,223121513
111001901,65,2,20070015,1,0,0,0,0,223121513
111001901,66,2,40030012,1,0,0,0,0,223121513
111001901,67,2,40060011,1,0,0,0,0,223121513
111001901,68,2,30050013,1,0,0,1,0,223121513
111001901,69,2,30070013,1,0,0,1,0,223121513
111001901,70,2,10040019,1,0,0,1,0,223121513
111001901,71,2,10090018,1,0,0,1,0,223121513
111002001,1,2,10010013,1,0,0,0,0,223123107
111002001,2,2,10020013,1,0,0,0,0,223123107
111002001,3,2,10030013,1,0,0,0,0,223123107
111002001,4,2,10040013,1,0,0,0,0,223123107
111002001,5,2,10050013,1,0,0,0,0,223123107
111002001,6,2,10060013,1,0,0,0,0,223123107
111002001,7,2,10070013,1,0,0,0,0,223123107
111002001,8,2,10080013,1,0,0,0,0,223123107
111002001,9,2,10090013,1,0,0,0,0,223123107
111002001,10,2,20010011,1,0,0,0,0,223123107
111002001,11,2,20020011,1,0,0,0,0,223123107
111002001,12,2,20030011,1,0,0,0,0,223123107
111002001,13,2,20040011,1,0,0,0,0,223123107
111002001,14,2,20050011,1,0,0,0,0,223123107
111002001,15,2,20060011,1,0,0,0,0,223123107
111002001,16,2,20070011,1,0,0,0,0,223123107
111002001,17,2,20080011,1,0,0,0,0,223123107
111002001,18,2,20090011,1,0,0,0,0,223123107
111002001,19,2,30010007,1,0,0,0,0,223123107
111002001,20,2,30020007,1,0,0,0,0,223123107
111002001,21,2,30030007,1,0,0,0,0,223123107
111002001,22,2,30040007,1,0,0,0,0,223123107
111002001,23,2,30050007,1,0,0,0,0,223123107
111002001,24,2,30060007,1,0,0,0,0,223123107
111002001,25,2,30070007,1,0,0,0,0,223123107
111002001,26,2,30080007,1,0,0,0,0,223123107
111002001,27,2,30090007,1,0,0,0,0,223123107
111002001,28,2,30100007,1,0,0,0,0,223123107
111002001,29,2,30110007,1,0,0,0,0,223123107
111002001,30,2,30120007,1,0,0,0,0,223123107
111002001,31,2,40010007,1,0,0,0,0,223123107
111002001,32,2,40020007,1,0,0,0,0,223123107
111002001,33,2,40030007,1,0,0,0,0,223123107
111002001,34,2,40040007,1,0,0,0,0,223123107
111002001,35,2,40050007,1,0,0,0,0,223123107
111002001,36,2,40060007,1,0,0,0,0,223123107
111002001,37,2,40070007,1,0,0,0,0,223123107
111002001,38,2,40080007,1,0,0,0,0,223123107
111002001,39,2,40090007,1,0,0,0,0,223123107
111002001,40,2,40020009,1,0,0,0,0,223123107
111002001,41,2,40090009,1,0,0,0,0,223123107
111002001,42,2,10010016,1,0,0,0,0,223123107
111002001,43,2,10020015,1,0,0,0,0,223123107
111002001,44,2,20010014,1,0,0,0,0,223123107
111002001,45,2,20020013,1,0,0,0,0,223123107
111002001,46,2,30060009,1,0,0,0,0,223123107
111002001,47,2,30080009,1,0,0,0,0,223123107
111002001,48,2,20030013,1,0,0,0,0,223123107
111002001,49,2,20040013,1,0,0,0,0,223123107
111002001,50,2,40040009,1,0,0,0,0,223123107
111002001,51,2,40050009,1,0,0,0,0,223123107
111002001,52,2,30010010,1,0,0,0,0,223123107
111002001,53,2,30100009,1,0,0,0,0,223123107
111002001,54,2,10030016,1,0,0,0,0,223123107
111002001,55,2,10050015,1,0,0,0,0,223123107
111002001,56,2,40070010,1,0,0,0,0,223123107
111002001,57,2,40080010,1,0,0,0,0,223123107
111002001,58,2,20060015,1,0,0,0,0,223123107
111002001,59,2,20080014,1,0,0,0,0,223123107
111002001,60,2,10060015,1,0,0,0,0,223123107
111002001,61,2,10070017,1,0,0,0,0,223123107
111002001,62,2,30110010,1,0,0,0,0,223123107
111002001,63,2,30120010,1,0,0,0,0,223123107
111002001,64,2,20040015,1,0,0,0,0,223123107
111002001,65,2,20070015,1,0,0,0,0,223123107
111002001,66,2,40030012,1,0,0,0,0,223123107
111002001,67,2,40060011,1,0,0,0,0,223123107
111002001,68,2,30050013,1,0,0,0,0,223123107
111002001,69,2,30070013,1,0,0,0,0,223123107
111002001,70,2,10040019,1,0,0,1,0,223123107
111002001,71,2,10090018,1,0,0,1,0,223123107
111002001,72,2,40010014,1,0,0,1,0,223123107
111002001,73,2,40020012,1,0,0,1,0,223123107
111002101,1,2,10010013,1,0,0,0,0,224011508
111002101,2,2,10020013,1,0,0,0,0,224011508
111002101,3,2,10030013,1,0,0,0,0,224011508
111002101,4,2,10040013,1,0,0,0,0,224011508
111002101,5,2,10050013,1,0,0,0,0,224011508
111002101,6,2,10060013,1,0,0,0,0,224011508
111002101,7,2,10070013,1,0,0,0,0,224011508
111002101,8,2,10080013,1,0,0,0,0,224011508
111002101,9,2,10090013,1,0,0,0,0,224011508
111002101,10,2,20010011,1,0,0,0,0,224011508
111002101,11,2,20020011,1,0,0,0,0,224011508
111002101,12,2,20030011,1,0,0,0,0,224011508
111002101,13,2,20040011,1,0,0,0,0,224011508
111002101,14,2,20050011,1,0,0,0,0,224011508
111002101,15,2,20060011,1,0,0,0,0,224011508
111002101,16,2,20070011,1,0,0,0,0,224011508
111002101,17,2,20080011,1,0,0,0,0,224011508
111002101,18,2,20090011,1,0,0,0,0,224011508
111002101,19,2,30010007,1,0,0,0,0,224011508
111002101,20,2,30020007,1,0,0,0,0,224011508
111002101,21,2,30030007,1,0,0,0,0,224011508
111002101,22,2,30040007,1,0,0,0,0,224011508
111002101,23,2,30050007,1,0,0,0,0,224011508
111002101,24,2,30060007,1,0,0,0,0,224011508
111002101,25,2,30070007,1,0,0,0,0,224011508
111002101,26,2,30080007,1,0,0,0,0,224011508
111002101,27,2,30090007,1,0,0,0,0,224011508
111002101,28,2,30100007,1,0,0,0,0,224011508
111002101,29,2,30110007,1,0,0,0,0,224011508
111002101,30,2,30120007,1,0,0,0,0,224011508
111002101,31,2,40010007,1,0,0,0,0,224011508
111002101,32,2,40020007,1,0,0,0,0,224011508
111002101,33,2,40030007,1,0,0,0,0,224011508
111002101,34,2,40040007,1,0,0,0,0,224011508
111002101,35,2,40050007,1,0,0,0,0,224011508
111002101,36,2,40060007,1,0,0,0,0,224011508
111002101,37,2,40070007,1,0,0,0,0,224011508
111002101,38,2,40080007,1,0,0,0,0,224011508
111002101,39,2,40090007,1,0,0,0,0,224011508
111002101,40,2,40020009,1,0,0,0,0,224011508
111002101,41,2,40090009,1,0,0,0,0,224011508
111002101,42,2,10010016,1,0,0,0,0,224011508
111002101,43,2,10020015,1,0,0,0,0,224011508
111002101,44,2,20010014,1,0,0,0,0,224011508
111002101,45,2,20020013,1,0,0,0,0,224011508
111002101,46,2,30060009,1,0,0,0,0,224011508
111002101,47,2,30080009,1,0,0,0,0,224011508
111002101,48,2,20030013,1,0,0,0,0,224011508
111002101,49,2,20040013,1,0,0,0,0,224011508
111002101,50,2,40040009,1,0,0,0,0,224011508
111002101,51,2,40050009,1,0,0,0,0,224011508
111002101,52,2,30010010,1,0,0,0,0,224011508
111002101,53,2,30100009,1,0,0,0,0,224011508
111002101,54,2,10030016,1,0,0,0,0,224011508
111002101,55,2,10050015,1,0,0,0,0,224011508
111002101,56,2,40070010,1,0,0,0,0,224011508
111002101,57,2,40080010,1,0,0,0,0,224011508
111002101,58,2,20060015,1,0,0,0,0,224011508
111002101,59,2,20080014,1,0,0,0,0,224011508
111002101,60,2,10060015,1,0,0,0,0,224011508
111002101,61,2,10070017,1,0,0,0,0,224011508
111002101,62,2,30110010,1,0,0,0,0,224011508
111002101,63,2,30120010,1,0,0,0,0,224011508
111002101,64,2,20040015,1,0,0,0,0,224011508
111002101,65,2,20070015,1,0,0,0,0,224011508
111002101,66,2,40030012,1,0,0,0,0,224011508
111002101,67,2,40060011,1,0,0,0,0,224011508
111002101,68,2,30050013,1,0,0,0,0,224011508
111002101,69,2,30070013,1,0,0,0,0,224011508
111002101,70,2,10040019,1,0,0,0,0,224011508
111002101,71,2,10090018,1,0,0,0,0,224011508
111002101,72,2,40010014,1,0,0,1,0,224011508
111002101,73,2,40020012,1,0,0,1,0,224011508
111002101,74,2,20050017,1,0,0,1,0,224011508
111002101,75,2,20090016,1,0,0,1,0,224011508
111002201,1,2,10010013,1,0,0,0,0,224013108
111002201,2,2,10020013,1,0,0,0,0,224013108
111002201,3,2,10030013,1,0,0,0,0,224013108
111002201,4,2,10040013,1,0,0,0,0,224013108
111002201,5,2,10050013,1,0,0,0,0,224013108
111002201,6,2,10060013,1,0,0,0,0,224013108
111002201,7,2,10070013,1,0,0,0,0,224013108
111002201,8,2,10080013,1,0,0,0,0,224013108
111002201,9,2,10090013,1,0,0,0,0,224013108
111002201,10,2,20010011,1,0,0,0,0,224013108
111002201,11,2,20020011,1,0,0,0,0,224013108
111002201,12,2,20030011,1,0,0,0,0,224013108
111002201,13,2,20040011,1,0,0,0,0,224013108
111002201,14,2,20050011,1,0,0,0,0,224013108
111002201,15,2,20060011,1,0,0,0,0,224013108
111002201,16,2,20070011,1,0,0,0,0,224013108
111002201,17,2,20080011,1,0,0,0,0,224013108
111002201,18,2,20090011,1,0,0,0,0,224013108
111002201,19,2,30010007,1,0,0,0,0,224013108
111002201,20,2,30020007,1,0,0,0,0,224013108
111002201,21,2,30030007,1,0,0,0,0,224013108
111002201,22,2,30040007,1,0,0,0,0,224013108
111002201,23,2,30050007,1,0,0,0,0,224013108
111002201,24,2,30060007,1,0,0,0,0,224013108
111002201,25,2,30070007,1,0,0,0,0,224013108
111002201,26,2,30080007,1,0,0,0,0,224013108
111002201,27,2,30090007,1,0,0,0,0,224013108
111002201,28,2,30100007,1,0,0,0,0,224013108
111002201,29,2,30110007,1,0,0,0,0,224013108
111002201,30,2,30120007,1,0,0,0,0,224013108
111002201,31,2,40010007,1,0,0,0,0,224013108
111002201,32,2,40020007,1,0,0,0,0,224013108
111002201,33,2,40030007,1,0,0,0,0,224013108
111002201,34,2,40040007,1,0,0,0,0,224013108
111002201,35,2,40050007,1,0,0,0,0,224013108
111002201,36,2,40060007,1,0,0,0,0,224013108
111002201,37,2,40070007,1,0,0,0,0,224013108
111002201,38,2,40080007,1,0,0,0,0,224013108
111002201,39,2,40090007,1,0,0,0,0,224013108
111002201,40,2,40020009,1,0,0,0,0,224013108
111002201,41,2,40090009,1,0,0,0,0,224013108
111002201,42,2,10010016,1,0,0,0,0,224013108
111002201,43,2,10020015,1,0,0,0,0,224013108
111002201,44,2,20010014,1,0,0,0,0,224013108
111002201,45,2,20020013,1,0,0,0,0,224013108
111002201,46,2,30060009,1,0,0,0,0,224013108
111002201,47,2,30080009,1,0,0,0,0,224013108
111002201,48,2,20030013,1,0,0,0,0,224013108
111002201,49,2,20040013,1,0,0,0,0,224013108
111002201,50,2,40040009,1,0,0,0,0,224013108
111002201,51,2,40050009,1,0,0,0,0,224013108
111002201,52,2,30010010,1,0,0,0,0,224013108
111002201,53,2,30100009,1,0,0,0,0,224013108
111002201,54,2,10030016,1,0,0,0,0,224013108
111002201,55,2,10050015,1,0,0,0,0,224013108
111002201,56,2,40070010,1,0,0,0,0,224013108
111002201,57,2,40080010,1,0,0,0,0,224013108
111002201,58,2,20060015,1,0,0,0,0,224013108
111002201,59,2,20080014,1,0,0,0,0,224013108
111002201,60,2,10060015,1,0,0,0,0,224013108
111002201,61,2,10070017,1,0,0,0,0,224013108
111002201,62,2,30110010,1,0,0,0,0,224013108
111002201,63,2,30120010,1,0,0,0,0,224013108
111002201,64,2,20040015,1,0,0,0,0,224013108
111002201,65,2,20070015,1,0,0,0,0,224013108
111002201,66,2,40030012,1,0,0,0,0,224013108
111002201,67,2,40060011,1,0,0,0,0,224013108
111002201,68,2,30050013,1,0,0,0,0,224013108
111002201,69,2,30070013,1,0,0,0,0,224013108
111002201,70,2,10040019,1,0,0,0,0,224013108
111002201,71,2,10090018,1,0,0,0,0,224013108
111002201,72,2,40010014,1,0,0,0,0,224013108
111002201,73,2,40020012,1,0,0,0,0,224013108
111002201,74,2,20050017,1,0,0,1,0,224013108
111002201,75,2,20090016,1,0,0,1,0,224013108
111002201,76,2,10030018,1,0,0,1,0,224013108
111002201,77,2,10060017,1,0,0,1,0,224013108
111002301,1,2,10010013,1,0,0,0,0,224021409
111002301,2,2,10020013,1,0,0,0,0,224021409
111002301,3,2,10030013,1,0,0,0,0,224021409
111002301,4,2,10040013,1,0,0,0,0,224021409
111002301,5,2,10050013,1,0,0,0,0,224021409
111002301,6,2,10060013,1,0,0,0,0,224021409
111002301,7,2,10070013,1,0,0,0,0,224021409
111002301,8,2,10080013,1,0,0,0,0,224021409
111002301,9,2,10090013,1,0,0,0,0,224021409
111002301,10,2,20010011,1,0,0,0,0,224021409
111002301,11,2,20020011,1,0,0,0,0,224021409
111002301,12,2,20030011,1,0,0,0,0,224021409
111002301,13,2,20040011,1,0,0,0,0,224021409
111002301,14,2,20050011,1,0,0,0,0,224021409
111002301,15,2,20060011,1,0,0,0,0,224021409
111002301,16,2,20070011,1,0,0,0,0,224021409
111002301,17,2,20080011,1,0,0,0,0,224021409
111002301,18,2,20090011,1,0,0,0,0,224021409
111002301,19,2,30010007,1,0,0,0,0,224021409
111002301,20,2,30020007,1,0,0,0,0,224021409
111002301,21,2,30030007,1,0,0,0,0,224021409
111002301,22,2,30040007,1,0,0,0,0,224021409
111002301,23,2,30050007,1,0,0,0,0,224021409
111002301,24,2,30060007,1,0,0,0,0,224021409
111002301,25,2,30070007,1,0,0,0,0,224021409
111002301,26,2,30080007,1,0,0,0,0,224021409
111002301,27,2,30090007,1,0,0,0,0,224021409
111002301,28,2,30100007,1,0,0,0,0,224021409
111002301,29,2,30110007,1,0,0,0,0,224021409
111002301,30,2,30120007,1,0,0,0,0,224021409
111002301,31,2,40010007,1,0,0,0,0,224021409
111002301,32,2,40020007,1,0,0,0,0,224021409
111002301,33,2,40030007,1,0,0,0,0,224021409
111002301,34,2,40040007,1,0,0,0,0,224021409
111002301,35,2,40050007,1,0,0,0,0,224021409
111002301,36,2,40060007,1,0,0,0,0,224021409
111002301,37,2,40070007,1,0,0,0,0,224021409
111002301,38,2,40080007,1,0,0,0,0,224021409
111002301,39,2,40090007,1,0,0,0,0,224021409
111002301,40,2,40020009,1,0,0,0,0,224021409
111002301,41,2,40090009,1,0,0,0,0,224021409
111002301,42,2,10010016,1,0,0,0,0,224021409
111002301,43,2,10020015,1,0,0,0,0,224021409
111002301,44,2,20010014,1,0,0,0,0,224021409
111002301,45,2,20020013,1,0,0,0,0,224021409
111002301,46,2,30060009,1,0,0,0,0,224021409
111002301,47,2,30080009,1,0,0,0,0,224021409
111002301,48,2,20030013,1,0,0,0,0,224021409
111002301,49,2,20040013,1,0,0,0,0,224021409
111002301,50,2,40040009,1,0,0,0,0,224021409
111002301,51,2,40050009,1,0,0,0,0,224021409
111002301,52,2,30010010,1,0,0,0,0,224021409
111002301,53,2,30100009,1,0,0,0,0,224021409
111002301,54,2,10030016,1,0,0,0,0,224021409
111002301,55,2,10050015,1,0,0,0,0,224021409
111002301,56,2,40070010,1,0,0,0,0,224021409
111002301,57,2,40080010,1,0,0,0,0,224021409
111002301,58,2,20060015,1,0,0,0,0,224021409
111002301,59,2,20080014,1,0,0,0,0,224021409
111002301,60,2,10060015,1,0,0,0,0,224021409
111002301,61,2,10070017,1,0,0,0,0,224021409
111002301,62,2,30110010,1,0,0,0,0,224021409
111002301,63,2,30120010,1,0,0,0,0,224021409
111002301,64,2,20040015,1,0,0,0,0,224021409
111002301,65,2,20070015,1,0,0,0,0,224021409
111002301,66,2,40030012,1,0,0,0,0,224021409
111002301,67,2,40060011,1,0,0,0,0,224021409
111002301,68,2,30050013,1,0,0,0,0,224021409
111002301,69,2,30070013,1,0,0,0,0,224021409
111002301,70,2,10040019,1,0,0,0,0,224021409
111002301,71,2,10090018,1,0,0,0,0,224021409
111002301,72,2,40010014,1,0,0,0,0,224021409
111002301,73,2,40020012,1,0,0,0,0,224021409
111002301,74,2,20050017,1,0,0,0,0,224021409
111002301,75,2,20090016,1,0,0,0,0,224021409
111002301,76,2,10030018,1,0,0,1,0,224021409
111002301,77,2,10060017,1,0,0,1,0,224021409
111002301,78,2,30030014,1,0,0,1,0,224021409
111002301,79,2,30040014,1,0,0,1,0,224021409
111002401,1,2,10010013,1,0,0,0,0,224030120
111002401,2,2,10020013,1,0,0,0,0,224030120
111002401,3,2,10030013,1,0,0,0,0,224030120
111002401,4,2,10040013,1,0,0,0,0,224030120
111002401,5,2,10050013,1,0,0,0,0,224030120
111002401,6,2,10060013,1,0,0,0,0,224030120
111002401,7,2,10070013,1,0,0,0,0,224030120
111002401,8,2,10080013,1,0,0,0,0,224030120
111002401,9,2,10090013,1,0,0,0,0,224030120
111002401,10,2,20010011,1,0,0,0,0,224030120
111002401,11,2,20020011,1,0,0,0,0,224030120
111002401,12,2,20030011,1,0,0,0,0,224030120
111002401,13,2,20040011,1,0,0,0,0,224030120
111002401,14,2,20050011,1,0,0,0,0,224030120
111002401,15,2,20060011,1,0,0,0,0,224030120
111002401,16,2,20070011,1,0,0,0,0,224030120
111002401,17,2,20080011,1,0,0,0,0,224030120
111002401,18,2,20090011,1,0,0,0,0,224030120
111002401,19,2,30010007,1,0,0,0,0,224030120
111002401,20,2,30020007,1,0,0,0,0,224030120
111002401,21,2,30030007,1,0,0,0,0,224030120
111002401,22,2,30040007,1,0,0,0,0,224030120
111002401,23,2,30050007,1,0,0,0,0,224030120
111002401,24,2,30060007,1,0,0,0,0,224030120
111002401,25,2,30070007,1,0,0,0,0,224030120
111002401,26,2,30080007,1,0,0,0,0,224030120
111002401,27,2,30090007,1,0,0,0,0,224030120
111002401,28,2,30100007,1,0,0,0,0,224030120
111002401,29,2,30110007,1,0,0,0,0,224030120
111002401,30,2,30120007,1,0,0,0,0,224030120
111002401,31,2,40010007,1,0,0,0,0,224030120
111002401,32,2,40020007,1,0,0,0,0,224030120
111002401,33,2,40030007,1,0,0,0,0,224030120
111002401,34,2,40040007,1,0,0,0,0,224030120
111002401,35,2,40050007,1,0,0,0,0,224030120
111002401,36,2,40060007,1,0,0,0,0,224030120
111002401,37,2,40070007,1,0,0,0,0,224030120
111002401,38,2,40080007,1,0,0,0,0,224030120
111002401,39,2,40090007,1,0,0,0,0,224030120
111002401,40,2,40020009,1,0,0,0,0,224030120
111002401,41,2,40090009,1,0,0,0,0,224030120
111002401,42,2,10010016,1,0,0,0,0,224030120
111002401,43,2,10020015,1,0,0,0,0,224030120
111002401,44,2,20010014,1,0,0,0,0,224030120
111002401,45,2,20020013,1,0,0,0,0,224030120
111002401,46,2,30060009,1,0,0,0,0,224030120
111002401,47,2,30080009,1,0,0,0,0,224030120
111002401,48,2,20030013,1,0,0,0,0,224030120
111002401,49,2,20040013,1,0,0,0,0,224030120
111002401,50,2,40040009,1,0,0,0,0,224030120
111002401,51,2,40050009,1,0,0,0,0,224030120
111002401,52,2,30010010,1,0,0,0,0,224030120
111002401,53,2,30100009,1,0,0,0,0,224030120
111002401,54,2,10030016,1,0,0,0,0,224030120
111002401,55,2,10050015,1,0,0,0,0,224030120
111002401,56,2,40070010,1,0,0,0,0,224030120
111002401,57,2,40080010,1,0,0,0,0,224030120
111002401,58,2,20060015,1,0,0,0,0,224030120
111002401,59,2,20080014,1,0,0,0,0,224030120
111002401,60,2,10060015,1,0,0,0,0,224030120
111002401,61,2,10070017,1,0,0,0,0,224030120
111002401,62,2,30110010,1,0,0,0,0,224030120
111002401,63,2,30120010,1,0,0,0,0,224030120
111002401,64,2,20040015,1,0,0,0,0,224030120
111002401,65,2,20070015,1,0,0,0,0,224030120
111002401,66,2,40030012,1,0,0,0,0,224030120
111002401,67,2,40060011,1,0,0,0,0,224030120
111002401,68,2,30050013,1,0,0,0,0,224030120
111002401,69,2,30070013,1,0,0,0,0,224030120
111002401,70,2,10040019,1,0,0,0,0,224030120
111002401,71,2,10090018,1,0,0,0,0,224030120
111002401,72,2,40010014,1,0,0,0,0,224030120
111002401,73,2,40020012,1,0,0,0,0,224030120
111002401,74,2,20050017,1,0,0,0,0,224030120
111002401,75,2,20090016,1,0,0,0,0,224030120
111002401,76,2,10030018,1,0,0,0,0,224030120
111002401,77,2,10060017,1,0,0,0,0,224030120
111002401,78,2,30030014,1,0,0,1,0,224030120
111002401,79,2,30040014,1,0,0,1,0,224030120
111002401,80,2,20020016,1,0,0,1,0,224030120
111002401,81,2,20060016,1,0,0,1,0,224030120
211000101,1,2,10010016,1,0,0,1,0,223043002
211000101,2,2,10020015,1,0,0,1,0,223043002
211000102,1,2,10010013,1,0,0,0,0,223043002
211000102,2,2,10020013,1,0,0,0,0,223043002
211000102,3,2,10030013,1,0,0,0,0,223043002
211000102,4,2,10040013,1,0,0,0,0,223043002
211000102,5,2,10050013,1,0,0,0,0,223043002
211000102,6,2,10060013,1,0,0,0,0,223043002
211000102,7,2,10070013,1,0,0,0,0,223043002
211000102,8,2,10080013,1,0,0,0,0,223043002
211000102,9,2,10090013,1,0,0,0,0,223043002
211000102,10,2,20010011,1,0,0,0,0,223043002
211000102,11,2,20020011,1,0,0,0,0,223043002
211000102,12,2,20030011,1,0,0,0,0,223043002
211000102,13,2,20040011,1,0,0,0,0,223043002
211000102,14,2,20050011,1,0,0,0,0,223043002
211000102,15,2,20060011,1,0,0,0,0,223043002
211000102,16,2,20070011,1,0,0,0,0,223043002
211000102,17,2,20080011,1,0,0,0,0,223043002
211000102,18,2,20090011,1,0,0,0,0,223043002
211000102,19,2,30010007,1,0,0,0,0,223043002
211000102,20,2,30020007,1,0,0,0,0,223043002
211000102,21,2,30030007,1,0,0,0,0,223043002
211000102,22,2,30040007,1,0,0,0,0,223043002
211000102,23,2,30050007,1,0,0,0,0,223043002
211000102,24,2,30060007,1,0,0,0,0,223043002
211000102,25,2,30070007,1,0,0,0,0,223043002
211000102,26,2,30080007,1,0,0,0,0,223043002
211000102,27,2,30090007,1,0,0,0,0,223043002
211000102,28,2,30100007,1,0,0,0,0,223043002
211000102,29,2,30110007,1,0,0,0,0,223043002
211000102,30,2,30120007,1,0,0,0,0,223043002
211000102,31,2,40010007,1,0,0,0,0,223043002
211000102,32,2,40020007,1,0,0,0,0,223043002
211000102,33,2,40030007,1,0,0,0,0,223043002
211000102,34,2,40040007,1,0,0,0,0,223043002
211000102,35,2,40050007,1,0,0,0,0,223043002
211000102,36,2,40060007,1,0,0,0,0,223043002
211000102,37,2,40070007,1,0,0,0,0,223043002
211000102,38,2,40080007,1,0,0,0,0,223043002
211000102,39,2,40090007,1,0,0,0,0,223043002
211000102,40,2,40020009,1,0,0,0,0,223043002
211000102,41,2,40090009,1,0,0,0,0,223043002
211000201,1,2,20010014,1,0,0,1,0,223051502
211000201,2,2,20020013,1,0,0,1,0,223051502
211000202,1,2,10010013,1,0,0,0,0,223051502
211000202,2,2,10020013,1,0,0,0,0,223051502
211000202,3,2,10030013,1,0,0,0,0,223051502
211000202,4,2,10040013,1,0,0,0,0,223051502
211000202,5,2,10050013,1,0,0,0,0,223051502
211000202,6,2,10060013,1,0,0,0,0,223051502
211000202,7,2,10070013,1,0,0,0,0,223051502
211000202,8,2,10080013,1,0,0,0,0,223051502
211000202,9,2,10090013,1,0,0,0,0,223051502
211000202,10,2,20010011,1,0,0,0,0,223051502
211000202,11,2,20020011,1,0,0,0,0,223051502
211000202,12,2,20030011,1,0,0,0,0,223051502
211000202,13,2,20040011,1,0,0,0,0,223051502
211000202,14,2,20050011,1,0,0,0,0,223051502
211000202,15,2,20060011,1,0,0,0,0,223051502
211000202,16,2,20070011,1,0,0,0,0,223051502
211000202,17,2,20080011,1,0,0,0,0,223051502
211000202,18,2,20090011,1,0,0,0,0,223051502
211000202,19,2,30010007,1,0,0,0,0,223051502
211000202,20,2,30020007,1,0,0,0,0,223051502
211000202,21,2,30030007,1,0,0,0,0,223051502
211000202,22,2,30040007,1,0,0,0,0,223051502
211000202,23,2,30050007,1,0,0,0,0,223051502
211000202,24,2,30060007,1,0,0,0,0,223051502
211000202,25,2,30070007,1,0,0,0,0,223051502
211000202,26,2,30080007,1,0,0,0,0,223051502
211000202,27,2,30090007,1,0,0,0,0,223051502
211000202,28,2,30100007,1,0,0,0,0,223051502
211000202,29,2,30110007,1,0,0,0,0,223051502
211000202,30,2,30120007,1,0,0,0,0,223051502
211000202,31,2,40010007,1,0,0,0,0,223051502
211000202,32,2,40020007,1,0,0,0,0,223051502
211000202,33,2,40030007,1,0,0,0,0,223051502
211000202,34,2,40040007,1,0,0,0,0,223051502
211000202,35,2,40050007,1,0,0,0,0,223051502
211000202,36,2,40060007,1,0,0,0,0,223051502
211000202,37,2,40070007,1,0,0,0,0,223051502
211000202,38,2,40080007,1,0,0,0,0,223051502
211000202,39,2,40090007,1,0,0,0,0,223051502
211000202,40,2,40020009,1,0,0,0,0,223051502
211000202,41,2,40090009,1,0,0,0,0,223051502
211000202,42,2,10010016,1,0,0,0,0,223051502
211000202,43,2,10020015,1,0,0,0,0,223051502
211000301,1,2,30060009,1,0,0,1,0,223053102
211000301,2,2,30080009,1,0,0,1,0,223053102
211000302,1,2,10010013,1,0,0,0,0,223053102
211000302,2,2,10020013,1,0,0,0,0,223053102
211000302,3,2,10030013,1,0,0,0,0,223053102
211000302,4,2,10040013,1,0,0,0,0,223053102
211000302,5,2,10050013,1,0,0,0,0,223053102
211000302,6,2,10060013,1,0,0,0,0,223053102
211000302,7,2,10070013,1,0,0,0,0,223053102
211000302,8,2,10080013,1,0,0,0,0,223053102
211000302,9,2,10090013,1,0,0,0,0,223053102
211000302,10,2,20010011,1,0,0,0,0,223053102
211000302,11,2,20020011,1,0,0,0,0,223053102
211000302,12,2,20030011,1,0,0,0,0,223053102
211000302,13,2,20040011,1,0,0,0,0,223053102
211000302,14,2,20050011,1,0,0,0,0,223053102
211000302,15,2,20060011,1,0,0,0,0,223053102
211000302,16,2,20070011,1,0,0,0,0,223053102
211000302,17,2,20080011,1,0,0,0,0,223053102
211000302,18,2,20090011,1,0,0,0,0,223053102
211000302,19,2,30010007,1,0,0,0,0,223053102
211000302,20,2,30020007,1,0,0,0,0,223053102
211000302,21,2,30030007,1,0,0,0,0,223053102
211000302,22,2,30040007,1,0,0,0,0,223053102
211000302,23,2,30050007,1,0,0,0,0,223053102
211000302,24,2,30060007,1,0,0,0,0,223053102
211000302,25,2,30070007,1,0,0,0,0,223053102
211000302,26,2,30080007,1,0,0,0,0,223053102
211000302,27,2,30090007,1,0,0,0,0,223053102
211000302,28,2,30100007,1,0,0,0,0,223053102
211000302,29,2,30110007,1,0,0,0,0,223053102
211000302,30,2,30120007,1,0,0,0,0,223053102
211000302,31,2,40010007,1,0,0,0,0,223053102
211000302,32,2,40020007,1,0,0,0,0,223053102
211000302,33,2,40030007,1,0,0,0,0,223053102
211000302,34,2,40040007,1,0,0,0,0,223053102
211000302,35,2,40050007,1,0,0,0,0,223053102
211000302,36,2,40060007,1,0,0,0,0,223053102
211000302,37,2,40070007,1,0,0,0,0,223053102
211000302,38,2,40080007,1,0,0,0,0,223053102
211000302,39,2,40090007,1,0,0,0,0,223053102
211000302,40,2,40020009,1,0,0,0,0,223053102
211000302,41,2,40090009,1,0,0,0,0,223053102
211000302,42,2,10010016,1,0,0,0,0,223053102
211000302,43,2,10020015,1,0,0,0,0,223053102
211000302,44,2,20010014,1,0,0,0,0,223053102
211000302,45,2,20020013,1,0,0,0,0,223053102
211000401,1,2,20030013,1,0,0,1,0,223061502
211000402,1,2,20040013,1,0,0,0,0,223061502
211000402,2,2,10010013,1,0,0,0,0,223061502
211000402,3,2,10020013,1,0,0,0,0,223061502
211000402,4,2,10030013,1,0,0,0,0,223061502
211000402,5,2,10040013,1,0,0,0,0,223061502
211000402,6,2,10050013,1,0,0,0,0,223061502
211000402,7,2,10060013,1,0,0,0,0,223061502
211000402,8,2,10070013,1,0,0,0,0,223061502
211000402,9,2,10080013,1,0,0,0,0,223061502
211000402,10,2,10090013,1,0,0,0,0,223061502
211000402,11,2,20010011,1,0,0,0,0,223061502
211000402,12,2,20020011,1,0,0,0,0,223061502
211000402,13,2,20030011,1,0,0,0,0,223061502
211000402,14,2,20040011,1,0,0,0,0,223061502
211000402,15,2,20050011,1,0,0,0,0,223061502
211000402,16,2,20060011,1,0,0,0,0,223061502
211000402,17,2,20070011,1,0,0,0,0,223061502
211000402,18,2,20080011,1,0,0,0,0,223061502
211000402,19,2,20090011,1,0,0,0,0,223061502
211000402,20,2,30010007,1,0,0,0,0,223061502
211000402,21,2,30020007,1,0,0,0,0,223061502
211000402,22,2,30030007,1,0,0,0,0,223061502
211000402,23,2,30040007,1,0,0,0,0,223061502
211000402,24,2,30050007,1,0,0,0,0,223061502
211000402,25,2,30060007,1,0,0,0,0,223061502
211000402,26,2,30070007,1,0,0,0,0,223061502
211000402,27,2,30080007,1,0,0,0,0,223061502
211000402,28,2,30090007,1,0,0,0,0,223061502
211000402,29,2,30100007,1,0,0,0,0,223061502
211000402,30,2,30110007,1,0,0,0,0,223061502
211000402,31,2,30120007,1,0,0,0,0,223061502
211000402,32,2,40010007,1,0,0,0,0,223061502
211000402,33,2,40020007,1,0,0,0,0,223061502
211000402,34,2,40030007,1,0,0,0,0,223061502
211000402,35,2,40040007,1,0,0,0,0,223061502
211000402,36,2,40050007,1,0,0,0,0,223061502
211000402,37,2,40060007,1,0,0,0,0,223061502
211000402,38,2,40070007,1,0,0,0,0,223061502
211000402,39,2,40080007,1,0,0,0,0,223061502
211000402,40,2,40090007,1,0,0,0,0,223061502
211000402,41,2,40020009,1,0,0,0,0,223061502
211000402,42,2,40090009,1,0,0,0,0,223061502
211000402,43,2,10010016,1,0,0,0,0,223061502
211000402,44,2,10020015,1,0,0,0,0,223061502
211000402,45,2,20010014,1,0,0,0,0,223061502
211000402,46,2,20020013,1,0,0,0,0,223061502
211000402,47,2,30060009,1,0,0,0,0,223061502
211000402,48,2,30080009,1,0,0,0,0,223061502
211000501,1,2,20040013,1,0,0,1,0,223061502
211000502,1,2,20030013,1,0,0,0,0,223061502
211000502,2,2,10010013,1,0,0,0,0,223061502
211000502,3,2,10020013,1,0,0,0,0,223061502
211000502,4,2,10030013,1,0,0,0,0,223061502
211000502,5,2,10040013,1,0,0,0,0,223061502
211000502,6,2,10050013,1,0,0,0,0,223061502
211000502,7,2,10060013,1,0,0,0,0,223061502
211000502,8,2,10070013,1,0,0,0,0,223061502
211000502,9,2,10080013,1,0,0,0,0,223061502
211000502,10,2,10090013,1,0,0,0,0,223061502
211000502,11,2,20010011,1,0,0,0,0,223061502
211000502,12,2,20020011,1,0,0,0,0,223061502
211000502,13,2,20030011,1,0,0,0,0,223061502
211000502,14,2,20040011,1,0,0,0,0,223061502
211000502,15,2,20050011,1,0,0,0,0,223061502
211000502,16,2,20060011,1,0,0,0,0,223061502
211000502,17,2,20070011,1,0,0,0,0,223061502
211000502,18,2,20080011,1,0,0,0,0,223061502
211000502,19,2,20090011,1,0,0,0,0,223061502
211000502,20,2,30010007,1,0,0,0,0,223061502
211000502,21,2,30020007,1,0,0,0,0,223061502
211000502,22,2,30030007,1,0,0,0,0,223061502
211000502,23,2,30040007,1,0,0,0,0,223061502
211000502,24,2,30050007,1,0,0,0,0,223061502
211000502,25,2,30060007,1,0,0,0,0,223061502
211000502,26,2,30070007,1,0,0,0,0,223061502
211000502,27,2,30080007,1,0,0,0,0,223061502
211000502,28,2,30090007,1,0,0,0,0,223061502
211000502,29,2,30100007,1,0,0,0,0,223061502
211000502,30,2,30110007,1,0,0,0,0,223061502
211000502,31,2,30120007,1,0,0,0,0,223061502
211000502,32,2,40010007,1,0,0,0,0,223061502
211000502,33,2,40020007,1,0,0,0,0,223061502
211000502,34,2,40030007,1,0,0,0,0,223061502
211000502,35,2,40040007,1,0,0,0,0,223061502
211000502,36,2,40050007,1,0,0,0,0,223061502
211000502,37,2,40060007,1,0,0,0,0,223061502
211000502,38,2,40070007,1,0,0,0,0,223061502
211000502,39,2,40080007,1,0,0,0,0,223061502
211000502,40,2,40090007,1,0,0,0,0,223061502
211000502,41,2,40020009,1,0,0,0,0,223061502
211000502,42,2,40090009,1,0,0,0,0,223061502
211000502,43,2,10010016,1,0,0,0,0,223061502
211000502,44,2,10020015,1,0,0,0,0,223061502
211000502,45,2,20010014,1,0,0,0,0,223061502
211000502,46,2,20020013,1,0,0,0,0,223061502
211000502,47,2,30060009,1,0,0,0,0,223061502
211000502,48,2,30080009,1,0,0,0,0,223061502
211000601,1,2,40040009,1,0,0,1,0,223063002
211000602,1,2,40050009,1,0,0,0,0,223063002
211000602,2,2,10010013,1,0,0,0,0,223063002
211000602,3,2,10020013,1,0,0,0,0,223063002
211000602,4,2,10030013,1,0,0,0,0,223063002
211000602,5,2,10040013,1,0,0,0,0,223063002
211000602,6,2,10050013,1,0,0,0,0,223063002
211000602,7,2,10060013,1,0,0,0,0,223063002
211000602,8,2,10070013,1,0,0,0,0,223063002
211000602,9,2,10080013,1,0,0,0,0,223063002
211000602,10,2,10090013,1,0,0,0,0,223063002
211000602,11,2,20010011,1,0,0,0,0,223063002
211000602,12,2,20020011,1,0,0,0,0,223063002
211000602,13,2,20030011,1,0,0,0,0,223063002
211000602,14,2,20040011,1,0,0,0,0,223063002
211000602,15,2,20050011,1,0,0,0,0,223063002
211000602,16,2,20060011,1,0,0,0,0,223063002
211000602,17,2,20070011,1,0,0,0,0,223063002
211000602,18,2,20080011,1,0,0,0,0,223063002
211000602,19,2,20090011,1,0,0,0,0,223063002
211000602,20,2,30010007,1,0,0,0,0,223063002
211000602,21,2,30020007,1,0,0,0,0,223063002
211000602,22,2,30030007,1,0,0,0,0,223063002
211000602,23,2,30040007,1,0,0,0,0,223063002
211000602,24,2,30050007,1,0,0,0,0,223063002
211000602,25,2,30060007,1,0,0,0,0,223063002
211000602,26,2,30070007,1,0,0,0,0,223063002
211000602,27,2,30080007,1,0,0,0,0,223063002
211000602,28,2,30090007,1,0,0,0,0,223063002
211000602,29,2,30100007,1,0,0,0,0,223063002
211000602,30,2,30110007,1,0,0,0,0,223063002
211000602,31,2,30120007,1,0,0,0,0,223063002
211000602,32,2,40010007,1,0,0,0,0,223063002
211000602,33,2,40020007,1,0,0,0,0,223063002
211000602,34,2,40030007,1,0,0,0,0,223063002
211000602,35,2,40040007,1,0,0,0,0,223063002
211000602,36,2,40050007,1,0,0,0,0,223063002
211000602,37,2,40060007,1,0,0,0,0,223063002
211000602,38,2,40070007,1,0,0,0,0,223063002
211000602,39,2,40080007,1,0,0,0,0,223063002
211000602,40,2,40090007,1,0,0,0,0,223063002
211000602,41,2,40020009,1,0,0,0,0,223063002
211000602,42,2,40090009,1,0,0,0,0,223063002
211000602,43,2,10010016,1,0,0,0,0,223063002
211000602,44,2,10020015,1,0,0,0,0,223063002
211000602,45,2,20010014,1,0,0,0,0,223063002
211000602,46,2,20020013,1,0,0,0,0,223063002
211000602,47,2,30060009,1,0,0,0,0,223063002
211000602,48,2,30080009,1,0,0,0,0,223063002
211000602,49,2,20030013,1,0,0,0,0,223063002
211000602,50,2,20040013,1,0,0,0,0,223063002
211000701,1,2,40050009,1,0,0,1,0,223063002
211000702,1,2,40040009,1,0,0,0,0,223063002
211000702,2,2,10010013,1,0,0,0,0,223063002
211000702,3,2,10020013,1,0,0,0,0,223063002
211000702,4,2,10030013,1,0,0,0,0,223063002
211000702,5,2,10040013,1,0,0,0,0,223063002
211000702,6,2,10050013,1,0,0,0,0,223063002
211000702,7,2,10060013,1,0,0,0,0,223063002
211000702,8,2,10070013,1,0,0,0,0,223063002
211000702,9,2,10080013,1,0,0,0,0,223063002
211000702,10,2,10090013,1,0,0,0,0,223063002
211000702,11,2,20010011,1,0,0,0,0,223063002
211000702,12,2,20020011,1,0,0,0,0,223063002
211000702,13,2,20030011,1,0,0,0,0,223063002
211000702,14,2,20040011,1,0,0,0,0,223063002
211000702,15,2,20050011,1,0,0,0,0,223063002
211000702,16,2,20060011,1,0,0,0,0,223063002
211000702,17,2,20070011,1,0,0,0,0,223063002
211000702,18,2,20080011,1,0,0,0,0,223063002
211000702,19,2,20090011,1,0,0,0,0,223063002
211000702,20,2,30010007,1,0,0,0,0,223063002
211000702,21,2,30020007,1,0,0,0,0,223063002
211000702,22,2,30030007,1,0,0,0,0,223063002
211000702,23,2,30040007,1,0,0,0,0,223063002
211000702,24,2,30050007,1,0,0,0,0,223063002
211000702,25,2,30060007,1,0,0,0,0,223063002
211000702,26,2,30070007,1,0,0,0,0,223063002
211000702,27,2,30080007,1,0,0,0,0,223063002
211000702,28,2,30090007,1,0,0,0,0,223063002
211000702,29,2,30100007,1,0,0,0,0,223063002
211000702,30,2,30110007,1,0,0,0,0,223063002
211000702,31,2,30120007,1,0,0,0,0,223063002
211000702,32,2,40010007,1,0,0,0,0,223063002
211000702,33,2,40020007,1,0,0,0,0,223063002
211000702,34,2,40030007,1,0,0,0,0,223063002
211000702,35,2,40040007,1,0,0,0,0,223063002
211000702,36,2,40050007,1,0,0,0,0,223063002
211000702,37,2,40060007,1,0,0,0,0,223063002
211000702,38,2,40070007,1,0,0,0,0,223063002
211000702,39,2,40080007,1,0,0,0,0,223063002
211000702,40,2,40090007,1,0,0,0,0,223063002
211000702,41,2,40020009,1,0,0,0,0,223063002
211000702,42,2,40090009,1,0,0,0,0,223063002
211000702,43,2,10010016,1,0,0,0,0,223063002
211000702,44,2,10020015,1,0,0,0,0,223063002
211000702,45,2,20010014,1,0,0,0,0,223063002
211000702,46,2,20020013,1,0,0,0,0,223063002
211000702,47,2,30060009,1,0,0,0,0,223063002
211000702,48,2,30080009,1,0,0,0,0,223063002
211000702,49,2,20030013,1,0,0,0,0,223063002
211000702,50,2,20040013,1,0,0,0,0,223063002
211000801,1,2,30010010,1,0,0,1,0,223071503
211000802,1,2,30100009,1,0,0,0,0,223071503
211000802,2,2,10010013,1,0,0,0,0,223071503
211000802,3,2,10020013,1,0,0,0,0,223071503
211000802,4,2,10030013,1,0,0,0,0,223071503
211000802,5,2,10040013,1,0,0,0,0,223071503
211000802,6,2,10050013,1,0,0,0,0,223071503
211000802,7,2,10060013,1,0,0,0,0,223071503
211000802,8,2,10070013,1,0,0,0,0,223071503
211000802,9,2,10080013,1,0,0,0,0,223071503
211000802,10,2,10090013,1,0,0,0,0,223071503
211000802,11,2,20010011,1,0,0,0,0,223071503
211000802,12,2,20020011,1,0,0,0,0,223071503
211000802,13,2,20030011,1,0,0,0,0,223071503
211000802,14,2,20040011,1,0,0,0,0,223071503
211000802,15,2,20050011,1,0,0,0,0,223071503
211000802,16,2,20060011,1,0,0,0,0,223071503
211000802,17,2,20070011,1,0,0,0,0,223071503
211000802,18,2,20080011,1,0,0,0,0,223071503
211000802,19,2,20090011,1,0,0,0,0,223071503
211000802,20,2,30010007,1,0,0,0,0,223071503
211000802,21,2,30020007,1,0,0,0,0,223071503
211000802,22,2,30030007,1,0,0,0,0,223071503
211000802,23,2,30040007,1,0,0,0,0,223071503
211000802,24,2,30050007,1,0,0,0,0,223071503
211000802,25,2,30060007,1,0,0,0,0,223071503
211000802,26,2,30070007,1,0,0,0,0,223071503
211000802,27,2,30080007,1,0,0,0,0,223071503
211000802,28,2,30090007,1,0,0,0,0,223071503
211000802,29,2,30100007,1,0,0,0,0,223071503
211000802,30,2,30110007,1,0,0,0,0,223071503
211000802,31,2,30120007,1,0,0,0,0,223071503
211000802,32,2,40010007,1,0,0,0,0,223071503
211000802,33,2,40020007,1,0,0,0,0,223071503
211000802,34,2,40030007,1,0,0,0,0,223071503
211000802,35,2,40040007,1,0,0,0,0,223071503
211000802,36,2,40050007,1,0,0,0,0,223071503
211000802,37,2,40060007,1,0,0,0,0,223071503
211000802,38,2,40070007,1,0,0,0,0,223071503
211000802,39,2,40080007,1,0,0,0,0,223071503
211000802,40,2,40090007,1,0,0,0,0,223071503
211000802,41,2,40020009,1,0,0,0,0,223071503
211000802,42,2,40090009,1,0,0,0,0,223071503
211000802,43,2,10010016,1,0,0,0,0,223071503
211000802,44,2,10020015,1,0,0,0,0,223071503
211000802,45,2,20010014,1,0,0,0,0,223071503
211000802,46,2,20020013,1,0,0,0,0,223071503
211000802,47,2,30060009,1,0,0,0,0,223071503
211000802,48,2,30080009,1,0,0,0,0,223071503
211000802,49,2,20030013,1,0,0,0,0,223071503
211000802,50,2,20040013,1,0,0,0,0,223071503
211000802,51,2,40040009,1,0,0,0,0,223071503
211000802,52,2,40050009,1,0,0,0,0,223071503
211000901,1,2,30100009,1,0,0,1,0,223071503
211000902,1,2,30010010,1,0,0,0,0,223071503
211000902,2,2,10010013,1,0,0,0,0,223071503
211000902,3,2,10020013,1,0,0,0,0,223071503
211000902,4,2,10030013,1,0,0,0,0,223071503
211000902,5,2,10040013,1,0,0,0,0,223071503
211000902,6,2,10050013,1,0,0,0,0,223071503
211000902,7,2,10060013,1,0,0,0,0,223071503
211000902,8,2,10070013,1,0,0,0,0,223071503
211000902,9,2,10080013,1,0,0,0,0,223071503
211000902,10,2,10090013,1,0,0,0,0,223071503
211000902,11,2,20010011,1,0,0,0,0,223071503
211000902,12,2,20020011,1,0,0,0,0,223071503
211000902,13,2,20030011,1,0,0,0,0,223071503
211000902,14,2,20040011,1,0,0,0,0,223071503
211000902,15,2,20050011,1,0,0,0,0,223071503
211000902,16,2,20060011,1,0,0,0,0,223071503
211000902,17,2,20070011,1,0,0,0,0,223071503
211000902,18,2,20080011,1,0,0,0,0,223071503
211000902,19,2,20090011,1,0,0,0,0,223071503
211000902,20,2,30010007,1,0,0,0,0,223071503
211000902,21,2,30020007,1,0,0,0,0,223071503
211000902,22,2,30030007,1,0,0,0,0,223071503
211000902,23,2,30040007,1,0,0,0,0,223071503
211000902,24,2,30050007,1,0,0,0,0,223071503
211000902,25,2,30060007,1,0,0,0,0,223071503
211000902,26,2,30070007,1,0,0,0,0,223071503
211000902,27,2,30080007,1,0,0,0,0,223071503
211000902,28,2,30090007,1,0,0,0,0,223071503
211000902,29,2,30100007,1,0,0,0,0,223071503
211000902,30,2,30110007,1,0,0,0,0,223071503
211000902,31,2,30120007,1,0,0,0,0,223071503
211000902,32,2,40010007,1,0,0,0,0,223071503
211000902,33,2,40020007,1,0,0,0,0,223071503
211000902,34,2,40030007,1,0,0,0,0,223071503
211000902,35,2,40040007,1,0,0,0,0,223071503
211000902,36,2,40050007,1,0,0,0,0,223071503
211000902,37,2,40060007,1,0,0,0,0,223071503
211000902,38,2,40070007,1,0,0,0,0,223071503
211000902,39,2,40080007,1,0,0,0,0,223071503
211000902,40,2,40090007,1,0,0,0,0,223071503
211000902,41,2,40020009,1,0,0,0,0,223071503
211000902,42,2,40090009,1,0,0,0,0,223071503
211000902,43,2,10010016,1,0,0,0,0,223071503
211000902,44,2,10020015,1,0,0,0,0,223071503
211000902,45,2,20010014,1,0,0,0,0,223071503
211000902,46,2,20020013,1,0,0,0,0,223071503
211000902,47,2,30060009,1,0,0,0,0,223071503
211000902,48,2,30080009,1,0,0,0,0,223071503
211000902,49,2,20030013,1,0,0,0,0,223071503
211000902,50,2,20040013,1,0,0,0,0,223071503
211000902,51,2,40040009,1,0,0,0,0,223071503
211000902,52,2,40050009,1,0,0,0,0,223071503
211001001,1,2,10030016,1,0,0,1,0,223073102
211001002,1,2,10050015,1,0,0,0,0,223073102
211001002,2,2,10010013,1,0,0,0,0,223073102
211001002,3,2,10020013,1,0,0,0,0,223073102
211001002,4,2,10030013,1,0,0,0,0,223073102
211001002,5,2,10040013,1,0,0,0,0,223073102
211001002,6,2,10050013,1,0,0,0,0,223073102
211001002,7,2,10060013,1,0,0,0,0,223073102
211001002,8,2,10070013,1,0,0,0,0,223073102
211001002,9,2,10080013,1,0,0,0,0,223073102
211001002,10,2,10090013,1,0,0,0,0,223073102
211001002,11,2,20010011,1,0,0,0,0,223073102
211001002,12,2,20020011,1,0,0,0,0,223073102
211001002,13,2,20030011,1,0,0,0,0,223073102
211001002,14,2,20040011,1,0,0,0,0,223073102
211001002,15,2,20050011,1,0,0,0,0,223073102
211001002,16,2,20060011,1,0,0,0,0,223073102
211001002,17,2,20070011,1,0,0,0,0,223073102
211001002,18,2,20080011,1,0,0,0,0,223073102
211001002,19,2,20090011,1,0,0,0,0,223073102
211001002,20,2,30010007,1,0,0,0,0,223073102
211001002,21,2,30020007,1,0,0,0,0,223073102
211001002,22,2,30030007,1,0,0,0,0,223073102
211001002,23,2,30040007,1,0,0,0,0,223073102
211001002,24,2,30050007,1,0,0,0,0,223073102
211001002,25,2,30060007,1,0,0,0,0,223073102
211001002,26,2,30070007,1,0,0,0,0,223073102
211001002,27,2,30080007,1,0,0,0,0,223073102
211001002,28,2,30090007,1,0,0,0,0,223073102
211001002,29,2,30100007,1,0,0,0,0,223073102
211001002,30,2,30110007,1,0,0,0,0,223073102
211001002,31,2,30120007,1,0,0,0,0,223073102
211001002,32,2,40010007,1,0,0,0,0,223073102
211001002,33,2,40020007,1,0,0,0,0,223073102
211001002,34,2,40030007,1,0,0,0,0,223073102
211001002,35,2,40040007,1,0,0,0,0,223073102
211001002,36,2,40050007,1,0,0,0,0,223073102
211001002,37,2,40060007,1,0,0,0,0,223073102
211001002,38,2,40070007,1,0,0,0,0,223073102
211001002,39,2,40080007,1,0,0,0,0,223073102
211001002,40,2,40090007,1,0,0,0,0,223073102
211001002,41,2,40020009,1,0,0,0,0,223073102
211001002,42,2,40090009,1,0,0,0,0,223073102
211001002,43,2,10010016,1,0,0,0,0,223073102
211001002,44,2,10020015,1,0,0,0,0,223073102
211001002,45,2,20010014,1,0,0,0,0,223073102
211001002,46,2,20020013,1,0,0,0,0,223073102
211001002,47,2,30060009,1,0,0,0,0,223073102
211001002,48,2,30080009,1,0,0,0,0,223073102
211001002,49,2,20030013,1,0,0,0,0,223073102
211001002,50,2,20040013,1,0,0,0,0,223073102
211001002,51,2,40040009,1,0,0,0,0,223073102
211001002,52,2,40050009,1,0,0,0,0,223073102
211001002,53,2,30010010,1,0,0,0,0,223073102
211001002,54,2,30100009,1,0,0,0,0,223073102
211001101,1,2,10050015,1,0,0,1,0,223073102
211001102,1,2,10030016,1,0,0,0,0,223073102
211001102,2,2,10010013,1,0,0,0,0,223073102
211001102,3,2,10020013,1,0,0,0,0,223073102
211001102,4,2,10030013,1,0,0,0,0,223073102
211001102,5,2,10040013,1,0,0,0,0,223073102
211001102,6,2,10050013,1,0,0,0,0,223073102
211001102,7,2,10060013,1,0,0,0,0,223073102
211001102,8,2,10070013,1,0,0,0,0,223073102
211001102,9,2,10080013,1,0,0,0,0,223073102
211001102,10,2,10090013,1,0,0,0,0,223073102
211001102,11,2,20010011,1,0,0,0,0,223073102
211001102,12,2,20020011,1,0,0,0,0,223073102
211001102,13,2,20030011,1,0,0,0,0,223073102
211001102,14,2,20040011,1,0,0,0,0,223073102
211001102,15,2,20050011,1,0,0,0,0,223073102
211001102,16,2,20060011,1,0,0,0,0,223073102
211001102,17,2,20070011,1,0,0,0,0,223073102
211001102,18,2,20080011,1,0,0,0,0,223073102
211001102,19,2,20090011,1,0,0,0,0,223073102
211001102,20,2,30010007,1,0,0,0,0,223073102
211001102,21,2,30020007,1,0,0,0,0,223073102
211001102,22,2,30030007,1,0,0,0,0,223073102
211001102,23,2,30040007,1,0,0,0,0,223073102
211001102,24,2,30050007,1,0,0,0,0,223073102
211001102,25,2,30060007,1,0,0,0,0,223073102
211001102,26,2,30070007,1,0,0,0,0,223073102
211001102,27,2,30080007,1,0,0,0,0,223073102
211001102,28,2,30090007,1,0,0,0,0,223073102
211001102,29,2,30100007,1,0,0,0,0,223073102
211001102,30,2,30110007,1,0,0,0,0,223073102
211001102,31,2,30120007,1,0,0,0,0,223073102
211001102,32,2,40010007,1,0,0,0,0,223073102
211001102,33,2,40020007,1,0,0,0,0,223073102
211001102,34,2,40030007,1,0,0,0,0,223073102
211001102,35,2,40040007,1,0,0,0,0,223073102
211001102,36,2,40050007,1,0,0,0,0,223073102
211001102,37,2,40060007,1,0,0,0,0,223073102
211001102,38,2,40070007,1,0,0,0,0,223073102
211001102,39,2,40080007,1,0,0,0,0,223073102
211001102,40,2,40090007,1,0,0,0,0,223073102
211001102,41,2,40020009,1,0,0,0,0,223073102
211001102,42,2,40090009,1,0,0,0,0,223073102
211001102,43,2,10010016,1,0,0,0,0,223073102
211001102,44,2,10020015,1,0,0,0,0,223073102
211001102,45,2,20010014,1,0,0,0,0,223073102
211001102,46,2,20020013,1,0,0,0,0,223073102
211001102,47,2,30060009,1,0,0,0,0,223073102
211001102,48,2,30080009,1,0,0,0,0,223073102
211001102,49,2,20030013,1,0,0,0,0,223073102
211001102,50,2,20040013,1,0,0,0,0,223073102
211001102,51,2,40040009,1,0,0,0,0,223073102
211001102,52,2,40050009,1,0,0,0,0,223073102
211001102,53,2,30010010,1,0,0,0,0,223073102
211001102,54,2,30100009,1,0,0,0,0,223073102
211001201,1,2,40070010,1,0,0,1,0,223081502
211001202,1,2,40080010,1,0,0,0,0,223081502
211001202,2,2,10010013,1,0,0,0,0,223081502
211001202,3,2,10020013,1,0,0,0,0,223081502
211001202,4,2,10030013,1,0,0,0,0,223081502
211001202,5,2,10040013,1,0,0,0,0,223081502
211001202,6,2,10050013,1,0,0,0,0,223081502
211001202,7,2,10060013,1,0,0,0,0,223081502
211001202,8,2,10070013,1,0,0,0,0,223081502
211001202,9,2,10080013,1,0,0,0,0,223081502
211001202,10,2,10090013,1,0,0,0,0,223081502
211001202,11,2,20010011,1,0,0,0,0,223081502
211001202,12,2,20020011,1,0,0,0,0,223081502
211001202,13,2,20030011,1,0,0,0,0,223081502
211001202,14,2,20040011,1,0,0,0,0,223081502
211001202,15,2,20050011,1,0,0,0,0,223081502
211001202,16,2,20060011,1,0,0,0,0,223081502
211001202,17,2,20070011,1,0,0,0,0,223081502
211001202,18,2,20080011,1,0,0,0,0,223081502
211001202,19,2,20090011,1,0,0,0,0,223081502
211001202,20,2,30010007,1,0,0,0,0,223081502
211001202,21,2,30020007,1,0,0,0,0,223081502
211001202,22,2,30030007,1,0,0,0,0,223081502
211001202,23,2,30040007,1,0,0,0,0,223081502
211001202,24,2,30050007,1,0,0,0,0,223081502
211001202,25,2,30060007,1,0,0,0,0,223081502
211001202,26,2,30070007,1,0,0,0,0,223081502
211001202,27,2,30080007,1,0,0,0,0,223081502
211001202,28,2,30090007,1,0,0,0,0,223081502
211001202,29,2,30100007,1,0,0,0,0,223081502
211001202,30,2,30110007,1,0,0,0,0,223081502
211001202,31,2,30120007,1,0,0,0,0,223081502
211001202,32,2,40010007,1,0,0,0,0,223081502
211001202,33,2,40020007,1,0,0,0,0,223081502
211001202,34,2,40030007,1,0,0,0,0,223081502
211001202,35,2,40040007,1,0,0,0,0,223081502
211001202,36,2,40050007,1,0,0,0,0,223081502
211001202,37,2,40060007,1,0,0,0,0,223081502
211001202,38,2,40070007,1,0,0,0,0,223081502
211001202,39,2,40080007,1,0,0,0,0,223081502
211001202,40,2,40090007,1,0,0,0,0,223081502
211001202,41,2,40020009,1,0,0,0,0,223081502
211001202,42,2,40090009,1,0,0,0,0,223081502
211001202,43,2,10010016,1,0,0,0,0,223081502
211001202,44,2,10020015,1,0,0,0,0,223081502
211001202,45,2,20010014,1,0,0,0,0,223081502
211001202,46,2,20020013,1,0,0,0,0,223081502
211001202,47,2,30060009,1,0,0,0,0,223081502
211001202,48,2,30080009,1,0,0,0,0,223081502
211001202,49,2,20030013,1,0,0,0,0,223081502
211001202,50,2,20040013,1,0,0,0,0,223081502
211001202,51,2,40040009,1,0,0,0,0,223081502
211001202,52,2,40050009,1,0,0,0,0,223081502
211001202,53,2,30010010,1,0,0,0,0,223081502
211001202,54,2,30100009,1,0,0,0,0,223081502
211001202,55,2,10030016,1,0,0,0,0,223081502
211001202,56,2,10050015,1,0,0,0,0,223081502
211001301,1,2,40080010,1,0,0,1,0,223081502
211001302,1,2,40070010,1,0,0,0,0,223081502
211001302,2,2,10010013,1,0,0,0,0,223081502
211001302,3,2,10020013,1,0,0,0,0,223081502
211001302,4,2,10030013,1,0,0,0,0,223081502
211001302,5,2,10040013,1,0,0,0,0,223081502
211001302,6,2,10050013,1,0,0,0,0,223081502
211001302,7,2,10060013,1,0,0,0,0,223081502
211001302,8,2,10070013,1,0,0,0,0,223081502
211001302,9,2,10080013,1,0,0,0,0,223081502
211001302,10,2,10090013,1,0,0,0,0,223081502
211001302,11,2,20010011,1,0,0,0,0,223081502
211001302,12,2,20020011,1,0,0,0,0,223081502
211001302,13,2,20030011,1,0,0,0,0,223081502
211001302,14,2,20040011,1,0,0,0,0,223081502
211001302,15,2,20050011,1,0,0,0,0,223081502
211001302,16,2,20060011,1,0,0,0,0,223081502
211001302,17,2,20070011,1,0,0,0,0,223081502
211001302,18,2,20080011,1,0,0,0,0,223081502
211001302,19,2,20090011,1,0,0,0,0,223081502
211001302,20,2,30010007,1,0,0,0,0,223081502
211001302,21,2,30020007,1,0,0,0,0,223081502
211001302,22,2,30030007,1,0,0,0,0,223081502
211001302,23,2,30040007,1,0,0,0,0,223081502
211001302,24,2,30050007,1,0,0,0,0,223081502
211001302,25,2,30060007,1,0,0,0,0,223081502
211001302,26,2,30070007,1,0,0,0,0,223081502
211001302,27,2,30080007,1,0,0,0,0,223081502
211001302,28,2,30090007,1,0,0,0,0,223081502
211001302,29,2,30100007,1,0,0,0,0,223081502
211001302,30,2,30110007,1,0,0,0,0,223081502
211001302,31,2,30120007,1,0,0,0,0,223081502
211001302,32,2,40010007,1,0,0,0,0,223081502
211001302,33,2,40020007,1,0,0,0,0,223081502
211001302,34,2,40030007,1,0,0,0,0,223081502
211001302,35,2,40040007,1,0,0,0,0,223081502
211001302,36,2,40050007,1,0,0,0,0,223081502
211001302,37,2,40060007,1,0,0,0,0,223081502
211001302,38,2,40070007,1,0,0,0,0,223081502
211001302,39,2,40080007,1,0,0,0,0,223081502
211001302,40,2,40090007,1,0,0,0,0,223081502
211001302,41,2,40020009,1,0,0,0,0,223081502
211001302,42,2,40090009,1,0,0,0,0,223081502
211001302,43,2,10010016,1,0,0,0,0,223081502
211001302,44,2,10020015,1,0,0,0,0,223081502
211001302,45,2,20010014,1,0,0,0,0,223081502
211001302,46,2,20020013,1,0,0,0,0,223081502
211001302,47,2,30060009,1,0,0,0,0,223081502
211001302,48,2,30080009,1,0,0,0,0,223081502
211001302,49,2,20030013,1,0,0,0,0,223081502
211001302,50,2,20040013,1,0,0,0,0,223081502
211001302,51,2,40040009,1,0,0,0,0,223081502
211001302,52,2,40050009,1,0,0,0,0,223081502
211001302,53,2,30010010,1,0,0,0,0,223081502
211001302,54,2,30100009,1,0,0,0,0,223081502
211001302,55,2,10030016,1,0,0,0,0,223081502
211001302,56,2,10050015,1,0,0,0,0,223081502
211001401,1,2,20060015,1,0,0,1,0,223083102
211001402,1,2,20080014,1,0,0,0,0,223083102
211001402,2,2,10010013,1,0,0,0,0,223083102
211001402,3,2,10020013,1,0,0,0,0,223083102
211001402,4,2,10030013,1,0,0,0,0,223083102
211001402,5,2,10040013,1,0,0,0,0,223083102
211001402,6,2,10050013,1,0,0,0,0,223083102
211001402,7,2,10060013,1,0,0,0,0,223083102
211001402,8,2,10070013,1,0,0,0,0,223083102
211001402,9,2,10080013,1,0,0,0,0,223083102
211001402,10,2,10090013,1,0,0,0,0,223083102
211001402,11,2,20010011,1,0,0,0,0,223083102
211001402,12,2,20020011,1,0,0,0,0,223083102
211001402,13,2,20030011,1,0,0,0,0,223083102
211001402,14,2,20040011,1,0,0,0,0,223083102
211001402,15,2,20050011,1,0,0,0,0,223083102
211001402,16,2,20060011,1,0,0,0,0,223083102
211001402,17,2,20070011,1,0,0,0,0,223083102
211001402,18,2,20080011,1,0,0,0,0,223083102
211001402,19,2,20090011,1,0,0,0,0,223083102
211001402,20,2,30010007,1,0,0,0,0,223083102
211001402,21,2,30020007,1,0,0,0,0,223083102
211001402,22,2,30030007,1,0,0,0,0,223083102
211001402,23,2,30040007,1,0,0,0,0,223083102
211001402,24,2,30050007,1,0,0,0,0,223083102
211001402,25,2,30060007,1,0,0,0,0,223083102
211001402,26,2,30070007,1,0,0,0,0,223083102
211001402,27,2,30080007,1,0,0,0,0,223083102
211001402,28,2,30090007,1,0,0,0,0,223083102
211001402,29,2,30100007,1,0,0,0,0,223083102
211001402,30,2,30110007,1,0,0,0,0,223083102
211001402,31,2,30120007,1,0,0,0,0,223083102
211001402,32,2,40010007,1,0,0,0,0,223083102
211001402,33,2,40020007,1,0,0,0,0,223083102
211001402,34,2,40030007,1,0,0,0,0,223083102
211001402,35,2,40040007,1,0,0,0,0,223083102
211001402,36,2,40050007,1,0,0,0,0,223083102
211001402,37,2,40060007,1,0,0,0,0,223083102
211001402,38,2,40070007,1,0,0,0,0,223083102
211001402,39,2,40080007,1,0,0,0,0,223083102
211001402,40,2,40090007,1,0,0,0,0,223083102
211001402,41,2,40020009,1,0,0,0,0,223083102
211001402,42,2,40090009,1,0,0,0,0,223083102
211001402,43,2,10010016,1,0,0,0,0,223083102
211001402,44,2,10020015,1,0,0,0,0,223083102
211001402,45,2,20010014,1,0,0,0,0,223083102
211001402,46,2,20020013,1,0,0,0,0,223083102
211001402,47,2,30060009,1,0,0,0,0,223083102
211001402,48,2,30080009,1,0,0,0,0,223083102
211001402,49,2,20030013,1,0,0,0,0,223083102
211001402,50,2,20040013,1,0,0,0,0,223083102
211001402,51,2,40040009,1,0,0,0,0,223083102
211001402,52,2,40050009,1,0,0,0,0,223083102
211001402,53,2,30010010,1,0,0,0,0,223083102
211001402,54,2,30100009,1,0,0,0,0,223083102
211001402,55,2,10030016,1,0,0,0,0,223083102
211001402,56,2,10050015,1,0,0,0,0,223083102
211001402,57,2,40070010,1,0,0,0,0,223083102
211001402,58,2,40080010,1,0,0,0,0,223083102
211001501,1,2,20080014,1,0,0,1,0,223083102
211001502,1,2,20060015,1,0,0,0,0,223083102
211001502,2,2,10010013,1,0,0,0,0,223083102
211001502,3,2,10020013,1,0,0,0,0,223083102
211001502,4,2,10030013,1,0,0,0,0,223083102
211001502,5,2,10040013,1,0,0,0,0,223083102
211001502,6,2,10050013,1,0,0,0,0,223083102
211001502,7,2,10060013,1,0,0,0,0,223083102
211001502,8,2,10070013,1,0,0,0,0,223083102
211001502,9,2,10080013,1,0,0,0,0,223083102
211001502,10,2,10090013,1,0,0,0,0,223083102
211001502,11,2,20010011,1,0,0,0,0,223083102
211001502,12,2,20020011,1,0,0,0,0,223083102
211001502,13,2,20030011,1,0,0,0,0,223083102
211001502,14,2,20040011,1,0,0,0,0,223083102
211001502,15,2,20050011,1,0,0,0,0,223083102
211001502,16,2,20060011,1,0,0,0,0,223083102
211001502,17,2,20070011,1,0,0,0,0,223083102
211001502,18,2,20080011,1,0,0,0,0,223083102
211001502,19,2,20090011,1,0,0,0,0,223083102
211001502,20,2,30010007,1,0,0,0,0,223083102
211001502,21,2,30020007,1,0,0,0,0,223083102
211001502,22,2,30030007,1,0,0,0,0,223083102
211001502,23,2,30040007,1,0,0,0,0,223083102
211001502,24,2,30050007,1,0,0,0,0,223083102
211001502,25,2,30060007,1,0,0,0,0,223083102
211001502,26,2,30070007,1,0,0,0,0,223083102
211001502,27,2,30080007,1,0,0,0,0,223083102
211001502,28,2,30090007,1,0,0,0,0,223083102
211001502,29,2,30100007,1,0,0,0,0,223083102
211001502,30,2,30110007,1,0,0,0,0,223083102
211001502,31,2,30120007,1,0,0,0,0,223083102
211001502,32,2,40010007,1,0,0,0,0,223083102
211001502,33,2,40020007,1,0,0,0,0,223083102
211001502,34,2,40030007,1,0,0,0,0,223083102
211001502,35,2,40040007,1,0,0,0,0,223083102
211001502,36,2,40050007,1,0,0,0,0,223083102
211001502,37,2,40060007,1,0,0,0,0,223083102
211001502,38,2,40070007,1,0,0,0,0,223083102
211001502,39,2,40080007,1,0,0,0,0,223083102
211001502,40,2,40090007,1,0,0,0,0,223083102
211001502,41,2,40020009,1,0,0,0,0,223083102
211001502,42,2,40090009,1,0,0,0,0,223083102
211001502,43,2,10010016,1,0,0,0,0,223083102
211001502,44,2,10020015,1,0,0,0,0,223083102
211001502,45,2,20010014,1,0,0,0,0,223083102
211001502,46,2,20020013,1,0,0,0,0,223083102
211001502,47,2,30060009,1,0,0,0,0,223083102
211001502,48,2,30080009,1,0,0,0,0,223083102
211001502,49,2,20030013,1,0,0,0,0,223083102
211001502,50,2,20040013,1,0,0,0,0,223083102
211001502,51,2,40040009,1,0,0,0,0,223083102
211001502,52,2,40050009,1,0,0,0,0,223083102
211001502,53,2,30010010,1,0,0,0,0,223083102
211001502,54,2,30100009,1,0,0,0,0,223083102
211001502,55,2,10030016,1,0,0,0,0,223083102
211001502,56,2,10050015,1,0,0,0,0,223083102
211001502,57,2,40070010,1,0,0,0,0,223083102
211001502,58,2,40080010,1,0,0,0,0,223083102
211001601,1,2,10060015,1,0,0,1,0,223091502
211001602,1,2,10070017,1,0,0,0,0,223091502
211001602,2,2,10010013,1,0,0,0,0,223091502
211001602,3,2,10020013,1,0,0,0,0,223091502
211001602,4,2,10030013,1,0,0,0,0,223091502
211001602,5,2,10040013,1,0,0,0,0,223091502
211001602,6,2,10050013,1,0,0,0,0,223091502
211001602,7,2,10060013,1,0,0,0,0,223091502
211001602,8,2,10070013,1,0,0,0,0,223091502
211001602,9,2,10080013,1,0,0,0,0,223091502
211001602,10,2,10090013,1,0,0,0,0,223091502
211001602,11,2,20010011,1,0,0,0,0,223091502
211001602,12,2,20020011,1,0,0,0,0,223091502
211001602,13,2,20030011,1,0,0,0,0,223091502
211001602,14,2,20040011,1,0,0,0,0,223091502
211001602,15,2,20050011,1,0,0,0,0,223091502
211001602,16,2,20060011,1,0,0,0,0,223091502
211001602,17,2,20070011,1,0,0,0,0,223091502
211001602,18,2,20080011,1,0,0,0,0,223091502
211001602,19,2,20090011,1,0,0,0,0,223091502
211001602,20,2,30010007,1,0,0,0,0,223091502
211001602,21,2,30020007,1,0,0,0,0,223091502
211001602,22,2,30030007,1,0,0,0,0,223091502
211001602,23,2,30040007,1,0,0,0,0,223091502
211001602,24,2,30050007,1,0,0,0,0,223091502
211001602,25,2,30060007,1,0,0,0,0,223091502
211001602,26,2,30070007,1,0,0,0,0,223091502
211001602,27,2,30080007,1,0,0,0,0,223091502
211001602,28,2,30090007,1,0,0,0,0,223091502
211001602,29,2,30100007,1,0,0,0,0,223091502
211001602,30,2,30110007,1,0,0,0,0,223091502
211001602,31,2,30120007,1,0,0,0,0,223091502
211001602,32,2,40010007,1,0,0,0,0,223091502
211001602,33,2,40020007,1,0,0,0,0,223091502
211001602,34,2,40030007,1,0,0,0,0,223091502
211001602,35,2,40040007,1,0,0,0,0,223091502
211001602,36,2,40050007,1,0,0,0,0,223091502
211001602,37,2,40060007,1,0,0,0,0,223091502
211001602,38,2,40070007,1,0,0,0,0,223091502
211001602,39,2,40080007,1,0,0,0,0,223091502
211001602,40,2,40090007,1,0,0,0,0,223091502
211001602,41,2,40020009,1,0,0,0,0,223091502
211001602,42,2,40090009,1,0,0,0,0,223091502
211001602,43,2,10010016,1,0,0,0,0,223091502
211001602,44,2,10020015,1,0,0,0,0,223091502
211001602,45,2,20010014,1,0,0,0,0,223091502
211001602,46,2,20020013,1,0,0,0,0,223091502
211001602,47,2,30060009,1,0,0,0,0,223091502
211001602,48,2,30080009,1,0,0,0,0,223091502
211001602,49,2,20030013,1,0,0,0,0,223091502
211001602,50,2,20040013,1,0,0,0,0,223091502
211001602,51,2,40040009,1,0,0,0,0,223091502
211001602,52,2,40050009,1,0,0,0,0,223091502
211001602,53,2,30010010,1,0,0,0,0,223091502
211001602,54,2,30100009,1,0,0,0,0,223091502
211001602,55,2,10030016,1,0,0,0,0,223091502
211001602,56,2,10050015,1,0,0,0,0,223091502
211001602,57,2,40070010,1,0,0,0,0,223091502
211001602,58,2,40080010,1,0,0,0,0,223091502
211001602,59,2,20060015,1,0,0,0,0,223091502
211001602,60,2,20080014,1,0,0,0,0,223091502
211001702,1,2,10060015,1,0,0,0,0,223091502
211001701,1,2,10070017,1,0,0,1,0,223091502
211001702,2,2,10010013,1,0,0,0,0,223091502
211001702,3,2,10020013,1,0,0,0,0,223091502
211001702,4,2,10030013,1,0,0,0,0,223091502
211001702,5,2,10040013,1,0,0,0,0,223091502
211001702,6,2,10050013,1,0,0,0,0,223091502
211001702,7,2,10060013,1,0,0,0,0,223091502
211001702,8,2,10070013,1,0,0,0,0,223091502
211001702,9,2,10080013,1,0,0,0,0,223091502
211001702,10,2,10090013,1,0,0,0,0,223091502
211001702,11,2,20010011,1,0,0,0,0,223091502
211001702,12,2,20020011,1,0,0,0,0,223091502
211001702,13,2,20030011,1,0,0,0,0,223091502
211001702,14,2,20040011,1,0,0,0,0,223091502
211001702,15,2,20050011,1,0,0,0,0,223091502
211001702,16,2,20060011,1,0,0,0,0,223091502
211001702,17,2,20070011,1,0,0,0,0,223091502
211001702,18,2,20080011,1,0,0,0,0,223091502
211001702,19,2,20090011,1,0,0,0,0,223091502
211001702,20,2,30010007,1,0,0,0,0,223091502
211001702,21,2,30020007,1,0,0,0,0,223091502
211001702,22,2,30030007,1,0,0,0,0,223091502
211001702,23,2,30040007,1,0,0,0,0,223091502
211001702,24,2,30050007,1,0,0,0,0,223091502
211001702,25,2,30060007,1,0,0,0,0,223091502
211001702,26,2,30070007,1,0,0,0,0,223091502
211001702,27,2,30080007,1,0,0,0,0,223091502
211001702,28,2,30090007,1,0,0,0,0,223091502
211001702,29,2,30100007,1,0,0,0,0,223091502
211001702,30,2,30110007,1,0,0,0,0,223091502
211001702,31,2,30120007,1,0,0,0,0,223091502
211001702,32,2,40010007,1,0,0,0,0,223091502
211001702,33,2,40020007,1,0,0,0,0,223091502
211001702,34,2,40030007,1,0,0,0,0,223091502
211001702,35,2,40040007,1,0,0,0,0,223091502
211001702,36,2,40050007,1,0,0,0,0,223091502
211001702,37,2,40060007,1,0,0,0,0,223091502
211001702,38,2,40070007,1,0,0,0,0,223091502
211001702,39,2,40080007,1,0,0,0,0,223091502
211001702,40,2,40090007,1,0,0,0,0,223091502
211001702,41,2,40020009,1,0,0,0,0,223091502
211001702,42,2,40090009,1,0,0,0,0,223091502
211001702,43,2,10010016,1,0,0,0,0,223091502
211001702,44,2,10020015,1,0,0,0,0,223091502
211001702,45,2,20010014,1,0,0,0,0,223091502
211001702,46,2,20020013,1,0,0,0,0,223091502
211001702,47,2,30060009,1,0,0,0,0,223091502
211001702,48,2,30080009,1,0,0,0,0,223091502
211001702,49,2,20030013,1,0,0,0,0,223091502
211001702,50,2,20040013,1,0,0,0,0,223091502
211001702,51,2,40040009,1,0,0,0,0,223091502
211001702,52,2,40050009,1,0,0,0,0,223091502
211001702,53,2,30010010,1,0,0,0,0,223091502
211001702,54,2,30100009,1,0,0,0,0,223091502
211001702,55,2,10030016,1,0,0,0,0,223091502
211001702,56,2,10050015,1,0,0,0,0,223091502
211001702,57,2,40070010,1,0,0,0,0,223091502
211001702,58,2,40080010,1,0,0,0,0,223091502
211001702,59,2,20080014,1,0,0,0,0,223091502
211001702,60,2,20060015,1,0,0,0,0,223091502
211001801,1,2,30120010,1,0,0,1,0,223093002
211001802,1,2,30110010,1,0,0,0,0,223093002
211001802,2,2,10010013,1,0,0,0,0,223093002
211001802,3,2,10020013,1,0,0,0,0,223093002
211001802,4,2,10030013,1,0,0,0,0,223093002
211001802,5,2,10040013,1,0,0,0,0,223093002
211001802,6,2,10050013,1,0,0,0,0,223093002
211001802,7,2,10060013,1,0,0,0,0,223093002
211001802,8,2,10070013,1,0,0,0,0,223093002
211001802,9,2,10080013,1,0,0,0,0,223093002
211001802,10,2,10090013,1,0,0,0,0,223093002
211001802,11,2,20010011,1,0,0,0,0,223093002
211001802,12,2,20020011,1,0,0,0,0,223093002
211001802,13,2,20030011,1,0,0,0,0,223093002
211001802,14,2,20040011,1,0,0,0,0,223093002
211001802,15,2,20050011,1,0,0,0,0,223093002
211001802,16,2,20060011,1,0,0,0,0,223093002
211001802,17,2,20070011,1,0,0,0,0,223093002
211001802,18,2,20080011,1,0,0,0,0,223093002
211001802,19,2,20090011,1,0,0,0,0,223093002
211001802,20,2,30010007,1,0,0,0,0,223093002
211001802,21,2,30020007,1,0,0,0,0,223093002
211001802,22,2,30030007,1,0,0,0,0,223093002
211001802,23,2,30040007,1,0,0,0,0,223093002
211001802,24,2,30050007,1,0,0,0,0,223093002
211001802,25,2,30060007,1,0,0,0,0,223093002
211001802,26,2,30070007,1,0,0,0,0,223093002
211001802,27,2,30080007,1,0,0,0,0,223093002
211001802,28,2,30090007,1,0,0,0,0,223093002
211001802,29,2,30100007,1,0,0,0,0,223093002
211001802,30,2,30110007,1,0,0,0,0,223093002
211001802,31,2,30120007,1,0,0,0,0,223093002
211001802,32,2,40010007,1,0,0,0,0,223093002
211001802,33,2,40020007,1,0,0,0,0,223093002
211001802,34,2,40030007,1,0,0,0,0,223093002
211001802,35,2,40040007,1,0,0,0,0,223093002
211001802,36,2,40050007,1,0,0,0,0,223093002
211001802,37,2,40060007,1,0,0,0,0,223093002
211001802,38,2,40070007,1,0,0,0,0,223093002
211001802,39,2,40080007,1,0,0,0,0,223093002
211001802,40,2,40090007,1,0,0,0,0,223093002
211001802,41,2,40020009,1,0,0,0,0,223093002
211001802,42,2,40090009,1,0,0,0,0,223093002
211001802,43,2,10010016,1,0,0,0,0,223093002
211001802,44,2,10020015,1,0,0,0,0,223093002
211001802,45,2,20010014,1,0,0,0,0,223093002
211001802,46,2,20020013,1,0,0,0,0,223093002
211001802,47,2,30060009,1,0,0,0,0,223093002
211001802,48,2,30080009,1,0,0,0,0,223093002
211001802,49,2,20030013,1,0,0,0,0,223093002
211001802,50,2,20040013,1,0,0,0,0,223093002
211001802,51,2,40040009,1,0,0,0,0,223093002
211001802,52,2,40050009,1,0,0,0,0,223093002
211001802,53,2,30010010,1,0,0,0,0,223093002
211001802,54,2,30100009,1,0,0,0,0,223093002
211001802,55,2,10030016,1,0,0,0,0,223093002
211001802,56,2,10050015,1,0,0,0,0,223093002
211001802,57,2,40070010,1,0,0,0,0,223093002
211001802,58,2,40080010,1,0,0,0,0,223093002
211001802,59,2,20060015,1,0,0,0,0,223093002
211001802,60,2,20080014,1,0,0,0,0,223093002
211001802,61,2,10060015,1,0,0,0,0,223093002
211001802,62,2,10070017,1,0,0,0,0,223093002
211001902,1,2,30120010,1,0,0,0,0,223093002
211001901,1,2,30110010,1,0,0,1,0,223093002
211001902,2,2,10010013,1,0,0,0,0,223093002
211001902,3,2,10020013,1,0,0,0,0,223093002
211001902,4,2,10030013,1,0,0,0,0,223093002
211001902,5,2,10040013,1,0,0,0,0,223093002
211001902,6,2,10050013,1,0,0,0,0,223093002
211001902,7,2,10060013,1,0,0,0,0,223093002
211001902,8,2,10070013,1,0,0,0,0,223093002
211001902,9,2,10080013,1,0,0,0,0,223093002
211001902,10,2,10090013,1,0,0,0,0,223093002
211001902,11,2,20010011,1,0,0,0,0,223093002
211001902,12,2,20020011,1,0,0,0,0,223093002
211001902,13,2,20030011,1,0,0,0,0,223093002
211001902,14,2,20040011,1,0,0,0,0,223093002
211001902,15,2,20050011,1,0,0,0,0,223093002
211001902,16,2,20060011,1,0,0,0,0,223093002
211001902,17,2,20070011,1,0,0,0,0,223093002
211001902,18,2,20080011,1,0,0,0,0,223093002
211001902,19,2,20090011,1,0,0,0,0,223093002
211001902,20,2,30010007,1,0,0,0,0,223093002
211001902,21,2,30020007,1,0,0,0,0,223093002
211001902,22,2,30030007,1,0,0,0,0,223093002
211001902,23,2,30040007,1,0,0,0,0,223093002
211001902,24,2,30050007,1,0,0,0,0,223093002
211001902,25,2,30060007,1,0,0,0,0,223093002
211001902,26,2,30070007,1,0,0,0,0,223093002
211001902,27,2,30080007,1,0,0,0,0,223093002
211001902,28,2,30090007,1,0,0,0,0,223093002
211001902,29,2,30100007,1,0,0,0,0,223093002
211001902,30,2,30110007,1,0,0,0,0,223093002
211001902,31,2,30120007,1,0,0,0,0,223093002
211001902,32,2,40010007,1,0,0,0,0,223093002
211001902,33,2,40020007,1,0,0,0,0,223093002
211001902,34,2,40030007,1,0,0,0,0,223093002
211001902,35,2,40040007,1,0,0,0,0,223093002
211001902,36,2,40050007,1,0,0,0,0,223093002
211001902,37,2,40060007,1,0,0,0,0,223093002
211001902,38,2,40070007,1,0,0,0,0,223093002
211001902,39,2,40080007,1,0,0,0,0,223093002
211001902,40,2,40090007,1,0,0,0,0,223093002
211001902,41,2,40020009,1,0,0,0,0,223093002
211001902,42,2,40090009,1,0,0,0,0,223093002
211001902,43,2,10010016,1,0,0,0,0,223093002
211001902,44,2,10020015,1,0,0,0,0,223093002
211001902,45,2,20010014,1,0,0,0,0,223093002
211001902,46,2,20020013,1,0,0,0,0,223093002
211001902,47,2,30060009,1,0,0,0,0,223093002
211001902,48,2,30080009,1,0,0,0,0,223093002
211001902,49,2,20030013,1,0,0,0,0,223093002
211001902,50,2,20040013,1,0,0,0,0,223093002
211001902,51,2,40040009,1,0,0,0,0,223093002
211001902,52,2,40050009,1,0,0,0,0,223093002
211001902,53,2,30010010,1,0,0,0,0,223093002
211001902,54,2,30100009,1,0,0,0,0,223093002
211001902,55,2,10030016,1,0,0,0,0,223093002
211001902,56,2,10050015,1,0,0,0,0,223093002
211001902,57,2,40070010,1,0,0,0,0,223093002
211001902,58,2,40080010,1,0,0,0,0,223093002
211001902,59,2,20080014,1,0,0,0,0,223093002
211001902,60,2,20060015,1,0,0,0,0,223093002
211001902,61,2,10070017,1,0,0,0,0,223093002
211001902,62,2,10060015,1,0,0,0,0,223093002
211002001,1,2,20070015,1,0,0,1,0,223101506
211002002,1,2,20040015,1,0,0,0,0,223101506
211002002,2,2,10010013,1,0,0,0,0,223101506
211002002,3,2,10020013,1,0,0,0,0,223101506
211002002,4,2,10030013,1,0,0,0,0,223101506
211002002,5,2,10040013,1,0,0,0,0,223101506
211002002,6,2,10050013,1,0,0,0,0,223101506
211002002,7,2,10060013,1,0,0,0,0,223101506
211002002,8,2,10070013,1,0,0,0,0,223101506
211002002,9,2,10080013,1,0,0,0,0,223101506
211002002,10,2,10090013,1,0,0,0,0,223101506
211002002,11,2,20010011,1,0,0,0,0,223101506
211002002,12,2,20020011,1,0,0,0,0,223101506
211002002,13,2,20030011,1,0,0,0,0,223101506
211002002,14,2,20040011,1,0,0,0,0,223101506
211002002,15,2,20050011,1,0,0,0,0,223101506
211002002,16,2,20060011,1,0,0,0,0,223101506
211002002,17,2,20070011,1,0,0,0,0,223101506
211002002,18,2,20080011,1,0,0,0,0,223101506
211002002,19,2,20090011,1,0,0,0,0,223101506
211002002,20,2,30010007,1,0,0,0,0,223101506
211002002,21,2,30020007,1,0,0,0,0,223101506
211002002,22,2,30030007,1,0,0,0,0,223101506
211002002,23,2,30040007,1,0,0,0,0,223101506
211002002,24,2,30050007,1,0,0,0,0,223101506
211002002,25,2,30060007,1,0,0,0,0,223101506
211002002,26,2,30070007,1,0,0,0,0,223101506
211002002,27,2,30080007,1,0,0,0,0,223101506
211002002,28,2,30090007,1,0,0,0,0,223101506
211002002,29,2,30100007,1,0,0,0,0,223101506
211002002,30,2,30110007,1,0,0,0,0,223101506
211002002,31,2,30120007,1,0,0,0,0,223101506
211002002,32,2,40010007,1,0,0,0,0,223101506
211002002,33,2,40020007,1,0,0,0,0,223101506
211002002,34,2,40030007,1,0,0,0,0,223101506
211002002,35,2,40040007,1,0,0,0,0,223101506
211002002,36,2,40050007,1,0,0,0,0,223101506
211002002,37,2,40060007,1,0,0,0,0,223101506
211002002,38,2,40070007,1,0,0,0,0,223101506
211002002,39,2,40080007,1,0,0,0,0,223101506
211002002,40,2,40090007,1,0,0,0,0,223101506
211002002,41,2,40020009,1,0,0,0,0,223101506
211002002,42,2,40090009,1,0,0,0,0,223101506
211002002,43,2,10010016,1,0,0,0,0,223101506
211002002,44,2,10020015,1,0,0,0,0,223101506
211002002,45,2,20010014,1,0,0,0,0,223101506
211002002,46,2,20020013,1,0,0,0,0,223101506
211002002,47,2,30060009,1,0,0,0,0,223101506
211002002,48,2,30080009,1,0,0,0,0,223101506
211002002,49,2,20030013,1,0,0,0,0,223101506
211002002,50,2,20040013,1,0,0,0,0,223101506
211002002,51,2,40040009,1,0,0,0,0,223101506
211002002,52,2,40050009,1,0,0,0,0,223101506
211002002,53,2,30010010,1,0,0,0,0,223101506
211002002,54,2,30100009,1,0,0,0,0,223101506
211002002,55,2,10030016,1,0,0,0,0,223101506
211002002,56,2,10050015,1,0,0,0,0,223101506
211002002,57,2,40070010,1,0,0,0,0,223101506
211002002,58,2,40080010,1,0,0,0,0,223101506
211002002,59,2,20060015,1,0,0,0,0,223101506
211002002,60,2,20080014,1,0,0,0,0,223101506
211002002,61,2,10060015,1,0,0,0,0,223101506
211002002,62,2,10070017,1,0,0,0,0,223101506
211002002,63,2,30110010,1,0,0,0,0,223101506
211002002,64,2,30120010,1,0,0,0,0,223101506
211002102,1,2,20070015,1,0,0,0,0,223101506
211002101,1,2,20040015,1,0,0,1,0,223101506
211002102,2,2,10010013,1,0,0,0,0,223101506
211002102,3,2,10020013,1,0,0,0,0,223101506
211002102,4,2,10030013,1,0,0,0,0,223101506
211002102,5,2,10040013,1,0,0,0,0,223101506
211002102,6,2,10050013,1,0,0,0,0,223101506
211002102,7,2,10060013,1,0,0,0,0,223101506
211002102,8,2,10070013,1,0,0,0,0,223101506
211002102,9,2,10080013,1,0,0,0,0,223101506
211002102,10,2,10090013,1,0,0,0,0,223101506
211002102,11,2,20010011,1,0,0,0,0,223101506
211002102,12,2,20020011,1,0,0,0,0,223101506
211002102,13,2,20030011,1,0,0,0,0,223101506
211002102,14,2,20040011,1,0,0,0,0,223101506
211002102,15,2,20050011,1,0,0,0,0,223101506
211002102,16,2,20060011,1,0,0,0,0,223101506
211002102,17,2,20070011,1,0,0,0,0,223101506
211002102,18,2,20080011,1,0,0,0,0,223101506
211002102,19,2,20090011,1,0,0,0,0,223101506
211002102,20,2,30010007,1,0,0,0,0,223101506
211002102,21,2,30020007,1,0,0,0,0,223101506
211002102,22,2,30030007,1,0,0,0,0,223101506
211002102,23,2,30040007,1,0,0,0,0,223101506
211002102,24,2,30050007,1,0,0,0,0,223101506
211002102,25,2,30060007,1,0,0,0,0,223101506
211002102,26,2,30070007,1,0,0,0,0,223101506
211002102,27,2,30080007,1,0,0,0,0,223101506
211002102,28,2,30090007,1,0,0,0,0,223101506
211002102,29,2,30100007,1,0,0,0,0,223101506
211002102,30,2,30110007,1,0,0,0,0,223101506
211002102,31,2,30120007,1,0,0,0,0,223101506
211002102,32,2,40010007,1,0,0,0,0,223101506
211002102,33,2,40020007,1,0,0,0,0,223101506
211002102,34,2,40030007,1,0,0,0,0,223101506
211002102,35,2,40040007,1,0,0,0,0,223101506
211002102,36,2,40050007,1,0,0,0,0,223101506
211002102,37,2,40060007,1,0,0,0,0,223101506
211002102,38,2,40070007,1,0,0,0,0,223101506
211002102,39,2,40080007,1,0,0,0,0,223101506
211002102,40,2,40090007,1,0,0,0,0,223101506
211002102,41,2,40020009,1,0,0,0,0,223101506
211002102,42,2,40090009,1,0,0,0,0,223101506
211002102,43,2,10010016,1,0,0,0,0,223101506
211002102,44,2,10020015,1,0,0,0,0,223101506
211002102,45,2,20010014,1,0,0,0,0,223101506
211002102,46,2,20020013,1,0,0,0,0,223101506
211002102,47,2,30060009,1,0,0,0,0,223101506
211002102,48,2,30080009,1,0,0,0,0,223101506
211002102,49,2,20030013,1,0,0,0,0,223101506
211002102,50,2,20040013,1,0,0,0,0,223101506
211002102,51,2,40040009,1,0,0,0,0,223101506
211002102,52,2,40050009,1,0,0,0,0,223101506
211002102,53,2,30010010,1,0,0,0,0,223101506
211002102,54,2,30100009,1,0,0,0,0,223101506
211002102,55,2,10030016,1,0,0,0,0,223101506
211002102,56,2,10050015,1,0,0,0,0,223101506
211002102,57,2,40070010,1,0,0,0,0,223101506
211002102,58,2,40080010,1,0,0,0,0,223101506
211002102,59,2,20060015,1,0,0,0,0,223101506
211002102,60,2,20080014,1,0,0,0,0,223101506
211002102,61,2,10060015,1,0,0,0,0,223101506
211002102,62,2,10070017,1,0,0,0,0,223101506
211002102,63,2,30110010,1,0,0,0,0,223101506
211002102,64,2,30120010,1,0,0,0,0,223101506
211002201,1,2,40030012,1,0,0,1,0,223103108
211002202,1,2,40060011,1,0,0,0,0,223103108
211002202,2,2,10010013,1,0,0,0,0,223103108
211002202,3,2,10020013,1,0,0,0,0,223103108
211002202,4,2,10030013,1,0,0,0,0,223103108
211002202,5,2,10040013,1,0,0,0,0,223103108
211002202,6,2,10050013,1,0,0,0,0,223103108
211002202,7,2,10060013,1,0,0,0,0,223103108
211002202,8,2,10070013,1,0,0,0,0,223103108
211002202,9,2,10080013,1,0,0,0,0,223103108
211002202,10,2,10090013,1,0,0,0,0,223103108
211002202,11,2,20010011,1,0,0,0,0,223103108
211002202,12,2,20020011,1,0,0,0,0,223103108
211002202,13,2,20030011,1,0,0,0,0,223103108
211002202,14,2,20040011,1,0,0,0,0,223103108
211002202,15,2,20050011,1,0,0,0,0,223103108
211002202,16,2,20060011,1,0,0,0,0,223103108
211002202,17,2,20070011,1,0,0,0,0,223103108
211002202,18,2,20080011,1,0,0,0,0,223103108
211002202,19,2,20090011,1,0,0,0,0,223103108
211002202,20,2,30010007,1,0,0,0,0,223103108
211002202,21,2,30020007,1,0,0,0,0,223103108
211002202,22,2,30030007,1,0,0,0,0,223103108
211002202,23,2,30040007,1,0,0,0,0,223103108
211002202,24,2,30050007,1,0,0,0,0,223103108
211002202,25,2,30060007,1,0,0,0,0,223103108
211002202,26,2,30070007,1,0,0,0,0,223103108
211002202,27,2,30080007,1,0,0,0,0,223103108
211002202,28,2,30090007,1,0,0,0,0,223103108
211002202,29,2,30100007,1,0,0,0,0,223103108
211002202,30,2,30110007,1,0,0,0,0,223103108
211002202,31,2,30120007,1,0,0,0,0,223103108
211002202,32,2,40010007,1,0,0,0,0,223103108
211002202,33,2,40020007,1,0,0,0,0,223103108
211002202,34,2,40030007,1,0,0,0,0,223103108
211002202,35,2,40040007,1,0,0,0,0,223103108
211002202,36,2,40050007,1,0,0,0,0,223103108
211002202,37,2,40060007,1,0,0,0,0,223103108
211002202,38,2,40070007,1,0,0,0,0,223103108
211002202,39,2,40080007,1,0,0,0,0,223103108
211002202,40,2,40090007,1,0,0,0,0,223103108
211002202,41,2,40020009,1,0,0,0,0,223103108
211002202,42,2,40090009,1,0,0,0,0,223103108
211002202,43,2,10010016,1,0,0,0,0,223103108
211002202,44,2,10020015,1,0,0,0,0,223103108
211002202,45,2,20010014,1,0,0,0,0,223103108
211002202,46,2,20020013,1,0,0,0,0,223103108
211002202,47,2,30060009,1,0,0,0,0,223103108
211002202,48,2,30080009,1,0,0,0,0,223103108
211002202,49,2,20030013,1,0,0,0,0,223103108
211002202,50,2,20040013,1,0,0,0,0,223103108
211002202,51,2,40040009,1,0,0,0,0,223103108
211002202,52,2,40050009,1,0,0,0,0,223103108
211002202,53,2,30010010,1,0,0,0,0,223103108
211002202,54,2,30100009,1,0,0,0,0,223103108
211002202,55,2,10030016,1,0,0,0,0,223103108
211002202,56,2,10050015,1,0,0,0,0,223103108
211002202,57,2,40070010,1,0,0,0,0,223103108
211002202,58,2,40080010,1,0,0,0,0,223103108
211002202,59,2,20060015,1,0,0,0,0,223103108
211002202,60,2,20080014,1,0,0,0,0,223103108
211002202,61,2,10060015,1,0,0,0,0,223103108
211002202,62,2,10070017,1,0,0,0,0,223103108
211002202,63,2,30110010,1,0,0,0,0,223103108
211002202,64,2,30120010,1,0,0,0,0,223103108
211002202,65,2,20040015,1,0,0,0,0,223103108
211002202,66,2,20070015,1,0,0,0,0,223103108
211002302,1,2,40030012,1,0,0,0,0,223103108
211002301,1,2,40060011,1,0,0,1,0,223103108
211002302,2,2,10010013,1,0,0,0,0,223103108
211002302,3,2,10020013,1,0,0,0,0,223103108
211002302,4,2,10030013,1,0,0,0,0,223103108
211002302,5,2,10040013,1,0,0,0,0,223103108
211002302,6,2,10050013,1,0,0,0,0,223103108
211002302,7,2,10060013,1,0,0,0,0,223103108
211002302,8,2,10070013,1,0,0,0,0,223103108
211002302,9,2,10080013,1,0,0,0,0,223103108
211002302,10,2,10090013,1,0,0,0,0,223103108
211002302,11,2,20010011,1,0,0,0,0,223103108
211002302,12,2,20020011,1,0,0,0,0,223103108
211002302,13,2,20030011,1,0,0,0,0,223103108
211002302,14,2,20040011,1,0,0,0,0,223103108
211002302,15,2,20050011,1,0,0,0,0,223103108
211002302,16,2,20060011,1,0,0,0,0,223103108
211002302,17,2,20070011,1,0,0,0,0,223103108
211002302,18,2,20080011,1,0,0,0,0,223103108
211002302,19,2,20090011,1,0,0,0,0,223103108
211002302,20,2,30010007,1,0,0,0,0,223103108
211002302,21,2,30020007,1,0,0,0,0,223103108
211002302,22,2,30030007,1,0,0,0,0,223103108
211002302,23,2,30040007,1,0,0,0,0,223103108
211002302,24,2,30050007,1,0,0,0,0,223103108
211002302,25,2,30060007,1,0,0,0,0,223103108
211002302,26,2,30070007,1,0,0,0,0,223103108
211002302,27,2,30080007,1,0,0,0,0,223103108
211002302,28,2,30090007,1,0,0,0,0,223103108
211002302,29,2,30100007,1,0,0,0,0,223103108
211002302,30,2,30110007,1,0,0,0,0,223103108
211002302,31,2,30120007,1,0,0,0,0,223103108
211002302,32,2,40010007,1,0,0,0,0,223103108
211002302,33,2,40020007,1,0,0,0,0,223103108
211002302,34,2,40030007,1,0,0,0,0,223103108
211002302,35,2,40040007,1,0,0,0,0,223103108
211002302,36,2,40050007,1,0,0,0,0,223103108
211002302,37,2,40060007,1,0,0,0,0,223103108
211002302,38,2,40070007,1,0,0,0,0,223103108
211002302,39,2,40080007,1,0,0,0,0,223103108
211002302,40,2,40090007,1,0,0,0,0,223103108
211002302,41,2,40020009,1,0,0,0,0,223103108
211002302,42,2,40090009,1,0,0,0,0,223103108
211002302,43,2,10010016,1,0,0,0,0,223103108
211002302,44,2,10020015,1,0,0,0,0,223103108
211002302,45,2,20010014,1,0,0,0,0,223103108
211002302,46,2,20020013,1,0,0,0,0,223103108
211002302,47,2,30060009,1,0,0,0,0,223103108
211002302,48,2,30080009,1,0,0,0,0,223103108
211002302,49,2,20030013,1,0,0,0,0,223103108
211002302,50,2,20040013,1,0,0,0,0,223103108
211002302,51,2,40040009,1,0,0,0,0,223103108
211002302,52,2,40050009,1,0,0,0,0,223103108
211002302,53,2,30010010,1,0,0,0,0,223103108
211002302,54,2,30100009,1,0,0,0,0,223103108
211002302,55,2,10030016,1,0,0,0,0,223103108
211002302,56,2,10050015,1,0,0,0,0,223103108
211002302,57,2,40070010,1,0,0,0,0,223103108
211002302,58,2,40080010,1,0,0,0,0,223103108
211002302,59,2,20060015,1,0,0,0,0,223103108
211002302,60,2,20080014,1,0,0,0,0,223103108
211002302,61,2,10060015,1,0,0,0,0,223103108
211002302,62,2,10070017,1,0,0,0,0,223103108
211002302,63,2,30110010,1,0,0,0,0,223103108
211002302,64,2,30120010,1,0,0,0,0,223103108
211002302,65,2,20040015,1,0,0,0,0,223103108
211002302,66,2,20070015,1,0,0,0,0,223103108
211002401,1,2,30050013,1,0,0,1,0,223111502
211002402,1,2,30070013,1,0,0,0,0,223111502
211002402,2,2,10010013,1,0,0,0,0,223111502
211002402,3,2,10020013,1,0,0,0,0,223111502
211002402,4,2,10030013,1,0,0,0,0,223111502
211002402,5,2,10040013,1,0,0,0,0,223111502
211002402,6,2,10050013,1,0,0,0,0,223111502
211002402,7,2,10060013,1,0,0,0,0,223111502
211002402,8,2,10070013,1,0,0,0,0,223111502
211002402,9,2,10080013,1,0,0,0,0,223111502
211002402,10,2,10090013,1,0,0,0,0,223111502
211002402,11,2,20010011,1,0,0,0,0,223111502
211002402,12,2,20020011,1,0,0,0,0,223111502
211002402,13,2,20030011,1,0,0,0,0,223111502
211002402,14,2,20040011,1,0,0,0,0,223111502
211002402,15,2,20050011,1,0,0,0,0,223111502
211002402,16,2,20060011,1,0,0,0,0,223111502
211002402,17,2,20070011,1,0,0,0,0,223111502
211002402,18,2,20080011,1,0,0,0,0,223111502
211002402,19,2,20090011,1,0,0,0,0,223111502
211002402,20,2,30010007,1,0,0,0,0,223111502
211002402,21,2,30020007,1,0,0,0,0,223111502
211002402,22,2,30030007,1,0,0,0,0,223111502
211002402,23,2,30040007,1,0,0,0,0,223111502
211002402,24,2,30050007,1,0,0,0,0,223111502
211002402,25,2,30060007,1,0,0,0,0,223111502
211002402,26,2,30070007,1,0,0,0,0,223111502
211002402,27,2,30080007,1,0,0,0,0,223111502
211002402,28,2,30090007,1,0,0,0,0,223111502
211002402,29,2,30100007,1,0,0,0,0,223111502
211002402,30,2,30110007,1,0,0,0,0,223111502
211002402,31,2,30120007,1,0,0,0,0,223111502
211002402,32,2,40010007,1,0,0,0,0,223111502
211002402,33,2,40020007,1,0,0,0,0,223111502
211002402,34,2,40030007,1,0,0,0,0,223111502
211002402,35,2,40040007,1,0,0,0,0,223111502
211002402,36,2,40050007,1,0,0,0,0,223111502
211002402,37,2,40060007,1,0,0,0,0,223111502
211002402,38,2,40070007,1,0,0,0,0,223111502
211002402,39,2,40080007,1,0,0,0,0,223111502
211002402,40,2,40090007,1,0,0,0,0,223111502
211002402,41,2,40020009,1,0,0,0,0,223111502
211002402,42,2,40090009,1,0,0,0,0,223111502
211002402,43,2,10010016,1,0,0,0,0,223111502
211002402,44,2,10020015,1,0,0,0,0,223111502
211002402,45,2,20010014,1,0,0,0,0,223111502
211002402,46,2,20020013,1,0,0,0,0,223111502
211002402,47,2,30060009,1,0,0,0,0,223111502
211002402,48,2,30080009,1,0,0,0,0,223111502
211002402,49,2,20030013,1,0,0,0,0,223111502
211002402,50,2,20040013,1,0,0,0,0,223111502
211002402,51,2,40040009,1,0,0,0,0,223111502
211002402,52,2,40050009,1,0,0,0,0,223111502
211002402,53,2,30010010,1,0,0,0,0,223111502
211002402,54,2,30100009,1,0,0,0,0,223111502
211002402,55,2,10030016,1,0,0,0,0,223111502
211002402,56,2,10050015,1,0,0,0,0,223111502
211002402,57,2,40070010,1,0,0,0,0,223111502
211002402,58,2,40080010,1,0,0,0,0,223111502
211002402,59,2,20060015,1,0,0,0,0,223111502
211002402,60,2,20080014,1,0,0,0,0,223111502
211002402,61,2,10060015,1,0,0,0,0,223111502
211002402,62,2,10070017,1,0,0,0,0,223111502
211002402,63,2,30110010,1,0,0,0,0,223111502
211002402,64,2,30120010,1,0,0,0,0,223111502
211002402,65,2,20040015,1,0,0,0,0,223111502
211002402,66,2,20070015,1,0,0,0,0,223111502
211002402,67,2,40030012,1,0,0,0,0,223111502
211002402,68,2,40060011,1,0,0,0,0,223111502
211002502,1,2,30050013,1,0,0,0,0,223111502
211002501,1,2,30070013,1,0,0,1,0,223111502
211002502,2,2,10010013,1,0,0,0,0,223111502
211002502,3,2,10020013,1,0,0,0,0,223111502
211002502,4,2,10030013,1,0,0,0,0,223111502
211002502,5,2,10040013,1,0,0,0,0,223111502
211002502,6,2,10050013,1,0,0,0,0,223111502
211002502,7,2,10060013,1,0,0,0,0,223111502
211002502,8,2,10070013,1,0,0,0,0,223111502
211002502,9,2,10080013,1,0,0,0,0,223111502
211002502,10,2,10090013,1,0,0,0,0,223111502
211002502,11,2,20010011,1,0,0,0,0,223111502
211002502,12,2,20020011,1,0,0,0,0,223111502
211002502,13,2,20030011,1,0,0,0,0,223111502
211002502,14,2,20040011,1,0,0,0,0,223111502
211002502,15,2,20050011,1,0,0,0,0,223111502
211002502,16,2,20060011,1,0,0,0,0,223111502
211002502,17,2,20070011,1,0,0,0,0,223111502
211002502,18,2,20080011,1,0,0,0,0,223111502
211002502,19,2,20090011,1,0,0,0,0,223111502
211002502,20,2,30010007,1,0,0,0,0,223111502
211002502,21,2,30020007,1,0,0,0,0,223111502
211002502,22,2,30030007,1,0,0,0,0,223111502
211002502,23,2,30040007,1,0,0,0,0,223111502
211002502,24,2,30050007,1,0,0,0,0,223111502
211002502,25,2,30060007,1,0,0,0,0,223111502
211002502,26,2,30070007,1,0,0,0,0,223111502
211002502,27,2,30080007,1,0,0,0,0,223111502
211002502,28,2,30090007,1,0,0,0,0,223111502
211002502,29,2,30100007,1,0,0,0,0,223111502
211002502,30,2,30110007,1,0,0,0,0,223111502
211002502,31,2,30120007,1,0,0,0,0,223111502
211002502,32,2,40010007,1,0,0,0,0,223111502
211002502,33,2,40020007,1,0,0,0,0,223111502
211002502,34,2,40030007,1,0,0,0,0,223111502
211002502,35,2,40040007,1,0,0,0,0,223111502
211002502,36,2,40050007,1,0,0,0,0,223111502
211002502,37,2,40060007,1,0,0,0,0,223111502
211002502,38,2,40070007,1,0,0,0,0,223111502
211002502,39,2,40080007,1,0,0,0,0,223111502
211002502,40,2,40090007,1,0,0,0,0,223111502
211002502,41,2,40020009,1,0,0,0,0,223111502
211002502,42,2,40090009,1,0,0,0,0,223111502
211002502,43,2,10010016,1,0,0,0,0,223111502
211002502,44,2,10020015,1,0,0,0,0,223111502
211002502,45,2,20010014,1,0,0,0,0,223111502
211002502,46,2,20020013,1,0,0,0,0,223111502
211002502,47,2,30060009,1,0,0,0,0,223111502
211002502,48,2,30080009,1,0,0,0,0,223111502
211002502,49,2,20030013,1,0,0,0,0,223111502
211002502,50,2,20040013,1,0,0,0,0,223111502
211002502,51,2,40040009,1,0,0,0,0,223111502
211002502,52,2,40050009,1,0,0,0,0,223111502
211002502,53,2,30010010,1,0,0,0,0,223111502
211002502,54,2,30100009,1,0,0,0,0,223111502
211002502,55,2,10030016,1,0,0,0,0,223111502
211002502,56,2,10050015,1,0,0,0,0,223111502
211002502,57,2,40070010,1,0,0,0,0,223111502
211002502,58,2,40080010,1,0,0,0,0,223111502
211002502,59,2,20060015,1,0,0,0,0,223111502
211002502,60,2,20080014,1,0,0,0,0,223111502
211002502,61,2,10060015,1,0,0,0,0,223111502
211002502,62,2,10070017,1,0,0,0,0,223111502
211002502,63,2,30110010,1,0,0,0,0,223111502
211002502,64,2,30120010,1,0,0,0,0,223111502
211002502,65,2,20040015,1,0,0,0,0,223111502
211002502,66,2,20070015,1,0,0,0,0,223111502
211002502,67,2,40030012,1,0,0,0,0,223111502
211002502,68,2,40060011,1,0,0,0,0,223111502
211002601,1,2,10040019,1,0,0,1,0,223113009
211002602,1,2,10090018,1,0,0,0,0,223113009
211002602,2,2,10010013,1,0,0,0,0,223113009
211002602,3,2,10020013,1,0,0,0,0,223113009
211002602,4,2,10030013,1,0,0,0,0,223113009
211002602,5,2,10040013,1,0,0,0,0,223113009
211002602,6,2,10050013,1,0,0,0,0,223113009
211002602,7,2,10060013,1,0,0,0,0,223113009
211002602,8,2,10070013,1,0,0,0,0,223113009
211002602,9,2,10080013,1,0,0,0,0,223113009
211002602,10,2,10090013,1,0,0,0,0,223113009
211002602,11,2,20010011,1,0,0,0,0,223113009
211002602,12,2,20020011,1,0,0,0,0,223113009
211002602,13,2,20030011,1,0,0,0,0,223113009
211002602,14,2,20040011,1,0,0,0,0,223113009
211002602,15,2,20050011,1,0,0,0,0,223113009
211002602,16,2,20060011,1,0,0,0,0,223113009
211002602,17,2,20070011,1,0,0,0,0,223113009
211002602,18,2,20080011,1,0,0,0,0,223113009
211002602,19,2,20090011,1,0,0,0,0,223113009
211002602,20,2,30010007,1,0,0,0,0,223113009
211002602,21,2,30020007,1,0,0,0,0,223113009
211002602,22,2,30030007,1,0,0,0,0,223113009
211002602,23,2,30040007,1,0,0,0,0,223113009
211002602,24,2,30050007,1,0,0,0,0,223113009
211002602,25,2,30060007,1,0,0,0,0,223113009
211002602,26,2,30070007,1,0,0,0,0,223113009
211002602,27,2,30080007,1,0,0,0,0,223113009
211002602,28,2,30090007,1,0,0,0,0,223113009
211002602,29,2,30100007,1,0,0,0,0,223113009
211002602,30,2,30110007,1,0,0,0,0,223113009
211002602,31,2,30120007,1,0,0,0,0,223113009
211002602,32,2,40010007,1,0,0,0,0,223113009
211002602,33,2,40020007,1,0,0,0,0,223113009
211002602,34,2,40030007,1,0,0,0,0,223113009
211002602,35,2,40040007,1,0,0,0,0,223113009
211002602,36,2,40050007,1,0,0,0,0,223113009
211002602,37,2,40060007,1,0,0,0,0,223113009
211002602,38,2,40070007,1,0,0,0,0,223113009
211002602,39,2,40080007,1,0,0,0,0,223113009
211002602,40,2,40090007,1,0,0,0,0,223113009
211002602,41,2,40020009,1,0,0,0,0,223113009
211002602,42,2,40090009,1,0,0,0,0,223113009
211002602,43,2,10010016,1,0,0,0,0,223113009
211002602,44,2,10020015,1,0,0,0,0,223113009
211002602,45,2,20010014,1,0,0,0,0,223113009
211002602,46,2,20020013,1,0,0,0,0,223113009
211002602,47,2,30060009,1,0,0,0,0,223113009
211002602,48,2,30080009,1,0,0,0,0,223113009
211002602,49,2,20030013,1,0,0,0,0,223113009
211002602,50,2,20040013,1,0,0,0,0,223113009
211002602,51,2,40040009,1,0,0,0,0,223113009
211002602,52,2,40050009,1,0,0,0,0,223113009
211002602,53,2,30010010,1,0,0,0,0,223113009
211002602,54,2,30100009,1,0,0,0,0,223113009
211002602,55,2,10030016,1,0,0,0,0,223113009
211002602,56,2,10050015,1,0,0,0,0,223113009
211002602,57,2,40070010,1,0,0,0,0,223113009
211002602,58,2,40080010,1,0,0,0,0,223113009
211002602,59,2,20060015,1,0,0,0,0,223113009
211002602,60,2,20080014,1,0,0,0,0,223113009
211002602,61,2,10060015,1,0,0,0,0,223113009
211002602,62,2,10070017,1,0,0,0,0,223113009
211002602,63,2,30110010,1,0,0,0,0,223113009
211002602,64,2,30120010,1,0,0,0,0,223113009
211002602,65,2,20040015,1,0,0,0,0,223113009
211002602,66,2,20070015,1,0,0,0,0,223113009
211002602,67,2,40030012,1,0,0,0,0,223113009
211002602,68,2,40060011,1,0,0,0,0,223113009
211002602,69,2,30050013,1,0,0,0,0,223113009
211002602,70,2,30070013,1,0,0,0,0,223113009
211002702,1,2,10040019,1,0,0,0,0,223113009
211002701,1,2,10090018,1,0,0,1,0,223113009
211002702,2,2,10010013,1,0,0,0,0,223113009
211002702,3,2,10020013,1,0,0,0,0,223113009
211002702,4,2,10030013,1,0,0,0,0,223113009
211002702,5,2,10040013,1,0,0,0,0,223113009
211002702,6,2,10050013,1,0,0,0,0,223113009
211002702,7,2,10060013,1,0,0,0,0,223113009
211002702,8,2,10070013,1,0,0,0,0,223113009
211002702,9,2,10080013,1,0,0,0,0,223113009
211002702,10,2,10090013,1,0,0,0,0,223113009
211002702,11,2,20010011,1,0,0,0,0,223113009
211002702,12,2,20020011,1,0,0,0,0,223113009
211002702,13,2,20030011,1,0,0,0,0,223113009
211002702,14,2,20040011,1,0,0,0,0,223113009
211002702,15,2,20050011,1,0,0,0,0,223113009
211002702,16,2,20060011,1,0,0,0,0,223113009
211002702,17,2,20070011,1,0,0,0,0,223113009
211002702,18,2,20080011,1,0,0,0,0,223113009
211002702,19,2,20090011,1,0,0,0,0,223113009
211002702,20,2,30010007,1,0,0,0,0,223113009
211002702,21,2,30020007,1,0,0,0,0,223113009
211002702,22,2,30030007,1,0,0,0,0,223113009
211002702,23,2,30040007,1,0,0,0,0,223113009
211002702,24,2,30050007,1,0,0,0,0,223113009
211002702,25,2,30060007,1,0,0,0,0,223113009
211002702,26,2,30070007,1,0,0,0,0,223113009
211002702,27,2,30080007,1,0,0,0,0,223113009
211002702,28,2,30090007,1,0,0,0,0,223113009
211002702,29,2,30100007,1,0,0,0,0,223113009
211002702,30,2,30110007,1,0,0,0,0,223113009
211002702,31,2,30120007,1,0,0,0,0,223113009
211002702,32,2,40010007,1,0,0,0,0,223113009
211002702,33,2,40020007,1,0,0,0,0,223113009
211002702,34,2,40030007,1,0,0,0,0,223113009
211002702,35,2,40040007,1,0,0,0,0,223113009
211002702,36,2,40050007,1,0,0,0,0,223113009
211002702,37,2,40060007,1,0,0,0,0,223113009
211002702,38,2,40070007,1,0,0,0,0,223113009
211002702,39,2,40080007,1,0,0,0,0,223113009
211002702,40,2,40090007,1,0,0,0,0,223113009
211002702,41,2,40020009,1,0,0,0,0,223113009
211002702,42,2,40090009,1,0,0,0,0,223113009
211002702,43,2,10010016,1,0,0,0,0,223113009
211002702,44,2,10020015,1,0,0,0,0,223113009
211002702,45,2,20010014,1,0,0,0,0,223113009
211002702,46,2,20020013,1,0,0,0,0,223113009
211002702,47,2,30060009,1,0,0,0,0,223113009
211002702,48,2,30080009,1,0,0,0,0,223113009
211002702,49,2,20030013,1,0,0,0,0,223113009
211002702,50,2,20040013,1,0,0,0,0,223113009
211002702,51,2,40040009,1,0,0,0,0,223113009
211002702,52,2,40050009,1,0,0,0,0,223113009
211002702,53,2,30010010,1,0,0,0,0,223113009
211002702,54,2,30100009,1,0,0,0,0,223113009
211002702,55,2,10030016,1,0,0,0,0,223113009
211002702,56,2,10050015,1,0,0,0,0,223113009
211002702,57,2,40070010,1,0,0,0,0,223113009
211002702,58,2,40080010,1,0,0,0,0,223113009
211002702,59,2,20060015,1,0,0,0,0,223113009
211002702,60,2,20080014,1,0,0,0,0,223113009
211002702,61,2,10060015,1,0,0,0,0,223113009
211002702,62,2,10070017,1,0,0,0,0,223113009
211002702,63,2,30110010,1,0,0,0,0,223113009
211002702,64,2,30120010,1,0,0,0,0,223113009
211002702,65,2,20040015,1,0,0,0,0,223113009
211002702,66,2,20070015,1,0,0,0,0,223113009
211002702,67,2,40030012,1,0,0,0,0,223113009
211002702,68,2,40060011,1,0,0,0,0,223113009
211002702,69,2,30050013,1,0,0,0,0,223113009
211002702,70,2,30070013,1,0,0,0,0,223113009
211002801,1,2,40010014,1,0,0,1,0,223121505
211002802,1,2,40020012,1,0,0,0,0,223121505
211002802,2,2,10010013,1,0,0,0,0,223121505
211002802,3,2,10020013,1,0,0,0,0,223121505
211002802,4,2,10030013,1,0,0,0,0,223121505
211002802,5,2,10040013,1,0,0,0,0,223121505
211002802,6,2,10050013,1,0,0,0,0,223121505
211002802,7,2,10060013,1,0,0,0,0,223121505
211002802,8,2,10070013,1,0,0,0,0,223121505
211002802,9,2,10080013,1,0,0,0,0,223121505
211002802,10,2,10090013,1,0,0,0,0,223121505
211002802,11,2,20010011,1,0,0,0,0,223121505
211002802,12,2,20020011,1,0,0,0,0,223121505
211002802,13,2,20030011,1,0,0,0,0,223121505
211002802,14,2,20040011,1,0,0,0,0,223121505
211002802,15,2,20050011,1,0,0,0,0,223121505
211002802,16,2,20060011,1,0,0,0,0,223121505
211002802,17,2,20070011,1,0,0,0,0,223121505
211002802,18,2,20080011,1,0,0,0,0,223121505
211002802,19,2,20090011,1,0,0,0,0,223121505
211002802,20,2,30010007,1,0,0,0,0,223121505
211002802,21,2,30020007,1,0,0,0,0,223121505
211002802,22,2,30030007,1,0,0,0,0,223121505
211002802,23,2,30040007,1,0,0,0,0,223121505
211002802,24,2,30050007,1,0,0,0,0,223121505
211002802,25,2,30060007,1,0,0,0,0,223121505
211002802,26,2,30070007,1,0,0,0,0,223121505
211002802,27,2,30080007,1,0,0,0,0,223121505
211002802,28,2,30090007,1,0,0,0,0,223121505
211002802,29,2,30100007,1,0,0,0,0,223121505
211002802,30,2,30110007,1,0,0,0,0,223121505
211002802,31,2,30120007,1,0,0,0,0,223121505
211002802,32,2,40010007,1,0,0,0,0,223121505
211002802,33,2,40020007,1,0,0,0,0,223121505
211002802,34,2,40030007,1,0,0,0,0,223121505
211002802,35,2,40040007,1,0,0,0,0,223121505
211002802,36,2,40050007,1,0,0,0,0,223121505
211002802,37,2,40060007,1,0,0,0,0,223121505
211002802,38,2,40070007,1,0,0,0,0,223121505
211002802,39,2,40080007,1,0,0,0,0,223121505
211002802,40,2,40090007,1,0,0,0,0,223121505
211002802,41,2,40020009,1,0,0,0,0,223121505
211002802,42,2,40090009,1,0,0,0,0,223121505
211002802,43,2,10010016,1,0,0,0,0,223121505
211002802,44,2,10020015,1,0,0,0,0,223121505
211002802,45,2,20010014,1,0,0,0,0,223121505
211002802,46,2,20020013,1,0,0,0,0,223121505
211002802,47,2,30060009,1,0,0,0,0,223121505
211002802,48,2,30080009,1,0,0,0,0,223121505
211002802,49,2,20030013,1,0,0,0,0,223121505
211002802,50,2,20040013,1,0,0,0,0,223121505
211002802,51,2,40040009,1,0,0,0,0,223121505
211002802,52,2,40050009,1,0,0,0,0,223121505
211002802,53,2,30010010,1,0,0,0,0,223121505
211002802,54,2,30100009,1,0,0,0,0,223121505
211002802,55,2,10030016,1,0,0,0,0,223121505
211002802,56,2,10050015,1,0,0,0,0,223121505
211002802,57,2,40070010,1,0,0,0,0,223121505
211002802,58,2,40080010,1,0,0,0,0,223121505
211002802,59,2,20060015,1,0,0,0,0,223121505
211002802,60,2,20080014,1,0,0,0,0,223121505
211002802,61,2,10060015,1,0,0,0,0,223121505
211002802,62,2,10070017,1,0,0,0,0,223121505
211002802,63,2,30110010,1,0,0,0,0,223121505
211002802,64,2,30120010,1,0,0,0,0,223121505
211002802,65,2,20040015,1,0,0,0,0,223121505
211002802,66,2,20070015,1,0,0,0,0,223121505
211002802,67,2,40030012,1,0,0,0,0,223121505
211002802,68,2,40060011,1,0,0,0,0,223121505
211002802,69,2,30050013,1,0,0,0,0,223121505
211002802,70,2,30070013,1,0,0,0,0,223121505
211002802,71,2,10040019,1,0,0,0,0,223121505
211002802,72,2,10090018,1,0,0,0,0,223121505
211002902,1,2,40010014,1,0,0,0,0,223121505
211002901,1,2,40020012,1,0,0,1,0,223121505
211002902,2,2,10010013,1,0,0,0,0,223121505
211002902,3,2,10020013,1,0,0,0,0,223121505
211002902,4,2,10030013,1,0,0,0,0,223121505
211002902,5,2,10040013,1,0,0,0,0,223121505
211002902,6,2,10050013,1,0,0,0,0,223121505
211002902,7,2,10060013,1,0,0,0,0,223121505
211002902,8,2,10070013,1,0,0,0,0,223121505
211002902,9,2,10080013,1,0,0,0,0,223121505
211002902,10,2,10090013,1,0,0,0,0,223121505
211002902,11,2,20010011,1,0,0,0,0,223121505
211002902,12,2,20020011,1,0,0,0,0,223121505
211002902,13,2,20030011,1,0,0,0,0,223121505
211002902,14,2,20040011,1,0,0,0,0,223121505
211002902,15,2,20050011,1,0,0,0,0,223121505
211002902,16,2,20060011,1,0,0,0,0,223121505
211002902,17,2,20070011,1,0,0,0,0,223121505
211002902,18,2,20080011,1,0,0,0,0,223121505
211002902,19,2,20090011,1,0,0,0,0,223121505
211002902,20,2,30010007,1,0,0,0,0,223121505
211002902,21,2,30020007,1,0,0,0,0,223121505
211002902,22,2,30030007,1,0,0,0,0,223121505
211002902,23,2,30040007,1,0,0,0,0,223121505
211002902,24,2,30050007,1,0,0,0,0,223121505
211002902,25,2,30060007,1,0,0,0,0,223121505
211002902,26,2,30070007,1,0,0,0,0,223121505
211002902,27,2,30080007,1,0,0,0,0,223121505
211002902,28,2,30090007,1,0,0,0,0,223121505
211002902,29,2,30100007,1,0,0,0,0,223121505
211002902,30,2,30110007,1,0,0,0,0,223121505
211002902,31,2,30120007,1,0,0,0,0,223121505
211002902,32,2,40010007,1,0,0,0,0,223121505
211002902,33,2,40020007,1,0,0,0,0,223121505
211002902,34,2,40030007,1,0,0,0,0,223121505
211002902,35,2,40040007,1,0,0,0,0,223121505
211002902,36,2,40050007,1,0,0,0,0,223121505
211002902,37,2,40060007,1,0,0,0,0,223121505
211002902,38,2,40070007,1,0,0,0,0,223121505
211002902,39,2,40080007,1,0,0,0,0,223121505
211002902,40,2,40090007,1,0,0,0,0,223121505
211002902,41,2,40020009,1,0,0,0,0,223121505
211002902,42,2,40090009,1,0,0,0,0,223121505
211002902,43,2,10010016,1,0,0,0,0,223121505
211002902,44,2,10020015,1,0,0,0,0,223121505
211002902,45,2,20010014,1,0,0,0,0,223121505
211002902,46,2,20020013,1,0,0,0,0,223121505
211002902,47,2,30060009,1,0,0,0,0,223121505
211002902,48,2,30080009,1,0,0,0,0,223121505
211002902,49,2,20030013,1,0,0,0,0,223121505
211002902,50,2,20040013,1,0,0,0,0,223121505
211002902,51,2,40040009,1,0,0,0,0,223121505
211002902,52,2,40050009,1,0,0,0,0,223121505
211002902,53,2,30010010,1,0,0,0,0,223121505
211002902,54,2,30100009,1,0,0,0,0,223121505
211002902,55,2,10030016,1,0,0,0,0,223121505
211002902,56,2,10050015,1,0,0,0,0,223121505
211002902,57,2,40070010,1,0,0,0,0,223121505
211002902,58,2,40080010,1,0,0,0,0,223121505
211002902,59,2,20060015,1,0,0,0,0,223121505
211002902,60,2,20080014,1,0,0,0,0,223121505
211002902,61,2,10060015,1,0,0,0,0,223121505
211002902,62,2,10070017,1,0,0,0,0,223121505
211002902,63,2,30110010,1,0,0,0,0,223121505
211002902,64,2,30120010,1,0,0,0,0,223121505
211002902,65,2,20040015,1,0,0,0,0,223121505
211002902,66,2,20070015,1,0,0,0,0,223121505
211002902,67,2,40030012,1,0,0,0,0,223121505
211002902,68,2,40060011,1,0,0,0,0,223121505
211002902,69,2,30050013,1,0,0,0,0,223121505
211002902,70,2,30070013,1,0,0,0,0,223121505
211002902,71,2,10040019,1,0,0,0,0,223121505
211002902,72,2,10090018,1,0,0,0,0,223121505
211003001,1,2,20050017,1,0,0,1,0,223123102
211003002,1,2,20090016,1,0,0,0,0,223123102
211003002,2,2,10010013,1,0,0,0,0,223123102
211003002,3,2,10020013,1,0,0,0,0,223123102
211003002,4,2,10030013,1,0,0,0,0,223123102
211003002,5,2,10040013,1,0,0,0,0,223123102
211003002,6,2,10050013,1,0,0,0,0,223123102
211003002,7,2,10060013,1,0,0,0,0,223123102
211003002,8,2,10070013,1,0,0,0,0,223123102
211003002,9,2,10080013,1,0,0,0,0,223123102
211003002,10,2,10090013,1,0,0,0,0,223123102
211003002,11,2,20010011,1,0,0,0,0,223123102
211003002,12,2,20020011,1,0,0,0,0,223123102
211003002,13,2,20030011,1,0,0,0,0,223123102
211003002,14,2,20040011,1,0,0,0,0,223123102
211003002,15,2,20050011,1,0,0,0,0,223123102
211003002,16,2,20060011,1,0,0,0,0,223123102
211003002,17,2,20070011,1,0,0,0,0,223123102
211003002,18,2,20080011,1,0,0,0,0,223123102
211003002,19,2,20090011,1,0,0,0,0,223123102
211003002,20,2,30010007,1,0,0,0,0,223123102
211003002,21,2,30020007,1,0,0,0,0,223123102
211003002,22,2,30030007,1,0,0,0,0,223123102
211003002,23,2,30040007,1,0,0,0,0,223123102
211003002,24,2,30050007,1,0,0,0,0,223123102
211003002,25,2,30060007,1,0,0,0,0,223123102
211003002,26,2,30070007,1,0,0,0,0,223123102
211003002,27,2,30080007,1,0,0,0,0,223123102
211003002,28,2,30090007,1,0,0,0,0,223123102
211003002,29,2,30100007,1,0,0,0,0,223123102
211003002,30,2,30110007,1,0,0,0,0,223123102
211003002,31,2,30120007,1,0,0,0,0,223123102
211003002,32,2,40010007,1,0,0,0,0,223123102
211003002,33,2,40020007,1,0,0,0,0,223123102
211003002,34,2,40030007,1,0,0,0,0,223123102
211003002,35,2,40040007,1,0,0,0,0,223123102
211003002,36,2,40050007,1,0,0,0,0,223123102
211003002,37,2,40060007,1,0,0,0,0,223123102
211003002,38,2,40070007,1,0,0,0,0,223123102
211003002,39,2,40080007,1,0,0,0,0,223123102
211003002,40,2,40090007,1,0,0,0,0,223123102
211003002,41,2,40020009,1,0,0,0,0,223123102
211003002,42,2,40090009,1,0,0,0,0,223123102
211003002,43,2,10010016,1,0,0,0,0,223123102
211003002,44,2,10020015,1,0,0,0,0,223123102
211003002,45,2,20010014,1,0,0,0,0,223123102
211003002,46,2,20020013,1,0,0,0,0,223123102
211003002,47,2,30060009,1,0,0,0,0,223123102
211003002,48,2,30080009,1,0,0,0,0,223123102
211003002,49,2,20030013,1,0,0,0,0,223123102
211003002,50,2,20040013,1,0,0,0,0,223123102
211003002,51,2,40040009,1,0,0,0,0,223123102
211003002,52,2,40050009,1,0,0,0,0,223123102
211003002,53,2,30010010,1,0,0,0,0,223123102
211003002,54,2,30100009,1,0,0,0,0,223123102
211003002,55,2,10030016,1,0,0,0,0,223123102
211003002,56,2,10050015,1,0,0,0,0,223123102
211003002,57,2,40070010,1,0,0,0,0,223123102
211003002,58,2,40080010,1,0,0,0,0,223123102
211003002,59,2,20060015,1,0,0,0,0,223123102
211003002,60,2,20080014,1,0,0,0,0,223123102
211003002,61,2,10060015,1,0,0,0,0,223123102
211003002,62,2,10070017,1,0,0,0,0,223123102
211003002,63,2,30110010,1,0,0,0,0,223123102
211003002,64,2,30120010,1,0,0,0,0,223123102
211003002,65,2,20040015,1,0,0,0,0,223123102
211003002,66,2,20070015,1,0,0,0,0,223123102
211003002,67,2,40030012,1,0,0,0,0,223123102
211003002,68,2,40060011,1,0,0,0,0,223123102
211003002,69,2,30050013,1,0,0,0,0,223123102
211003002,70,2,30070013,1,0,0,0,0,223123102
211003002,71,2,10040019,1,0,0,0,0,223123102
211003002,72,2,10090018,1,0,0,0,0,223123102
211003002,73,2,40010014,1,0,0,0,0,223123102
211003002,74,2,40020012,1,0,0,0,0,223123102
211003102,1,2,20050017,1,0,0,0,0,223123102
211003101,1,2,20090016,1,0,0,1,0,223123102
211003102,2,2,10010013,1,0,0,0,0,223123102
211003102,3,2,10020013,1,0,0,0,0,223123102
211003102,4,2,10030013,1,0,0,0,0,223123102
211003102,5,2,10040013,1,0,0,0,0,223123102
211003102,6,2,10050013,1,0,0,0,0,223123102
211003102,7,2,10060013,1,0,0,0,0,223123102
211003102,8,2,10070013,1,0,0,0,0,223123102
211003102,9,2,10080013,1,0,0,0,0,223123102
211003102,10,2,10090013,1,0,0,0,0,223123102
211003102,11,2,20010011,1,0,0,0,0,223123102
211003102,12,2,20020011,1,0,0,0,0,223123102
211003102,13,2,20030011,1,0,0,0,0,223123102
211003102,14,2,20040011,1,0,0,0,0,223123102
211003102,15,2,20050011,1,0,0,0,0,223123102
211003102,16,2,20060011,1,0,0,0,0,223123102
211003102,17,2,20070011,1,0,0,0,0,223123102
211003102,18,2,20080011,1,0,0,0,0,223123102
211003102,19,2,20090011,1,0,0,0,0,223123102
211003102,20,2,30010007,1,0,0,0,0,223123102
211003102,21,2,30020007,1,0,0,0,0,223123102
211003102,22,2,30030007,1,0,0,0,0,223123102
211003102,23,2,30040007,1,0,0,0,0,223123102
211003102,24,2,30050007,1,0,0,0,0,223123102
211003102,25,2,30060007,1,0,0,0,0,223123102
211003102,26,2,30070007,1,0,0,0,0,223123102
211003102,27,2,30080007,1,0,0,0,0,223123102
211003102,28,2,30090007,1,0,0,0,0,223123102
211003102,29,2,30100007,1,0,0,0,0,223123102
211003102,30,2,30110007,1,0,0,0,0,223123102
211003102,31,2,30120007,1,0,0,0,0,223123102
211003102,32,2,40010007,1,0,0,0,0,223123102
211003102,33,2,40020007,1,0,0,0,0,223123102
211003102,34,2,40030007,1,0,0,0,0,223123102
211003102,35,2,40040007,1,0,0,0,0,223123102
211003102,36,2,40050007,1,0,0,0,0,223123102
211003102,37,2,40060007,1,0,0,0,0,223123102
211003102,38,2,40070007,1,0,0,0,0,223123102
211003102,39,2,40080007,1,0,0,0,0,223123102
211003102,40,2,40090007,1,0,0,0,0,223123102
211003102,41,2,40020009,1,0,0,0,0,223123102
211003102,42,2,40090009,1,0,0,0,0,223123102
211003102,43,2,10010016,1,0,0,0,0,223123102
211003102,44,2,10020015,1,0,0,0,0,223123102
211003102,45,2,20010014,1,0,0,0,0,223123102
211003102,46,2,20020013,1,0,0,0,0,223123102
211003102,47,2,30060009,1,0,0,0,0,223123102
211003102,48,2,30080009,1,0,0,0,0,223123102
211003102,49,2,20030013,1,0,0,0,0,223123102
211003102,50,2,20040013,1,0,0,0,0,223123102
211003102,51,2,40040009,1,0,0,0,0,223123102
211003102,52,2,40050009,1,0,0,0,0,223123102
211003102,53,2,30010010,1,0,0,0,0,223123102
211003102,54,2,30100009,1,0,0,0,0,223123102
211003102,55,2,10030016,1,0,0,0,0,223123102
211003102,56,2,10050015,1,0,0,0,0,223123102
211003102,57,2,40070010,1,0,0,0,0,223123102
211003102,58,2,40080010,1,0,0,0,0,223123102
211003102,59,2,20060015,1,0,0,0,0,223123102
211003102,60,2,20080014,1,0,0,0,0,223123102
211003102,61,2,10060015,1,0,0,0,0,223123102
211003102,62,2,10070017,1,0,0,0,0,223123102
211003102,63,2,30110010,1,0,0,0,0,223123102
211003102,64,2,30120010,1,0,0,0,0,223123102
211003102,65,2,20040015,1,0,0,0,0,223123102
211003102,66,2,20070015,1,0,0,0,0,223123102
211003102,67,2,40030012,1,0,0,0,0,223123102
211003102,68,2,40060011,1,0,0,0,0,223123102
211003102,69,2,30050013,1,0,0,0,0,223123102
211003102,70,2,30070013,1,0,0,0,0,223123102
211003102,71,2,10040019,1,0,0,0,0,223123102
211003102,72,2,10090018,1,0,0,0,0,223123102
211003102,73,2,40010014,1,0,0,0,0,223123102
211003102,74,2,40020012,1,0,0,0,0,223123102
211003201,1,2,10030018,1,0,0,1,0,224011502
211003202,1,2,10060017,1,0,0,0,0,224011502
211003202,2,2,10010013,1,0,0,0,0,224011502
211003202,3,2,10020013,1,0,0,0,0,224011502
211003202,4,2,10030013,1,0,0,0,0,224011502
211003202,5,2,10040013,1,0,0,0,0,224011502
211003202,6,2,10050013,1,0,0,0,0,224011502
211003202,7,2,10060013,1,0,0,0,0,224011502
211003202,8,2,10070013,1,0,0,0,0,224011502
211003202,9,2,10080013,1,0,0,0,0,224011502
211003202,10,2,10090013,1,0,0,0,0,224011502
211003202,11,2,20010011,1,0,0,0,0,224011502
211003202,12,2,20020011,1,0,0,0,0,224011502
211003202,13,2,20030011,1,0,0,0,0,224011502
211003202,14,2,20040011,1,0,0,0,0,224011502
211003202,15,2,20050011,1,0,0,0,0,224011502
211003202,16,2,20060011,1,0,0,0,0,224011502
211003202,17,2,20070011,1,0,0,0,0,224011502
211003202,18,2,20080011,1,0,0,0,0,224011502
211003202,19,2,20090011,1,0,0,0,0,224011502
211003202,20,2,30010007,1,0,0,0,0,224011502
211003202,21,2,30020007,1,0,0,0,0,224011502
211003202,22,2,30030007,1,0,0,0,0,224011502
211003202,23,2,30040007,1,0,0,0,0,224011502
211003202,24,2,30050007,1,0,0,0,0,224011502
211003202,25,2,30060007,1,0,0,0,0,224011502
211003202,26,2,30070007,1,0,0,0,0,224011502
211003202,27,2,30080007,1,0,0,0,0,224011502
211003202,28,2,30090007,1,0,0,0,0,224011502
211003202,29,2,30100007,1,0,0,0,0,224011502
211003202,30,2,30110007,1,0,0,0,0,224011502
211003202,31,2,30120007,1,0,0,0,0,224011502
211003202,32,2,40010007,1,0,0,0,0,224011502
211003202,33,2,40020007,1,0,0,0,0,224011502
211003202,34,2,40030007,1,0,0,0,0,224011502
211003202,35,2,40040007,1,0,0,0,0,224011502
211003202,36,2,40050007,1,0,0,0,0,224011502
211003202,37,2,40060007,1,0,0,0,0,224011502
211003202,38,2,40070007,1,0,0,0,0,224011502
211003202,39,2,40080007,1,0,0,0,0,224011502
211003202,40,2,40090007,1,0,0,0,0,224011502
211003202,41,2,40020009,1,0,0,0,0,224011502
211003202,42,2,40090009,1,0,0,0,0,224011502
211003202,43,2,10010016,1,0,0,0,0,224011502
211003202,44,2,10020015,1,0,0,0,0,224011502
211003202,45,2,20010014,1,0,0,0,0,224011502
211003202,46,2,20020013,1,0,0,0,0,224011502
211003202,47,2,30060009,1,0,0,0,0,224011502
211003202,48,2,30080009,1,0,0,0,0,224011502
211003202,49,2,20030013,1,0,0,0,0,224011502
211003202,50,2,20040013,1,0,0,0,0,224011502
211003202,51,2,40040009,1,0,0,0,0,224011502
211003202,52,2,40050009,1,0,0,0,0,224011502
211003202,53,2,30010010,1,0,0,0,0,224011502
211003202,54,2,30100009,1,0,0,0,0,224011502
211003202,55,2,10030016,1,0,0,0,0,224011502
211003202,56,2,10050015,1,0,0,0,0,224011502
211003202,57,2,40070010,1,0,0,0,0,224011502
211003202,58,2,40080010,1,0,0,0,0,224011502
211003202,59,2,20060015,1,0,0,0,0,224011502
211003202,60,2,20080014,1,0,0,0,0,224011502
211003202,61,2,10060015,1,0,0,0,0,224011502
211003202,62,2,10070017,1,0,0,0,0,224011502
211003202,63,2,30110010,1,0,0,0,0,224011502
211003202,64,2,30120010,1,0,0,0,0,224011502
211003202,65,2,20040015,1,0,0,0,0,224011502
211003202,66,2,20070015,1,0,0,0,0,224011502
211003202,67,2,40030012,1,0,0,0,0,224011502
211003202,68,2,40060011,1,0,0,0,0,224011502
211003202,69,2,30050013,1,0,0,0,0,224011502
211003202,70,2,30070013,1,0,0,0,0,224011502
211003202,71,2,10040019,1,0,0,0,0,224011502
211003202,72,2,10090018,1,0,0,0,0,224011502
211003202,73,2,40010014,1,0,0,0,0,224011502
211003202,74,2,40020012,1,0,0,0,0,224011502
211003202,75,2,20050017,1,0,0,0,0,224011502
211003202,76,2,20090016,1,0,0,0,0,224011502
211003302,1,2,10030018,1,0,0,0,0,224011502
211003301,1,2,10060017,1,0,0,1,0,224011502
211003302,2,2,10010013,1,0,0,0,0,224011502
211003302,3,2,10020013,1,0,0,0,0,224011502
211003302,4,2,10030013,1,0,0,0,0,224011502
211003302,5,2,10040013,1,0,0,0,0,224011502
211003302,6,2,10050013,1,0,0,0,0,224011502
211003302,7,2,10060013,1,0,0,0,0,224011502
211003302,8,2,10070013,1,0,0,0,0,224011502
211003302,9,2,10080013,1,0,0,0,0,224011502
211003302,10,2,10090013,1,0,0,0,0,224011502
211003302,11,2,20010011,1,0,0,0,0,224011502
211003302,12,2,20020011,1,0,0,0,0,224011502
211003302,13,2,20030011,1,0,0,0,0,224011502
211003302,14,2,20040011,1,0,0,0,0,224011502
211003302,15,2,20050011,1,0,0,0,0,224011502
211003302,16,2,20060011,1,0,0,0,0,224011502
211003302,17,2,20070011,1,0,0,0,0,224011502
211003302,18,2,20080011,1,0,0,0,0,224011502
211003302,19,2,20090011,1,0,0,0,0,224011502
211003302,20,2,30010007,1,0,0,0,0,224011502
211003302,21,2,30020007,1,0,0,0,0,224011502
211003302,22,2,30030007,1,0,0,0,0,224011502
211003302,23,2,30040007,1,0,0,0,0,224011502
211003302,24,2,30050007,1,0,0,0,0,224011502
211003302,25,2,30060007,1,0,0,0,0,224011502
211003302,26,2,30070007,1,0,0,0,0,224011502
211003302,27,2,30080007,1,0,0,0,0,224011502
211003302,28,2,30090007,1,0,0,0,0,224011502
211003302,29,2,30100007,1,0,0,0,0,224011502
211003302,30,2,30110007,1,0,0,0,0,224011502
211003302,31,2,30120007,1,0,0,0,0,224011502
211003302,32,2,40010007,1,0,0,0,0,224011502
211003302,33,2,40020007,1,0,0,0,0,224011502
211003302,34,2,40030007,1,0,0,0,0,224011502
211003302,35,2,40040007,1,0,0,0,0,224011502
211003302,36,2,40050007,1,0,0,0,0,224011502
211003302,37,2,40060007,1,0,0,0,0,224011502
211003302,38,2,40070007,1,0,0,0,0,224011502
211003302,39,2,40080007,1,0,0,0,0,224011502
211003302,40,2,40090007,1,0,0,0,0,224011502
211003302,41,2,40020009,1,0,0,0,0,224011502
211003302,42,2,40090009,1,0,0,0,0,224011502
211003302,43,2,10010016,1,0,0,0,0,224011502
211003302,44,2,10020015,1,0,0,0,0,224011502
211003302,45,2,20010014,1,0,0,0,0,224011502
211003302,46,2,20020013,1,0,0,0,0,224011502
211003302,47,2,30060009,1,0,0,0,0,224011502
211003302,48,2,30080009,1,0,0,0,0,224011502
211003302,49,2,20030013,1,0,0,0,0,224011502
211003302,50,2,20040013,1,0,0,0,0,224011502
211003302,51,2,40040009,1,0,0,0,0,224011502
211003302,52,2,40050009,1,0,0,0,0,224011502
211003302,53,2,30010010,1,0,0,0,0,224011502
211003302,54,2,30100009,1,0,0,0,0,224011502
211003302,55,2,10030016,1,0,0,0,0,224011502
211003302,56,2,10050015,1,0,0,0,0,224011502
211003302,57,2,40070010,1,0,0,0,0,224011502
211003302,58,2,40080010,1,0,0,0,0,224011502
211003302,59,2,20060015,1,0,0,0,0,224011502
211003302,60,2,20080014,1,0,0,0,0,224011502
211003302,61,2,10060015,1,0,0,0,0,224011502
211003302,62,2,10070017,1,0,0,0,0,224011502
211003302,63,2,30110010,1,0,0,0,0,224011502
211003302,64,2,30120010,1,0,0,0,0,224011502
211003302,65,2,20040015,1,0,0,0,0,224011502
211003302,66,2,20070015,1,0,0,0,0,224011502
211003302,67,2,40030012,1,0,0,0,0,224011502
211003302,68,2,40060011,1,0,0,0,0,224011502
211003302,69,2,30050013,1,0,0,0,0,224011502
211003302,70,2,30070013,1,0,0,0,0,224011502
211003302,71,2,10040019,1,0,0,0,0,224011502
211003302,72,2,10090018,1,0,0,0,0,224011502
211003302,73,2,40010014,1,0,0,0,0,224011502
211003302,74,2,40020012,1,0,0,0,0,224011502
211003302,75,2,20050017,1,0,0,0,0,224011502
211003302,76,2,20090016,1,0,0,0,0,224011502
211003401,1,2,30030014,1,0,0,1,0,224013102
211003402,1,2,30040014,1,0,0,0,0,224013102
211003402,2,2,10010013,1,0,0,0,0,224013102
211003402,3,2,10020013,1,0,0,0,0,224013102
211003402,4,2,10030013,1,0,0,0,0,224013102
211003402,5,2,10040013,1,0,0,0,0,224013102
211003402,6,2,10050013,1,0,0,0,0,224013102
211003402,7,2,10060013,1,0,0,0,0,224013102
211003402,8,2,10070013,1,0,0,0,0,224013102
211003402,9,2,10080013,1,0,0,0,0,224013102
211003402,10,2,10090013,1,0,0,0,0,224013102
211003402,11,2,20010011,1,0,0,0,0,224013102
211003402,12,2,20020011,1,0,0,0,0,224013102
211003402,13,2,20030011,1,0,0,0,0,224013102
211003402,14,2,20040011,1,0,0,0,0,224013102
211003402,15,2,20050011,1,0,0,0,0,224013102
211003402,16,2,20060011,1,0,0,0,0,224013102
211003402,17,2,20070011,1,0,0,0,0,224013102
211003402,18,2,20080011,1,0,0,0,0,224013102
211003402,19,2,20090011,1,0,0,0,0,224013102
211003402,20,2,30010007,1,0,0,0,0,224013102
211003402,21,2,30020007,1,0,0,0,0,224013102
211003402,22,2,30030007,1,0,0,0,0,224013102
211003402,23,2,30040007,1,0,0,0,0,224013102
211003402,24,2,30050007,1,0,0,0,0,224013102
211003402,25,2,30060007,1,0,0,0,0,224013102
211003402,26,2,30070007,1,0,0,0,0,224013102
211003402,27,2,30080007,1,0,0,0,0,224013102
211003402,28,2,30090007,1,0,0,0,0,224013102
211003402,29,2,30100007,1,0,0,0,0,224013102
211003402,30,2,30110007,1,0,0,0,0,224013102
211003402,31,2,30120007,1,0,0,0,0,224013102
211003402,32,2,40010007,1,0,0,0,0,224013102
211003402,33,2,40020007,1,0,0,0,0,224013102
211003402,34,2,40030007,1,0,0,0,0,224013102
211003402,35,2,40040007,1,0,0,0,0,224013102
211003402,36,2,40050007,1,0,0,0,0,224013102
211003402,37,2,40060007,1,0,0,0,0,224013102
211003402,38,2,40070007,1,0,0,0,0,224013102
211003402,39,2,40080007,1,0,0,0,0,224013102
211003402,40,2,40090007,1,0,0,0,0,224013102
211003402,41,2,40020009,1,0,0,0,0,224013102
211003402,42,2,40090009,1,0,0,0,0,224013102
211003402,43,2,10010016,1,0,0,0,0,224013102
211003402,44,2,10020015,1,0,0,0,0,224013102
211003402,45,2,20010014,1,0,0,0,0,224013102
211003402,46,2,20020013,1,0,0,0,0,224013102
211003402,47,2,30060009,1,0,0,0,0,224013102
211003402,48,2,30080009,1,0,0,0,0,224013102
211003402,49,2,20030013,1,0,0,0,0,224013102
211003402,50,2,20040013,1,0,0,0,0,224013102
211003402,51,2,40040009,1,0,0,0,0,224013102
211003402,52,2,40050009,1,0,0,0,0,224013102
211003402,53,2,30010010,1,0,0,0,0,224013102
211003402,54,2,30100009,1,0,0,0,0,224013102
211003402,55,2,10030016,1,0,0,0,0,224013102
211003402,56,2,10050015,1,0,0,0,0,224013102
211003402,57,2,40070010,1,0,0,0,0,224013102
211003402,58,2,40080010,1,0,0,0,0,224013102
211003402,59,2,20060015,1,0,0,0,0,224013102
211003402,60,2,20080014,1,0,0,0,0,224013102
211003402,61,2,10060015,1,0,0,0,0,224013102
211003402,62,2,10070017,1,0,0,0,0,224013102
211003402,63,2,30110010,1,0,0,0,0,224013102
211003402,64,2,30120010,1,0,0,0,0,224013102
211003402,65,2,20040015,1,0,0,0,0,224013102
211003402,66,2,20070015,1,0,0,0,0,224013102
211003402,67,2,40030012,1,0,0,0,0,224013102
211003402,68,2,40060011,1,0,0,0,0,224013102
211003402,69,2,30050013,1,0,0,0,0,224013102
211003402,70,2,30070013,1,0,0,0,0,224013102
211003402,71,2,10040019,1,0,0,0,0,224013102
211003402,72,2,10090018,1,0,0,0,0,224013102
211003402,73,2,40010014,1,0,0,0,0,224013102
211003402,74,2,40020012,1,0,0,0,0,224013102
211003402,75,2,20050017,1,0,0,0,0,224013102
211003402,76,2,20090016,1,0,0,0,0,224013102
211003402,77,2,10030018,1,0,0,0,0,224013102
211003402,78,2,10060017,1,0,0,0,0,224013102
211003502,1,2,30030014,1,0,0,0,0,224013102
211003501,1,2,30040014,1,0,0,1,0,224013102
211003502,2,2,10010013,1,0,0,0,0,224013102
211003502,3,2,10020013,1,0,0,0,0,224013102
211003502,4,2,10030013,1,0,0,0,0,224013102
211003502,5,2,10040013,1,0,0,0,0,224013102
211003502,6,2,10050013,1,0,0,0,0,224013102
211003502,7,2,10060013,1,0,0,0,0,224013102
211003502,8,2,10070013,1,0,0,0,0,224013102
211003502,9,2,10080013,1,0,0,0,0,224013102
211003502,10,2,10090013,1,0,0,0,0,224013102
211003502,11,2,20010011,1,0,0,0,0,224013102
211003502,12,2,20020011,1,0,0,0,0,224013102
211003502,13,2,20030011,1,0,0,0,0,224013102
211003502,14,2,20040011,1,0,0,0,0,224013102
211003502,15,2,20050011,1,0,0,0,0,224013102
211003502,16,2,20060011,1,0,0,0,0,224013102
211003502,17,2,20070011,1,0,0,0,0,224013102
211003502,18,2,20080011,1,0,0,0,0,224013102
211003502,19,2,20090011,1,0,0,0,0,224013102
211003502,20,2,30010007,1,0,0,0,0,224013102
211003502,21,2,30020007,1,0,0,0,0,224013102
211003502,22,2,30030007,1,0,0,0,0,224013102
211003502,23,2,30040007,1,0,0,0,0,224013102
211003502,24,2,30050007,1,0,0,0,0,224013102
211003502,25,2,30060007,1,0,0,0,0,224013102
211003502,26,2,30070007,1,0,0,0,0,224013102
211003502,27,2,30080007,1,0,0,0,0,224013102
211003502,28,2,30090007,1,0,0,0,0,224013102
211003502,29,2,30100007,1,0,0,0,0,224013102
211003502,30,2,30110007,1,0,0,0,0,224013102
211003502,31,2,30120007,1,0,0,0,0,224013102
211003502,32,2,40010007,1,0,0,0,0,224013102
211003502,33,2,40020007,1,0,0,0,0,224013102
211003502,34,2,40030007,1,0,0,0,0,224013102
211003502,35,2,40040007,1,0,0,0,0,224013102
211003502,36,2,40050007,1,0,0,0,0,224013102
211003502,37,2,40060007,1,0,0,0,0,224013102
211003502,38,2,40070007,1,0,0,0,0,224013102
211003502,39,2,40080007,1,0,0,0,0,224013102
211003502,40,2,40090007,1,0,0,0,0,224013102
211003502,41,2,40020009,1,0,0,0,0,224013102
211003502,42,2,40090009,1,0,0,0,0,224013102
211003502,43,2,10010016,1,0,0,0,0,224013102
211003502,44,2,10020015,1,0,0,0,0,224013102
211003502,45,2,20010014,1,0,0,0,0,224013102
211003502,46,2,20020013,1,0,0,0,0,224013102
211003502,47,2,30060009,1,0,0,0,0,224013102
211003502,48,2,30080009,1,0,0,0,0,224013102
211003502,49,2,20030013,1,0,0,0,0,224013102
211003502,50,2,20040013,1,0,0,0,0,224013102
211003502,51,2,40040009,1,0,0,0,0,224013102
211003502,52,2,40050009,1,0,0,0,0,224013102
211003502,53,2,30010010,1,0,0,0,0,224013102
211003502,54,2,30100009,1,0,0,0,0,224013102
211003502,55,2,10030016,1,0,0,0,0,224013102
211003502,56,2,10050015,1,0,0,0,0,224013102
211003502,57,2,40070010,1,0,0,0,0,224013102
211003502,58,2,40080010,1,0,0,0,0,224013102
211003502,59,2,20060015,1,0,0,0,0,224013102
211003502,60,2,20080014,1,0,0,0,0,224013102
211003502,61,2,10060015,1,0,0,0,0,224013102
211003502,62,2,10070017,1,0,0,0,0,224013102
211003502,63,2,30110010,1,0,0,0,0,224013102
211003502,64,2,30120010,1,0,0,0,0,224013102
211003502,65,2,20040015,1,0,0,0,0,224013102
211003502,66,2,20070015,1,0,0,0,0,224013102
211003502,67,2,40030012,1,0,0,0,0,224013102
211003502,68,2,40060011,1,0,0,0,0,224013102
211003502,69,2,30050013,1,0,0,0,0,224013102
211003502,70,2,30070013,1,0,0,0,0,224013102
211003502,71,2,10040019,1,0,0,0,0,224013102
211003502,72,2,10090018,1,0,0,0,0,224013102
211003502,73,2,40010014,1,0,0,0,0,224013102
211003502,74,2,40020012,1,0,0,0,0,224013102
211003502,75,2,20050017,1,0,0,0,0,224013102
211003502,76,2,20090016,1,0,0,0,0,224013102
211003502,77,2,10030018,1,0,0,0,0,224013102
211003502,78,2,10060017,1,0,0,0,0,224013102
211003601,1,2,20020016,1,0,0,1,0,224021402
211003602,1,2,20060016,1,0,0,0,0,224021402
211003602,2,2,10010013,1,0,0,0,0,224021402
211003602,3,2,10020013,1,0,0,0,0,224021402
211003602,4,2,10030013,1,0,0,0,0,224021402
211003602,5,2,10040013,1,0,0,0,0,224021402
211003602,6,2,10050013,1,0,0,0,0,224021402
211003602,7,2,10060013,1,0,0,0,0,224021402
211003602,8,2,10070013,1,0,0,0,0,224021402
211003602,9,2,10080013,1,0,0,0,0,224021402
211003602,10,2,10090013,1,0,0,0,0,224021402
211003602,11,2,20010011,1,0,0,0,0,224021402
211003602,12,2,20020011,1,0,0,0,0,224021402
211003602,13,2,20030011,1,0,0,0,0,224021402
211003602,14,2,20040011,1,0,0,0,0,224021402
211003602,15,2,20050011,1,0,0,0,0,224021402
211003602,16,2,20060011,1,0,0,0,0,224021402
211003602,17,2,20070011,1,0,0,0,0,224021402
211003602,18,2,20080011,1,0,0,0,0,224021402
211003602,19,2,20090011,1,0,0,0,0,224021402
211003602,20,2,30010007,1,0,0,0,0,224021402
211003602,21,2,30020007,1,0,0,0,0,224021402
211003602,22,2,30030007,1,0,0,0,0,224021402
211003602,23,2,30040007,1,0,0,0,0,224021402
211003602,24,2,30050007,1,0,0,0,0,224021402
211003602,25,2,30060007,1,0,0,0,0,224021402
211003602,26,2,30070007,1,0,0,0,0,224021402
211003602,27,2,30080007,1,0,0,0,0,224021402
211003602,28,2,30090007,1,0,0,0,0,224021402
211003602,29,2,30100007,1,0,0,0,0,224021402
211003602,30,2,30110007,1,0,0,0,0,224021402
211003602,31,2,30120007,1,0,0,0,0,224021402
211003602,32,2,40010007,1,0,0,0,0,224021402
211003602,33,2,40020007,1,0,0,0,0,224021402
211003602,34,2,40030007,1,0,0,0,0,224021402
211003602,35,2,40040007,1,0,0,0,0,224021402
211003602,36,2,40050007,1,0,0,0,0,224021402
211003602,37,2,40060007,1,0,0,0,0,224021402
211003602,38,2,40070007,1,0,0,0,0,224021402
211003602,39,2,40080007,1,0,0,0,0,224021402
211003602,40,2,40090007,1,0,0,0,0,224021402
211003602,41,2,40020009,1,0,0,0,0,224021402
211003602,42,2,40090009,1,0,0,0,0,224021402
211003602,43,2,10010016,1,0,0,0,0,224021402
211003602,44,2,10020015,1,0,0,0,0,224021402
211003602,45,2,20010014,1,0,0,0,0,224021402
211003602,46,2,20020013,1,0,0,0,0,224021402
211003602,47,2,30060009,1,0,0,0,0,224021402
211003602,48,2,30080009,1,0,0,0,0,224021402
211003602,49,2,20030013,1,0,0,0,0,224021402
211003602,50,2,20040013,1,0,0,0,0,224021402
211003602,51,2,40040009,1,0,0,0,0,224021402
211003602,52,2,40050009,1,0,0,0,0,224021402
211003602,53,2,30010010,1,0,0,0,0,224021402
211003602,54,2,30100009,1,0,0,0,0,224021402
211003602,55,2,10030016,1,0,0,0,0,224021402
211003602,56,2,10050015,1,0,0,0,0,224021402
211003602,57,2,40070010,1,0,0,0,0,224021402
211003602,58,2,40080010,1,0,0,0,0,224021402
211003602,59,2,20060015,1,0,0,0,0,224021402
211003602,60,2,20080014,1,0,0,0,0,224021402
211003602,61,2,10060015,1,0,0,0,0,224021402
211003602,62,2,10070017,1,0,0,0,0,224021402
211003602,63,2,30110010,1,0,0,0,0,224021402
211003602,64,2,30120010,1,0,0,0,0,224021402
211003602,65,2,20040015,1,0,0,0,0,224021402
211003602,66,2,20070015,1,0,0,0,0,224021402
211003602,67,2,40030012,1,0,0,0,0,224021402
211003602,68,2,40060011,1,0,0,0,0,224021402
211003602,69,2,30050013,1,0,0,0,0,224021402
211003602,70,2,30070013,1,0,0,0,0,224021402
211003602,71,2,10040019,1,0,0,0,0,224021402
211003602,72,2,10090018,1,0,0,0,0,224021402
211003602,73,2,40010014,1,0,0,0,0,224021402
211003602,74,2,40020012,1,0,0,0,0,224021402
211003602,75,2,20050017,1,0,0,0,0,224021402
211003602,76,2,20090016,1,0,0,0,0,224021402
211003602,77,2,10030018,1,0,0,0,0,224021402
211003602,78,2,10060017,1,0,0,0,0,224021402
211003602,79,2,30030014,1,0,0,0,0,224021402
211003602,80,2,30040014,1,0,0,0,0,224021402
211003702,1,2,20020016,1,0,0,0,0,224021402
211003701,1,2,20060016,1,0,0,1,0,224021402
211003702,2,2,10010013,1,0,0,0,0,224021402
211003702,3,2,10020013,1,0,0,0,0,224021402
211003702,4,2,10030013,1,0,0,0,0,224021402
211003702,5,2,10040013,1,0,0,0,0,224021402
211003702,6,2,10050013,1,0,0,0,0,224021402
211003702,7,2,10060013,1,0,0,0,0,224021402
211003702,8,2,10070013,1,0,0,0,0,224021402
211003702,9,2,10080013,1,0,0,0,0,224021402
211003702,10,2,10090013,1,0,0,0,0,224021402
211003702,11,2,20010011,1,0,0,0,0,224021402
211003702,12,2,20020011,1,0,0,0,0,224021402
211003702,13,2,20030011,1,0,0,0,0,224021402
211003702,14,2,20040011,1,0,0,0,0,224021402
211003702,15,2,20050011,1,0,0,0,0,224021402
211003702,16,2,20060011,1,0,0,0,0,224021402
211003702,17,2,20070011,1,0,0,0,0,224021402
211003702,18,2,20080011,1,0,0,0,0,224021402
211003702,19,2,20090011,1,0,0,0,0,224021402
211003702,20,2,30010007,1,0,0,0,0,224021402
211003702,21,2,30020007,1,0,0,0,0,224021402
211003702,22,2,30030007,1,0,0,0,0,224021402
211003702,23,2,30040007,1,0,0,0,0,224021402
211003702,24,2,30050007,1,0,0,0,0,224021402
211003702,25,2,30060007,1,0,0,0,0,224021402
211003702,26,2,30070007,1,0,0,0,0,224021402
211003702,27,2,30080007,1,0,0,0,0,224021402
211003702,28,2,30090007,1,0,0,0,0,224021402
211003702,29,2,30100007,1,0,0,0,0,224021402
211003702,30,2,30110007,1,0,0,0,0,224021402
211003702,31,2,30120007,1,0,0,0,0,224021402
211003702,32,2,40010007,1,0,0,0,0,224021402
211003702,33,2,40020007,1,0,0,0,0,224021402
211003702,34,2,40030007,1,0,0,0,0,224021402
211003702,35,2,40040007,1,0,0,0,0,224021402
211003702,36,2,40050007,1,0,0,0,0,224021402
211003702,37,2,40060007,1,0,0,0,0,224021402
211003702,38,2,40070007,1,0,0,0,0,224021402
211003702,39,2,40080007,1,0,0,0,0,224021402
211003702,40,2,40090007,1,0,0,0,0,224021402
211003702,41,2,40020009,1,0,0,0,0,224021402
211003702,42,2,40090009,1,0,0,0,0,224021402
211003702,43,2,10010016,1,0,0,0,0,224021402
211003702,44,2,10020015,1,0,0,0,0,224021402
211003702,45,2,20010014,1,0,0,0,0,224021402
211003702,46,2,20020013,1,0,0,0,0,224021402
211003702,47,2,30060009,1,0,0,0,0,224021402
211003702,48,2,30080009,1,0,0,0,0,224021402
211003702,49,2,20030013,1,0,0,0,0,224021402
211003702,50,2,20040013,1,0,0,0,0,224021402
211003702,51,2,40040009,1,0,0,0,0,224021402
211003702,52,2,40050009,1,0,0,0,0,224021402
211003702,53,2,30010010,1,0,0,0,0,224021402
211003702,54,2,30100009,1,0,0,0,0,224021402
211003702,55,2,10030016,1,0,0,0,0,224021402
211003702,56,2,10050015,1,0,0,0,0,224021402
211003702,57,2,40070010,1,0,0,0,0,224021402
211003702,58,2,40080010,1,0,0,0,0,224021402
211003702,59,2,20060015,1,0,0,0,0,224021402
211003702,60,2,20080014,1,0,0,0,0,224021402
211003702,61,2,10060015,1,0,0,0,0,224021402
211003702,62,2,10070017,1,0,0,0,0,224021402
211003702,63,2,30110010,1,0,0,0,0,224021402
211003702,64,2,30120010,1,0,0,0,0,224021402
211003702,65,2,20040015,1,0,0,0,0,224021402
211003702,66,2,20070015,1,0,0,0,0,224021402
211003702,67,2,40030012,1,0,0,0,0,224021402
211003702,68,2,40060011,1,0,0,0,0,224021402
211003702,69,2,30050013,1,0,0,0,0,224021402
211003702,70,2,30070013,1,0,0,0,0,224021402
211003702,71,2,10040019,1,0,0,0,0,224021402
211003702,72,2,10090018,1,0,0,0,0,224021402
211003702,73,2,40010014,1,0,0,0,0,224021402
211003702,74,2,40020012,1,0,0,0,0,224021402
211003702,75,2,20050017,1,0,0,0,0,224021402
211003702,76,2,20090016,1,0,0,0,0,224021402
211003702,77,2,10030018,1,0,0,0,0,224021402
211003702,78,2,10060017,1,0,0,0,0,224021402
211003702,79,2,30030014,1,0,0,0,0,224021402
211003702,80,2,30040014,1,0,0,0,0,224021402
211003801,1,2,40050013,1,0,0,1,0,224030102
211003802,1,2,40070013,1,0,0,0,0,224030102
211003802,2,2,10010013,1,0,0,0,0,224030102
211003802,3,2,10020013,1,0,0,0,0,224030102
211003802,4,2,10030013,1,0,0,0,0,224030102
211003802,5,2,10040013,1,0,0,0,0,224030102
211003802,6,2,10050013,1,0,0,0,0,224030102
211003802,7,2,10060013,1,0,0,0,0,224030102
211003802,8,2,10070013,1,0,0,0,0,224030102
211003802,9,2,10080013,1,0,0,0,0,224030102
211003802,10,2,10090013,1,0,0,0,0,224030102
211003802,11,2,20010011,1,0,0,0,0,224030102
211003802,12,2,20020011,1,0,0,0,0,224030102
211003802,13,2,20030011,1,0,0,0,0,224030102
211003802,14,2,20040011,1,0,0,0,0,224030102
211003802,15,2,20050011,1,0,0,0,0,224030102
211003802,16,2,20060011,1,0,0,0,0,224030102
211003802,17,2,20070011,1,0,0,0,0,224030102
211003802,18,2,20080011,1,0,0,0,0,224030102
211003802,19,2,20090011,1,0,0,0,0,224030102
211003802,20,2,30010007,1,0,0,0,0,224030102
211003802,21,2,30020007,1,0,0,0,0,224030102
211003802,22,2,30030007,1,0,0,0,0,224030102
211003802,23,2,30040007,1,0,0,0,0,224030102
211003802,24,2,30050007,1,0,0,0,0,224030102
211003802,25,2,30060007,1,0,0,0,0,224030102
211003802,26,2,30070007,1,0,0,0,0,224030102
211003802,27,2,30080007,1,0,0,0,0,224030102
211003802,28,2,30090007,1,0,0,0,0,224030102
211003802,29,2,30100007,1,0,0,0,0,224030102
211003802,30,2,30110007,1,0,0,0,0,224030102
211003802,31,2,30120007,1,0,0,0,0,224030102
211003802,32,2,40010007,1,0,0,0,0,224030102
211003802,33,2,40020007,1,0,0,0,0,224030102
211003802,34,2,40030007,1,0,0,0,0,224030102
211003802,35,2,40040007,1,0,0,0,0,224030102
211003802,36,2,40050007,1,0,0,0,0,224030102
211003802,37,2,40060007,1,0,0,0,0,224030102
211003802,38,2,40070007,1,0,0,0,0,224030102
211003802,39,2,40080007,1,0,0,0,0,224030102
211003802,40,2,40090007,1,0,0,0,0,224030102
211003802,41,2,40020009,1,0,0,0,0,224030102
211003802,42,2,40090009,1,0,0,0,0,224030102
211003802,43,2,10010016,1,0,0,0,0,224030102
211003802,44,2,10020015,1,0,0,0,0,224030102
211003802,45,2,20010014,1,0,0,0,0,224030102
211003802,46,2,20020013,1,0,0,0,0,224030102
211003802,47,2,30060009,1,0,0,0,0,224030102
211003802,48,2,30080009,1,0,0,0,0,224030102
211003802,49,2,20030013,1,0,0,0,0,224030102
211003802,50,2,20040013,1,0,0,0,0,224030102
211003802,51,2,40040009,1,0,0,0,0,224030102
211003802,52,2,40050009,1,0,0,0,0,224030102
211003802,53,2,30010010,1,0,0,0,0,224030102
211003802,54,2,30100009,1,0,0,0,0,224030102
211003802,55,2,10030016,1,0,0,0,0,224030102
211003802,56,2,10050015,1,0,0,0,0,224030102
211003802,57,2,40070010,1,0,0,0,0,224030102
211003802,58,2,40080010,1,0,0,0,0,224030102
211003802,59,2,20060015,1,0,0,0,0,224030102
211003802,60,2,20080014,1,0,0,0,0,224030102
211003802,61,2,10060015,1,0,0,0,0,224030102
211003802,62,2,10070017,1,0,0,0,0,224030102
211003802,63,2,30110010,1,0,0,0,0,224030102
211003802,64,2,30120010,1,0,0,0,0,224030102
211003802,65,2,20040015,1,0,0,0,0,224030102
211003802,66,2,20070015,1,0,0,0,0,224030102
211003802,67,2,40030012,1,0,0,0,0,224030102
211003802,68,2,40060011,1,0,0,0,0,224030102
211003802,69,2,30050013,1,0,0,0,0,224030102
211003802,70,2,30070013,1,0,0,0,0,224030102
211003802,71,2,10040019,1,0,0,0,0,224030102
211003802,72,2,10090018,1,0,0,0,0,224030102
211003802,73,2,40010014,1,0,0,0,0,224030102
211003802,74,2,40020012,1,0,0,0,0,224030102
211003802,75,2,20050017,1,0,0,0,0,224030102
211003802,76,2,20090016,1,0,0,0,0,224030102
211003802,77,2,10030018,1,0,0,0,0,224030102
211003802,78,2,10060017,1,0,0,0,0,224030102
211003802,79,2,30030014,1,0,0,0,0,224030102
211003802,80,2,30040014,1,0,0,0,0,224030102
211003802,81,2,20020016,1,0,0,0,0,224030102
211003802,82,2,20060016,1,0,0,0,0,224030102
211003902,1,2,40050013,1,0,0,0,0,224030102
211003901,1,2,40070013,1,0,0,1,0,224030102
211003902,2,2,10010013,1,0,0,0,0,224030102
211003902,3,2,10020013,1,0,0,0,0,224030102
211003902,4,2,10030013,1,0,0,0,0,224030102
211003902,5,2,10040013,1,0,0,0,0,224030102
211003902,6,2,10050013,1,0,0,0,0,224030102
211003902,7,2,10060013,1,0,0,0,0,224030102
211003902,8,2,10070013,1,0,0,0,0,224030102
211003902,9,2,10080013,1,0,0,0,0,224030102
211003902,10,2,10090013,1,0,0,0,0,224030102
211003902,11,2,20010011,1,0,0,0,0,224030102
211003902,12,2,20020011,1,0,0,0,0,224030102
211003902,13,2,20030011,1,0,0,0,0,224030102
211003902,14,2,20040011,1,0,0,0,0,224030102
211003902,15,2,20050011,1,0,0,0,0,224030102
211003902,16,2,20060011,1,0,0,0,0,224030102
211003902,17,2,20070011,1,0,0,0,0,224030102
211003902,18,2,20080011,1,0,0,0,0,224030102
211003902,19,2,20090011,1,0,0,0,0,224030102
211003902,20,2,30010007,1,0,0,0,0,224030102
211003902,21,2,30020007,1,0,0,0,0,224030102
211003902,22,2,30030007,1,0,0,0,0,224030102
211003902,23,2,30040007,1,0,0,0,0,224030102
211003902,24,2,30050007,1,0,0,0,0,224030102
211003902,25,2,30060007,1,0,0,0,0,224030102
211003902,26,2,30070007,1,0,0,0,0,224030102
211003902,27,2,30080007,1,0,0,0,0,224030102
211003902,28,2,30090007,1,0,0,0,0,224030102
211003902,29,2,30100007,1,0,0,0,0,224030102
211003902,30,2,30110007,1,0,0,0,0,224030102
211003902,31,2,30120007,1,0,0,0,0,224030102
211003902,32,2,40010007,1,0,0,0,0,224030102
211003902,33,2,40020007,1,0,0,0,0,224030102
211003902,34,2,40030007,1,0,0,0,0,224030102
211003902,35,2,40040007,1,0,0,0,0,224030102
211003902,36,2,40050007,1,0,0,0,0,224030102
211003902,37,2,40060007,1,0,0,0,0,224030102
211003902,38,2,40070007,1,0,0,0,0,224030102
211003902,39,2,40080007,1,0,0,0,0,224030102
211003902,40,2,40090007,1,0,0,0,0,224030102
211003902,41,2,40020009,1,0,0,0,0,224030102
211003902,42,2,40090009,1,0,0,0,0,224030102
211003902,43,2,10010016,1,0,0,0,0,224030102
211003902,44,2,10020015,1,0,0,0,0,224030102
211003902,45,2,20010014,1,0,0,0,0,224030102
211003902,46,2,20020013,1,0,0,0,0,224030102
211003902,47,2,30060009,1,0,0,0,0,224030102
211003902,48,2,30080009,1,0,0,0,0,224030102
211003902,49,2,20030013,1,0,0,0,0,224030102
211003902,50,2,20040013,1,0,0,0,0,224030102
211003902,51,2,40040009,1,0,0,0,0,224030102
211003902,52,2,40050009,1,0,0,0,0,224030102
211003902,53,2,30010010,1,0,0,0,0,224030102
211003902,54,2,30100009,1,0,0,0,0,224030102
211003902,55,2,10030016,1,0,0,0,0,224030102
211003902,56,2,10050015,1,0,0,0,0,224030102
211003902,57,2,40070010,1,0,0,0,0,224030102
211003902,58,2,40080010,1,0,0,0,0,224030102
211003902,59,2,20060015,1,0,0,0,0,224030102
211003902,60,2,20080014,1,0,0,0,0,224030102
211003902,61,2,10060015,1,0,0,0,0,224030102
211003902,62,2,10070017,1,0,0,0,0,224030102
211003902,63,2,30110010,1,0,0,0,0,224030102
211003902,64,2,30120010,1,0,0,0,0,224030102
211003902,65,2,20040015,1,0,0,0,0,224030102
211003902,66,2,20070015,1,0,0,0,0,224030102
211003902,67,2,40030012,1,0,0,0,0,224030102
211003902,68,2,40060011,1,0,0,0,0,224030102
211003902,69,2,30050013,1,0,0,0,0,224030102
211003902,70,2,30070013,1,0,0,0,0,224030102
211003902,71,2,10040019,1,0,0,0,0,224030102
211003902,72,2,10090018,1,0,0,0,0,224030102
211003902,73,2,40010014,1,0,0,0,0,224030102
211003902,74,2,40020012,1,0,0,0,0,224030102
211003902,75,2,20050017,1,0,0,0,0,224030102
211003902,76,2,20090016,1,0,0,0,0,224030102
211003902,77,2,10030018,1,0,0,0,0,224030102
211003902,78,2,10060017,1,0,0,0,0,224030102
211003902,79,2,30030014,1,0,0,0,0,224030102
211003902,80,2,30040014,1,0,0,0,0,224030102
211003902,81,2,20020016,1,0,0,0,0,224030102
211003902,82,2,20060016,1,0,0,0,0,224030102
311000101,1,2,40010010,1,0,0,1,0,223050101
311000102,1,2,10010013,1,0,0,0,0,223050101
311000102,2,2,10020013,1,0,0,0,0,223050101
311000102,3,2,10030013,1,0,0,0,0,223050101
311000102,4,2,10040013,1,0,0,0,0,223050101
311000102,5,2,10050013,1,0,0,0,0,223050101
311000102,6,2,10060013,1,0,0,0,0,223050101
311000102,7,2,10070013,1,0,0,0,0,223050101
311000102,8,2,10080013,1,0,0,0,0,223050101
311000102,9,2,10090013,1,0,0,0,0,223050101
311000102,10,2,20010011,1,0,0,0,0,223050101
311000102,11,2,20020011,1,0,0,0,0,223050101
311000102,12,2,20030011,1,0,0,0,0,223050101
311000102,13,2,20040011,1,0,0,0,0,223050101
311000102,14,2,20050011,1,0,0,0,0,223050101
311000102,15,2,20060011,1,0,0,0,0,223050101
311000102,16,2,20070011,1,0,0,0,0,223050101
311000102,17,2,20080011,1,0,0,0,0,223050101
311000102,18,2,20090011,1,0,0,0,0,223050101
311000102,19,2,30010007,1,0,0,0,0,223050101
311000102,20,2,30020007,1,0,0,0,0,223050101
311000102,21,2,30030007,1,0,0,0,0,223050101
311000102,22,2,30040007,1,0,0,0,0,223050101
311000102,23,2,30050007,1,0,0,0,0,223050101
311000102,24,2,30060007,1,0,0,0,0,223050101
311000102,25,2,30070007,1,0,0,0,0,223050101
311000102,26,2,30080007,1,0,0,0,0,223050101
311000102,27,2,30090007,1,0,0,0,0,223050101
311000102,28,2,30100007,1,0,0,0,0,223050101
311000102,29,2,30110007,1,0,0,0,0,223050101
311000102,30,2,30120007,1,0,0,0,0,223050101
311000102,31,2,40010007,1,0,0,0,0,223050101
311000102,32,2,40020007,1,0,0,0,0,223050101
311000102,33,2,40030007,1,0,0,0,0,223050101
311000102,34,2,40040007,1,0,0,0,0,223050101
311000102,35,2,40050007,1,0,0,0,0,223050101
311000102,36,2,40060007,1,0,0,0,0,223050101
311000102,37,2,40070007,1,0,0,0,0,223050101
311000102,38,2,40080007,1,0,0,0,0,223050101
311000102,39,2,40090007,1,0,0,0,0,223050101
311000102,40,2,40020009,1,0,0,0,0,223050101
311000102,41,2,40090009,1,0,0,0,0,223050101
311000201,1,2,30050009,1,0,0,1,0,223053001
311000202,1,2,10010013,1,0,0,0,0,223053001
311000202,2,2,10020013,1,0,0,0,0,223053001
311000202,3,2,10030013,1,0,0,0,0,223053001
311000202,4,2,10040013,1,0,0,0,0,223053001
311000202,5,2,10050013,1,0,0,0,0,223053001
311000202,6,2,10060013,1,0,0,0,0,223053001
311000202,7,2,10070013,1,0,0,0,0,223053001
311000202,8,2,10080013,1,0,0,0,0,223053001
311000202,9,2,10090013,1,0,0,0,0,223053001
311000202,10,2,20010011,1,0,0,0,0,223053001
311000202,11,2,20020011,1,0,0,0,0,223053001
311000202,12,2,20030011,1,0,0,0,0,223053001
311000202,13,2,20040011,1,0,0,0,0,223053001
311000202,14,2,20050011,1,0,0,0,0,223053001
311000202,15,2,20060011,1,0,0,0,0,223053001
311000202,16,2,20070011,1,0,0,0,0,223053001
311000202,17,2,20080011,1,0,0,0,0,223053001
311000202,18,2,20090011,1,0,0,0,0,223053001
311000202,19,2,30010007,1,0,0,0,0,223053001
311000202,20,2,30020007,1,0,0,0,0,223053001
311000202,21,2,30030007,1,0,0,0,0,223053001
311000202,22,2,30040007,1,0,0,0,0,223053001
311000202,23,2,30050007,1,0,0,0,0,223053001
311000202,24,2,30060007,1,0,0,0,0,223053001
311000202,25,2,30070007,1,0,0,0,0,223053001
311000202,26,2,30080007,1,0,0,0,0,223053001
311000202,27,2,30090007,1,0,0,0,0,223053001
311000202,28,2,30100007,1,0,0,0,0,223053001
311000202,29,2,30110007,1,0,0,0,0,223053001
311000202,30,2,30120007,1,0,0,0,0,223053001
311000202,31,2,40010007,1,0,0,0,0,223053001
311000202,32,2,40020007,1,0,0,0,0,223053001
311000202,33,2,40030007,1,0,0,0,0,223053001
311000202,34,2,40040007,1,0,0,0,0,223053001
311000202,35,2,40050007,1,0,0,0,0,223053001
311000202,36,2,40060007,1,0,0,0,0,223053001
311000202,37,2,40070007,1,0,0,0,0,223053001
311000202,38,2,40080007,1,0,0,0,0,223053001
311000202,39,2,40090007,1,0,0,0,0,223053001
311000202,40,2,40020009,1,0,0,0,0,223053001
311000202,41,2,40090009,1,0,0,0,0,223053001
311000202,42,2,10010016,1,0,0,0,0,223053001
311000202,43,2,10020015,1,0,0,0,0,223053001
311000301,1,2,10070015,1,0,0,1,0,223060901
311000302,1,2,10010013,1,0,0,0,0,223060901
311000302,2,2,10020013,1,0,0,0,0,223060901
311000302,3,2,10030013,1,0,0,0,0,223060901
311000302,4,2,10040013,1,0,0,0,0,223060901
311000302,5,2,10050013,1,0,0,0,0,223060901
311000302,6,2,10060013,1,0,0,0,0,223060901
311000302,7,2,10070013,1,0,0,0,0,223060901
311000302,8,2,10080013,1,0,0,0,0,223060901
311000302,9,2,10090013,1,0,0,0,0,223060901
311000302,10,2,20010011,1,0,0,0,0,223060901
311000302,11,2,20020011,1,0,0,0,0,223060901
311000302,12,2,20030011,1,0,0,0,0,223060901
311000302,13,2,20040011,1,0,0,0,0,223060901
311000302,14,2,20050011,1,0,0,0,0,223060901
311000302,15,2,20060011,1,0,0,0,0,223060901
311000302,16,2,20070011,1,0,0,0,0,223060901
311000302,17,2,20080011,1,0,0,0,0,223060901
311000302,18,2,20090011,1,0,0,0,0,223060901
311000302,19,2,30010007,1,0,0,0,0,223060901
311000302,20,2,30020007,1,0,0,0,0,223060901
311000302,21,2,30030007,1,0,0,0,0,223060901
311000302,22,2,30040007,1,0,0,0,0,223060901
311000302,23,2,30050007,1,0,0,0,0,223060901
311000302,24,2,30060007,1,0,0,0,0,223060901
311000302,25,2,30070007,1,0,0,0,0,223060901
311000302,26,2,30080007,1,0,0,0,0,223060901
311000302,27,2,30090007,1,0,0,0,0,223060901
311000302,28,2,30100007,1,0,0,0,0,223060901
311000302,29,2,30110007,1,0,0,0,0,223060901
311000302,30,2,30120007,1,0,0,0,0,223060901
311000302,31,2,40010007,1,0,0,0,0,223060901
311000302,32,2,40020007,1,0,0,0,0,223060901
311000302,33,2,40030007,1,0,0,0,0,223060901
311000302,34,2,40040007,1,0,0,0,0,223060901
311000302,35,2,40050007,1,0,0,0,0,223060901
311000302,36,2,40060007,1,0,0,0,0,223060901
311000302,37,2,40070007,1,0,0,0,0,223060901
311000302,38,2,40080007,1,0,0,0,0,223060901
311000302,39,2,40090007,1,0,0,0,0,223060901
311000302,40,2,40020009,1,0,0,0,0,223060901
311000302,41,2,40090009,1,0,0,0,0,223060901
311000302,42,2,10010016,1,0,0,0,0,223060901
311000302,43,2,10020015,1,0,0,0,0,223060901
311000302,44,2,20010014,1,0,0,0,0,223060901
311000302,45,2,20020013,1,0,0,0,0,223060901
311000401,1,2,20080013,1,0,0,1,0,223061301
311000402,1,2,10010013,1,0,0,0,0,223061301
311000402,2,2,10020013,1,0,0,0,0,223061301
311000402,3,2,10030013,1,0,0,0,0,223061301
311000402,4,2,10040013,1,0,0,0,0,223061301
311000402,5,2,10050013,1,0,0,0,0,223061301
311000402,6,2,10060013,1,0,0,0,0,223061301
311000402,7,2,10070013,1,0,0,0,0,223061301
311000402,8,2,10080013,1,0,0,0,0,223061301
311000402,9,2,10090013,1,0,0,0,0,223061301
311000402,10,2,20010011,1,0,0,0,0,223061301
311000402,11,2,20020011,1,0,0,0,0,223061301
311000402,12,2,20030011,1,0,0,0,0,223061301
311000402,13,2,20040011,1,0,0,0,0,223061301
311000402,14,2,20050011,1,0,0,0,0,223061301
311000402,15,2,20060011,1,0,0,0,0,223061301
311000402,16,2,20070011,1,0,0,0,0,223061301
311000402,17,2,20080011,1,0,0,0,0,223061301
311000402,18,2,20090011,1,0,0,0,0,223061301
311000402,19,2,30010007,1,0,0,0,0,223061301
311000402,20,2,30020007,1,0,0,0,0,223061301
311000402,21,2,30030007,1,0,0,0,0,223061301
311000402,22,2,30040007,1,0,0,0,0,223061301
311000402,23,2,30050007,1,0,0,0,0,223061301
311000402,24,2,30060007,1,0,0,0,0,223061301
311000402,25,2,30070007,1,0,0,0,0,223061301
311000402,26,2,30080007,1,0,0,0,0,223061301
311000402,27,2,30090007,1,0,0,0,0,223061301
311000402,28,2,30100007,1,0,0,0,0,223061301
311000402,29,2,30110007,1,0,0,0,0,223061301
311000402,30,2,30120007,1,0,0,0,0,223061301
311000402,31,2,40010007,1,0,0,0,0,223061301
311000402,32,2,40020007,1,0,0,0,0,223061301
311000402,33,2,40030007,1,0,0,0,0,223061301
311000402,34,2,40040007,1,0,0,0,0,223061301
311000402,35,2,40050007,1,0,0,0,0,223061301
311000402,36,2,40060007,1,0,0,0,0,223061301
311000402,37,2,40070007,1,0,0,0,0,223061301
311000402,38,2,40080007,1,0,0,0,0,223061301
311000402,39,2,40090007,1,0,0,0,0,223061301
311000402,40,2,40020009,1,0,0,0,0,223061301
311000402,41,2,40090009,1,0,0,0,0,223061301
311000402,42,2,10010016,1,0,0,0,0,223061301
311000402,43,2,10020015,1,0,0,0,0,223061301
311000402,44,2,20010014,1,0,0,0,0,223061301
311000402,45,2,20020013,1,0,0,0,0,223061301
311000501,1,2,40080009,1,0,0,1,0,223061701
311000502,1,2,10010013,1,0,0,0,0,223061701
311000502,2,2,10020013,1,0,0,0,0,223061701
311000502,3,2,10030013,1,0,0,0,0,223061701
311000502,4,2,10040013,1,0,0,0,0,223061701
311000502,5,2,10050013,1,0,0,0,0,223061701
311000502,6,2,10060013,1,0,0,0,0,223061701
311000502,7,2,10070013,1,0,0,0,0,223061701
311000502,8,2,10080013,1,0,0,0,0,223061701
311000502,9,2,10090013,1,0,0,0,0,223061701
311000502,10,2,20010011,1,0,0,0,0,223061701
311000502,11,2,20020011,1,0,0,0,0,223061701
311000502,12,2,20030011,1,0,0,0,0,223061701
311000502,13,2,20040011,1,0,0,0,0,223061701
311000502,14,2,20050011,1,0,0,0,0,223061701
311000502,15,2,20060011,1,0,0,0,0,223061701
311000502,16,2,20070011,1,0,0,0,0,223061701
311000502,17,2,20080011,1,0,0,0,0,223061701
311000502,18,2,20090011,1,0,0,0,0,223061701
311000502,19,2,30010007,1,0,0,0,0,223061701
311000502,20,2,30020007,1,0,0,0,0,223061701
311000502,21,2,30030007,1,0,0,0,0,223061701
311000502,22,2,30040007,1,0,0,0,0,223061701
311000502,23,2,30050007,1,0,0,0,0,223061701
311000502,24,2,30060007,1,0,0,0,0,223061701
311000502,25,2,30070007,1,0,0,0,0,223061701
311000502,26,2,30080007,1,0,0,0,0,223061701
311000502,27,2,30090007,1,0,0,0,0,223061701
311000502,28,2,30100007,1,0,0,0,0,223061701
311000502,29,2,30110007,1,0,0,0,0,223061701
311000502,30,2,30120007,1,0,0,0,0,223061701
311000502,31,2,40010007,1,0,0,0,0,223061701
311000502,32,2,40020007,1,0,0,0,0,223061701
311000502,33,2,40030007,1,0,0,0,0,223061701
311000502,34,2,40040007,1,0,0,0,0,223061701
311000502,35,2,40050007,1,0,0,0,0,223061701
311000502,36,2,40060007,1,0,0,0,0,223061701
311000502,37,2,40070007,1,0,0,0,0,223061701
311000502,38,2,40080007,1,0,0,0,0,223061701
311000502,39,2,40090007,1,0,0,0,0,223061701
311000502,40,2,40020009,1,0,0,0,0,223061701
311000502,41,2,40090009,1,0,0,0,0,223061701
311000502,42,2,10010016,1,0,0,0,0,223061701
311000502,43,2,10020015,1,0,0,0,0,223061701
311000502,44,2,20010014,1,0,0,0,0,223061701
311000502,45,2,20020013,1,0,0,0,0,223061701
311000601,1,2,30040009,1,0,0,1,0,223062901
311000602,1,2,10010013,1,0,0,0,0,223062901
311000602,2,2,10020013,1,0,0,0,0,223062901
311000602,3,2,10030013,1,0,0,0,0,223062901
311000602,4,2,10040013,1,0,0,0,0,223062901
311000602,5,2,10050013,1,0,0,0,0,223062901
311000602,6,2,10060013,1,0,0,0,0,223062901
311000602,7,2,10070013,1,0,0,0,0,223062901
311000602,8,2,10080013,1,0,0,0,0,223062901
311000602,9,2,10090013,1,0,0,0,0,223062901
311000602,10,2,20010011,1,0,0,0,0,223062901
311000602,11,2,20020011,1,0,0,0,0,223062901
311000602,12,2,20030011,1,0,0,0,0,223062901
311000602,13,2,20040011,1,0,0,0,0,223062901
311000602,14,2,20050011,1,0,0,0,0,223062901
311000602,15,2,20060011,1,0,0,0,0,223062901
311000602,16,2,20070011,1,0,0,0,0,223062901
311000602,17,2,20080011,1,0,0,0,0,223062901
311000602,18,2,20090011,1,0,0,0,0,223062901
311000602,19,2,30010007,1,0,0,0,0,223062901
311000602,20,2,30020007,1,0,0,0,0,223062901
311000602,21,2,30030007,1,0,0,0,0,223062901
311000602,22,2,30040007,1,0,0,0,0,223062901
311000602,23,2,30050007,1,0,0,0,0,223062901
311000602,24,2,30060007,1,0,0,0,0,223062901
311000602,25,2,30070007,1,0,0,0,0,223062901
311000602,26,2,30080007,1,0,0,0,0,223062901
311000602,27,2,30090007,1,0,0,0,0,223062901
311000602,28,2,30100007,1,0,0,0,0,223062901
311000602,29,2,30110007,1,0,0,0,0,223062901
311000602,30,2,30120007,1,0,0,0,0,223062901
311000602,31,2,40010007,1,0,0,0,0,223062901
311000602,32,2,40020007,1,0,0,0,0,223062901
311000602,33,2,40030007,1,0,0,0,0,223062901
311000602,34,2,40040007,1,0,0,0,0,223062901
311000602,35,2,40050007,1,0,0,0,0,223062901
311000602,36,2,40060007,1,0,0,0,0,223062901
311000602,37,2,40070007,1,0,0,0,0,223062901
311000602,38,2,40080007,1,0,0,0,0,223062901
311000602,39,2,40090007,1,0,0,0,0,223062901
311000602,40,2,40020009,1,0,0,0,0,223062901
311000602,41,2,40090009,1,0,0,0,0,223062901
311000602,42,2,10010016,1,0,0,0,0,223062901
311000602,43,2,10020015,1,0,0,0,0,223062901
311000602,44,2,20010014,1,0,0,0,0,223062901
311000602,45,2,20020013,1,0,0,0,0,223062901
311000602,46,2,30060009,1,0,0,0,0,223062901
311000602,47,2,30080009,1,0,0,0,0,223062901
311000701,1,2,20060014,1,0,0,1,0,223071301
311000702,1,2,10010013,1,0,0,0,0,223071301
311000702,2,2,10020013,1,0,0,0,0,223071301
311000702,3,2,10030013,1,0,0,0,0,223071301
311000702,4,2,10040013,1,0,0,0,0,223071301
311000702,5,2,10050013,1,0,0,0,0,223071301
311000702,6,2,10060013,1,0,0,0,0,223071301
311000702,7,2,10070013,1,0,0,0,0,223071301
311000702,8,2,10080013,1,0,0,0,0,223071301
311000702,9,2,10090013,1,0,0,0,0,223071301
311000702,10,2,20010011,1,0,0,0,0,223071301
311000702,11,2,20020011,1,0,0,0,0,223071301
311000702,12,2,20030011,1,0,0,0,0,223071301
311000702,13,2,20040011,1,0,0,0,0,223071301
311000702,14,2,20050011,1,0,0,0,0,223071301
311000702,15,2,20060011,1,0,0,0,0,223071301
311000702,16,2,20070011,1,0,0,0,0,223071301
311000702,17,2,20080011,1,0,0,0,0,223071301
311000702,18,2,20090011,1,0,0,0,0,223071301
311000702,19,2,30010007,1,0,0,0,0,223071301
311000702,20,2,30020007,1,0,0,0,0,223071301
311000702,21,2,30030007,1,0,0,0,0,223071301
311000702,22,2,30040007,1,0,0,0,0,223071301
311000702,23,2,30050007,1,0,0,0,0,223071301
311000702,24,2,30060007,1,0,0,0,0,223071301
311000702,25,2,30070007,1,0,0,0,0,223071301
311000702,26,2,30080007,1,0,0,0,0,223071301
311000702,27,2,30090007,1,0,0,0,0,223071301
311000702,28,2,30100007,1,0,0,0,0,223071301
311000702,29,2,30110007,1,0,0,0,0,223071301
311000702,30,2,30120007,1,0,0,0,0,223071301
311000702,31,2,40010007,1,0,0,0,0,223071301
311000702,32,2,40020007,1,0,0,0,0,223071301
311000702,33,2,40030007,1,0,0,0,0,223071301
311000702,34,2,40040007,1,0,0,0,0,223071301
311000702,35,2,40050007,1,0,0,0,0,223071301
311000702,36,2,40060007,1,0,0,0,0,223071301
311000702,37,2,40070007,1,0,0,0,0,223071301
311000702,38,2,40080007,1,0,0,0,0,223071301
311000702,39,2,40090007,1,0,0,0,0,223071301
311000702,40,2,40020009,1,0,0,0,0,223071301
311000702,41,2,40090009,1,0,0,0,0,223071301
311000702,42,2,10010016,1,0,0,0,0,223071301
311000702,43,2,10020015,1,0,0,0,0,223071301
311000702,44,2,20010014,1,0,0,0,0,223071301
311000702,45,2,20020013,1,0,0,0,0,223071301
311000702,46,2,30060009,1,0,0,0,0,223071301
311000702,47,2,30080009,1,0,0,0,0,223071301
311000702,48,2,20030013,1,0,0,0,0,223071301
311000702,49,2,20040013,1,0,0,0,0,223071301
311000801,1,2,40020010,1,0,0,1,0,223071702
311000802,1,2,10010013,1,0,0,0,0,223071702
311000802,2,2,10020013,1,0,0,0,0,223071702
311000802,3,2,10030013,1,0,0,0,0,223071702
311000802,4,2,10040013,1,0,0,0,0,223071702
311000802,5,2,10050013,1,0,0,0,0,223071702
311000802,6,2,10060013,1,0,0,0,0,223071702
311000802,7,2,10070013,1,0,0,0,0,223071702
311000802,8,2,10080013,1,0,0,0,0,223071702
311000802,9,2,10090013,1,0,0,0,0,223071702
311000802,10,2,20010011,1,0,0,0,0,223071702
311000802,11,2,20020011,1,0,0,0,0,223071702
311000802,12,2,20030011,1,0,0,0,0,223071702
311000802,13,2,20040011,1,0,0,0,0,223071702
311000802,14,2,20050011,1,0,0,0,0,223071702
311000802,15,2,20060011,1,0,0,0,0,223071702
311000802,16,2,20070011,1,0,0,0,0,223071702
311000802,17,2,20080011,1,0,0,0,0,223071702
311000802,18,2,20090011,1,0,0,0,0,223071702
311000802,19,2,30010007,1,0,0,0,0,223071702
311000802,20,2,30020007,1,0,0,0,0,223071702
311000802,21,2,30030007,1,0,0,0,0,223071702
311000802,22,2,30040007,1,0,0,0,0,223071702
311000802,23,2,30050007,1,0,0,0,0,223071702
311000802,24,2,30060007,1,0,0,0,0,223071702
311000802,25,2,30070007,1,0,0,0,0,223071702
311000802,26,2,30080007,1,0,0,0,0,223071702
311000802,27,2,30090007,1,0,0,0,0,223071702
311000802,28,2,30100007,1,0,0,0,0,223071702
311000802,29,2,30110007,1,0,0,0,0,223071702
311000802,30,2,30120007,1,0,0,0,0,223071702
311000802,31,2,40010007,1,0,0,0,0,223071702
311000802,32,2,40020007,1,0,0,0,0,223071702
311000802,33,2,40030007,1,0,0,0,0,223071702
311000802,34,2,40040007,1,0,0,0,0,223071702
311000802,35,2,40050007,1,0,0,0,0,223071702
311000802,36,2,40060007,1,0,0,0,0,223071702
311000802,37,2,40070007,1,0,0,0,0,223071702
311000802,38,2,40080007,1,0,0,0,0,223071702
311000802,39,2,40090007,1,0,0,0,0,223071702
311000802,40,2,40020009,1,0,0,0,0,223071702
311000802,41,2,40090009,1,0,0,0,0,223071702
311000802,42,2,10010016,1,0,0,0,0,223071702
311000802,43,2,10020015,1,0,0,0,0,223071702
311000802,44,2,20010014,1,0,0,0,0,223071702
311000802,45,2,20020013,1,0,0,0,0,223071702
311000802,46,2,30060009,1,0,0,0,0,223071702
311000802,47,2,30080009,1,0,0,0,0,223071702
311000802,48,2,20030013,1,0,0,0,0,223071702
311000802,49,2,20040013,1,0,0,0,0,223071702
311000802,50,2,40040009,1,0,0,0,0,223071702
311000802,51,2,40050009,1,0,0,0,0,223071702
311000901,1,2,10090016,1,0,0,1,0,223072201
311000902,1,2,10010013,1,0,0,0,0,223072201
311000902,2,2,10020013,1,0,0,0,0,223072201
311000902,3,2,10030013,1,0,0,0,0,223072201
311000902,4,2,10040013,1,0,0,0,0,223072201
311000902,5,2,10050013,1,0,0,0,0,223072201
311000902,6,2,10060013,1,0,0,0,0,223072201
311000902,7,2,10070013,1,0,0,0,0,223072201
311000902,8,2,10080013,1,0,0,0,0,223072201
311000902,9,2,10090013,1,0,0,0,0,223072201
311000902,10,2,20010011,1,0,0,0,0,223072201
311000902,11,2,20020011,1,0,0,0,0,223072201
311000902,12,2,20030011,1,0,0,0,0,223072201
311000902,13,2,20040011,1,0,0,0,0,223072201
311000902,14,2,20050011,1,0,0,0,0,223072201
311000902,15,2,20060011,1,0,0,0,0,223072201
311000902,16,2,20070011,1,0,0,0,0,223072201
311000902,17,2,20080011,1,0,0,0,0,223072201
311000902,18,2,20090011,1,0,0,0,0,223072201
311000902,19,2,30010007,1,0,0,0,0,223072201
311000902,20,2,30020007,1,0,0,0,0,223072201
311000902,21,2,30030007,1,0,0,0,0,223072201
311000902,22,2,30040007,1,0,0,0,0,223072201
311000902,23,2,30050007,1,0,0,0,0,223072201
311000902,24,2,30060007,1,0,0,0,0,223072201
311000902,25,2,30070007,1,0,0,0,0,223072201
311000902,26,2,30080007,1,0,0,0,0,223072201
311000902,27,2,30090007,1,0,0,0,0,223072201
311000902,28,2,30100007,1,0,0,0,0,223072201
311000902,29,2,30110007,1,0,0,0,0,223072201
311000902,30,2,30120007,1,0,0,0,0,223072201
311000902,31,2,40010007,1,0,0,0,0,223072201
311000902,32,2,40020007,1,0,0,0,0,223072201
311000902,33,2,40030007,1,0,0,0,0,223072201
311000902,34,2,40040007,1,0,0,0,0,223072201
311000902,35,2,40050007,1,0,0,0,0,223072201
311000902,36,2,40060007,1,0,0,0,0,223072201
311000902,37,2,40070007,1,0,0,0,0,223072201
311000902,38,2,40080007,1,0,0,0,0,223072201
311000902,39,2,40090007,1,0,0,0,0,223072201
311000902,40,2,40020009,1,0,0,0,0,223072201
311000902,41,2,40090009,1,0,0,0,0,223072201
311000902,42,2,10010016,1,0,0,0,0,223072201
311000902,43,2,10020015,1,0,0,0,0,223072201
311000902,44,2,20010014,1,0,0,0,0,223072201
311000902,45,2,20020013,1,0,0,0,0,223072201
311000902,46,2,30060009,1,0,0,0,0,223072201
311000902,47,2,30080009,1,0,0,0,0,223072201
311000902,48,2,20030013,1,0,0,0,0,223072201
311000902,49,2,20040013,1,0,0,0,0,223072201
311000902,50,2,40040009,1,0,0,0,0,223072201
311000902,51,2,40050009,1,0,0,0,0,223072201
311001001,1,2,20010015,1,0,0,1,0,223080102
311001002,1,2,10010013,1,0,0,0,0,223080102
311001002,2,2,10020013,1,0,0,0,0,223080102
311001002,3,2,10030013,1,0,0,0,0,223080102
311001002,4,2,10040013,1,0,0,0,0,223080102
311001002,5,2,10050013,1,0,0,0,0,223080102
311001002,6,2,10060013,1,0,0,0,0,223080102
311001002,7,2,10070013,1,0,0,0,0,223080102
311001002,8,2,10080013,1,0,0,0,0,223080102
311001002,9,2,10090013,1,0,0,0,0,223080102
311001002,10,2,20010011,1,0,0,0,0,223080102
311001002,11,2,20020011,1,0,0,0,0,223080102
311001002,12,2,20030011,1,0,0,0,0,223080102
311001002,13,2,20040011,1,0,0,0,0,223080102
311001002,14,2,20050011,1,0,0,0,0,223080102
311001002,15,2,20060011,1,0,0,0,0,223080102
311001002,16,2,20070011,1,0,0,0,0,223080102
311001002,17,2,20080011,1,0,0,0,0,223080102
311001002,18,2,20090011,1,0,0,0,0,223080102
311001002,19,2,30010007,1,0,0,0,0,223080102
311001002,20,2,30020007,1,0,0,0,0,223080102
311001002,21,2,30030007,1,0,0,0,0,223080102
311001002,22,2,30040007,1,0,0,0,0,223080102
311001002,23,2,30050007,1,0,0,0,0,223080102
311001002,24,2,30060007,1,0,0,0,0,223080102
311001002,25,2,30070007,1,0,0,0,0,223080102
311001002,26,2,30080007,1,0,0,0,0,223080102
311001002,27,2,30090007,1,0,0,0,0,223080102
311001002,28,2,30100007,1,0,0,0,0,223080102
311001002,29,2,30110007,1,0,0,0,0,223080102
311001002,30,2,30120007,1,0,0,0,0,223080102
311001002,31,2,40010007,1,0,0,0,0,223080102
311001002,32,2,40020007,1,0,0,0,0,223080102
311001002,33,2,40030007,1,0,0,0,0,223080102
311001002,34,2,40040007,1,0,0,0,0,223080102
311001002,35,2,40050007,1,0,0,0,0,223080102
311001002,36,2,40060007,1,0,0,0,0,223080102
311001002,37,2,40070007,1,0,0,0,0,223080102
311001002,38,2,40080007,1,0,0,0,0,223080102
311001002,39,2,40090007,1,0,0,0,0,223080102
311001002,40,2,40020009,1,0,0,0,0,223080102
311001002,41,2,40090009,1,0,0,0,0,223080102
311001002,42,2,10010016,1,0,0,0,0,223080102
311001002,43,2,10020015,1,0,0,0,0,223080102
311001002,44,2,20010014,1,0,0,0,0,223080102
311001002,45,2,20020013,1,0,0,0,0,223080102
311001002,46,2,30060009,1,0,0,0,0,223080102
311001002,47,2,30080009,1,0,0,0,0,223080102
311001002,48,2,20030013,1,0,0,0,0,223080102
311001002,49,2,20040013,1,0,0,0,0,223080102
311001002,50,2,40040009,1,0,0,0,0,223080102
311001002,51,2,40050009,1,0,0,0,0,223080102
311001002,52,2,30010010,1,0,0,0,0,223080102
311001002,53,2,30100009,1,0,0,0,0,223080102
311001101,1,2,10010017,1,0,0,1,0,223080303
311001102,1,2,10010013,1,0,0,0,0,223080303
311001102,2,2,10020013,1,0,0,0,0,223080303
311001102,3,2,10030013,1,0,0,0,0,223080303
311001102,4,2,10040013,1,0,0,0,0,223080303
311001102,5,2,10050013,1,0,0,0,0,223080303
311001102,6,2,10060013,1,0,0,0,0,223080303
311001102,7,2,10070013,1,0,0,0,0,223080303
311001102,8,2,10080013,1,0,0,0,0,223080303
311001102,9,2,10090013,1,0,0,0,0,223080303
311001102,10,2,20010011,1,0,0,0,0,223080303
311001102,11,2,20020011,1,0,0,0,0,223080303
311001102,12,2,20030011,1,0,0,0,0,223080303
311001102,13,2,20040011,1,0,0,0,0,223080303
311001102,14,2,20050011,1,0,0,0,0,223080303
311001102,15,2,20060011,1,0,0,0,0,223080303
311001102,16,2,20070011,1,0,0,0,0,223080303
311001102,17,2,20080011,1,0,0,0,0,223080303
311001102,18,2,20090011,1,0,0,0,0,223080303
311001102,19,2,30010007,1,0,0,0,0,223080303
311001102,20,2,30020007,1,0,0,0,0,223080303
311001102,21,2,30030007,1,0,0,0,0,223080303
311001102,22,2,30040007,1,0,0,0,0,223080303
311001102,23,2,30050007,1,0,0,0,0,223080303
311001102,24,2,30060007,1,0,0,0,0,223080303
311001102,25,2,30070007,1,0,0,0,0,223080303
311001102,26,2,30080007,1,0,0,0,0,223080303
311001102,27,2,30090007,1,0,0,0,0,223080303
311001102,28,2,30100007,1,0,0,0,0,223080303
311001102,29,2,30110007,1,0,0,0,0,223080303
311001102,30,2,30120007,1,0,0,0,0,223080303
311001102,31,2,40010007,1,0,0,0,0,223080303
311001102,32,2,40020007,1,0,0,0,0,223080303
311001102,33,2,40030007,1,0,0,0,0,223080303
311001102,34,2,40040007,1,0,0,0,0,223080303
311001102,35,2,40050007,1,0,0,0,0,223080303
311001102,36,2,40060007,1,0,0,0,0,223080303
311001102,37,2,40070007,1,0,0,0,0,223080303
311001102,38,2,40080007,1,0,0,0,0,223080303
311001102,39,2,40090007,1,0,0,0,0,223080303
311001102,40,2,40020009,1,0,0,0,0,223080303
311001102,41,2,40090009,1,0,0,0,0,223080303
311001102,42,2,10010016,1,0,0,0,0,223080303
311001102,43,2,10020015,1,0,0,0,0,223080303
311001102,44,2,20010014,1,0,0,0,0,223080303
311001102,45,2,20020013,1,0,0,0,0,223080303
311001102,46,2,30060009,1,0,0,0,0,223080303
311001102,47,2,30080009,1,0,0,0,0,223080303
311001102,48,2,20030013,1,0,0,0,0,223080303
311001102,49,2,20040013,1,0,0,0,0,223080303
311001102,50,2,40040009,1,0,0,0,0,223080303
311001102,51,2,40050009,1,0,0,0,0,223080303
311001102,52,2,30010010,1,0,0,0,0,223080303
311001102,53,2,30100009,1,0,0,0,0,223080303
311001201,1,2,40090010,1,0,0,1,0,223080701
311001202,1,2,10010013,1,0,0,0,0,223080701
311001202,2,2,10020013,1,0,0,0,0,223080701
311001202,3,2,10030013,1,0,0,0,0,223080701
311001202,4,2,10040013,1,0,0,0,0,223080701
311001202,5,2,10050013,1,0,0,0,0,223080701
311001202,6,2,10060013,1,0,0,0,0,223080701
311001202,7,2,10070013,1,0,0,0,0,223080701
311001202,8,2,10080013,1,0,0,0,0,223080701
311001202,9,2,10090013,1,0,0,0,0,223080701
311001202,10,2,20010011,1,0,0,0,0,223080701
311001202,11,2,20020011,1,0,0,0,0,223080701
311001202,12,2,20030011,1,0,0,0,0,223080701
311001202,13,2,20040011,1,0,0,0,0,223080701
311001202,14,2,20050011,1,0,0,0,0,223080701
311001202,15,2,20060011,1,0,0,0,0,223080701
311001202,16,2,20070011,1,0,0,0,0,223080701
311001202,17,2,20080011,1,0,0,0,0,223080701
311001202,18,2,20090011,1,0,0,0,0,223080701
311001202,19,2,30010007,1,0,0,0,0,223080701
311001202,20,2,30020007,1,0,0,0,0,223080701
311001202,21,2,30030007,1,0,0,0,0,223080701
311001202,22,2,30040007,1,0,0,0,0,223080701
311001202,23,2,30050007,1,0,0,0,0,223080701
311001202,24,2,30060007,1,0,0,0,0,223080701
311001202,25,2,30070007,1,0,0,0,0,223080701
311001202,26,2,30080007,1,0,0,0,0,223080701
311001202,27,2,30090007,1,0,0,0,0,223080701
311001202,28,2,30100007,1,0,0,0,0,223080701
311001202,29,2,30110007,1,0,0,0,0,223080701
311001202,30,2,30120007,1,0,0,0,0,223080701
311001202,31,2,40010007,1,0,0,0,0,223080701
311001202,32,2,40020007,1,0,0,0,0,223080701
311001202,33,2,40030007,1,0,0,0,0,223080701
311001202,34,2,40040007,1,0,0,0,0,223080701
311001202,35,2,40050007,1,0,0,0,0,223080701
311001202,36,2,40060007,1,0,0,0,0,223080701
311001202,37,2,40070007,1,0,0,0,0,223080701
311001202,38,2,40080007,1,0,0,0,0,223080701
311001202,39,2,40090007,1,0,0,0,0,223080701
311001202,40,2,40020009,1,0,0,0,0,223080701
311001202,41,2,40090009,1,0,0,0,0,223080701
311001202,42,2,10010016,1,0,0,0,0,223080701
311001202,43,2,10020015,1,0,0,0,0,223080701
311001202,44,2,20010014,1,0,0,0,0,223080701
311001202,45,2,20020013,1,0,0,0,0,223080701
311001202,46,2,30060009,1,0,0,0,0,223080701
311001202,47,2,30080009,1,0,0,0,0,223080701
311001202,48,2,20030013,1,0,0,0,0,223080701
311001202,49,2,20040013,1,0,0,0,0,223080701
311001202,50,2,40040009,1,0,0,0,0,223080701
311001202,51,2,40050009,1,0,0,0,0,223080701
311001202,52,2,30010010,1,0,0,0,0,223080701
311001202,53,2,30100009,1,0,0,0,0,223080701
311001301,1,2,30070009,1,0,0,1,0,223080801
311001302,1,2,10010013,1,0,0,0,0,223080801
311001302,2,2,10020013,1,0,0,0,0,223080801
311001302,3,2,10030013,1,0,0,0,0,223080801
311001302,4,2,10040013,1,0,0,0,0,223080801
311001302,5,2,10050013,1,0,0,0,0,223080801
311001302,6,2,10060013,1,0,0,0,0,223080801
311001302,7,2,10070013,1,0,0,0,0,223080801
311001302,8,2,10080013,1,0,0,0,0,223080801
311001302,9,2,10090013,1,0,0,0,0,223080801
311001302,10,2,20010011,1,0,0,0,0,223080801
311001302,11,2,20020011,1,0,0,0,0,223080801
311001302,12,2,20030011,1,0,0,0,0,223080801
311001302,13,2,20040011,1,0,0,0,0,223080801
311001302,14,2,20050011,1,0,0,0,0,223080801
311001302,15,2,20060011,1,0,0,0,0,223080801
311001302,16,2,20070011,1,0,0,0,0,223080801
311001302,17,2,20080011,1,0,0,0,0,223080801
311001302,18,2,20090011,1,0,0,0,0,223080801
311001302,19,2,30010007,1,0,0,0,0,223080801
311001302,20,2,30020007,1,0,0,0,0,223080801
311001302,21,2,30030007,1,0,0,0,0,223080801
311001302,22,2,30040007,1,0,0,0,0,223080801
311001302,23,2,30050007,1,0,0,0,0,223080801
311001302,24,2,30060007,1,0,0,0,0,223080801
311001302,25,2,30070007,1,0,0,0,0,223080801
311001302,26,2,30080007,1,0,0,0,0,223080801
311001302,27,2,30090007,1,0,0,0,0,223080801
311001302,28,2,30100007,1,0,0,0,0,223080801
311001302,29,2,30110007,1,0,0,0,0,223080801
311001302,30,2,30120007,1,0,0,0,0,223080801
311001302,31,2,40010007,1,0,0,0,0,223080801
311001302,32,2,40020007,1,0,0,0,0,223080801
311001302,33,2,40030007,1,0,0,0,0,223080801
311001302,34,2,40040007,1,0,0,0,0,223080801
311001302,35,2,40050007,1,0,0,0,0,223080801
311001302,36,2,40060007,1,0,0,0,0,223080801
311001302,37,2,40070007,1,0,0,0,0,223080801
311001302,38,2,40080007,1,0,0,0,0,223080801
311001302,39,2,40090007,1,0,0,0,0,223080801
311001302,40,2,40020009,1,0,0,0,0,223080801
311001302,41,2,40090009,1,0,0,0,0,223080801
311001302,42,2,10010016,1,0,0,0,0,223080801
311001302,43,2,10020015,1,0,0,0,0,223080801
311001302,44,2,20010014,1,0,0,0,0,223080801
311001302,45,2,20020013,1,0,0,0,0,223080801
311001302,46,2,30060009,1,0,0,0,0,223080801
311001302,47,2,30080009,1,0,0,0,0,223080801
311001302,48,2,20030013,1,0,0,0,0,223080801
311001302,49,2,20040013,1,0,0,0,0,223080801
311001302,50,2,40040009,1,0,0,0,0,223080801
311001302,51,2,40050009,1,0,0,0,0,223080801
311001302,52,2,30010010,1,0,0,0,0,223080801
311001302,53,2,30100009,1,0,0,0,0,223080801
311001401,1,2,10030017,1,0,0,1,0,223091201
311001402,1,2,10010013,1,0,0,0,0,223091201
311001402,2,2,10020013,1,0,0,0,0,223091201
311001402,3,2,10030013,1,0,0,0,0,223091201
311001402,4,2,10040013,1,0,0,0,0,223091201
311001402,5,2,10050013,1,0,0,0,0,223091201
311001402,6,2,10060013,1,0,0,0,0,223091201
311001402,7,2,10070013,1,0,0,0,0,223091201
311001402,8,2,10080013,1,0,0,0,0,223091201
311001402,9,2,10090013,1,0,0,0,0,223091201
311001402,10,2,20010011,1,0,0,0,0,223091201
311001402,11,2,20020011,1,0,0,0,0,223091201
311001402,12,2,20030011,1,0,0,0,0,223091201
311001402,13,2,20040011,1,0,0,0,0,223091201
311001402,14,2,20050011,1,0,0,0,0,223091201
311001402,15,2,20060011,1,0,0,0,0,223091201
311001402,16,2,20070011,1,0,0,0,0,223091201
311001402,17,2,20080011,1,0,0,0,0,223091201
311001402,18,2,20090011,1,0,0,0,0,223091201
311001402,19,2,30010007,1,0,0,0,0,223091201
311001402,20,2,30020007,1,0,0,0,0,223091201
311001402,21,2,30030007,1,0,0,0,0,223091201
311001402,22,2,30040007,1,0,0,0,0,223091201
311001402,23,2,30050007,1,0,0,0,0,223091201
311001402,24,2,30060007,1,0,0,0,0,223091201
311001402,25,2,30070007,1,0,0,0,0,223091201
311001402,26,2,30080007,1,0,0,0,0,223091201
311001402,27,2,30090007,1,0,0,0,0,223091201
311001402,28,2,30100007,1,0,0,0,0,223091201
311001402,29,2,30110007,1,0,0,0,0,223091201
311001402,30,2,30120007,1,0,0,0,0,223091201
311001402,31,2,40010007,1,0,0,0,0,223091201
311001402,32,2,40020007,1,0,0,0,0,223091201
311001402,33,2,40030007,1,0,0,0,0,223091201
311001402,34,2,40040007,1,0,0,0,0,223091201
311001402,35,2,40050007,1,0,0,0,0,223091201
311001402,36,2,40060007,1,0,0,0,0,223091201
311001402,37,2,40070007,1,0,0,0,0,223091201
311001402,38,2,40080007,1,0,0,0,0,223091201
311001402,39,2,40090007,1,0,0,0,0,223091201
311001402,40,2,40020009,1,0,0,0,0,223091201
311001402,41,2,40090009,1,0,0,0,0,223091201
311001402,42,2,10010016,1,0,0,0,0,223091201
311001402,43,2,10020015,1,0,0,0,0,223091201
311001402,44,2,20010014,1,0,0,0,0,223091201
311001402,45,2,20020013,1,0,0,0,0,223091201
311001402,46,2,30060009,1,0,0,0,0,223091201
311001402,47,2,30080009,1,0,0,0,0,223091201
311001402,48,2,20030013,1,0,0,0,0,223091201
311001402,49,2,20040013,1,0,0,0,0,223091201
311001402,50,2,40040009,1,0,0,0,0,223091201
311001402,51,2,40050009,1,0,0,0,0,223091201
311001402,52,2,30010010,1,0,0,0,0,223091201
311001402,53,2,30100009,1,0,0,0,0,223091201
311001402,54,2,10030016,1,0,0,0,0,223091201
311001402,55,2,10050015,1,0,0,0,0,223091201
311001402,56,2,40070010,1,0,0,0,0,223091201
311001402,57,2,40080010,1,0,0,0,0,223091201
311001501,1,2,20020014,1,0,0,1,0,223091901
311001502,1,2,10010013,1,0,0,0,0,223091901
311001502,2,2,10020013,1,0,0,0,0,223091901
311001502,3,2,10030013,1,0,0,0,0,223091901
311001502,4,2,10040013,1,0,0,0,0,223091901
311001502,5,2,10050013,1,0,0,0,0,223091901
311001502,6,2,10060013,1,0,0,0,0,223091901
311001502,7,2,10070013,1,0,0,0,0,223091901
311001502,8,2,10080013,1,0,0,0,0,223091901
311001502,9,2,10090013,1,0,0,0,0,223091901
311001502,10,2,20010011,1,0,0,0,0,223091901
311001502,11,2,20020011,1,0,0,0,0,223091901
311001502,12,2,20030011,1,0,0,0,0,223091901
311001502,13,2,20040011,1,0,0,0,0,223091901
311001502,14,2,20050011,1,0,0,0,0,223091901
311001502,15,2,20060011,1,0,0,0,0,223091901
311001502,16,2,20070011,1,0,0,0,0,223091901
311001502,17,2,20080011,1,0,0,0,0,223091901
311001502,18,2,20090011,1,0,0,0,0,223091901
311001502,19,2,30010007,1,0,0,0,0,223091901
311001502,20,2,30020007,1,0,0,0,0,223091901
311001502,21,2,30030007,1,0,0,0,0,223091901
311001502,22,2,30040007,1,0,0,0,0,223091901
311001502,23,2,30050007,1,0,0,0,0,223091901
311001502,24,2,30060007,1,0,0,0,0,223091901
311001502,25,2,30070007,1,0,0,0,0,223091901
311001502,26,2,30080007,1,0,0,0,0,223091901
311001502,27,2,30090007,1,0,0,0,0,223091901
311001502,28,2,30100007,1,0,0,0,0,223091901
311001502,29,2,30110007,1,0,0,0,0,223091901
311001502,30,2,30120007,1,0,0,0,0,223091901
311001502,31,2,40010007,1,0,0,0,0,223091901
311001502,32,2,40020007,1,0,0,0,0,223091901
311001502,33,2,40030007,1,0,0,0,0,223091901
311001502,34,2,40040007,1,0,0,0,0,223091901
311001502,35,2,40050007,1,0,0,0,0,223091901
311001502,36,2,40060007,1,0,0,0,0,223091901
311001502,37,2,40070007,1,0,0,0,0,223091901
311001502,38,2,40080007,1,0,0,0,0,223091901
311001502,39,2,40090007,1,0,0,0,0,223091901
311001502,40,2,40020009,1,0,0,0,0,223091901
311001502,41,2,40090009,1,0,0,0,0,223091901
311001502,42,2,10010016,1,0,0,0,0,223091901
311001502,43,2,10020015,1,0,0,0,0,223091901
311001502,44,2,20010014,1,0,0,0,0,223091901
311001502,45,2,20020013,1,0,0,0,0,223091901
311001502,46,2,30060009,1,0,0,0,0,223091901
311001502,47,2,30080009,1,0,0,0,0,223091901
311001502,48,2,20030013,1,0,0,0,0,223091901
311001502,49,2,20040013,1,0,0,0,0,223091901
311001502,50,2,40040009,1,0,0,0,0,223091901
311001502,51,2,40050009,1,0,0,0,0,223091901
311001502,52,2,30010010,1,0,0,0,0,223091901
311001502,53,2,30100009,1,0,0,0,0,223091901
311001502,54,2,10030016,1,0,0,0,0,223091901
311001502,55,2,10050015,1,0,0,0,0,223091901
311001502,56,2,40070010,1,0,0,0,0,223091901
311001502,57,2,40080010,1,0,0,0,0,223091901
311001502,58,2,20060015,1,0,0,0,0,223091901
311001502,59,2,20080014,1,0,0,0,0,223091901
311001601,1,2,20090014,1,0,0,1,0,223092101
311001602,1,2,10010013,1,0,0,0,0,223092101
311001602,2,2,10020013,1,0,0,0,0,223092101
311001602,3,2,10030013,1,0,0,0,0,223092101
311001602,4,2,10040013,1,0,0,0,0,223092101
311001602,5,2,10050013,1,0,0,0,0,223092101
311001602,6,2,10060013,1,0,0,0,0,223092101
311001602,7,2,10070013,1,0,0,0,0,223092101
311001602,8,2,10080013,1,0,0,0,0,223092101
311001602,9,2,10090013,1,0,0,0,0,223092101
311001602,10,2,20010011,1,0,0,0,0,223092101
311001602,11,2,20020011,1,0,0,0,0,223092101
311001602,12,2,20030011,1,0,0,0,0,223092101
311001602,13,2,20040011,1,0,0,0,0,223092101
311001602,14,2,20050011,1,0,0,0,0,223092101
311001602,15,2,20060011,1,0,0,0,0,223092101
311001602,16,2,20070011,1,0,0,0,0,223092101
311001602,17,2,20080011,1,0,0,0,0,223092101
311001602,18,2,20090011,1,0,0,0,0,223092101
311001602,19,2,30010007,1,0,0,0,0,223092101
311001602,20,2,30020007,1,0,0,0,0,223092101
311001602,21,2,30030007,1,0,0,0,0,223092101
311001602,22,2,30040007,1,0,0,0,0,223092101
311001602,23,2,30050007,1,0,0,0,0,223092101
311001602,24,2,30060007,1,0,0,0,0,223092101
311001602,25,2,30070007,1,0,0,0,0,223092101
311001602,26,2,30080007,1,0,0,0,0,223092101
311001602,27,2,30090007,1,0,0,0,0,223092101
311001602,28,2,30100007,1,0,0,0,0,223092101
311001602,29,2,30110007,1,0,0,0,0,223092101
311001602,30,2,30120007,1,0,0,0,0,223092101
311001602,31,2,40010007,1,0,0,0,0,223092101
311001602,32,2,40020007,1,0,0,0,0,223092101
311001602,33,2,40030007,1,0,0,0,0,223092101
311001602,34,2,40040007,1,0,0,0,0,223092101
311001602,35,2,40050007,1,0,0,0,0,223092101
311001602,36,2,40060007,1,0,0,0,0,223092101
311001602,37,2,40070007,1,0,0,0,0,223092101
311001602,38,2,40080007,1,0,0,0,0,223092101
311001602,39,2,40090007,1,0,0,0,0,223092101
311001602,40,2,40020009,1,0,0,0,0,223092101
311001602,41,2,40090009,1,0,0,0,0,223092101
311001602,42,2,10010016,1,0,0,0,0,223092101
311001602,43,2,10020015,1,0,0,0,0,223092101
311001602,44,2,20010014,1,0,0,0,0,223092101
311001602,45,2,20020013,1,0,0,0,0,223092101
311001602,46,2,30060009,1,0,0,0,0,223092101
311001602,47,2,30080009,1,0,0,0,0,223092101
311001602,48,2,20030013,1,0,0,0,0,223092101
311001602,49,2,20040013,1,0,0,0,0,223092101
311001602,50,2,40040009,1,0,0,0,0,223092101
311001602,51,2,40050009,1,0,0,0,0,223092101
311001602,52,2,30010010,1,0,0,0,0,223092101
311001602,53,2,30100009,1,0,0,0,0,223092101
311001602,54,2,10030016,1,0,0,0,0,223092101
311001602,55,2,10050015,1,0,0,0,0,223092101
311001602,56,2,40070010,1,0,0,0,0,223092101
311001602,57,2,40080010,1,0,0,0,0,223092101
311001602,58,2,20060015,1,0,0,0,0,223092101
311001602,59,2,20080014,1,0,0,0,0,223092101
311001701,1,2,40040010,1,0,0,1,0,223092801
311001702,1,2,10010013,1,0,0,0,0,223092801
311001702,2,2,10020013,1,0,0,0,0,223092801
311001702,3,2,10030013,1,0,0,0,0,223092801
311001702,4,2,10040013,1,0,0,0,0,223092801
311001702,5,2,10050013,1,0,0,0,0,223092801
311001702,6,2,10060013,1,0,0,0,0,223092801
311001702,7,2,10070013,1,0,0,0,0,223092801
311001702,8,2,10080013,1,0,0,0,0,223092801
311001702,9,2,10090013,1,0,0,0,0,223092801
311001702,10,2,20010011,1,0,0,0,0,223092801
311001702,11,2,20020011,1,0,0,0,0,223092801
311001702,12,2,20030011,1,0,0,0,0,223092801
311001702,13,2,20040011,1,0,0,0,0,223092801
311001702,14,2,20050011,1,0,0,0,0,223092801
311001702,15,2,20060011,1,0,0,0,0,223092801
311001702,16,2,20070011,1,0,0,0,0,223092801
311001702,17,2,20080011,1,0,0,0,0,223092801
311001702,18,2,20090011,1,0,0,0,0,223092801
311001702,19,2,30010007,1,0,0,0,0,223092801
311001702,20,2,30020007,1,0,0,0,0,223092801
311001702,21,2,30030007,1,0,0,0,0,223092801
311001702,22,2,30040007,1,0,0,0,0,223092801
311001702,23,2,30050007,1,0,0,0,0,223092801
311001702,24,2,30060007,1,0,0,0,0,223092801
311001702,25,2,30070007,1,0,0,0,0,223092801
311001702,26,2,30080007,1,0,0,0,0,223092801
311001702,27,2,30090007,1,0,0,0,0,223092801
311001702,28,2,30100007,1,0,0,0,0,223092801
311001702,29,2,30110007,1,0,0,0,0,223092801
311001702,30,2,30120007,1,0,0,0,0,223092801
311001702,31,2,40010007,1,0,0,0,0,223092801
311001702,32,2,40020007,1,0,0,0,0,223092801
311001702,33,2,40030007,1,0,0,0,0,223092801
311001702,34,2,40040007,1,0,0,0,0,223092801
311001702,35,2,40050007,1,0,0,0,0,223092801
311001702,36,2,40060007,1,0,0,0,0,223092801
311001702,37,2,40070007,1,0,0,0,0,223092801
311001702,38,2,40080007,1,0,0,0,0,223092801
311001702,39,2,40090007,1,0,0,0,0,223092801
311001702,40,2,40020009,1,0,0,0,0,223092801
311001702,41,2,40090009,1,0,0,0,0,223092801
311001702,42,2,10010016,1,0,0,0,0,223092801
311001702,43,2,10020015,1,0,0,0,0,223092801
311001702,44,2,20010014,1,0,0,0,0,223092801
311001702,45,2,20020013,1,0,0,0,0,223092801
311001702,46,2,30060009,1,0,0,0,0,223092801
311001702,47,2,30080009,1,0,0,0,0,223092801
311001702,48,2,20030013,1,0,0,0,0,223092801
311001702,49,2,20040013,1,0,0,0,0,223092801
311001702,50,2,40040009,1,0,0,0,0,223092801
311001702,51,2,40050009,1,0,0,0,0,223092801
311001702,52,2,30010010,1,0,0,0,0,223092801
311001702,53,2,30100009,1,0,0,0,0,223092801
311001702,54,2,10030016,1,0,0,0,0,223092801
311001702,55,2,10050015,1,0,0,0,0,223092801
311001702,56,2,40070010,1,0,0,0,0,223092801
311001702,57,2,40080010,1,0,0,0,0,223092801
311001702,58,2,20060015,1,0,0,0,0,223092801
311001702,59,2,20080014,1,0,0,0,0,223092801
311001801,1,2,30100010,1,0,0,1,0,223100502
311001802,1,2,30010007,1,0,0,0,0,223100502
311001802,2,2,30020007,1,0,0,0,0,223100502
311001802,3,2,30030007,1,0,0,0,0,223100502
311001802,4,2,30040007,1,0,0,0,0,223100502
311001802,5,2,30050007,1,0,0,0,0,223100502
311001802,6,2,30060007,1,0,0,0,0,223100502
311001802,7,2,30070007,1,0,0,0,0,223100502
311001802,8,2,30080007,1,0,0,0,0,223100502
311001802,9,2,30090007,1,0,0,0,0,223100502
311001802,10,2,30100007,1,0,0,0,0,223100502
311001802,11,2,30110007,1,0,0,0,0,223100502
311001802,12,2,30120007,1,0,0,0,0,223100502
311001802,13,2,30060009,1,0,0,0,0,223100502
311001802,14,2,30080009,1,0,0,0,0,223100502
311001802,15,2,30010010,1,0,0,0,0,223100502
311001802,16,2,30100009,1,0,0,0,0,223100502
311001901,1,2,10020017,1,0,0,1,0,223102101
311001902,1,2,10010013,1,0,0,0,0,223102101
311001902,2,2,10020013,1,0,0,0,0,223102101
311001902,3,2,10030013,1,0,0,0,0,223102101
311001902,4,2,10040013,1,0,0,0,0,223102101
311001902,5,2,10050013,1,0,0,0,0,223102101
311001902,6,2,10060013,1,0,0,0,0,223102101
311001902,7,2,10070013,1,0,0,0,0,223102101
311001902,8,2,10080013,1,0,0,0,0,223102101
311001902,9,2,10090013,1,0,0,0,0,223102101
311001902,10,2,10010016,1,0,0,0,0,223102101
311001902,11,2,10020015,1,0,0,0,0,223102101
311001902,12,2,10030016,1,0,0,0,0,223102101
311001902,13,2,10050015,1,0,0,0,0,223102101
311001902,14,2,10060015,1,0,0,0,0,223102101
311001902,15,2,10070017,1,0,0,0,0,223102101
311002001,1,2,40070011,1,0,0,1,0,223102901
311002002,1,2,40010007,1,0,0,0,0,223102901
311002002,2,2,40020007,1,0,0,0,0,223102901
311002002,3,2,40030007,1,0,0,0,0,223102901
311002002,4,2,40040007,1,0,0,0,0,223102901
311002002,5,2,40050007,1,0,0,0,0,223102901
311002002,6,2,40060007,1,0,0,0,0,223102901
311002002,7,2,40070007,1,0,0,0,0,223102901
311002002,8,2,40080007,1,0,0,0,0,223102901
311002002,9,2,40090007,1,0,0,0,0,223102901
311002002,10,2,40020009,1,0,0,0,0,223102901
311002002,11,2,40090009,1,0,0,0,0,223102901
311002002,12,2,40040009,1,0,0,0,0,223102901
311002002,13,2,40050009,1,0,0,0,0,223102901
311002002,14,2,40070010,1,0,0,0,0,223102901
311002002,15,2,40080010,1,0,0,0,0,223102901
311002101,1,2,10050016,1,0,0,1,0,223110101
311002102,1,2,10010013,1,0,0,0,0,223110101
311002102,2,2,10020013,1,0,0,0,0,223110101
311002102,3,2,10030013,1,0,0,0,0,223110101
311002102,4,2,10040013,1,0,0,0,0,223110101
311002102,5,2,10050013,1,0,0,0,0,223110101
311002102,6,2,10060013,1,0,0,0,0,223110101
311002102,7,2,10070013,1,0,0,0,0,223110101
311002102,8,2,10080013,1,0,0,0,0,223110101
311002102,9,2,10090013,1,0,0,0,0,223110101
311002102,10,2,10010016,1,0,0,0,0,223110101
311002102,11,2,10020015,1,0,0,0,0,223110101
311002102,12,2,10030016,1,0,0,0,0,223110101
311002102,13,2,10050015,1,0,0,0,0,223110101
311002102,14,2,10060015,1,0,0,0,0,223110101
311002102,15,2,10070017,1,0,0,0,0,223110101
311002201,1,2,30090012,1,0,0,1,0,223111301
311002202,1,2,30010007,1,0,0,0,0,223111301
311002202,2,2,30020007,1,0,0,0,0,223111301
311002202,3,2,30030007,1,0,0,0,0,223111301
311002202,4,2,30040007,1,0,0,0,0,223111301
311002202,5,2,30050007,1,0,0,0,0,223111301
311002202,6,2,30060007,1,0,0,0,0,223111301
311002202,7,2,30070007,1,0,0,0,0,223111301
311002202,8,2,30080007,1,0,0,0,0,223111301
311002202,9,2,30090007,1,0,0,0,0,223111301
311002202,10,2,30100007,1,0,0,0,0,223111301
311002202,11,2,30110007,1,0,0,0,0,223111301
311002202,12,2,30120007,1,0,0,0,0,223111301
311002202,13,2,30060009,1,0,0,0,0,223111301
311002202,14,2,30080009,1,0,0,0,0,223111301
311002202,15,2,30010010,1,0,0,0,0,223111301
311002202,16,2,30100009,1,0,0,0,0,223111301
311002202,17,2,30110010,1,0,0,0,0,223111301
311002202,18,2,30120010,1,0,0,0,0,223111301
311002301,1,2,40050011,1,0,0,1,0,223112401
311002302,1,2,40010007,1,0,0,0,0,223112401
311002302,2,2,40020007,1,0,0,0,0,223112401
311002302,3,2,40030007,1,0,0,0,0,223112401
311002302,4,2,40040007,1,0,0,0,0,223112401
311002302,5,2,40050007,1,0,0,0,0,223112401
311002302,6,2,40060007,1,0,0,0,0,223112401
311002302,7,2,40070007,1,0,0,0,0,223112401
311002302,8,2,40080007,1,0,0,0,0,223112401
311002302,9,2,40090007,1,0,0,0,0,223112401
311002302,10,2,40020009,1,0,0,0,0,223112401
311002302,11,2,40090009,1,0,0,0,0,223112401
311002302,12,2,40040009,1,0,0,0,0,223112401
311002302,13,2,40050009,1,0,0,0,0,223112401
311002302,14,2,40070010,1,0,0,0,0,223112401
311002302,15,2,40080010,1,0,0,0,0,223112401
311002302,16,2,40030012,1,0,0,0,0,223112401
311002302,17,2,40060011,1,0,0,0,0,223112401
311002401,1,2,30110013,1,0,0,1,0,223120601
311002402,1,2,30010007,1,0,0,0,0,223120601
311002402,2,2,30020007,1,0,0,0,0,223120601
311002402,3,2,30030007,1,0,0,0,0,223120601
311002402,4,2,30040007,1,0,0,0,0,223120601
311002402,5,2,30050007,1,0,0,0,0,223120601
311002402,6,2,30060007,1,0,0,0,0,223120601
311002402,7,2,30070007,1,0,0,0,0,223120601
311002402,8,2,30080007,1,0,0,0,0,223120601
311002402,9,2,30090007,1,0,0,0,0,223120601
311002402,10,2,30100007,1,0,0,0,0,223120601
311002402,11,2,30110007,1,0,0,0,0,223120601
311002402,12,2,30120007,1,0,0,0,0,223120601
311002402,13,2,30060009,1,0,0,0,0,223120601
311002402,14,2,30080009,1,0,0,0,0,223120601
311002402,15,2,30010010,1,0,0,0,0,223120601
311002402,16,2,30100009,1,0,0,0,0,223120601
311002402,17,2,30110010,1,0,0,0,0,223120601
311002402,18,2,30120010,1,0,0,0,0,223120601
311002402,19,2,30050013,1,0,0,0,0,223120601
311002402,20,2,30070013,1,0,0,0,0,223120601
311002501,1,2,30060013,1,0,0,1,0,223121601
311002502,1,2,30010007,1,0,0,0,0,223121601
311002502,2,2,30020007,1,0,0,0,0,223121601
311002502,3,2,30030007,1,0,0,0,0,223121601
311002502,4,2,30040007,1,0,0,0,0,223121601
311002502,5,2,30050007,1,0,0,0,0,223121601
311002502,6,2,30060007,1,0,0,0,0,223121601
311002502,7,2,30070007,1,0,0,0,0,223121601
311002502,8,2,30080007,1,0,0,0,0,223121601
311002502,9,2,30090007,1,0,0,0,0,223121601
311002502,10,2,30100007,1,0,0,0,0,223121601
311002502,11,2,30110007,1,0,0,0,0,223121601
311002502,12,2,30120007,1,0,0,0,0,223121601
311002502,13,2,30060009,1,0,0,0,0,223121601
311002502,14,2,30080009,1,0,0,0,0,223121601
311002502,15,2,30010010,1,0,0,0,0,223121601
311002502,16,2,30100009,1,0,0,0,0,223121601
311002502,17,2,30110010,1,0,0,0,0,223121601
311002502,18,2,30120010,1,0,0,0,0,223121601
311002502,19,2,30050013,1,0,0,0,0,223121601
311002502,20,2,30070013,1,0,0,0,0,223121601
311002601,1,2,40110002,1,0,0,1,0,223122801
311002602,1,2,40010007,1,0,0,0,0,223122801
311002602,2,2,40020007,1,0,0,0,0,223122801
311002602,3,2,40030007,1,0,0,0,0,223122801
311002602,4,2,40040007,1,0,0,0,0,223122801
311002602,5,2,40050007,1,0,0,0,0,223122801
311002602,6,2,40060007,1,0,0,0,0,223122801
311002602,7,2,40070007,1,0,0,0,0,223122801
311002602,8,2,40080007,1,0,0,0,0,223122801
311002602,9,2,40090007,1,0,0,0,0,223122801
311002602,10,2,40020009,1,0,0,0,0,223122801
311002602,11,2,40090009,1,0,0,0,0,223122801
311002602,12,2,40040009,1,0,0,0,0,223122801
311002602,13,2,40050009,1,0,0,0,0,223122801
311002602,14,2,40070010,1,0,0,0,0,223122801
311002602,15,2,40080010,1,0,0,0,0,223122801
311002602,16,2,40030012,1,0,0,0,0,223122801
311002602,17,2,40060011,1,0,0,0,0,223122801
311002701,1,2,20040016,1,0,0,1,0,224010103
311002702,1,2,20010011,1,0,0,0,0,224010103
311002702,2,2,20020011,1,0,0,0,0,224010103
311002702,3,2,20030011,1,0,0,0,0,224010103
311002702,4,2,20040011,1,0,0,0,0,224010103
311002702,5,2,20050011,1,0,0,0,0,224010103
311002702,6,2,20060011,1,0,0,0,0,224010103
311002702,7,2,20070011,1,0,0,0,0,224010103
311002702,8,2,20080011,1,0,0,0,0,224010103
311002702,9,2,20090011,1,0,0,0,0,224010103
311002702,10,2,20010014,1,0,0,0,0,224010103
311002702,11,2,20020013,1,0,0,0,0,224010103
311002702,12,2,20030013,1,0,0,0,0,224010103
311002702,13,2,20040013,1,0,0,0,0,224010103
311002702,14,2,20060015,1,0,0,0,0,224010103
311002702,15,2,20080014,1,0,0,0,0,224010103
311002702,16,2,20040015,1,0,0,0,0,224010103
311002702,17,2,20070015,1,0,0,0,0,224010103
311002801,1,2,10080017,1,0,0,1,0,224011702
311002802,1,2,10010013,1,0,0,0,0,224011702
311002802,2,2,10020013,1,0,0,0,0,224011702
311002802,3,2,10030013,1,0,0,0,0,224011702
311002802,4,2,10040013,1,0,0,0,0,224011702
311002802,5,2,10050013,1,0,0,0,0,224011702
311002802,6,2,10060013,1,0,0,0,0,224011702
311002802,7,2,10070013,1,0,0,0,0,224011702
311002802,8,2,10080013,1,0,0,0,0,224011702
311002802,9,2,10090013,1,0,0,0,0,224011702
311002802,10,2,10010016,1,0,0,0,0,224011702
311002802,11,2,10020015,1,0,0,0,0,224011702
311002802,12,2,10030016,1,0,0,0,0,224011702
311002802,13,2,10050015,1,0,0,0,0,224011702
311002802,14,2,10060015,1,0,0,0,0,224011702
311002802,15,2,10070017,1,0,0,0,0,224011702
311002802,16,2,10040019,1,0,0,0,0,224011702
311002802,17,2,10090018,1,0,0,0,0,224011702
311002901,1,2,40100002,1,0,0,1,0,224012002
311002902,1,2,40010007,1,0,0,0,0,224012002
311002902,2,2,40020007,1,0,0,0,0,224012002
311002902,3,2,40030007,1,0,0,0,0,224012002
311002902,4,2,40040007,1,0,0,0,0,224012002
311002902,5,2,40050007,1,0,0,0,0,224012002
311002902,6,2,40060007,1,0,0,0,0,224012002
311002902,7,2,40070007,1,0,0,0,0,224012002
311002902,8,2,40080007,1,0,0,0,0,224012002
311002902,9,2,40090007,1,0,0,0,0,224012002
311002902,10,2,40020009,1,0,0,0,0,224012002
311002902,11,2,40090009,1,0,0,0,0,224012002
311002902,12,2,40040009,1,0,0,0,0,224012002
311002902,13,2,40050009,1,0,0,0,0,224012002
311002902,14,2,40070010,1,0,0,0,0,224012002
311002902,15,2,40080010,1,0,0,0,0,224012002
311002902,16,2,40030012,1,0,0,0,0,224012002
311002902,17,2,40060011,1,0,0,0,0,224012002
311002902,18,2,40010014,1,0,0,0,0,224012002
311002902,19,2,40020012,1,0,0,0,0,224012002
311003001,1,2,30020014,1,0,0,1,0,224012302
311003002,1,2,30010007,1,0,0,0,0,224012302
311003002,2,2,30020007,1,0,0,0,0,224012302
311003002,3,2,30030007,1,0,0,0,0,224012302
311003002,4,2,30040007,1,0,0,0,0,224012302
311003002,5,2,30050007,1,0,0,0,0,224012302
311003002,6,2,30060007,1,0,0,0,0,224012302
311003002,7,2,30070007,1,0,0,0,0,224012302
311003002,8,2,30080007,1,0,0,0,0,224012302
311003002,9,2,30090007,1,0,0,0,0,224012302
311003002,10,2,30100007,1,0,0,0,0,224012302
311003002,11,2,30110007,1,0,0,0,0,224012302
311003002,12,2,30120007,1,0,0,0,0,224012302
311003002,13,2,30060009,1,0,0,0,0,224012302
311003002,14,2,30080009,1,0,0,0,0,224012302
311003002,15,2,30010010,1,0,0,0,0,224012302
311003002,16,2,30100009,1,0,0,0,0,224012302
311003002,17,2,30110010,1,0,0,0,0,224012302
311003002,18,2,30120010,1,0,0,0,0,224012302
311003002,19,2,30050013,1,0,0,0,0,224012302
311003002,20,2,30070013,1,0,0,0,0,224012302
311003101,1,2,30080014,1,0,0,1,0,224020502
311003102,1,2,30010007,1,0,0,0,0,224020502
311003102,2,2,30020007,1,0,0,0,0,224020502
311003102,3,2,30030007,1,0,0,0,0,224020502
311003102,4,2,30040007,1,0,0,0,0,224020502
311003102,5,2,30050007,1,0,0,0,0,224020502
311003102,6,2,30060007,1,0,0,0,0,224020502
311003102,7,2,30070007,1,0,0,0,0,224020502
311003102,8,2,30080007,1,0,0,0,0,224020502
311003102,9,2,30090007,1,0,0,0,0,224020502
311003102,10,2,30100007,1,0,0,0,0,224020502
311003102,11,2,30110007,1,0,0,0,0,224020502
311003102,12,2,30120007,1,0,0,0,0,224020502
311003102,13,2,30060009,1,0,0,0,0,224020502
311003102,14,2,30080009,1,0,0,0,0,224020502
311003102,15,2,30010010,1,0,0,0,0,224020502
311003102,16,2,30100009,1,0,0,0,0,224020502
311003102,17,2,30110010,1,0,0,0,0,224020502
311003102,18,2,30120010,1,0,0,0,0,224020502
311003102,19,2,30050013,1,0,0,0,0,224020502
311003102,20,2,30070013,1,0,0,0,0,224020502
311003201,1,2,20030016,1,0,0,1,0,224021004
311003202,1,2,20010011,1,0,0,0,0,224021004
311003202,2,2,20020011,1,0,0,0,0,224021004
311003202,3,2,20030011,1,0,0,0,0,224021004
311003202,4,2,20040011,1,0,0,0,0,224021004
311003202,5,2,20050011,1,0,0,0,0,224021004
311003202,6,2,20060011,1,0,0,0,0,224021004
311003202,7,2,20070011,1,0,0,0,0,224021004
311003202,8,2,20080011,1,0,0,0,0,224021004
311003202,9,2,20090011,1,0,0,0,0,224021004
311003202,10,2,20010014,1,0,0,0,0,224021004
311003202,11,2,20020013,1,0,0,0,0,224021004
311003202,12,2,20030013,1,0,0,0,0,224021004
311003202,13,2,20040013,1,0,0,0,0,224021004
311003202,14,2,20060015,1,0,0,0,0,224021004
311003202,15,2,20080014,1,0,0,0,0,224021004
311003202,16,2,20040015,1,0,0,0,0,224021004
311003202,17,2,20070015,1,0,0,0,0,224021004
311003202,18,2,20050017,1,0,0,0,0,224021004
311003202,19,2,20090016,1,0,0,0,0,224021004
311003301,1,2,30120014,1,0,0,1,0,224021502
311003302,1,2,30010007,1,0,0,0,0,224021502
311003302,2,2,30020007,1,0,0,0,0,224021502
311003302,3,2,30030007,1,0,0,0,0,224021502
311003302,4,2,30040007,1,0,0,0,0,224021502
311003302,5,2,30050007,1,0,0,0,0,224021502
311003302,6,2,30060007,1,0,0,0,0,224021502
311003302,7,2,30070007,1,0,0,0,0,224021502
311003302,8,2,30080007,1,0,0,0,0,224021502
311003302,9,2,30090007,1,0,0,0,0,224021502
311003302,10,2,30100007,1,0,0,0,0,224021502
311003302,11,2,30110007,1,0,0,0,0,224021502
311003302,12,2,30120007,1,0,0,0,0,224021502
311003302,13,2,30060009,1,0,0,0,0,224021502
311003302,14,2,30080009,1,0,0,0,0,224021502
311003302,15,2,30010010,1,0,0,0,0,224021502
311003302,16,2,30100009,1,0,0,0,0,224021502
311003302,17,2,30110010,1,0,0,0,0,224021502
311003302,18,2,30120010,1,0,0,0,0,224021502
311003302,19,2,30050013,1,0,0,0,0,224021502
311003302,20,2,30070013,1,0,0,0,0,224021502
311003302,21,2,30030014,1,0,0,0,0,224021502
311003302,22,2,30040014,1,0,0,0,0,224021502
311003401,1,2,40030014,1,0,0,1,0,224022502
311003402,1,2,40010007,1,0,0,0,0,224022502
311003402,2,2,40020007,1,0,0,0,0,224022502
311003402,3,2,40030007,1,0,0,0,0,224022502
311003402,4,2,40040007,1,0,0,0,0,224022502
311003402,5,2,40050007,1,0,0,0,0,224022502
311003402,6,2,40060007,1,0,0,0,0,224022502
311003402,7,2,40070007,1,0,0,0,0,224022502
311003402,8,2,40080007,1,0,0,0,0,224022502
311003402,9,2,40090007,1,0,0,0,0,224022502
311003402,10,2,40020009,1,0,0,0,0,224022502
311003402,11,2,40090009,1,0,0,0,0,224022502
311003402,12,2,40040009,1,0,0,0,0,224022502
311003402,13,2,40050009,1,0,0,0,0,224022502
311003402,14,2,40070010,1,0,0,0,0,224022502
311003402,15,2,40080010,1,0,0,0,0,224022502
311003402,16,2,40030012,1,0,0,0,0,224022502
311003402,17,2,40060011,1,0,0,0,0,224022502
311003402,18,2,40010014,1,0,0,0,0,224022502
311003402,19,2,40020012,1,0,0,0,0,224022502
311003501,1,2,30010018,1,0,0,1,0,224030107
311003502,1,2,30010007,1,0,0,0,0,224030107
311003502,2,2,30020007,1,0,0,0,0,224030107
311003502,3,2,30030007,1,0,0,0,0,224030107
311003502,4,2,30040007,1,0,0,0,0,224030107
311003502,5,2,30050007,1,0,0,0,0,224030107
311003502,6,2,30060007,1,0,0,0,0,224030107
311003502,7,2,30070007,1,0,0,0,0,224030107
311003502,8,2,30080007,1,0,0,0,0,224030107
311003502,9,2,30090007,1,0,0,0,0,224030107
311003502,10,2,30100007,1,0,0,0,0,224030107
311003502,11,2,30110007,1,0,0,0,0,224030107
311003502,12,2,30120007,1,0,0,0,0,224030107
311003502,13,2,30060009,1,0,0,0,0,224030107
311003502,14,2,30080009,1,0,0,0,0,224030107
311003502,15,2,30010010,1,0,0,0,0,224030107
311003502,16,2,30100009,1,0,0,0,0,224030107
311003502,17,2,30110010,1,0,0,0,0,224030107
311003502,18,2,30120010,1,0,0,0,0,224030107
311003502,19,2,30050013,1,0,0,0,0,224030107
311003502,20,2,30070013,1,0,0,0,0,224030107
311003502,21,2,30030014,1,0,0,0,0,224030107
311003502,22,2,30040014,1,0,0,0,0,224030107
311003601,1,2,20070016,1,0,0,1,0,224030402
311003602,1,2,20010011,1,0,0,0,0,224030402
311003602,2,2,20020011,1,0,0,0,0,224030402
311003602,3,2,20030011,1,0,0,0,0,224030402
311003602,4,2,20040011,1,0,0,0,0,224030402
311003602,5,2,20050011,1,0,0,0,0,224030402
311003602,6,2,20060011,1,0,0,0,0,224030402
311003602,7,2,20070011,1,0,0,0,0,224030402
311003602,8,2,20080011,1,0,0,0,0,224030402
311003602,9,2,20090011,1,0,0,0,0,224030402
311003602,10,2,20010014,1,0,0,0,0,224030402
311003602,11,2,20020013,1,0,0,0,0,224030402
311003602,12,2,20030013,1,0,0,0,0,224030402
311003602,13,2,20040013,1,0,0,0,0,224030402
311003602,14,2,20060015,1,0,0,0,0,224030402
311003602,15,2,20080014,1,0,0,0,0,224030402
311003602,16,2,20040015,1,0,0,0,0,224030402
311003602,17,2,20070015,1,0,0,0,0,224030402
311003602,18,2,20050017,1,0,0,0,0,224030402
311003602,19,2,20090016,1,0,0,0,0,224030402
311003602,20,2,20020016,1,0,0,0,0,224030402
311003602,21,2,20060016,1,0,0,0,0,224030402
311003701,1,2,10040020,1,0,0,1,0,224031502
311003702,1,2,10010013,1,0,0,0,0,224031502
311003702,2,2,10020013,1,0,0,0,0,224031502
311003702,3,2,10030013,1,0,0,0,0,224031502
311003702,4,2,10040013,1,0,0,0,0,224031502
311003702,5,2,10050013,1,0,0,0,0,224031502
311003702,6,2,10060013,1,0,0,0,0,224031502
311003702,7,2,10070013,1,0,0,0,0,224031502
311003702,8,2,10080013,1,0,0,0,0,224031502
311003702,9,2,10090013,1,0,0,0,0,224031502
311003702,10,2,10010016,1,0,0,0,0,224031502
311003702,11,2,10020015,1,0,0,0,0,224031502
311003702,12,2,10030016,1,0,0,0,0,224031502
311003702,13,2,10050015,1,0,0,0,0,224031502
311003702,14,2,10060015,1,0,0,0,0,224031502
311003702,15,2,10070017,1,0,0,0,0,224031502
311003702,16,2,10040019,1,0,0,0,0,224031502
311003702,17,2,10090018,1,0,0,0,0,224031502
311003702,18,2,10030018,1,0,0,0,0,224031502
311003702,19,2,10060017,1,0,0,0,0,224031502
411000101,1,2,10010013,1,0,0,0,0,223061103
411000101,2,2,10040013,1,0,0,0,0,223061103
411000101,3,2,10070013,1,0,0,0,0,223061103
411000101,4,2,20010011,1,0,0,0,0,223061103
411000101,5,2,20040011,1,0,0,0,0,223061103
411000101,6,2,20070011,1,0,0,0,0,223061103
411000101,7,2,30020007,1,0,0,0,0,223061103
411000101,8,2,30050007,1,0,0,0,0,223061103
411000101,9,2,30080007,1,0,0,0,0,223061103
411000101,10,2,30110007,1,0,0,0,0,223061103
411000101,11,2,40010007,1,0,0,0,0,223061103
411000101,12,2,40040007,1,0,0,0,0,223061103
411000101,13,2,40070007,1,0,0,0,0,223061103
411000101,14,2,40020009,1,0,0,1,0,223061103
411000101,15,2,40090009,1,0,0,1,0,223061103
411000201,1,2,10030013,1,0,0,0,0,223061103
411000201,2,2,10060013,1,0,0,0,0,223061103
411000201,3,2,10090013,1,0,0,0,0,223061103
411000201,4,2,20030011,1,0,0,0,0,223061103
411000201,5,2,20060011,1,0,0,0,0,223061103
411000201,6,2,20090011,1,0,0,0,0,223061103
411000201,7,2,30030007,1,0,0,0,0,223061103
411000201,8,2,30060007,1,0,0,0,0,223061103
411000201,9,2,30090007,1,0,0,0,0,223061103
411000201,10,2,30120007,1,0,0,0,0,223061103
411000201,11,2,40030007,1,0,0,0,0,223061103
411000201,12,2,40060007,1,0,0,0,0,223061103
411000201,13,2,40090007,1,0,0,0,0,223061103
411000201,14,2,20010014,1,0,0,1,0,223061103
411000201,15,2,20020013,1,0,0,1,0,223061103
411000301,1,2,10020013,1,0,0,0,0,223061103
411000301,2,2,10050013,1,0,0,0,0,223061103
411000301,3,2,10080013,1,0,0,0,0,223061103
411000301,4,2,20020011,1,0,0,0,0,223061103
411000301,5,2,20050011,1,0,0,0,0,223061103
411000301,6,2,20080011,1,0,0,0,0,223061103
411000301,7,2,30010007,1,0,0,0,0,223061103
411000301,8,2,30040007,1,0,0,0,0,223061103
411000301,9,2,30070007,1,0,0,0,0,223061103
411000301,10,2,30100007,1,0,0,0,0,223061103
411000301,11,2,40020007,1,0,0,0,0,223061103
411000301,12,2,40050007,1,0,0,0,0,223061103
411000301,13,2,40080007,1,0,0,0,0,223061103
411000301,14,2,10010016,1,0,0,1,0,223061103
411000301,15,2,10020015,1,0,0,1,0,223061103
411000401,1,2,10010013,1,0,0,0,0,223062301
411000401,2,2,10020013,1,0,0,0,0,223062301
411000401,3,2,10030013,1,0,0,0,0,223062301
411000401,4,2,10040013,1,0,0,0,0,223062301
411000401,5,2,10050013,1,0,0,0,0,223062301
411000401,6,2,10060013,1,0,0,0,0,223062301
411000401,7,2,10070013,1,0,0,0,0,223062301
411000401,8,2,10080013,1,0,0,0,0,223062301
411000401,9,2,10090013,1,0,0,0,0,223062301
411000401,10,2,20010011,1,0,0,0,0,223062301
411000401,11,2,20020011,1,0,0,0,0,223062301
411000401,12,2,20030011,1,0,0,0,0,223062301
411000401,13,2,20040011,1,0,0,0,0,223062301
411000401,14,2,20050011,1,0,0,0,0,223062301
411000401,15,2,20060011,1,0,0,0,0,223062301
411000401,16,2,20070011,1,0,0,0,0,223062301
411000401,17,2,20080011,1,0,0,0,0,223062301
411000401,18,2,20090011,1,0,0,0,0,223062301
411000401,19,2,30010007,1,0,0,0,0,223062301
411000401,20,2,30020007,1,0,0,0,0,223062301
411000401,21,2,30030007,1,0,0,0,0,223062301
411000401,22,2,30040007,1,0,0,0,0,223062301
411000401,23,2,30050007,1,0,0,0,0,223062301
411000401,24,2,30060007,1,0,0,0,0,223062301
411000401,25,2,30070007,1,0,0,0,0,223062301
411000401,26,2,30080007,1,0,0,0,0,223062301
411000401,27,2,30090007,1,0,0,0,0,223062301
411000401,28,2,30100007,1,0,0,0,0,223062301
411000401,29,2,30110007,1,0,0,0,0,223062301
411000401,30,2,30120007,1,0,0,0,0,223062301
411000401,31,2,40010007,1,0,0,0,0,223062301
411000401,32,2,40020007,1,0,0,0,0,223062301
411000401,33,2,40030007,1,0,0,0,0,223062301
411000401,34,2,40040007,1,0,0,0,0,223062301
411000401,35,2,40050007,1,0,0,0,0,223062301
411000401,36,2,40060007,1,0,0,0,0,223062301
411000401,37,2,40070007,1,0,0,0,0,223062301
411000401,38,2,40080007,1,0,0,0,0,223062301
411000401,39,2,40090007,1,0,0,0,0,223062301
411000401,40,2,40020009,1,0,0,0,0,223062301
411000401,41,2,40090009,1,0,0,0,0,223062301
411000401,42,2,10010016,1,0,0,1,0,223062301
411000401,43,2,10020015,1,0,0,0,0,223062301
411000401,44,2,20010014,1,0,0,1,0,223062301
411000401,45,2,20020013,1,0,0,0,0,223062301
411000501,1,2,30010012,1,0,0,1,0,223100301
411000502,1,2,30010007,1,0,0,0,0,223100301
411000502,2,2,30020007,1,0,0,0,0,223100301
411000502,3,2,30030007,1,0,0,0,0,223100301
411000502,4,2,30040007,1,0,0,0,0,223100301
411000502,5,2,30050007,1,0,0,0,0,223100301
411000502,6,2,30060007,1,0,0,0,0,223100301
411000502,7,2,30070007,1,0,0,0,0,223100301
411000502,8,2,30080007,1,0,0,0,0,223100301
411000502,9,2,30090007,1,0,0,0,0,223100301
411000502,10,2,30100007,1,0,0,0,0,223100301
411000502,11,2,30110007,1,0,0,0,0,223100301
411000502,12,2,30120007,1,0,0,0,0,223100301
411000502,13,2,30060009,1,0,0,0,0,223100301
411000502,14,2,30080009,1,0,0,0,0,223100301
411000502,15,2,30010010,1,0,0,0,0,223100301
411000502,16,2,30100009,1,0,0,0,0,223100301
411000601,1,2,30020011,1,0,0,1,0,223101001
411000602,1,2,30010007,1,0,0,0,0,223101001
411000602,2,2,30020007,1,0,0,0,0,223101001
411000602,3,2,30030007,1,0,0,0,0,223101001
411000602,4,2,30040007,1,0,0,0,0,223101001
411000602,5,2,30050007,1,0,0,0,0,223101001
411000602,6,2,30060007,1,0,0,0,0,223101001
411000602,7,2,30070007,1,0,0,0,0,223101001
411000602,8,2,30080007,1,0,0,0,0,223101001
411000602,9,2,30090007,1,0,0,0,0,223101001
411000602,10,2,30100007,1,0,0,0,0,223101001
411000602,11,2,30110007,1,0,0,0,0,223101001
411000602,12,2,30120007,1,0,0,0,0,223101001
411000602,13,2,30060009,1,0,0,0,0,223101001
411000602,14,2,30080009,1,0,0,0,0,223101001
411000602,15,2,30010010,1,0,0,0,0,223101001
411000602,16,2,30100009,1,0,0,0,0,223101001
411000701,1,2,30030012,1,0,0,1,0,223101701
411000702,1,2,30010007,1,0,0,0,0,223101701
411000702,2,2,30020007,1,0,0,0,0,223101701
411000702,3,2,30030007,1,0,0,0,0,223101701
411000702,4,2,30040007,1,0,0,0,0,223101701
411000702,5,2,30050007,1,0,0,0,0,223101701
411000702,6,2,30060007,1,0,0,0,0,223101701
411000702,7,2,30070007,1,0,0,0,0,223101701
411000702,8,2,30080007,1,0,0,0,0,223101701
411000702,9,2,30090007,1,0,0,0,0,223101701
411000702,10,2,30100007,1,0,0,0,0,223101701
411000702,11,2,30110007,1,0,0,0,0,223101701
411000702,12,2,30120007,1,0,0,0,0,223101701
411000702,13,2,30060009,1,0,0,0,0,223101701
411000702,14,2,30080009,1,0,0,0,0,223101701
411000702,15,2,30010010,1,0,0,0,0,223101701
411000702,16,2,30100009,1,0,0,0,0,223101701
411000801,1,2,30040011,1,0,0,1,0,223102401
411000802,1,2,30010007,1,0,0,0,0,223102401
411000802,2,2,30020007,1,0,0,0,0,223102401
411000802,3,2,30030007,1,0,0,0,0,223102401
411000802,4,2,30040007,1,0,0,0,0,223102401
411000802,5,2,30050007,1,0,0,0,0,223102401
411000802,6,2,30060007,1,0,0,0,0,223102401
411000802,7,2,30070007,1,0,0,0,0,223102401
411000802,8,2,30080007,1,0,0,0,0,223102401
411000802,9,2,30090007,1,0,0,0,0,223102401
411000802,10,2,30100007,1,0,0,0,0,223102401
411000802,11,2,30110007,1,0,0,0,0,223102401
411000802,12,2,30120007,1,0,0,0,0,223102401
411000802,13,2,30060009,1,0,0,0,0,223102401
411000802,14,2,30080009,1,0,0,0,0,223102401
411000802,15,2,30010010,1,0,0,0,0,223102401
411000802,16,2,30100009,1,0,0,0,0,223102401
411000901,1,2,30050012,1,0,0,1,0,223103101
411000902,1,2,30010007,1,0,0,0,0,223103101
411000902,2,2,30020007,1,0,0,0,0,223103101
411000902,3,2,30030007,1,0,0,0,0,223103101
411000902,4,2,30040007,1,0,0,0,0,223103101
411000902,5,2,30050007,1,0,0,0,0,223103101
411000902,6,2,30060007,1,0,0,0,0,223103101
411000902,7,2,30070007,1,0,0,0,0,223103101
411000902,8,2,30080007,1,0,0,0,0,223103101
411000902,9,2,30090007,1,0,0,0,0,223103101
411000902,10,2,30100007,1,0,0,0,0,223103101
411000902,11,2,30110007,1,0,0,0,0,223103101
411000902,12,2,30120007,1,0,0,0,0,223103101
411000902,13,2,30060009,1,0,0,0,0,223103101
411000902,14,2,30080009,1,0,0,0,0,223103101
411000902,15,2,30010010,1,0,0,0,0,223103101
411000902,16,2,30100009,1,0,0,0,0,223103101
411001001,1,2,30060011,1,0,0,1,0,223110701
411001002,1,2,30010007,1,0,0,0,0,223110701
411001002,2,2,30020007,1,0,0,0,0,223110701
411001002,3,2,30030007,1,0,0,0,0,223110701
411001002,4,2,30040007,1,0,0,0,0,223110701
411001002,5,2,30050007,1,0,0,0,0,223110701
411001002,6,2,30060007,1,0,0,0,0,223110701
411001002,7,2,30070007,1,0,0,0,0,223110701
411001002,8,2,30080007,1,0,0,0,0,223110701
411001002,9,2,30090007,1,0,0,0,0,223110701
411001002,10,2,30100007,1,0,0,0,0,223110701
411001002,11,2,30110007,1,0,0,0,0,223110701
411001002,12,2,30120007,1,0,0,0,0,223110701
411001002,13,2,30060009,1,0,0,0,0,223110701
411001002,14,2,30080009,1,0,0,0,0,223110701
411001002,15,2,30010010,1,0,0,0,0,223110701
411001002,16,2,30100009,1,0,0,0,0,223110701
411001101,1,2,30070014,1,0,0,1,0,223111401
411001102,1,2,30010007,1,0,0,0,0,223111401
411001102,2,2,30020007,1,0,0,0,0,223111401
411001102,3,2,30030007,1,0,0,0,0,223111401
411001102,4,2,30040007,1,0,0,0,0,223111401
411001102,5,2,30050007,1,0,0,0,0,223111401
411001102,6,2,30060007,1,0,0,0,0,223111401
411001102,7,2,30070007,1,0,0,0,0,223111401
411001102,8,2,30080007,1,0,0,0,0,223111401
411001102,9,2,30090007,1,0,0,0,0,223111401
411001102,10,2,30100007,1,0,0,0,0,223111401
411001102,11,2,30110007,1,0,0,0,0,223111401
411001102,12,2,30120007,1,0,0,0,0,223111401
411001102,13,2,30060009,1,0,0,0,0,223111401
411001102,14,2,30080009,1,0,0,0,0,223111401
411001102,15,2,30010010,1,0,0,0,0,223111401
411001102,16,2,30100009,1,0,0,0,0,223111401
411001201,1,2,30080011,1,0,0,1,0,223112101
411001202,1,2,30010007,1,0,0,0,0,223112101
411001202,2,2,30020007,1,0,0,0,0,223112101
411001202,3,2,30030007,1,0,0,0,0,223112101
411001202,4,2,30040007,1,0,0,0,0,223112101
411001202,5,2,30050007,1,0,0,0,0,223112101
411001202,6,2,30060007,1,0,0,0,0,223112101
411001202,7,2,30070007,1,0,0,0,0,223112101
411001202,8,2,30080007,1,0,0,0,0,223112101
411001202,9,2,30090007,1,0,0,0,0,223112101
411001202,10,2,30100007,1,0,0,0,0,223112101
411001202,11,2,30110007,1,0,0,0,0,223112101
411001202,12,2,30120007,1,0,0,0,0,223112101
411001202,13,2,30060009,1,0,0,0,0,223112101
411001202,14,2,30080009,1,0,0,0,0,223112101
411001202,15,2,30010010,1,0,0,0,0,223112101
411001202,16,2,30100009,1,0,0,0,0,223112101
411001301,1,2,30090013,1,0,0,1,0,223112801
411001302,1,2,30010007,1,0,0,0,0,223112801
411001302,2,2,30020007,1,0,0,0,0,223112801
411001302,3,2,30030007,1,0,0,0,0,223112801
411001302,4,2,30040007,1,0,0,0,0,223112801
411001302,5,2,30050007,1,0,0,0,0,223112801
411001302,6,2,30060007,1,0,0,0,0,223112801
411001302,7,2,30070007,1,0,0,0,0,223112801
411001302,8,2,30080007,1,0,0,0,0,223112801
411001302,9,2,30090007,1,0,0,0,0,223112801
411001302,10,2,30100007,1,0,0,0,0,223112801
411001302,11,2,30110007,1,0,0,0,0,223112801
411001302,12,2,30120007,1,0,0,0,0,223112801
411001302,13,2,30060009,1,0,0,0,0,223112801
411001302,14,2,30080009,1,0,0,0,0,223112801
411001302,15,2,30010010,1,0,0,0,0,223112801
411001302,16,2,30100009,1,0,0,0,0,223112801
411001401,1,2,30100013,1,0,0,1,0,223120501
411001402,1,2,30010007,1,0,0,0,0,223120501
411001402,2,2,30020007,1,0,0,0,0,223120501
411001402,3,2,30030007,1,0,0,0,0,223120501
411001402,4,2,30040007,1,0,0,0,0,223120501
411001402,5,2,30050007,1,0,0,0,0,223120501
411001402,6,2,30060007,1,0,0,0,0,223120501
411001402,7,2,30070007,1,0,0,0,0,223120501
411001402,8,2,30080007,1,0,0,0,0,223120501
411001402,9,2,30090007,1,0,0,0,0,223120501
411001402,10,2,30100007,1,0,0,0,0,223120501
411001402,11,2,30110007,1,0,0,0,0,223120501
411001402,12,2,30120007,1,0,0,0,0,223120501
411001402,13,2,30060009,1,0,0,0,0,223120501
411001402,14,2,30080009,1,0,0,0,0,223120501
411001402,15,2,30010010,1,0,0,0,0,223120501
411001402,16,2,30100009,1,0,0,0,0,223120501
411001501,1,2,30110014,1,0,0,1,0,223121201
411001502,1,2,30010007,1,0,0,0,0,223121201
411001502,2,2,30020007,1,0,0,0,0,223121201
411001502,3,2,30030007,1,0,0,0,0,223121201
411001502,4,2,30040007,1,0,0,0,0,223121201
411001502,5,2,30050007,1,0,0,0,0,223121201
411001502,6,2,30060007,1,0,0,0,0,223121201
411001502,7,2,30070007,1,0,0,0,0,223121201
411001502,8,2,30080007,1,0,0,0,0,223121201
411001502,9,2,30090007,1,0,0,0,0,223121201
411001502,10,2,30100007,1,0,0,0,0,223121201
411001502,11,2,30110007,1,0,0,0,0,223121201
411001502,12,2,30120007,1,0,0,0,0,223121201
411001502,13,2,30060009,1,0,0,0,0,223121201
411001502,14,2,30080009,1,0,0,0,0,223121201
411001502,15,2,30010010,1,0,0,0,0,223121201
411001502,16,2,30100009,1,0,0,0,0,223121201
411001601,1,2,30120013,1,0,0,1,0,223121901
411001602,1,2,30010007,1,0,0,0,0,223121901
411001602,2,2,30020007,1,0,0,0,0,223121901
411001602,3,2,30030007,1,0,0,0,0,223121901
411001602,4,2,30040007,1,0,0,0,0,223121901
411001602,5,2,30050007,1,0,0,0,0,223121901
411001602,6,2,30060007,1,0,0,0,0,223121901
411001602,7,2,30070007,1,0,0,0,0,223121901
411001602,8,2,30080007,1,0,0,0,0,223121901
411001602,9,2,30090007,1,0,0,0,0,223121901
411001602,10,2,30100007,1,0,0,0,0,223121901
411001602,11,2,30110007,1,0,0,0,0,223121901
411001602,12,2,30120007,1,0,0,0,0,223121901
411001602,13,2,30060009,1,0,0,0,0,223121901
411001602,14,2,30080009,1,0,0,0,0,223121901
411001602,15,2,30010010,1,0,0,0,0,223121901
411001602,16,2,30100009,1,0,0,0,0,223121901
411001701,1,2,10010013,1,0,0,0,0,223101501
411001701,2,2,10020013,1,0,0,0,0,223101501
411001701,3,2,10030013,1,0,0,0,0,223101501
411001701,4,2,10040013,1,0,0,0,0,223101501
411001701,5,2,10050013,1,0,0,0,0,223101501
411001701,6,2,10060013,1,0,0,0,0,223101501
411001701,7,2,10070013,1,0,0,0,0,223101501
411001701,8,2,10080013,1,0,0,0,0,223101501
411001701,9,2,10090013,1,0,0,0,0,223101501
411001701,10,2,20010011,1,0,0,0,0,223101501
411001701,11,2,20020011,1,0,0,0,0,223101501
411001701,12,2,20030011,1,0,0,0,0,223101501
411001701,13,2,20040011,1,0,0,0,0,223101501
411001701,14,2,20050011,1,0,0,0,0,223101501
411001701,15,2,20060011,1,0,0,0,0,223101501
411001701,16,2,20070011,1,0,0,0,0,223101501
411001701,17,2,20080011,1,0,0,0,0,223101501
411001701,18,2,20090011,1,0,0,0,0,223101501
411001701,19,2,30010007,1,0,0,0,0,223101501
411001701,20,2,30020007,1,0,0,0,0,223101501
411001701,21,2,30030007,1,0,0,0,0,223101501
411001701,22,2,30040007,1,0,0,0,0,223101501
411001701,23,2,30050007,1,0,0,0,0,223101501
411001701,24,2,30060007,1,0,0,0,0,223101501
411001701,25,2,30070007,1,0,0,0,0,223101501
411001701,26,2,30080007,1,0,0,0,0,223101501
411001701,27,2,30090007,1,0,0,0,0,223101501
411001701,28,2,30100007,1,0,0,0,0,223101501
411001701,29,2,30110007,1,0,0,0,0,223101501
411001701,30,2,30120007,1,0,0,0,0,223101501
411001701,31,2,40010007,1,0,0,0,0,223101501
411001701,32,2,40020007,1,0,0,0,0,223101501
411001701,33,2,40030007,1,0,0,0,0,223101501
411001701,34,2,40040007,1,0,0,0,0,223101501
411001701,35,2,40050007,1,0,0,0,0,223101501
411001701,36,2,40060007,1,0,0,0,0,223101501
411001701,37,2,40070007,1,0,0,0,0,223101501
411001701,38,2,40080007,1,0,0,0,0,223101501
411001701,39,2,40090007,1,0,0,0,0,223101501
411001701,40,2,40020009,1,0,0,0,0,223101501
411001701,41,2,40090009,1,0,0,0,0,223101501
411001701,42,2,10010016,1,0,0,0,0,223101501
411001701,43,2,10020015,1,0,0,0,0,223101501
411001701,44,2,20010014,1,0,0,0,0,223101501
411001701,45,2,20020013,1,0,0,0,0,223101501
411001701,46,2,30060009,1,0,0,0,0,223101501
411001701,47,2,30080009,1,0,0,0,0,223101501
411001701,48,2,20030013,1,0,0,0,0,223101501
411001701,49,2,20040013,1,0,0,0,0,223101501
411001701,50,2,40040009,1,0,0,0,0,223101501
411001701,51,2,40050009,1,0,0,0,0,223101501
411001701,52,2,30010010,1,0,0,0,0,223101501
411001701,53,2,30100009,1,0,0,0,0,223101501
411001701,54,2,10030016,1,0,0,0,0,223101501
411001701,55,2,10050015,1,0,0,0,0,223101501
411001701,56,2,40070010,1,0,0,1,0,223101501
411001701,57,2,40080010,1,0,0,1,0,223101501
411001701,58,2,20060015,1,0,0,1,0,223101501
411001701,59,2,20080014,1,0,0,1,0,223101501
411001701,60,2,10060015,1,0,0,1,0,223101501
411001701,61,2,10070017,1,0,0,1,0,223101501
411001701,62,2,30120010,1,0,0,1,0,223101501
411001701,63,2,30110010,1,0,0,1,0,223101501
411001702,1,2,20050015,1,0,0,1,0,223101501
411001702,2,2,30070011,1,0,0,1,0,223101501
411001702,3,2,40030011,1,0,0,1,0,223101501
411001901,1,2,10010013,1,0,0,0,0,223101502
411001901,2,2,10020013,1,0,0,0,0,223101502
411001901,3,2,10030013,1,0,0,0,0,223101502
411001901,4,2,10040013,1,0,0,0,0,223101502
411001901,5,2,10050013,1,0,0,0,0,223101502
411001901,6,2,10060013,1,0,0,0,0,223101502
411001901,7,2,10070013,1,0,0,0,0,223101502
411001901,8,2,10080013,1,0,0,0,0,223101502
411001901,9,2,10090013,1,0,0,0,0,223101502
411001901,10,2,10010016,1,0,0,0,0,223101502
411001901,11,2,10020015,1,0,0,0,0,223101502
411001901,12,2,10030016,1,0,0,1,0,223101502
411001901,13,2,10050015,1,0,0,1,0,223101502
411001901,14,2,10060015,1,0,0,1,0,223101502
411001901,15,2,10070017,1,0,0,1,0,223101502
411002001,1,2,20010011,1,0,0,0,0,223101502
411002001,2,2,20020011,1,0,0,0,0,223101502
411002001,3,2,20030011,1,0,0,0,0,223101502
411002001,4,2,20040011,1,0,0,0,0,223101502
411002001,5,2,20050011,1,0,0,0,0,223101502
411002001,6,2,20060011,1,0,0,0,0,223101502
411002001,7,2,20070011,1,0,0,0,0,223101502
411002001,8,2,20080011,1,0,0,0,0,223101502
411002001,9,2,20090011,1,0,0,0,0,223101502
411002001,10,2,20010014,1,0,0,0,0,223101502
411002001,11,2,20020013,1,0,0,0,0,223101502
411002001,12,2,20030013,1,0,0,1,0,223101502
411002001,13,2,20040013,1,0,0,1,0,223101502
411002001,14,2,20060015,1,0,0,1,0,223101502
411002001,15,2,20080014,1,0,0,1,0,223101502
411002002,1,2,20050015,1,0,0,0,0,223101502
411002101,1,2,30010007,1,0,0,0,0,223101502
411002101,2,2,30020007,1,0,0,0,0,223101502
411002101,3,2,30030007,1,0,0,0,0,223101502
411002101,4,2,30040007,1,0,0,0,0,223101502
411002101,5,2,30050007,1,0,0,0,0,223101502
411002101,6,2,30060007,1,0,0,0,0,223101502
411002101,7,2,30070007,1,0,0,0,0,223101502
411002101,8,2,30080007,1,0,0,0,0,223101502
411002101,9,2,30090007,1,0,0,0,0,223101502
411002101,10,2,30100007,1,0,0,0,0,223101502
411002101,11,2,30110007,1,0,0,0,0,223101502
411002101,12,2,30120007,1,0,0,0,0,223101502
411002101,13,2,30060009,1,0,0,0,0,223101502
411002101,14,2,30080009,1,0,0,0,0,223101502
411002101,15,2,30010010,1,0,0,1,0,223101502
411002101,16,2,30100009,1,0,0,1,0,223101502
411002101,17,2,30120010,1,0,0,1,0,223101502
411002101,18,2,30110010,1,0,0,1,0,223101502
411002102,1,2,30070011,1,0,0,0,0,223101502
411002201,1,2,40010007,1,0,0,0,0,223101502
411002201,2,2,40020007,1,0,0,0,0,223101502
411002201,3,2,40030007,1,0,0,0,0,223101502
411002201,4,2,40040007,1,0,0,0,0,223101502
411002201,5,2,40050007,1,0,0,0,0,223101502
411002201,6,2,40060007,1,0,0,0,0,223101502
411002201,7,2,40070007,1,0,0,0,0,223101502
411002201,8,2,40080007,1,0,0,0,0,223101502
411002201,9,2,40090007,1,0,0,0,0,223101502
411002201,10,2,40020009,1,0,0,0,0,223101502
411002201,11,2,40090009,1,0,0,0,0,223101502
411002201,12,2,40040009,1,0,0,1,0,223101502
411002201,13,2,40050009,1,0,0,1,0,223101502
411002201,14,2,40070010,1,0,0,1,0,223101502
411002201,15,2,40080010,1,0,0,1,0,223101502
411002202,1,2,40030011,1,0,0,0,0,223101502
411002301,1,2,30010007,1,0,0,1,0,223090603
411002301,2,2,30020007,1,0,0,0,0,223090603
411002301,3,2,30030007,1,0,0,0,0,223090603
411002301,4,2,30040007,1,0,0,0,0,223090603
411002301,5,2,30050007,1,0,0,0,0,223090603
411002301,6,2,30060007,1,0,0,0,0,223090603
411002301,7,2,30070007,1,0,0,0,0,223090603
411002301,8,2,30080007,1,0,0,0,0,223090603
411002301,9,2,30090007,1,0,0,0,0,223090603
411002301,10,2,30100007,1,0,0,0,0,223090603
411002301,11,2,30110007,1,0,0,0,0,223090603
411002301,12,2,30120007,1,0,0,0,0,223090603
411002301,13,2,30060009,1,0,0,1,0,223090603
411002301,14,2,30080009,1,0,0,1,0,223090603
411002401,1,2,10010013,1,0,0,0,0,223103111
411002401,2,2,10020013,1,0,0,0,0,223103111
411002401,3,2,10030013,1,0,0,0,0,223103111
411002401,4,2,10040013,1,0,0,0,0,223103111
411002401,5,2,10050013,1,0,0,0,0,223103111
411002401,6,2,10060013,1,0,0,0,0,223103111
411002401,7,2,10070013,1,0,0,0,0,223103111
411002401,8,2,10080013,1,0,0,0,0,223103111
411002401,9,2,10090013,1,0,0,0,0,223103111
411002401,10,2,10010016,1,0,0,0,0,223103111
411002401,11,2,10020015,1,0,0,0,0,223103111
411002401,12,2,10030016,1,0,0,1,0,223103111
411002401,13,2,10050015,1,0,0,1,0,223103111
411002401,14,2,10060015,1,0,0,1,0,223103111
411002401,15,2,10070017,1,0,0,1,0,223103111
411002501,1,2,20010011,1,0,0,0,0,223111508
411002501,2,2,20020011,1,0,0,0,0,223111508
411002501,3,2,20030011,1,0,0,0,0,223111508
411002501,4,2,20040011,1,0,0,0,0,223111508
411002501,5,2,20050011,1,0,0,0,0,223111508
411002501,6,2,20060011,1,0,0,0,0,223111508
411002501,7,2,20070011,1,0,0,0,0,223111508
411002501,8,2,20080011,1,0,0,0,0,223111508
411002501,9,2,20090011,1,0,0,0,0,223111508
411002501,10,2,20010014,1,0,0,0,0,223111508
411002501,11,2,20020013,1,0,0,0,0,223111508
411002501,12,2,20030013,1,0,0,0,0,223111508
411002501,13,2,20040013,1,0,0,0,0,223111508
411002501,14,2,20060015,1,0,0,1,0,223111508
411002501,15,2,20080014,1,0,0,1,0,223111508
411002501,16,2,20040015,1,0,0,1,0,223111508
411002501,17,2,20070015,1,0,0,1,0,223111508
411002601,1,2,10010013,1,0,0,0,0,223103112
411002601,2,2,10020013,1,0,0,0,0,223103112
411002601,3,2,10030013,1,0,0,0,0,223103112
411002601,4,2,10040013,1,0,0,0,0,223103112
411002601,5,2,10050013,1,0,0,0,0,223103112
411002601,6,2,10060013,1,0,0,0,0,223103112
411002601,7,2,10070013,1,0,0,0,0,223103112
411002601,8,2,10080013,1,0,0,0,0,223103112
411002601,9,2,10090013,1,0,0,0,0,223103112
411002601,10,2,20010011,1,0,0,0,0,223103112
411002601,11,2,20020011,1,0,0,0,0,223103112
411002601,12,2,20030011,1,0,0,0,0,223103112
411002601,13,2,20040011,1,0,0,0,0,223103112
411002601,14,2,20050011,1,0,0,0,0,223103112
411002601,15,2,20060011,1,0,0,0,0,223103112
411002601,16,2,20070011,1,0,0,0,0,223103112
411002601,17,2,20080011,1,0,0,0,0,223103112
411002601,18,2,20090011,1,0,0,0,0,223103112
411002601,19,2,30010007,1,0,0,0,0,223103112
411002601,20,2,30020007,1,0,0,0,0,223103112
411002601,21,2,30030007,1,0,0,0,0,223103112
411002601,22,2,30040007,1,0,0,0,0,223103112
411002601,23,2,30050007,1,0,0,0,0,223103112
411002601,24,2,30060007,1,0,0,0,0,223103112
411002601,25,2,30070007,1,0,0,0,0,223103112
411002601,26,2,30080007,1,0,0,0,0,223103112
411002601,27,2,30090007,1,0,0,0,0,223103112
411002601,28,2,30100007,1,0,0,0,0,223103112
411002601,29,2,30110007,1,0,0,0,0,223103112
411002601,30,2,30120007,1,0,0,0,0,223103112
411002601,31,2,40010007,1,0,0,0,0,223103112
411002601,32,2,40020007,1,0,0,0,0,223103112
411002601,33,2,40030007,1,0,0,0,0,223103112
411002601,34,2,40040007,1,0,0,0,0,223103112
411002601,35,2,40050007,1,0,0,0,0,223103112
411002601,36,2,40060007,1,0,0,0,0,223103112
411002601,37,2,40070007,1,0,0,0,0,223103112
411002601,38,2,40080007,1,0,0,0,0,223103112
411002601,39,2,40090007,1,0,0,0,0,223103112
411002601,40,2,40020009,1,0,0,0,0,223103112
411002601,41,2,40090009,1,0,0,0,0,223103112
411002601,42,2,10010016,1,0,0,0,0,223103112
411002601,43,2,10020015,1,0,0,0,0,223103112
411002601,44,2,20010014,1,0,0,0,0,223103112
411002601,45,2,20020013,1,0,0,0,0,223103112
411002601,46,2,30060009,1,0,0,0,0,223103112
411002601,47,2,30080009,1,0,0,0,0,223103112
411002601,48,2,20030013,1,0,0,0,0,223103112
411002601,49,2,20040013,1,0,0,1,0,223103112
411002601,50,2,40040009,1,0,0,1,0,223103112
411002601,51,2,40050009,1,0,0,0,0,223103112
411002601,52,2,30010010,1,0,0,0,0,223103112
411002601,53,2,30100009,1,0,0,1,0,223103112
411002601,54,2,10030016,1,0,0,1,0,223103112
411002601,55,2,10050015,1,0,0,0,0,223103112
411002601,56,2,40070010,1,0,0,1,0,223103112
411002601,57,2,40080010,1,0,0,0,0,223103112
411002601,58,2,20060015,1,0,0,1,0,223103112
411002601,59,2,20080014,1,0,0,0,0,223103112
411002601,60,2,10060015,1,0,0,1,0,223103112
411002601,61,2,10070017,1,0,0,0,0,223103112
411002601,62,2,30110010,1,0,0,1,0,223103112
411002601,63,2,30120010,1,0,0,0,0,223103112
411002701,1,2,20010011,1,0,0,0,0,223121402
411002701,2,2,20020011,1,0,0,0,0,223121402
411002701,3,2,20030011,1,0,0,0,0,223121402
411002701,4,2,20040011,1,0,0,0,0,223121402
411002701,5,2,20050011,1,0,0,0,0,223121402
411002701,6,2,20060011,1,0,0,0,0,223121402
411002701,7,2,20070011,1,0,0,0,0,223121402
411002701,8,2,20080011,1,0,0,0,0,223121402
411002701,9,2,20090011,1,0,0,0,0,223121402
411002701,10,2,20010014,1,0,0,0,0,223121402
411002701,11,2,20020013,1,0,0,0,0,223121402
411002701,12,2,20030013,1,0,0,0,0,223121402
411002701,13,2,20040013,1,0,0,0,0,223121402
411002701,14,2,20060015,1,0,0,0,0,223121402
411002701,15,2,20080014,1,0,0,0,0,223121402
411002701,16,2,20040015,1,0,0,0,0,223121402
411002701,17,2,20070015,1,0,0,0,0,223121402
411002702,1,2,60010001,1,0,0,1,0,223121402
411002702,2,2,60020001,1,0,0,1,0,223121402
411002702,3,2,60030001,1,0,0,1,0,223121402
411002702,4,2,60040001,1,0,0,1,0,223121402
411002702,5,2,60050001,1,0,0,1,0,223121402
411002702,6,2,60060001,1,0,0,1,0,223121402
411002702,7,2,60070001,1,0,0,1,0,223121402
411002702,8,2,60080001,1,0,0,1,0,223121402
411002702,9,2,60090001,1,0,0,1,0,223121402
411002801,1,2,10050013,1,0,0,0,0,223111702
411002801,2,2,10060013,1,0,0,0,0,223111702
411002801,3,2,10080013,1,0,0,0,0,223111702
411002801,4,2,20060011,1,0,0,0,0,223111702
411002801,5,2,20070011,1,0,0,0,0,223111702
411002801,6,2,20090011,1,0,0,0,0,223111702
411002801,7,2,30020007,1,0,0,0,0,223111702
411002801,8,2,30030007,1,0,0,0,0,223111702
411002801,9,2,30090007,1,0,0,0,0,223111702
411002801,10,2,30100007,1,0,0,0,0,223111702
411002801,11,2,40060007,1,0,0,0,0,223111702
411002801,12,2,40070007,1,0,0,0,0,223111702
411002801,13,2,40080007,1,0,0,0,0,223111702
411002801,14,2,40090007,1,0,0,0,0,223111702
411002801,15,2,40090009,1,0,0,0,0,223111702
411002801,16,2,30100009,1,0,0,1,0,223111702
411002801,17,2,10050015,1,0,0,0,0,223111702
411002801,18,2,40070010,1,0,0,0,0,223111702
411002801,19,2,40080010,1,0,0,0,0,223111702
411002801,20,2,20060015,1,0,0,0,0,223111702
411002801,21,2,10060015,1,0,0,1,0,223111702
411002801,22,2,20070015,1,0,0,1,0,223111702
411002801,23,2,40060011,1,0,0,1,0,223111702
411002901,1,2,10010013,1,0,0,0,0,223112404
411002901,2,2,10030013,1,0,0,0,0,223112404
411002901,3,2,10040013,1,0,0,0,0,223112404
411002901,4,2,20010011,1,0,0,0,0,223112404
411002901,5,2,20020011,1,0,0,0,0,223112404
411002901,6,2,20050011,1,0,0,0,0,223112404
411002901,7,2,30010007,1,0,0,0,0,223112404
411002901,8,2,30050007,1,0,0,0,0,223112404
411002901,9,2,30070007,1,0,0,0,0,223112404
411002901,10,2,30120007,1,0,0,0,0,223112404
411002901,11,2,40010007,1,0,0,0,0,223112404
411002901,12,2,40020007,1,0,0,0,0,223112404
411002901,13,2,40030007,1,0,0,0,0,223112404
411002901,14,2,40040007,1,0,0,0,0,223112404
411002901,15,2,40050007,1,0,0,0,0,223112404
411002901,16,2,40020009,1,0,0,0,0,223112404
411002901,17,2,10010016,1,0,0,0,0,223112404
411002901,18,2,20010014,1,0,0,0,0,223112404
411002901,19,2,20020013,1,0,0,1,0,223112404
411002901,20,2,40040009,1,0,0,0,0,223112404
411002901,21,2,40050009,1,0,0,0,0,223112404
411002901,22,2,30010010,1,0,0,0,0,223112404
411002901,23,2,10030016,1,0,0,1,0,223112404
411002901,24,2,30120010,1,0,0,1,0,223112404
411002901,25,2,40030012,1,0,0,1,0,223112404
411003001,1,2,10020013,1,0,0,0,0,223120103
411003001,2,2,10070013,1,0,0,0,0,223120103
411003001,3,2,10090013,1,0,0,0,0,223120103
411003001,4,2,20030011,1,0,0,0,0,223120103
411003001,5,2,20040011,1,0,0,0,0,223120103
411003001,6,2,20080011,1,0,0,0,0,223120103
411003001,7,2,30040007,1,0,0,0,0,223120103
411003001,8,2,30060007,1,0,0,0,0,223120103
411003001,9,2,30080007,1,0,0,0,0,223120103
411003001,10,2,30110007,1,0,0,0,0,223120103
411003001,11,2,10020015,1,0,0,0,0,223120103
411003001,12,2,30060009,1,0,0,0,0,223120103
411003001,13,2,30080009,1,0,0,0,0,223120103
411003001,14,2,20030013,1,0,0,0,0,223120103
411003001,15,2,20040013,1,0,0,0,0,223120103
411003001,16,2,20080014,1,0,0,0,0,223120103
411003001,17,2,10070017,1,0,0,1,0,223120103
411003001,18,2,30110010,1,0,0,1,0,223120103
411003001,19,2,20040015,1,0,0,1,0,223120103
411003101,1,2,20010011,1,0,0,0,0,223120907
411003101,2,2,20020011,1,0,0,0,0,223120907
411003101,3,2,20030011,1,0,0,0,0,223120907
411003101,4,2,20040011,1,0,0,0,0,223120907
411003101,5,2,20050011,1,0,0,0,0,223120907
411003101,6,2,20060011,1,0,0,0,0,223120907
411003101,7,2,20070011,1,0,0,0,0,223120907
411003101,8,2,20080011,1,0,0,0,0,223120907
411003101,9,2,20090011,1,0,0,0,0,223120907
411003101,10,2,20010014,1,0,0,0,0,223120907
411003101,11,2,20020013,1,0,0,0,0,223120907
411003101,12,2,20030013,1,0,0,0,0,223120907
411003101,13,2,20040013,1,0,0,0,0,223120907
411003101,14,2,20060015,1,0,0,1,0,223120907
411003101,15,2,20080014,1,0,0,1,0,223120907
411003101,16,2,20040015,1,0,0,1,0,223120907
411003101,17,2,20070015,1,0,0,1,0,223120907
411003201,1,2,30010007,1,0,0,0,0,223120908
411003201,2,2,30020007,1,0,0,0,0,223120908
411003201,3,2,30030007,1,0,0,0,0,223120908
411003201,4,2,30040007,1,0,0,0,0,223120908
411003201,5,2,30050007,1,0,0,0,0,223120908
411003201,6,2,30060007,1,0,0,0,0,223120908
411003201,7,2,30070007,1,0,0,0,0,223120908
411003201,8,2,30080007,1,0,0,0,0,223120908
411003201,9,2,30090007,1,0,0,0,0,223120908
411003201,10,2,30100007,1,0,0,0,0,223120908
411003201,11,2,30110007,1,0,0,0,0,223120908
411003201,12,2,30120007,1,0,0,0,0,223120908
411003201,13,2,30060009,1,0,0,0,0,223120908
411003201,14,2,30080009,1,0,0,0,0,223120908
411003201,15,2,30010010,1,0,0,0,0,223120908
411003201,16,2,30100009,1,0,0,0,0,223120908
411003201,17,2,30110010,1,0,0,1,0,223120908
411003201,18,2,30120010,1,0,0,1,0,223120908
411003201,19,2,30050013,1,0,0,1,0,223120908
411003201,20,2,30070013,1,0,0,1,0,223120908
411003301,1,2,40010007,1,0,0,0,0,223120909
411003301,2,2,40020007,1,0,0,0,0,223120909
411003301,3,2,40030007,1,0,0,0,0,223120909
411003301,4,2,40040007,1,0,0,0,0,223120909
411003301,5,2,40050007,1,0,0,0,0,223120909
411003301,6,2,40060007,1,0,0,0,0,223120909
411003301,7,2,40070007,1,0,0,0,0,223120909
411003301,8,2,40080007,1,0,0,0,0,223120909
411003301,9,2,40090007,1,0,0,0,0,223120909
411003301,10,2,40020009,1,0,0,0,0,223120909
411003301,11,2,40090009,1,0,0,0,0,223120909
411003301,12,2,40040009,1,0,0,0,0,223120909
411003301,13,2,40050009,1,0,0,0,0,223120909
411003301,14,2,40070010,1,0,0,1,0,223120909
411003301,15,2,40080010,1,0,0,1,0,223120909
411003301,16,2,40030012,1,0,0,1,0,223120909
411003301,17,2,40060011,1,0,0,1,0,223120909
411003401,1,2,10010013,1,0,0,0,0,223122604
411003401,2,2,10020013,1,0,0,0,0,223122604
411003401,3,2,10030013,1,0,0,0,0,223122604
411003401,4,2,10040013,1,0,0,0,0,223122604
411003401,5,2,10050013,1,0,0,0,0,223122604
411003401,6,2,10060013,1,0,0,0,0,223122604
411003401,7,2,10070013,1,0,0,0,0,223122604
411003401,8,2,10080013,1,0,0,0,0,223122604
411003401,9,2,10090013,1,0,0,0,0,223122604
411003401,10,2,20010011,1,0,0,0,0,223122604
411003401,11,2,20020011,1,0,0,0,0,223122604
411003401,12,2,20030011,1,0,0,0,0,223122604
411003401,13,2,20040011,1,0,0,0,0,223122604
411003401,14,2,20050011,1,0,0,0,0,223122604
411003401,15,2,20060011,1,0,0,0,0,223122604
411003401,16,2,20070011,1,0,0,0,0,223122604
411003401,17,2,20080011,1,0,0,0,0,223122604
411003401,18,2,20090011,1,0,0,0,0,223122604
411003401,19,2,30010007,1,0,0,0,0,223122604
411003401,20,2,30020007,1,0,0,0,0,223122604
411003401,21,2,30030007,1,0,0,0,0,223122604
411003401,22,2,30040007,1,0,0,0,0,223122604
411003401,23,2,30050007,1,0,0,0,0,223122604
411003401,24,2,30060007,1,0,0,0,0,223122604
411003401,25,2,30070007,1,0,0,0,0,223122604
411003401,26,2,30080007,1,0,0,0,0,223122604
411003401,27,2,30090007,1,0,0,0,0,223122604
411003401,28,2,30100007,1,0,0,0,0,223122604
411003401,29,2,30110007,1,0,0,0,0,223122604
411003401,30,2,30120007,1,0,0,0,0,223122604
411003401,31,2,40010007,1,0,0,0,0,223122604
411003401,32,2,40020007,1,0,0,0,0,223122604
411003401,33,2,40030007,1,0,0,0,0,223122604
411003401,34,2,40040007,1,0,0,0,0,223122604
411003401,35,2,40050007,1,0,0,0,0,223122604
411003401,36,2,40060007,1,0,0,0,0,223122604
411003401,37,2,40070007,1,0,0,0,0,223122604
411003401,38,2,40080007,1,0,0,0,0,223122604
411003401,39,2,40090007,1,0,0,0,0,223122604
411003401,40,2,40020009,1,0,0,0,0,223122604
411003401,41,2,40090009,1,0,0,0,0,223122604
411003401,42,2,10010016,1,0,0,0,0,223122604
411003401,43,2,10020015,1,0,0,0,0,223122604
411003401,44,2,20010014,1,0,0,0,0,223122604
411003401,45,2,20020013,1,0,0,0,0,223122604
411003401,46,2,30060009,1,0,0,0,0,223122604
411003401,47,2,30080009,1,0,0,0,0,223122604
411003401,48,2,20030013,1,0,0,0,0,223122604
411003401,49,2,20040013,1,0,0,0,0,223122604
411003401,50,2,40040009,1,0,0,0,0,223122604
411003401,51,2,40050009,1,0,0,0,0,223122604
411003401,52,2,30010010,1,0,0,0,0,223122604
411003401,53,2,30100009,1,0,0,0,0,223122604
411003401,54,2,10030016,1,0,0,0,0,223122604
411003401,55,2,10050015,1,0,0,0,0,223122604
411003401,56,2,40070010,1,0,0,0,0,223122604
411003401,57,2,40080010,1,0,0,0,0,223122604
411003401,58,2,20060015,1,0,0,0,0,223122604
411003401,59,2,20080014,1,0,0,0,0,223122604
411003401,60,2,10060015,1,0,0,0,0,223122604
411003401,61,2,10070017,1,0,0,0,0,223122604
411003401,62,2,30110010,1,0,0,0,0,223122604
411003401,63,2,30120010,1,0,0,0,0,223122604
411003401,64,2,20040015,1,0,0,0,0,223122604
411003401,65,2,20070015,1,0,0,1,0,223122604
411003401,66,2,40030012,1,0,0,1,0,223122604
411003401,67,2,40060011,1,0,0,0,0,223122604
411003401,68,2,30050013,1,0,0,0,0,223122604
411003401,69,2,30070013,1,0,0,1,0,223122604
411003401,70,2,10040019,1,0,0,1,0,223122604
411003401,71,2,10090018,1,0,0,0,0,223122604
411003601,1,2,10010013,1,0,0,0,0,224010105
411003601,2,2,10020013,1,0,0,0,0,224010105
411003601,3,2,10030013,1,0,0,0,0,224010105
411003601,4,2,10040013,1,0,0,0,0,224010105
411003601,5,2,10050013,1,0,0,0,0,224010105
411003601,6,2,10060013,1,0,0,0,0,224010105
411003601,7,2,10070013,1,0,0,0,0,224010105
411003601,8,2,10080013,1,0,0,0,0,224010105
411003601,9,2,10090013,1,0,0,0,0,224010105
411003601,10,2,20010011,1,0,0,0,0,224010105
411003601,11,2,20020011,1,0,0,0,0,224010105
411003601,12,2,20030011,1,0,0,0,0,224010105
411003601,13,2,20040011,1,0,0,0,0,224010105
411003601,14,2,20050011,1,0,0,0,0,224010105
411003601,15,2,20060011,1,0,0,0,0,224010105
411003601,16,2,20070011,1,0,0,0,0,224010105
411003601,17,2,20080011,1,0,0,0,0,224010105
411003601,18,2,20090011,1,0,0,0,0,224010105
411003601,19,2,30010007,1,0,0,0,0,224010105
411003601,20,2,30020007,1,0,0,0,0,224010105
411003601,21,2,30030007,1,0,0,0,0,224010105
411003601,22,2,30040007,1,0,0,0,0,224010105
411003601,23,2,30050007,1,0,0,0,0,224010105
411003601,24,2,30060007,1,0,0,0,0,224010105
411003601,25,2,30070007,1,0,0,0,0,224010105
411003601,26,2,30080007,1,0,0,0,0,224010105
411003601,27,2,30090007,1,0,0,0,0,224010105
411003601,28,2,30100007,1,0,0,0,0,224010105
411003601,29,2,30110007,1,0,0,0,0,224010105
411003601,30,2,30120007,1,0,0,0,0,224010105
411003601,31,2,40010007,1,0,0,0,0,224010105
411003601,32,2,40020007,1,0,0,0,0,224010105
411003601,33,2,40030007,1,0,0,0,0,224010105
411003601,34,2,40040007,1,0,0,0,0,224010105
411003601,35,2,40050007,1,0,0,0,0,224010105
411003601,36,2,40060007,1,0,0,0,0,224010105
411003601,37,2,40070007,1,0,0,0,0,224010105
411003601,38,2,40080007,1,0,0,0,0,224010105
411003601,39,2,40090007,1,0,0,0,0,224010105
411003601,40,2,40020009,1,0,0,0,0,224010105
411003601,41,2,40090009,1,0,0,0,0,224010105
411003601,42,2,10010016,1,0,0,0,0,224010105
411003601,43,2,10020015,1,0,0,0,0,224010105
411003601,44,2,20010014,1,0,0,0,0,224010105
411003601,45,2,20020013,1,0,0,0,0,224010105
411003601,46,2,40010010,1,0,0,0,0,224010105
411003601,47,2,30050009,1,0,0,0,0,224010105
411003601,48,2,30060009,1,0,0,0,0,224010105
411003601,49,2,30080009,1,0,0,0,0,224010105
411003601,50,2,20030013,1,0,0,0,0,224010105
411003601,51,2,20040013,1,0,0,0,0,224010105
411003601,52,2,10070015,1,0,0,0,0,224010105
411003601,53,2,20080013,1,0,0,0,0,224010105
411003601,54,2,40080009,1,0,0,0,0,224010105
411003601,55,2,30040009,1,0,0,0,0,224010105
411003601,56,2,40040009,1,0,0,0,0,224010105
411003601,57,2,40050009,1,0,0,0,0,224010105
411003601,58,2,30010010,1,0,0,0,0,224010105
411003601,59,2,30100009,1,0,0,0,0,224010105
411003601,60,2,20060014,1,0,0,0,0,224010105
411003601,61,2,40020010,1,0,0,0,0,224010105
411003601,62,2,10090016,1,0,0,0,0,224010105
411003601,63,2,10030016,1,0,0,0,0,224010105
411003601,64,2,10050015,1,0,0,0,0,224010105
411003601,65,2,40070010,1,0,0,0,0,224010105
411003601,66,2,40080010,1,0,0,0,0,224010105
411003601,67,2,20010015,1,0,0,0,0,224010105
411003601,68,2,10010017,1,0,0,0,0,224010105
411003601,69,2,40090010,1,0,0,0,0,224010105
411003601,70,2,30070009,1,0,0,0,0,224010105
411003601,71,2,20060015,1,0,0,0,0,224010105
411003601,72,2,20080014,1,0,0,0,0,224010105
411003601,73,2,10060015,1,0,0,0,0,224010105
411003601,74,2,10070017,1,0,0,0,0,224010105
411003601,75,2,10030017,1,0,0,0,0,224010105
411003601,76,2,20020014,1,0,0,0,0,224010105
411003601,77,2,20090014,1,0,0,1,0,224010105
411003601,78,2,40040010,1,0,0,0,0,224010105
411003601,79,2,30110010,1,0,0,0,0,224010105
411003601,80,2,30120010,1,0,0,0,0,224010105
411003601,81,2,20040015,1,0,0,0,0,224010105
411003601,82,2,20070015,1,0,0,0,0,224010105
411003601,83,2,30100010,1,0,0,0,0,224010105
411003601,84,2,10020017,1,0,0,0,0,224010105
411003601,85,2,40070011,1,0,0,0,0,224010105
411003601,86,2,40030012,1,0,0,0,0,224010105
411003601,87,2,40060011,1,0,0,0,0,224010105
411003601,88,2,30050013,1,0,0,0,0,224010105
411003601,89,2,30070013,1,0,0,0,0,224010105
411003601,90,2,10050016,1,0,0,1,0,224010105
411003601,91,2,30090012,1,0,0,1,0,224010105
411003601,92,2,40050011,1,0,0,1,0,224010105
411003601,93,2,10040019,1,0,0,0,0,224010105
411003601,94,2,10090018,1,0,0,0,0,224010105
411003601,95,2,40010014,1,0,0,0,0,224010105
411003601,96,2,40020012,1,0,0,0,0,224010105
411003601,97,2,30110013,1,0,0,0,0,224010105
411003601,98,2,30060013,1,0,0,0,0,224010105
411003801,1,2,30010012,1,0,0,1,0,224011304
411003801,2,2,30020011,1,0,0,1,0,224011304
411003801,3,2,30030012,1,0,0,1,0,224011304
411003801,4,2,30040011,1,0,0,1,0,224011304
411003801,5,2,30050012,1,0,0,1,0,224011304
411003801,6,2,30060011,1,0,0,1,0,224011304
411003801,7,2,30070014,1,0,0,1,0,224011304
411003801,8,2,30080011,1,0,0,1,0,224011304
411003801,9,2,30090013,1,0,0,1,0,224011304
411003801,10,2,30100013,1,0,0,1,0,224011304
411003801,11,2,30110014,1,0,0,1,0,224011304
411003801,12,2,30120013,1,0,0,1,0,224011304
411003901,1,2,10010013,1,0,0,0,0,224030109
411003901,2,2,10020013,1,0,0,0,0,224030109
411003901,3,2,10030013,1,0,0,0,0,224030109
411003901,4,2,10040013,1,0,0,0,0,224030109
411003901,5,2,10050013,1,0,0,0,0,224030109
411003901,6,2,10060013,1,0,0,0,0,224030109
411003901,7,2,10070013,1,0,0,0,0,224030109
411003901,8,2,10080013,1,0,0,0,0,224030109
411003901,9,2,10090013,1,0,0,0,0,224030109
411003901,10,2,10010016,1,0,0,1,0,224030109
411003901,11,2,10020015,1,0,0,0,0,224030109
411003901,12,2,10030016,1,0,0,0,0,224030109
411003901,13,2,10050015,1,0,0,0,0,224030109
411003901,14,2,10060015,1,0,0,0,0,224030109
411003901,15,2,10070017,1,0,0,0,0,224030109
411003901,16,2,10040019,1,0,0,1,0,224030109
411003901,17,2,10090018,1,0,0,1,0,224030109
411003901,18,2,10030018,1,0,0,1,0,224030109
411003901,19,2,10060017,1,0,0,1,0,224030109
411004001,1,2,20010011,1,0,0,0,0,224030109
411004001,2,2,20020011,1,0,0,0,0,224030109
411004001,3,2,20030011,1,0,0,0,0,224030109
411004001,4,2,20040011,1,0,0,0,0,224030109
411004001,5,2,20050011,1,0,0,0,0,224030109
411004001,6,2,20060011,1,0,0,0,0,224030109
411004001,7,2,20070011,1,0,0,0,0,224030109
411004001,8,2,20080011,1,0,0,0,0,224030109
411004001,9,2,20090011,1,0,0,0,0,224030109
411004001,10,2,20010014,1,0,0,1,0,224030109
411004001,11,2,20020013,1,0,0,0,0,224030109
411004001,12,2,20030013,1,0,0,0,0,224030109
411004001,13,2,20040013,1,0,0,0,0,224030109
411004001,14,2,20060015,1,0,0,0,0,224030109
411004001,15,2,20080014,1,0,0,0,0,224030109
411004001,16,2,20040015,1,0,0,0,0,224030109
411004001,17,2,20070015,1,0,0,0,0,224030109
411004001,18,2,20050017,1,0,0,1,0,224030109
411004001,19,2,20090016,1,0,0,1,0,224030109
411004001,20,2,20020016,1,0,0,1,0,224030109
411004001,21,2,20060016,1,0,0,1,0,224030109
411004101,1,2,30010007,1,0,0,0,0,224030109
411004101,2,2,30020007,1,0,0,0,0,224030109
411004101,3,2,30030007,1,0,0,0,0,224030109
411004101,4,2,30040007,1,0,0,0,0,224030109
411004101,5,2,30050007,1,0,0,0,0,224030109
411004101,6,2,30060007,1,0,0,0,0,224030109
411004101,7,2,30070007,1,0,0,0,0,224030109
411004101,8,2,30080007,1,0,0,0,0,224030109
411004101,9,2,30090007,1,0,0,0,0,224030109
411004101,10,2,30100007,1,0,0,0,0,224030109
411004101,11,2,30110007,1,0,0,0,0,224030109
411004101,12,2,30120007,1,0,0,0,0,224030109
411004101,13,2,30060009,1,0,0,0,0,224030109
411004101,14,2,30080009,1,0,0,0,0,224030109
411004101,15,2,30010010,1,0,0,1,0,224030109
411004101,16,2,30100009,1,0,0,0,0,224030109
411004101,17,2,30110010,1,0,0,0,0,224030109
411004101,18,2,30120010,1,0,0,0,0,224030109
411004101,19,2,30050013,1,0,0,1,0,224030109
411004101,20,2,30070013,1,0,0,1,0,224030109
411004101,21,2,30030014,1,0,0,1,0,224030109
411004101,22,2,30040014,1,0,0,1,0,224030109
411004201,1,2,40010007,1,0,0,0,0,224030109
411004201,2,2,40020007,1,0,0,0,0,224030109
411004201,3,2,40030007,1,0,0,0,0,224030109
411004201,4,2,40040007,1,0,0,0,0,224030109
411004201,5,2,40050007,1,0,0,0,0,224030109
411004201,6,2,40060007,1,0,0,0,0,224030109
411004201,7,2,40070007,1,0,0,0,0,224030109
411004201,8,2,40080007,1,0,0,0,0,224030109
411004201,9,2,40090007,1,0,0,0,0,224030109
411004201,10,2,40020009,1,0,0,0,0,224030109
411004201,11,2,40090009,1,0,0,0,0,224030109
411004201,12,2,40040009,1,0,0,0,0,224030109
411004201,13,2,40050009,1,0,0,0,0,224030109
411004201,14,2,40070010,1,0,0,0,0,224030109
411004201,15,2,40080010,1,0,0,1,0,224030109
411004201,16,2,40030012,1,0,0,1,0,224030109
411004201,17,2,40060011,1,0,0,1,0,224030109
411004201,18,2,40010014,1,0,0,1,0,224030109
411004201,19,2,40020012,1,0,0,1,0,224030109
411004301,1,2,30030015,1,0,0,1,0,224031602
411004301,2,2,40060013,1,0,0,1,0,224031602
411004301,3,2,20050019,1,0,0,1,0,224031602
411004301,4,2,10060018,1,0,0,1,0,224031602
411004302,1,2,10010013,1,0,0,0,0,224031602
411004302,2,2,10020013,1,0,0,0,0,224031602
411004302,3,2,10030013,1,0,0,0,0,224031602
411004302,4,2,10040013,1,0,0,0,0,224031602
411004302,5,2,10050013,1,0,0,0,0,224031602
411004302,6,2,10060013,1,0,0,0,0,224031602
411004302,7,2,10070013,1,0,0,0,0,224031602
411004302,8,2,10080013,1,0,0,0,0,224031602
411004302,9,2,10090013,1,0,0,0,0,224031602
411004302,10,2,20010011,1,0,0,0,0,224031602
411004302,11,2,20020011,1,0,0,0,0,224031602
411004302,12,2,20030011,1,0,0,0,0,224031602
411004302,13,2,20040011,1,0,0,0,0,224031602
411004302,14,2,20050011,1,0,0,0,0,224031602
411004302,15,2,20060011,1,0,0,0,0,224031602
411004302,16,2,20070011,1,0,0,0,0,224031602
411004302,17,2,20080011,1,0,0,0,0,224031602
411004302,18,2,20090011,1,0,0,0,0,224031602
411004302,19,2,30010007,1,0,0,0,0,224031602
411004302,20,2,30020007,1,0,0,0,0,224031602
411004302,21,2,30030007,1,0,0,0,0,224031602
411004302,22,2,30040007,1,0,0,0,0,224031602
411004302,23,2,30050007,1,0,0,0,0,224031602
411004302,24,2,30060007,1,0,0,0,0,224031602
411004302,25,2,30070007,1,0,0,0,0,224031602
411004302,26,2,30080007,1,0,0,0,0,224031602
411004302,27,2,30090007,1,0,0,0,0,224031602
411004302,28,2,30100007,1,0,0,0,0,224031602
411004302,29,2,30110007,1,0,0,0,0,224031602
411004302,30,2,30120007,1,0,0,0,0,224031602
411004302,31,2,40010007,1,0,0,0,0,224031602
411004302,32,2,40020007,1,0,0,0,0,224031602
411004302,33,2,40030007,1,0,0,0,0,224031602
411004302,34,2,40040007,1,0,0,0,0,224031602
411004302,35,2,40050007,1,0,0,0,0,224031602
411004302,36,2,40060007,1,0,0,0,0,224031602
411004302,37,2,40070007,1,0,0,0,0,224031602
411004302,38,2,40080007,1,0,0,0,0,224031602
411004302,39,2,40090007,1,0,0,0,0,224031602
411004302,40,2,40020009,1,0,0,0,0,224031602
411004302,41,2,40090009,1,0,0,0,0,224031602
411004302,42,2,10010016,1,0,0,0,0,224031602
411004302,43,2,10020015,1,0,0,0,0,224031602
411004302,44,2,20010014,1,0,0,0,0,224031602
411004302,45,2,20020013,1,0,0,0,0,224031602
411004302,46,2,30060009,1,0,0,0,0,224031602
411004302,47,2,30080009,1,0,0,0,0,224031602
411004302,48,2,20030013,1,0,0,0,0,224031602
411004302,49,2,20040013,1,0,0,0,0,224031602
411004302,50,2,40040009,1,0,0,0,0,224031602
411004302,51,2,40050009,1,0,0,0,0,224031602
411004302,52,2,30010010,1,0,0,0,0,224031602
411004302,53,2,30100009,1,0,0,0,0,224031602
411004302,54,2,10030016,1,0,0,0,0,224031602
411004302,55,2,10050015,1,0,0,0,0,224031602
411004302,56,2,40070010,1,0,0,0,0,224031602
411004302,57,2,40080010,1,0,0,0,0,224031602
411004302,58,2,20060015,1,0,0,0,0,224031602
411004302,59,2,20080014,1,0,0,0,0,224031602
411004302,60,2,10060015,1,0,0,0,0,224031602
411004302,61,2,10070017,1,0,0,0,0,224031602
411004302,62,2,30110010,1,0,0,0,0,224031602
411004302,63,2,30120010,1,0,0,0,0,224031602
411004302,64,2,20040015,1,0,0,0,0,224031602
411004302,65,2,20070015,1,0,0,0,0,224031602
411004302,66,2,40030012,1,0,0,0,0,224031602
411004302,67,2,40060011,1,0,0,0,0,224031602
411004302,68,2,30050013,1,0,0,0,0,224031602
411004302,69,2,30070013,1,0,0,0,0,224031602
411004302,70,2,10040019,1,0,0,0,0,224031602
411004302,71,2,10090018,1,0,0,0,0,224031602
411004302,72,2,40010014,1,0,0,0,0,224031602
411004302,73,2,40020012,1,0,0,0,0,224031602
411004302,74,2,20050017,1,0,0,0,0,224031602
411004302,75,2,20090016,1,0,0,0,0,224031602
411004302,76,2,10030018,1,0,0,0,0,224031602
411004302,77,2,10060017,1,0,0,0,0,224031602
411004302,78,2,30030014,1,0,0,0,0,224031602
411004302,79,2,30040014,1,0,0,0,0,224031602
411004302,80,2,20020016,1,0,0,0,0,224031602
411004302,81,2,20060016,1,0,0,0,0,224031602
411004302,82,2,40050013,1,0,0,0,0,224031602
411004302,83,2,40070013,1,0,0,0,0,224031602
411004401,1,2,10040017,1,0,0,0,0,224032003
411004401,2,2,20050015,1,0,0,0,0,224032003
411004401,3,2,30070011,1,0,0,0,0,224032003
411004401,4,2,40030011,1,0,0,0,0,224032003
411004401,5,2,60010001,1,0,0,0,0,224032003
411004401,6,2,60020001,1,0,0,0,0,224032003
411004401,7,2,60030001,1,0,0,0,0,224032003
411004401,8,2,60040001,1,0,0,0,0,224032003
411004401,9,2,60050001,1,0,0,0,0,224032003
411004401,10,2,60060001,1,0,0,0,0,224032003
411004401,11,2,60070001,1,0,0,0,0,224032003
411004401,12,2,60080001,1,0,0,0,0,224032003
411004401,13,2,60090001,1,0,0,0,0,224032003
411004401,14,2,10010010,1,0,0,0,0,224032003
411004401,15,2,10010011,1,0,0,0,0,224032003
411004401,16,2,10010012,1,0,0,0,0,224032003
411004401,17,2,10020010,1,0,0,0,0,224032003
411004401,18,2,10020011,1,0,0,0,0,224032003
411004401,19,2,10020012,1,0,0,0,0,224032003
411004401,20,2,10030010,1,0,0,0,0,224032003
411004401,21,2,10030011,1,0,0,0,0,224032003
411004401,22,2,10030012,1,0,0,0,0,224032003
411004401,23,2,10040010,1,0,0,0,0,224032003
411004401,24,2,10040011,1,0,0,0,0,224032003
411004401,25,2,10040012,1,0,0,0,0,224032003
411004401,26,2,10050010,1,0,0,0,0,224032003
411004401,27,2,10050011,1,0,0,0,0,224032003
411004401,28,2,10050012,1,0,0,0,0,224032003
411004401,29,2,10060010,1,0,0,0,0,224032003
411004401,30,2,10060011,1,0,0,0,0,224032003
411004401,31,2,10060012,1,0,0,0,0,224032003
411004401,32,2,10070010,1,0,0,0,0,224032003
411004401,33,2,10070011,1,0,0,0,0,224032003
411004401,34,2,10070012,1,0,0,0,0,224032003
411004401,35,2,10080010,1,0,0,0,0,224032003
411004401,36,2,10080011,1,0,0,0,0,224032003
411004401,37,2,10080012,1,0,0,0,0,224032003
411004401,38,2,10090010,1,0,0,0,0,224032003
411004401,39,2,10090011,1,0,0,0,0,224032003
411004401,40,2,10090012,1,0,0,0,0,224032003
411004401,41,2,20010008,1,0,0,0,0,224032003
411004401,42,2,20010009,1,0,0,0,0,224032003
411004401,43,2,20010010,1,0,0,0,0,224032003
411004401,44,2,20020008,1,0,0,0,0,224032003
411004401,45,2,20020009,1,0,0,0,0,224032003
411004401,46,2,20020010,1,0,0,0,0,224032003
411004401,47,2,20030008,1,0,0,0,0,224032003
411004401,48,2,20030009,1,0,0,0,0,224032003
411004401,49,2,20030010,1,0,0,0,0,224032003
411004401,50,2,20040008,1,0,0,0,0,224032003
411004401,51,2,20040009,1,0,0,0,0,224032003
411004401,52,2,20040010,1,0,0,0,0,224032003
411004401,53,2,20050008,1,0,0,0,0,224032003
411004401,54,2,20050009,1,0,0,0,0,224032003
411004401,55,2,20050010,1,0,0,0,0,224032003
411004401,56,2,20060008,1,0,0,0,0,224032003
411004401,57,2,20060009,1,0,0,0,0,224032003
411004401,58,2,20060010,1,0,0,0,0,224032003
411004401,59,2,20070008,1,0,0,0,0,224032003
411004401,60,2,20070009,1,0,0,0,0,224032003
411004401,61,2,20070010,1,0,0,0,0,224032003
411004401,62,2,20080008,1,0,0,0,0,224032003
411004401,63,2,20080009,1,0,0,0,0,224032003
411004401,64,2,20080010,1,0,0,0,0,224032003
411004401,65,2,20090008,1,0,0,0,0,224032003
411004401,66,2,20090009,1,0,0,0,0,224032003
411004401,67,2,20090010,1,0,0,0,0,224032003
411004401,68,2,30010004,1,0,0,0,0,224032003
411004401,69,2,30010005,1,0,0,0,0,224032003
411004401,70,2,30010006,1,0,0,0,0,224032003
411004401,71,2,30020004,1,0,0,0,0,224032003
411004401,72,2,30020005,1,0,0,0,0,224032003
411004401,73,2,30020006,1,0,0,0,0,224032003
411004401,74,2,30030004,1,0,0,0,0,224032003
411004401,75,2,30030005,1,0,0,0,0,224032003
411004401,76,2,30030006,1,0,0,0,0,224032003
411004401,77,2,30040004,1,0,0,0,0,224032003
411004401,78,2,30040005,1,0,0,0,0,224032003
411004401,79,2,30040006,1,0,0,0,0,224032003
411004401,80,2,30050004,1,0,0,0,0,224032003
411004401,81,2,30050005,1,0,0,0,0,224032003
411004401,82,2,30050006,1,0,0,0,0,224032003
411004401,83,2,30060004,1,0,0,0,0,224032003
411004401,84,2,30060005,1,0,0,0,0,224032003
411004401,85,2,30060006,1,0,0,0,0,224032003
411004401,86,2,30070004,1,0,0,0,0,224032003
411004401,87,2,30070005,1,0,0,0,0,224032003
411004401,88,2,30070006,1,0,0,0,0,224032003
411004401,89,2,30080004,1,0,0,0,0,224032003
411004401,90,2,30080005,1,0,0,0,0,224032003
411004401,91,2,30080006,1,0,0,0,0,224032003
411004401,92,2,30090004,1,0,0,0,0,224032003
411004401,93,2,30090005,1,0,0,0,0,224032003
411004401,94,2,30090006,1,0,0,0,0,224032003
411004401,95,2,30100004,1,0,0,0,0,224032003
411004401,96,2,30100005,1,0,0,0,0,224032003
411004401,97,2,30100006,1,0,0,0,0,224032003
411004401,98,2,30110004,1,0,0,0,0,224032003
411004401,99,2,30110005,1,0,0,0,0,224032003
411004401,100,2,30110006,1,0,0,0,0,224032003
411004401,101,2,30120004,1,0,0,0,0,224032003
411004401,102,2,30120005,1,0,0,0,0,224032003
411004401,103,2,30120006,1,0,0,0,0,224032003
411004401,104,2,40010004,1,0,0,0,0,224032003
411004401,105,2,40010005,1,0,0,0,0,224032003
411004401,106,2,40010006,1,0,0,0,0,224032003
411004401,107,2,40020004,1,0,0,0,0,224032003
411004401,108,2,40020005,1,0,0,0,0,224032003
411004401,109,2,40020006,1,0,0,0,0,224032003
411004401,110,2,40030004,1,0,0,0,0,224032003
411004401,111,2,40030005,1,0,0,0,0,224032003
411004401,112,2,40030006,1,0,0,0,0,224032003
411004401,113,2,40040004,1,0,0,0,0,224032003
411004401,114,2,40040005,1,0,0,0,0,224032003
411004401,115,2,40040006,1,0,0,0,0,224032003
411004401,116,2,40050004,1,0,0,0,0,224032003
411004401,117,2,40050005,1,0,0,0,0,224032003
411004401,118,2,40050006,1,0,0,0,0,224032003
411004401,119,2,40060004,1,0,0,0,0,224032003
411004401,120,2,40060005,1,0,0,0,0,224032003
411004401,121,2,40060006,1,0,0,0,0,224032003
411004401,122,2,40070004,1,0,0,0,0,224032003
411004401,123,2,40070005,1,0,0,0,0,224032003
411004401,124,2,40070006,1,0,0,0,0,224032003
411004401,125,2,40080004,1,0,0,0,0,224032003
411004401,126,2,40080005,1,0,0,0,0,224032003
411004401,127,2,40080006,1,0,0,0,0,224032003
411004401,128,2,40090004,1,0,0,0,0,224032003
411004401,129,2,40090005,1,0,0,0,0,224032003
411004401,130,2,40090006,1,0,0,0,0,224032003
411004401,131,2,40100001,1,0,0,0,0,224032003
411004401,132,2,40110001,1,0,0,0,0,224032003
411004402,1,2,40010010,1,0,0,0,0,224032003
411004402,2,2,30050009,1,0,0,0,0,224032003
411004402,3,2,10070015,1,0,0,0,0,224032003
411004402,4,2,20080013,1,0,0,0,0,224032003
411004402,5,2,40080009,1,0,0,0,0,224032003
411004402,6,2,30040009,1,0,0,0,0,224032003
411004402,7,2,20060014,1,0,0,0,0,224032003
411004402,8,2,40020010,1,0,0,0,0,224032003
411004402,9,2,10090016,1,0,0,0,0,224032003
411004402,10,2,20010015,1,0,0,0,0,224032003
411004402,11,2,10010017,1,0,0,0,0,224032003
411004402,12,2,40090010,1,0,0,0,0,224032003
411004402,13,2,30070009,1,0,0,0,0,224032003
411004402,14,2,10030017,1,0,0,0,0,224032003
411004402,15,2,20020014,1,0,0,0,0,224032003
411004402,16,2,20090014,1,0,0,0,0,224032003
411004402,17,2,40040010,1,0,0,0,0,224032003
411004402,18,2,30100010,1,0,0,0,0,224032003
411004402,19,2,10020017,1,0,0,0,0,224032003
411004402,20,2,40070011,1,0,0,0,0,224032003
411004402,21,2,10050016,1,0,0,0,0,224032003
411004402,22,2,30090012,1,0,0,0,0,224032003
411004402,23,2,40050011,1,0,0,0,0,224032003
411004402,24,2,30110013,1,0,0,0,0,224032003
411004402,25,2,30060013,1,0,0,0,0,224032003
411004402,26,2,40110002,1,0,0,0,0,224032003
411004402,27,2,20040016,1,0,0,0,0,224032003
411004402,28,2,10080017,1,0,0,0,0,224032003
411004402,29,2,40100002,1,0,0,0,0,224032003
411004402,30,2,30020014,1,0,0,0,0,224032003
411004402,31,2,30080014,1,0,0,0,0,224032003
411004402,32,2,20030016,1,0,0,0,0,224032003
411004402,33,2,30120014,1,0,0,0,0,224032003
411004402,34,2,40030014,1,0,0,1,0,224032003
411004402,35,2,30010018,1,0,0,1,0,224032003
411004402,36,2,20070016,1,0,0,1,0,224032003
411004402,37,2,10040020,1,0,0,1,0,224032003
411004402,38,2,30030015,1,0,0,0,0,224032003
411004402,39,2,40060013,1,0,0,0,0,224032003
411004402,40,2,20050019,1,0,0,0,0,224032003
411004402,41,2,10060018,1,0,0,0,0,224032003
411004402,42,2,30010012,1,0,0,0,0,224032003
411004402,43,2,30020011,1,0,0,0,0,224032003
411004402,44,2,30030012,1,0,0,0,0,224032003
411004402,45,2,30040011,1,0,0,0,0,224032003
411004402,46,2,30050012,1,0,0,0,0,224032003
411004402,47,2,30060011,1,0,0,0,0,224032003
411004402,48,2,30070014,1,0,0,0,0,224032003
411004402,49,2,30080011,1,0,0,0,0,224032003
411004402,50,2,30090013,1,0,0,0,0,224032003
411004402,51,2,30100013,1,0,0,0,0,224032003
411004402,52,2,30110014,1,0,0,0,0,224032003
411004402,53,2,30120013,1,0,0,0,0,224032003
411004402,54,2,10010013,1,0,0,0,0,224032003
411004402,55,2,10020013,1,0,0,0,0,224032003
411004402,56,2,10030013,1,0,0,0,0,224032003
411004402,57,2,10040013,1,0,0,0,0,224032003
411004402,58,2,10050013,1,0,0,0,0,224032003
411004402,59,2,10060013,1,0,0,0,0,224032003
411004402,60,2,10070013,1,0,0,0,0,224032003
411004402,61,2,10080013,1,0,0,0,0,224032003
411004402,62,2,10090013,1,0,0,0,0,224032003
411004402,63,2,20010011,1,0,0,0,0,224032003
411004402,64,2,20020011,1,0,0,0,0,224032003
411004402,65,2,20030011,1,0,0,0,0,224032003
411004402,66,2,20040011,1,0,0,0,0,224032003
411004402,67,2,20050011,1,0,0,0,0,224032003
411004402,68,2,20060011,1,0,0,0,0,224032003
411004402,69,2,20070011,1,0,0,0,0,224032003
411004402,70,2,20080011,1,0,0,0,0,224032003
411004402,71,2,20090011,1,0,0,0,0,224032003
411004402,72,2,30010007,1,0,0,0,0,224032003
411004402,73,2,30020007,1,0,0,0,0,224032003
411004402,74,2,30030007,1,0,0,0,0,224032003
411004402,75,2,30040007,1,0,0,0,0,224032003
411004402,76,2,30050007,1,0,0,0,0,224032003
411004402,77,2,30060007,1,0,0,0,0,224032003
411004402,78,2,30070007,1,0,0,0,0,224032003
411004402,79,2,30080007,1,0,0,0,0,224032003
411004402,80,2,30090007,1,0,0,0,0,224032003
411004402,81,2,30100007,1,0,0,0,0,224032003
411004402,82,2,30110007,1,0,0,0,0,224032003
411004402,83,2,30120007,1,0,0,0,0,224032003
411004402,84,2,40010007,1,0,0,0,0,224032003
411004402,85,2,40020007,1,0,0,0,0,224032003
411004402,86,2,40030007,1,0,0,0,0,224032003
411004402,87,2,40040007,1,0,0,0,0,224032003
411004402,88,2,40050007,1,0,0,0,0,224032003
411004402,89,2,40060007,1,0,0,0,0,224032003
411004402,90,2,40070007,1,0,0,0,0,224032003
411004402,91,2,40080007,1,0,0,0,0,224032003
411004402,92,2,40090007,1,0,0,0,0,224032003
411004402,93,2,40020009,1,0,0,0,0,224032003
411004402,94,2,40090009,1,0,0,0,0,224032003
411004402,95,2,10010016,1,0,0,0,0,224032003
411004402,96,2,10020015,1,0,0,0,0,224032003
411004402,97,2,20010014,1,0,0,0,0,224032003
411004402,98,2,20020013,1,0,0,0,0,224032003
411004402,99,2,30060009,1,0,0,0,0,224032003
411004402,100,2,30080009,1,0,0,0,0,224032003
411004402,101,2,20030013,1,0,0,0,0,224032003
411004402,102,2,20040013,1,0,0,0,0,224032003
411004402,103,2,40040009,1,0,0,0,0,224032003
411004402,104,2,40050009,1,0,0,0,0,224032003
411004402,105,2,30010010,1,0,0,0,0,224032003
411004402,106,2,30100009,1,0,0,0,0,224032003
411004402,107,2,10030016,1,0,0,0,0,224032003
411004402,108,2,10050015,1,0,0,0,0,224032003
411004402,109,2,40070010,1,0,0,0,0,224032003
411004402,110,2,40080010,1,0,0,0,0,224032003
411004402,111,2,20060015,1,0,0,0,0,224032003
411004402,112,2,20080014,1,0,0,0,0,224032003
411004402,113,2,10060015,1,0,0,0,0,224032003
411004402,114,2,10070017,1,0,0,0,0,224032003
411004402,115,2,30110010,1,0,0,0,0,224032003
411004402,116,2,30120010,1,0,0,0,0,224032003
411004402,117,2,20040015,1,0,0,0,0,224032003
411004402,118,2,20070015,1,0,0,0,0,224032003
411004402,119,2,40030012,1,0,0,0,0,224032003
411004402,120,2,40060011,1,0,0,0,0,224032003
411004402,121,2,30050013,1,0,0,0,0,224032003
411004402,122,2,30070013,1,0,0,0,0,224032003
411004402,123,2,10040019,1,0,0,0,0,224032003
411004402,124,2,10090018,1,0,0,0,0,224032003
411004402,125,2,40010014,1,0,0,0,0,224032003
411004402,126,2,40020012,1,0,0,0,0,224032003
411004402,127,2,20050017,1,0,0,0,0,224032003
411004402,128,2,20090016,1,0,0,0,0,224032003
411004402,129,2,10030018,1,0,0,1,0,224032003
411004402,130,2,10060017,1,0,0,0,0,224032003
411004402,131,2,30030014,1,0,0,0,0,224032003
411004402,132,2,30040014,1,0,0,1,0,224032003
411004402,133,2,20020016,1,0,0,0,0,224032003
411004402,134,2,20060016,1,0,0,1,0,224032003
411004402,135,2,40050013,1,0,0,1,0,224032003
411004402,136,2,40070013,1,0,0,0,0,224032003
711000201,1,2,10010013,1,0,0,1,0,223043003
711000201,2,2,10020013,1,0,0,0,0,223043003
711000201,3,2,10030013,1,0,0,0,0,223043003
711000201,4,2,10040013,1,0,0,0,0,223043003
711000201,5,2,10050013,1,0,0,0,0,223043003
711000201,6,2,10060013,1,0,0,0,0,223043003
711000201,7,2,10070013,1,0,0,0,0,223043003
711000201,8,2,10080013,1,0,0,0,0,223043003
711000201,9,2,10090013,1,0,0,0,0,223043003
711000201,10,2,20010011,1,0,0,1,0,223043003
711000201,11,2,20020011,1,0,0,0,0,223043003
711000201,12,2,20030011,1,0,0,0,0,223043003
711000201,13,2,20040011,1,0,0,0,0,223043003
711000201,14,2,20050011,1,0,0,0,0,223043003
711000201,15,2,20060011,1,0,0,0,0,223043003
711000201,16,2,20070011,1,0,0,0,0,223043003
711000201,17,2,20080011,1,0,0,0,0,223043003
711000201,18,2,20090011,1,0,0,0,0,223043003
711000201,19,2,30010007,1,0,0,1,0,223043003
711000201,20,2,30020007,1,0,0,0,0,223043003
711000201,21,2,30030007,1,0,0,0,0,223043003
711000201,22,2,30040007,1,0,0,0,0,223043003
711000201,23,2,30050007,1,0,0,0,0,223043003
711000201,24,2,30060007,1,0,0,0,0,223043003
711000201,25,2,30070007,1,0,0,0,0,223043003
711000201,26,2,30080007,1,0,0,0,0,223043003
711000201,27,2,30090007,1,0,0,0,0,223043003
711000201,28,2,30100007,1,0,0,0,0,223043003
711000201,29,2,30110007,1,0,0,0,0,223043003
711000201,30,2,30120007,1,0,0,0,0,223043003
711000201,31,2,40010007,1,0,0,1,0,223043003
711000201,32,2,40020007,1,0,0,0,0,223043003
711000201,33,2,40030007,1,0,0,0,0,223043003
711000201,34,2,40040007,1,0,0,0,0,223043003
711000201,35,2,40050007,1,0,0,0,0,223043003
711000201,36,2,40060007,1,0,0,0,0,223043003
711000201,37,2,40070007,1,0,0,0,0,223043003
711000201,38,2,40080007,1,0,0,0,0,223043003
711000201,39,2,40090007,1,0,0,0,0,223043003
110121001,1,3,16005001,20,0,0,0,0,1
110121002,1,3,16005002,8,0,0,0,0,1
110121003,1,3,16005003,1,0,0,0,0,1
110121004,1,3,17001001,18,0,0,0,0,1
110121005,1,3,17001002,3,0,0,0,0,1
110121006,1,3,19100001,10,0,0,0,0,1
110121007,1,3,20000001,1,0,0,0,0,1
110121008,1,4,1,35000,0,0,0,0,1
911000101,1,2,10010013,1,0,0,1,0,1
911000201,1,2,10020013,1,0,0,1,0,1
911000301,1,2,10030013,1,0,0,1,0,1
911000401,1,2,10040013,1,0,0,1,0,1
911000501,1,2,10050013,1,0,0,1,0,1
911000601,1,2,10060013,1,0,0,1,0,1
911000701,1,2,10070013,1,0,0,1,0,1
911000801,1,2,10080013,1,0,0,1,0,1
911000901,1,2,10090013,1,0,0,1,0,1
911001001,1,2,20010011,1,0,0,1,0,1
911001101,1,2,20020011,1,0,0,1,0,1
911001201,1,2,20030011,1,0,0,1,0,1
911001301,1,2,20040011,1,0,0,1,0,1
911001401,1,2,20050011,1,0,0,1,0,1
911001501,1,2,20060011,1,0,0,1,0,1
911001601,1,2,20070011,1,0,0,1,0,1
911001701,1,2,20080011,1,0,0,1,0,1
911001801,1,2,20090011,1,0,0,1,0,1
911001901,1,2,30010007,1,0,0,1,0,1
911002001,1,2,30020007,1,0,0,1,0,1
911002101,1,2,30030007,1,0,0,1,0,1
911002201,1,2,30040007,1,0,0,1,0,1
911002301,1,2,30050007,1,0,0,1,0,1
911002401,1,2,30060007,1,0,0,1,0,1
911002501,1,2,30070007,1,0,0,1,0,1
911002601,1,2,30080007,1,0,0,1,0,1
911002701,1,2,30090007,1,0,0,1,0,1
911002801,1,2,30100007,1,0,0,1,0,1
911002901,1,2,30110007,1,0,0,1,0,1
911003001,1,2,30120007,1,0,0,1,0,1
911003101,1,2,40010007,1,0,0,1,0,1
911003201,1,2,40020007,1,0,0,1,0,1
911003301,1,2,40030007,1,0,0,1,0,1
911003401,1,2,40040007,1,0,0,1,0,1
911003501,1,2,40050007,1,0,0,1,0,1
911003601,1,2,40060007,1,0,0,1,0,1
911003701,1,2,40070007,1,0,0,1,0,1
911003801,1,2,40080007,1,0,0,1,0,1
911003901,1,2,40090007,1,0,0,1,0,1
300001,1,2,10010013,1,0,0,0,0,1
300001,2,2,10020013,1,0,0,0,0,1
300001,3,2,10030013,1,0,0,0,0,1
300001,4,2,10040013,1,0,0,0,0,1
300001,5,2,10050013,1,0,0,0,0,1
300001,6,2,10060013,1,0,0,0,0,1
300001,7,2,10070013,1,0,0,0,0,1
300001,8,2,10080013,1,0,0,0,0,1
300001,9,2,10090013,1,0,0,0,0,1
300001,10,2,20010011,1,0,0,0,0,1
300001,11,2,20020011,1,0,0,0,0,1
300001,12,2,20030011,1,0,0,0,0,1
300001,13,2,20040011,1,0,0,0,0,1
300001,14,2,20050011,1,0,0,0,0,1
300001,15,2,20060011,1,0,0,0,0,1
300001,16,2,20070011,1,0,0,0,0,1
300001,17,2,20080011,1,0,0,0,0,1
300001,18,2,20090011,1,0,0,0,0,1
300001,19,2,30010007,1,0,0,0,0,1
300001,20,2,30020007,1,0,0,0,0,1
300001,21,2,30030007,1,0,0,0,0,1
300001,22,2,30040007,1,0,0,0,0,1
300001,23,2,30050007,1,0,0,0,0,1
300001,24,2,30060007,1,0,0,0,0,1
300001,25,2,30070007,1,0,0,0,0,1
300001,26,2,30080007,1,0,0,0,0,1
300001,27,2,30090007,1,0,0,0,0,1
300001,28,2,30100007,1,0,0,0,0,1
300001,29,2,30110007,1,0,0,0,0,1
300001,30,2,30120007,1,0,0,0,0,1
300001,31,2,40010007,1,0,0,0,0,1
300001,32,2,40020007,1,0,0,0,0,1
300001,33,2,40030007,1,0,0,0,0,1
300001,34,2,40040007,1,0,0,0,0,1
300001,35,2,40050007,1,0,0,0,0,1
300001,36,2,40060007,1,0,0,0,0,1
300001,37,2,40070007,1,0,0,0,0,1
300001,38,2,40080007,1,0,0,0,0,1
300001,39,2,40090007,1,0,0,0,0,1
301001,1,2,10010013,1,0,0,0,0,1
301001,2,2,10020013,1,0,0,0,0,1
301001,3,2,10030013,1,0,0,0,0,1
301001,4,2,10040013,1,0,0,0,0,1
301001,5,2,10050013,1,0,0,0,0,1
301001,6,2,10060013,1,0,0,0,0,1
301001,7,2,10070013,1,0,0,0,0,1
301001,8,2,10080013,1,0,0,0,0,1
301001,9,2,10090013,1,0,0,0,0,1
302001,1,2,20010011,1,0,0,0,0,1
302001,2,2,20020011,1,0,0,0,0,1
302001,3,2,20030011,1,0,0,0,0,1
302001,4,2,20040011,1,0,0,0,0,1
302001,5,2,20050011,1,0,0,0,0,1
302001,6,2,20060011,1,0,0,0,0,1
302001,7,2,20070011,1,0,0,0,0,1
302001,8,2,20080011,1,0,0,0,0,1
302001,9,2,20090011,1,0,0,1,0,1
303001,1,2,30010007,1,0,0,0,0,1
303001,2,2,30020007,1,0,0,0,0,1
303001,3,2,30030007,1,0,0,0,0,1
303001,4,2,30040007,1,0,0,0,0,1
303001,5,2,30050007,1,0,0,0,0,1
303001,6,2,30060007,1,0,0,0,0,1
303001,7,2,30070007,1,0,0,0,0,1
303001,8,2,30080007,1,0,0,0,0,1
303001,9,2,30090007,1,0,0,0,0,1
303001,10,2,30100007,1,0,0,0,0,1
303001,11,2,30110007,1,0,0,0,0,1
303001,12,2,30120007,1,0,0,0,0,1
304001,1,2,40010007,1,0,0,0,0,1
304001,2,2,40020007,1,0,0,0,0,1
304001,3,2,40030007,1,0,0,0,0,1
304001,4,2,40040007,1,0,0,0,0,1
304001,5,2,40050007,1,0,0,0,0,1
304001,6,2,40060007,1,0,0,0,0,1
304001,7,2,40070007,1,0,0,0,0,1
304001,8,2,40080007,1,0,0,0,0,1
304001,9,2,40090007,1,0,0,0,0,1
200001,1,2,10010010,1,0,0,0,0,1
200001,2,2,10010011,1,0,0,0,0,1
200001,3,2,10010012,1,0,0,0,0,1
200001,4,2,10020010,1,0,0,0,0,1
200001,5,2,10020011,1,0,0,0,0,1
200001,6,2,10020012,1,0,0,0,0,1
200001,7,2,10030010,1,0,0,0,0,1
200001,8,2,10030011,1,0,0,0,0,1
200001,9,2,10030012,1,0,0,0,0,1
200001,10,2,10040010,1,0,0,0,0,1
200001,11,2,10040011,1,0,0,0,0,1
200001,12,2,10040012,1,0,0,0,0,1
200001,13,2,10050010,1,0,0,0,0,1
200001,14,2,10050011,1,0,0,0,0,1
200001,15,2,10050012,1,0,0,0,0,1
200001,16,2,10060010,1,0,0,0,0,1
200001,17,2,10060011,1,0,0,0,0,1
200001,18,2,10060012,1,0,0,0,0,1
200001,19,2,10070010,1,0,0,0,0,1
200001,20,2,10070011,1,0,0,0,0,1
200001,21,2,10070012,1,0,0,0,0,1
200001,22,2,10080010,1,0,0,0,0,1
200001,23,2,10080011,1,0,0,0,0,1
200001,24,2,10080012,1,0,0,0,0,1
200001,25,2,10090010,1,0,0,0,0,1
200001,26,2,10090011,1,0,0,0,0,1
200001,27,2,10090012,1,0,0,0,0,1
200001,28,2,20010008,1,0,0,0,0,1
200001,29,2,20010009,1,0,0,0,0,1
200001,30,2,20010010,1,0,0,0,0,1
200001,31,2,20020008,1,0,0,0,0,1
200001,32,2,20020009,1,0,0,0,0,1
200001,33,2,20020010,1,0,0,0,0,1
200001,34,2,20030008,1,0,0,0,0,1
200001,35,2,20030009,1,0,0,0,0,1
200001,36,2,20030010,1,0,0,0,0,1
200001,37,2,20040008,1,0,0,0,0,1
200001,38,2,20040009,1,0,0,0,0,1
200001,39,2,20040010,1,0,0,0,0,1
200001,40,2,20050008,1,0,0,0,0,1
200001,41,2,20050009,1,0,0,0,0,1
200001,42,2,20050010,1,0,0,0,0,1
200001,43,2,20060008,1,0,0,0,0,1
200001,44,2,20060009,1,0,0,0,0,1
200001,45,2,20060010,1,0,0,0,0,1
200001,46,2,20070008,1,0,0,0,0,1
200001,47,2,20070009,1,0,0,0,0,1
200001,48,2,20070010,1,0,0,0,0,1
200001,49,2,20080008,1,0,0,0,0,1
200001,50,2,20080009,1,0,0,0,0,1
200001,51,2,20080010,1,0,0,0,0,1
200001,52,2,20090008,1,0,0,0,0,1
200001,53,2,20090009,1,0,0,0,0,1
200001,54,2,20090010,1,0,0,0,0,1
200001,55,2,30010004,1,0,0,0,0,1
200001,56,2,30010005,1,0,0,0,0,1
200001,57,2,30010006,1,0,0,0,0,1
200001,58,2,30020004,1,0,0,0,0,1
200001,59,2,30020005,1,0,0,0,0,1
200001,60,2,30020006,1,0,0,0,0,1
200001,61,2,30030004,1,0,0,0,0,1
200001,62,2,30030005,1,0,0,0,0,1
200001,63,2,30030006,1,0,0,0,0,1
200001,64,2,30040004,1,0,0,0,0,1
200001,65,2,30040005,1,0,0,0,0,1
200001,66,2,30040006,1,0,0,0,0,1
200001,67,2,30050004,1,0,0,0,0,1
200001,68,2,30050005,1,0,0,0,0,1
200001,69,2,30050006,1,0,0,0,0,1
200001,70,2,30060004,1,0,0,0,0,1
200001,71,2,30060005,1,0,0,0,0,1
200001,72,2,30060006,1,0,0,0,0,1
200001,73,2,30070004,1,0,0,0,0,1
200001,74,2,30070005,1,0,0,0,0,1
200001,75,2,30070006,1,0,0,0,0,1
200001,76,2,30080004,1,0,0,0,0,1
200001,77,2,30080005,1,0,0,0,0,1
200001,78,2,30080006,1,0,0,0,0,1
200001,79,2,30090004,1,0,0,0,0,1
200001,80,2,30090005,1,0,0,0,0,1
200001,81,2,30090006,1,0,0,0,0,1
200001,82,2,30100004,1,0,0,0,0,1
200001,83,2,30100005,1,0,0,0,0,1
200001,84,2,30100006,1,0,0,0,0,1
200001,85,2,30110004,1,0,0,0,0,1
200001,86,2,30110005,1,0,0,0,0,1
200001,87,2,30110006,1,0,0,0,0,1
200001,88,2,30120004,1,0,0,0,0,1
200001,89,2,30120005,1,0,0,0,0,1
200001,90,2,30120006,1,0,0,0,0,1
200001,91,2,40010004,1,0,0,0,0,1
200001,92,2,40010005,1,0,0,0,0,1
200001,93,2,40010006,1,0,0,0,0,1
200001,94,2,40020004,1,0,0,0,0,1
200001,95,2,40020005,1,0,0,0,0,1
200001,96,2,40020006,1,0,0,0,0,1
200001,97,2,40030004,1,0,0,0,0,1
200001,98,2,40030005,1,0,0,0,0,1
200001,99,2,40030006,1,0,0,0,0,1
200001,100,2,40040004,1,0,0,0,0,1
200001,101,2,40040005,1,0,0,0,0,1
200001,102,2,40040006,1,0,0,0,0,1
200001,103,2,40050004,1,0,0,0,0,1
200001,104,2,40050005,1,0,0,0,0,1
200001,105,2,40050006,1,0,0,0,0,1
200001,106,2,40060004,1,0,0,0,0,1
200001,107,2,40060005,1,0,0,0,0,1
200001,108,2,40060006,1,0,0,0,0,1
200001,109,2,40070004,1,0,0,0,0,1
200001,110,2,40070005,1,0,0,0,0,1
200001,111,2,40070006,1,0,0,0,0,1
200001,112,2,40080004,1,0,0,0,0,1
200001,113,2,40080005,1,0,0,0,0,1
200001,114,2,40080006,1,0,0,0,0,1
200001,115,2,40090004,1,0,0,0,0,1
200001,116,2,40090005,1,0,0,0,0,1
200001,117,2,40090006,1,0,0,0,0,1
200002,1,2,10010010,1,0,0,0,0,223121510
200002,2,2,10010011,1,0,0,0,0,223121510
200002,3,2,10010012,1,0,0,0,0,223121510
200002,4,2,10020010,1,0,0,0,0,223121510
200002,5,2,10020011,1,0,0,0,0,223121510
200002,6,2,10020012,1,0,0,0,0,223121510
200002,7,2,10030010,1,0,0,0,0,223121510
200002,8,2,10030011,1,0,0,0,0,223121510
200002,9,2,10030012,1,0,0,0,0,223121510
200002,10,2,10040010,1,0,0,0,0,223121510
200002,11,2,10040011,1,0,0,0,0,223121510
200002,12,2,10040012,1,0,0,0,0,223121510
200002,13,2,10050010,1,0,0,0,0,223121510
200002,14,2,10050011,1,0,0,0,0,223121510
200002,15,2,10050012,1,0,0,0,0,223121510
200002,16,2,10060010,1,0,0,0,0,223121510
200002,17,2,10060011,1,0,0,0,0,223121510
200002,18,2,10060012,1,0,0,0,0,223121510
200002,19,2,10070010,1,0,0,0,0,223121510
200002,20,2,10070011,1,0,0,0,0,223121510
200002,21,2,10070012,1,0,0,0,0,223121510
200002,22,2,10080010,1,0,0,0,0,223121510
200002,23,2,10080011,1,0,0,0,0,223121510
200002,24,2,10080012,1,0,0,0,0,223121510
200002,25,2,10090010,1,0,0,0,0,223121510
200002,26,2,10090011,1,0,0,0,0,223121510
200002,27,2,10090012,1,0,0,0,0,223121510
200002,28,2,20010008,1,0,0,0,0,223121510
200002,29,2,20010009,1,0,0,0,0,223121510
200002,30,2,20010010,1,0,0,0,0,223121510
200002,31,2,20020008,1,0,0,0,0,223121510
200002,32,2,20020009,1,0,0,0,0,223121510
200002,33,2,20020010,1,0,0,0,0,223121510
200002,34,2,20030008,1,0,0,0,0,223121510
200002,35,2,20030009,1,0,0,0,0,223121510
200002,36,2,20030010,1,0,0,0,0,223121510
200002,37,2,20040008,1,0,0,0,0,223121510
200002,38,2,20040009,1,0,0,0,0,223121510
200002,39,2,20040010,1,0,0,0,0,223121510
200002,40,2,20050008,1,0,0,0,0,223121510
200002,41,2,20050009,1,0,0,0,0,223121510
200002,42,2,20050010,1,0,0,0,0,223121510
200002,43,2,20060008,1,0,0,0,0,223121510
200002,44,2,20060009,1,0,0,0,0,223121510
200002,45,2,20060010,1,0,0,0,0,223121510
200002,46,2,20070008,1,0,0,0,0,223121510
200002,47,2,20070009,1,0,0,0,0,223121510
200002,48,2,20070010,1,0,0,0,0,223121510
200002,49,2,20080008,1,0,0,0,0,223121510
200002,50,2,20080009,1,0,0,0,0,223121510
200002,51,2,20080010,1,0,0,0,0,223121510
200002,52,2,20090008,1,0,0,0,0,223121510
200002,53,2,20090009,1,0,0,0,0,223121510
200002,54,2,20090010,1,0,0,0,0,223121510
200002,55,2,30010004,1,0,0,0,0,223121510
200002,56,2,30010005,1,0,0,0,0,223121510
200002,57,2,30010006,1,0,0,0,0,223121510
200002,58,2,30020004,1,0,0,0,0,223121510
200002,59,2,30020005,1,0,0,0,0,223121510
200002,60,2,30020006,1,0,0,0,0,223121510
200002,61,2,30030004,1,0,0,0,0,223121510
200002,62,2,30030005,1,0,0,0,0,223121510
200002,63,2,30030006,1,0,0,0,0,223121510
200002,64,2,30040004,1,0,0,0,0,223121510
200002,65,2,30040005,1,0,0,0,0,223121510
200002,66,2,30040006,1,0,0,0,0,223121510
200002,67,2,30050004,1,0,0,0,0,223121510
200002,68,2,30050005,1,0,0,0,0,223121510
200002,69,2,30050006,1,0,0,0,0,223121510
200002,70,2,30060004,1,0,0,0,0,223121510
200002,71,2,30060005,1,0,0,0,0,223121510
200002,72,2,30060006,1,0,0,0,0,223121510
200002,73,2,30070004,1,0,0,0,0,223121510
200002,74,2,30070005,1,0,0,0,0,223121510
200002,75,2,30070006,1,0,0,0,0,223121510
200002,76,2,30080004,1,0,0,0,0,223121510
200002,77,2,30080005,1,0,0,0,0,223121510
200002,78,2,30080006,1,0,0,0,0,223121510
200002,79,2,30090004,1,0,0,0,0,223121510
200002,80,2,30090005,1,0,0,0,0,223121510
200002,81,2,30090006,1,0,0,0,0,223121510
200002,82,2,30100004,1,0,0,0,0,223121510
200002,83,2,30100005,1,0,0,0,0,223121510
200002,84,2,30100006,1,0,0,0,0,223121510
200002,85,2,30110004,1,0,0,0,0,223121510
200002,86,2,30110005,1,0,0,0,0,223121510
200002,87,2,30110006,1,0,0,0,0,223121510
200002,88,2,30120004,1,0,0,0,0,223121510
200002,89,2,30120005,1,0,0,0,0,223121510
200002,90,2,30120006,1,0,0,0,0,223121510
200002,91,2,40010004,1,0,0,0,0,223121510
200002,92,2,40010005,1,0,0,0,0,223121510
200002,93,2,40010006,1,0,0,0,0,223121510
200002,94,2,40020004,1,0,0,0,0,223121510
200002,95,2,40020005,1,0,0,0,0,223121510
200002,96,2,40020006,1,0,0,0,0,223121510
200002,97,2,40030004,1,0,0,0,0,223121510
200002,98,2,40030005,1,0,0,0,0,223121510
200002,99,2,40030006,1,0,0,0,0,223121510
200002,100,2,40040004,1,0,0,0,0,223121510
200002,101,2,40040005,1,0,0,0,0,223121510
200002,102,2,40040006,1,0,0,0,0,223121510
200002,103,2,40050004,1,0,0,0,0,223121510
200002,104,2,40050005,1,0,0,0,0,223121510
200002,105,2,40050006,1,0,0,0,0,223121510
200002,106,2,40060004,1,0,0,0,0,223121510
200002,107,2,40060005,1,0,0,0,0,223121510
200002,108,2,40060006,1,0,0,0,0,223121510
200002,109,2,40070004,1,0,0,0,0,223121510
200002,110,2,40070005,1,0,0,0,0,223121510
200002,111,2,40070006,1,0,0,0,0,223121510
200002,112,2,40080004,1,0,0,0,0,223121510
200002,113,2,40080005,1,0,0,0,0,223121510
200002,114,2,40080006,1,0,0,0,0,223121510
200002,115,2,40090004,1,0,0,0,0,223121510
200002,116,2,40090005,1,0,0,0,0,223121510
200002,117,2,40090006,1,0,0,0,0,223121510
200002,118,2,40100001,1,0,0,0,0,223121510
200002,119,2,40110001,1,0,0,0,0,223121510
201001,1,2,10010010,1,0,0,0,0,1
201001,2,2,10010011,1,0,0,0,0,1
201001,3,2,10010012,1,0,0,0,0,1
201001,4,2,10020010,1,0,0,0,0,1
201001,5,2,10020011,1,0,0,0,0,1
201001,6,2,10020012,1,0,0,0,0,1
201001,7,2,10030010,1,0,0,0,0,1
201001,8,2,10030011,1,0,0,0,0,1
201001,9,2,10030012,1,0,0,0,0,1
201001,10,2,10040010,1,0,0,0,0,1
201001,11,2,10040011,1,0,0,0,0,1
201001,12,2,10040012,1,0,0,0,0,1
201001,13,2,10050010,1,0,0,0,0,1
201001,14,2,10050011,1,0,0,0,0,1
201001,15,2,10050012,1,0,0,0,0,1
201001,16,2,10060010,1,0,0,0,0,1
201001,17,2,10060011,1,0,0,0,0,1
201001,18,2,10060012,1,0,0,0,0,1
201001,19,2,10070010,1,0,0,0,0,1
201001,20,2,10070011,1,0,0,0,0,1
201001,21,2,10070012,1,0,0,0,0,1
201001,22,2,10080010,1,0,0,0,0,1
201001,23,2,10080011,1,0,0,0,0,1
201001,24,2,10080012,1,0,0,0,0,1
201001,25,2,10090010,1,0,0,0,0,1
201001,26,2,10090011,1,0,0,0,0,1
201001,27,2,10090012,1,0,0,0,0,1
202001,1,2,20010008,1,0,0,0,0,1
202001,2,2,20010009,1,0,0,0,0,1
202001,3,2,20010010,1,0,0,0,0,1
202001,4,2,20020008,1,0,0,0,0,1
202001,5,2,20020009,1,0,0,0,0,1
202001,6,2,20020010,1,0,0,0,0,1
202001,7,2,20030008,1,0,0,0,0,1
202001,8,2,20030009,1,0,0,0,0,1
202001,9,2,20030010,1,0,0,0,0,1
202001,10,2,20040008,1,0,0,0,0,1
202001,11,2,20040009,1,0,0,0,0,1
202001,12,2,20040010,1,0,0,0,0,1
202001,13,2,20050008,1,0,0,0,0,1
202001,14,2,20050009,1,0,0,0,0,1
202001,15,2,20050010,1,0,0,0,0,1
202001,16,2,20060008,1,0,0,0,0,1
202001,17,2,20060009,1,0,0,0,0,1
202001,18,2,20060010,1,0,0,0,0,1
202001,19,2,20070008,1,0,0,0,0,1
202001,20,2,20070009,1,0,0,0,0,1
202001,21,2,20070010,1,0,0,0,0,1
202001,22,2,20080008,1,0,0,0,0,1
202001,23,2,20080009,1,0,0,0,0,1
202001,24,2,20080010,1,0,0,0,0,1
202001,25,2,20090008,1,0,0,0,0,1
202001,26,2,20090009,1,0,0,0,0,1
202001,27,2,20090010,1,0,0,0,0,1
203001,1,2,30010004,1,0,0,0,0,1
203001,2,2,30010005,1,0,0,0,0,1
203001,3,2,30010006,1,0,0,0,0,1
203001,4,2,30020004,1,0,0,0,0,1
203001,5,2,30020005,1,0,0,0,0,1
203001,6,2,30020006,1,0,0,0,0,1
203001,7,2,30030004,1,0,0,0,0,1
203001,8,2,30030005,1,0,0,0,0,1
203001,9,2,30030006,1,0,0,0,0,1
203001,10,2,30040004,1,0,0,0,0,1
203001,11,2,30040005,1,0,0,0,0,1
203001,12,2,30040006,1,0,0,0,0,1
203001,13,2,30050004,1,0,0,0,0,1
203001,14,2,30050005,1,0,0,0,0,1
203001,15,2,30050006,1,0,0,0,0,1
203001,16,2,30060004,1,0,0,0,0,1
203001,17,2,30060005,1,0,0,0,0,1
203001,18,2,30060006,1,0,0,0,0,1
203001,19,2,30070004,1,0,0,0,0,1
203001,20,2,30070005,1,0,0,0,0,1
203001,21,2,30070006,1,0,0,0,0,1
203001,22,2,30080004,1,0,0,0,0,1
203001,23,2,30080005,1,0,0,0,0,1
203001,24,2,30080006,1,0,0,0,0,1
203001,25,2,30090004,1,0,0,0,0,1
203001,26,2,30090005,1,0,0,0,0,1
203001,27,2,30090006,1,0,0,0,0,1
203001,28,2,30100004,1,0,0,0,0,1
203001,29,2,30100005,1,0,0,0,0,1
203001,30,2,30100006,1,0,0,0,0,1
203001,31,2,30110004,1,0,0,0,0,1
203001,32,2,30110005,1,0,0,0,0,1
203001,33,2,30110006,1,0,0,0,0,1
203001,34,2,30120004,1,0,0,0,0,1
203001,35,2,30120005,1,0,0,0,0,1
203001,36,2,30120006,1,0,0,0,0,1
204001,1,2,40010004,1,0,0,0,0,1
204001,2,2,40010005,1,0,0,0,0,1
204001,3,2,40010006,1,0,0,0,0,1
204001,4,2,40020004,1,0,0,0,0,1
204001,5,2,40020005,1,0,0,0,0,1
204001,6,2,40020006,1,0,0,0,0,1
204001,7,2,40030004,1,0,0,0,0,1
204001,8,2,40030005,1,0,0,0,0,1
204001,9,2,40030006,1,0,0,0,0,1
204001,10,2,40040004,1,0,0,0,0,1
204001,11,2,40040005,1,0,0,0,0,1
204001,12,2,40040006,1,0,0,0,0,1
204001,13,2,40050004,1,0,0,0,0,1
204001,14,2,40050005,1,0,0,0,0,1
204001,15,2,40050006,1,0,0,0,0,1
204001,16,2,40060004,1,0,0,0,0,1
204001,17,2,40060005,1,0,0,0,0,1
204001,18,2,40060006,1,0,0,0,0,1
204001,19,2,40070004,1,0,0,0,0,1
204001,20,2,40070005,1,0,0,0,0,1
204001,21,2,40070006,1,0,0,0,0,1
204001,22,2,40080004,1,0,0,0,0,1
204001,23,2,40080005,1,0,0,0,0,1
204001,24,2,40080006,1,0,0,0,0,1
204001,25,2,40090004,1,0,0,0,0,1
204001,26,2,40090005,1,0,0,0,0,1
204001,27,2,40090006,1,0,0,0,0,1
204002,1,2,40010004,1,0,0,0,0,223121510
204002,2,2,40010005,1,0,0,0,0,223121510
204002,3,2,40010006,1,0,0,0,0,223121510
204002,4,2,40020004,1,0,0,0,0,223121510
204002,5,2,40020005,1,0,0,0,0,223121510
204002,6,2,40020006,1,0,0,0,0,223121510
204002,7,2,40030004,1,0,0,0,0,223121510
204002,8,2,40030005,1,0,0,0,0,223121510
204002,9,2,40030006,1,0,0,0,0,223121510
204002,10,2,40040004,1,0,0,0,0,223121510
204002,11,2,40040005,1,0,0,0,0,223121510
204002,12,2,40040006,1,0,0,0,0,223121510
204002,13,2,40050004,1,0,0,0,0,223121510
204002,14,2,40050005,1,0,0,0,0,223121510
204002,15,2,40050006,1,0,0,0,0,223121510
204002,16,2,40060004,1,0,0,0,0,223121510
204002,17,2,40060005,1,0,0,0,0,223121510
204002,18,2,40060006,1,0,0,0,0,223121510
204002,19,2,40070004,1,0,0,0,0,223121510
204002,20,2,40070005,1,0,0,0,0,223121510
204002,21,2,40070006,1,0,0,0,0,223121510
204002,22,2,40080004,1,0,0,0,0,223121510
204002,23,2,40080005,1,0,0,0,0,223121510
204002,24,2,40080006,1,0,0,0,0,223121510
204002,25,2,40090004,1,0,0,0,0,223121510
204002,26,2,40090005,1,0,0,0,0,223121510
204002,27,2,40090006,1,0,0,0,0,223121510
204002,28,2,40100001,1,0,0,0,0,223121510
204002,29,2,40110001,1,0,0,0,0,223121510
211001,1,2,10010010,1,0,0,0,0,223061104
211001,2,2,10020010,1,0,0,0,0,223061104
211001,3,2,10030010,1,0,0,0,0,223061104
211001,4,2,10040010,1,0,0,0,0,223061104
211001,5,2,10050010,1,0,0,0,0,223061104
211001,6,2,10060010,1,0,0,0,0,223061104
211001,7,2,10070010,1,0,0,0,0,223061104
211001,8,2,10080010,1,0,0,0,0,223061104
211001,9,2,10090010,1,0,0,0,0,223061104
211001,10,2,20010008,1,0,0,0,0,223061104
211001,11,2,20020008,1,0,0,0,0,223061104
211001,12,2,20030008,1,0,0,0,0,223061104
211001,13,2,20040008,1,0,0,0,0,223061104
211001,14,2,20050008,1,0,0,0,0,223061104
211001,15,2,20060008,1,0,0,0,0,223061104
211001,16,2,20070008,1,0,0,0,0,223061104
211001,17,2,20080008,1,0,0,0,0,223061104
211001,18,2,20090008,1,0,0,0,0,223061104
211001,19,2,30010004,1,0,0,0,0,223061104
211001,20,2,30020004,1,0,0,0,0,223061104
211001,21,2,30030004,1,0,0,0,0,223061104
211001,22,2,30040004,1,0,0,0,0,223061104
211001,23,2,30050004,1,0,0,0,0,223061104
211001,24,2,30060004,1,0,0,0,0,223061104
211001,25,2,30070004,1,0,0,0,0,223061104
211001,26,2,30080004,1,0,0,0,0,223061104
211001,27,2,30090004,1,0,0,0,0,223061104
211001,28,2,30100004,1,0,0,0,0,223061104
211001,29,2,30110004,1,0,0,0,0,223061104
211001,30,2,30120004,1,0,0,0,0,223061104
211001,31,2,40010004,1,0,0,0,0,223061104
211001,32,2,40020004,1,0,0,0,0,223061104
211001,33,2,40030004,1,0,0,0,0,223061104
211001,34,2,40040004,1,0,0,0,0,223061104
211001,35,2,40050004,1,0,0,0,0,223061104
211001,36,2,40060004,1,0,0,0,0,223061104
211001,37,2,40070004,1,0,0,0,0,223061104
211001,38,2,40080004,1,0,0,0,0,223061104
211001,39,2,40090004,1,0,0,0,0,223061104
211002,1,2,10010010,1,0,0,0,0,223121510
211002,2,2,10020010,1,0,0,0,0,223121510
211002,3,2,10030010,1,0,0,0,0,223121510
211002,4,2,10040010,1,0,0,0,0,223121510
211002,5,2,10050010,1,0,0,0,0,223121510
211002,6,2,10060010,1,0,0,0,0,223121510
211002,7,2,10070010,1,0,0,0,0,223121510
211002,8,2,10080010,1,0,0,0,0,223121510
211002,9,2,10090010,1,0,0,0,0,223121510
211002,10,2,20010008,1,0,0,0,0,223121510
211002,11,2,20020008,1,0,0,0,0,223121510
211002,12,2,20030008,1,0,0,0,0,223121510
211002,13,2,20040008,1,0,0,0,0,223121510
211002,14,2,20050008,1,0,0,0,0,223121510
211002,15,2,20060008,1,0,0,0,0,223121510
211002,16,2,20070008,1,0,0,0,0,223121510
211002,17,2,20080008,1,0,0,0,0,223121510
211002,18,2,20090008,1,0,0,0,0,223121510
211002,19,2,30010004,1,0,0,0,0,223121510
211002,20,2,30020004,1,0,0,0,0,223121510
211002,21,2,30030004,1,0,0,0,0,223121510
211002,22,2,30040004,1,0,0,0,0,223121510
211002,23,2,30050004,1,0,0,0,0,223121510
211002,24,2,30060004,1,0,0,0,0,223121510
211002,25,2,30070004,1,0,0,0,0,223121510
211002,26,2,30080004,1,0,0,0,0,223121510
211002,27,2,30090004,1,0,0,0,0,223121510
211002,28,2,30100004,1,0,0,0,0,223121510
211002,29,2,30110004,1,0,0,0,0,223121510
211002,30,2,30120004,1,0,0,0,0,223121510
211002,31,2,40010004,1,0,0,0,0,223121510
211002,32,2,40020004,1,0,0,0,0,223121510
211002,33,2,40030004,1,0,0,0,0,223121510
211002,34,2,40040004,1,0,0,0,0,223121510
211002,35,2,40050004,1,0,0,0,0,223121510
211002,36,2,40060004,1,0,0,0,0,223121510
211002,37,2,40070004,1,0,0,0,0,223121510
211002,38,2,40080004,1,0,0,0,0,223121510
211002,39,2,40090004,1,0,0,0,0,223121510
211002,40,2,40100001,1,0,0,0,0,223121510
211002,41,2,40110001,1,0,0,0,0,223121510
212001,1,2,10010011,1,0,0,0,0,223061104
212001,2,2,10020011,1,0,0,0,0,223061104
212001,3,2,10030011,1,0,0,0,0,223061104
212001,4,2,10040011,1,0,0,0,0,223061104
212001,5,2,10050011,1,0,0,0,0,223061104
212001,6,2,10060011,1,0,0,0,0,223061104
212001,7,2,10070011,1,0,0,0,0,223061104
212001,8,2,10080011,1,0,0,0,0,223061104
212001,9,2,10090011,1,0,0,0,0,223061104
212001,10,2,20010009,1,0,0,0,0,223061104
212001,11,2,20020009,1,0,0,0,0,223061104
212001,12,2,20030009,1,0,0,0,0,223061104
212001,13,2,20040009,1,0,0,0,0,223061104
212001,14,2,20050009,1,0,0,0,0,223061104
212001,15,2,20060009,1,0,0,0,0,223061104
212001,16,2,20070009,1,0,0,0,0,223061104
212001,17,2,20080009,1,0,0,0,0,223061104
212001,18,2,20090009,1,0,0,0,0,223061104
212001,19,2,30010005,1,0,0,0,0,223061104
212001,20,2,30020005,1,0,0,0,0,223061104
212001,21,2,30030005,1,0,0,0,0,223061104
212001,22,2,30040005,1,0,0,0,0,223061104
212001,23,2,30050005,1,0,0,0,0,223061104
212001,24,2,30060005,1,0,0,0,0,223061104
212001,25,2,30070005,1,0,0,0,0,223061104
212001,26,2,30080005,1,0,0,0,0,223061104
212001,27,2,30090005,1,0,0,0,0,223061104
212001,28,2,30100005,1,0,0,0,0,223061104
212001,29,2,30110005,1,0,0,0,0,223061104
212001,30,2,30120005,1,0,0,0,0,223061104
212001,31,2,40010005,1,0,0,0,0,223061104
212001,32,2,40020005,1,0,0,0,0,223061104
212001,33,2,40030005,1,0,0,0,0,223061104
212001,34,2,40040005,1,0,0,0,0,223061104
212001,35,2,40050005,1,0,0,0,0,223061104
212001,36,2,40060005,1,0,0,0,0,223061104
212001,37,2,40070005,1,0,0,0,0,223061104
212001,38,2,40080005,1,0,0,0,0,223061104
212001,39,2,40090005,1,0,0,0,0,223061104
213001,1,2,10010012,1,0,0,0,0,223061104
213001,2,2,10020012,1,0,0,0,0,223061104
213001,3,2,10030012,1,0,0,0,0,223061104
213001,4,2,10040012,1,0,0,0,0,223061104
213001,5,2,10050012,1,0,0,0,0,223061104
213001,6,2,10060012,1,0,0,0,0,223061104
213001,7,2,10070012,1,0,0,0,0,223061104
213001,8,2,10080012,1,0,0,0,0,223061104
213001,9,2,10090012,1,0,0,0,0,223061104
213001,10,2,20010010,1,0,0,0,0,223061104
213001,11,2,20020010,1,0,0,0,0,223061104
213001,12,2,20030010,1,0,0,0,0,223061104
213001,13,2,20040010,1,0,0,0,0,223061104
213001,14,2,20050010,1,0,0,0,0,223061104
213001,15,2,20060010,1,0,0,0,0,223061104
213001,16,2,20070010,1,0,0,0,0,223061104
213001,17,2,20080010,1,0,0,0,0,223061104
213001,18,2,20090010,1,0,0,0,0,223061104
213001,19,2,30010006,1,0,0,0,0,223061104
213001,20,2,30020006,1,0,0,0,0,223061104
213001,21,2,30030006,1,0,0,0,0,223061104
213001,22,2,30040006,1,0,0,0,0,223061104
213001,23,2,30050006,1,0,0,0,0,223061104
213001,24,2,30060006,1,0,0,0,0,223061104
213001,25,2,30070006,1,0,0,0,0,223061104
213001,26,2,30080006,1,0,0,0,0,223061104
213001,27,2,30090006,1,0,0,0,0,223061104
213001,28,2,30100006,1,0,0,0,0,223061104
213001,29,2,30110006,1,0,0,0,0,223061104
213001,30,2,30120006,1,0,0,0,0,223061104
213001,31,2,40010006,1,0,0,0,0,223061104
213001,32,2,40020006,1,0,0,0,0,223061104
213001,33,2,40030006,1,0,0,0,0,223061104
213001,34,2,40040006,1,0,0,0,0,223061104
213001,35,2,40050006,1,0,0,0,0,223061104
213001,36,2,40060006,1,0,0,0,0,223061104
213001,37,2,40070006,1,0,0,0,0,223061104
213001,38,2,40080006,1,0,0,0,0,223061104
213001,39,2,40090006,1,0,0,0,0,223061104
221001,1,2,10050010,1,0,0,0,0,223111703
221001,2,2,10050011,1,0,0,0,0,223111703
221001,3,2,10050012,1,0,0,0,0,223111703
221001,4,2,10060010,1,0,0,0,0,223111703
221001,5,2,10060011,1,0,0,0,0,223111703
221001,6,2,10060012,1,0,0,0,0,223111703
221001,7,2,10080010,1,0,0,0,0,223111703
221001,8,2,10080011,1,0,0,0,0,223111703
221001,9,2,10080012,1,0,0,0,0,223111703
221001,10,2,20060008,1,0,0,0,0,223111703
221001,11,2,20060009,1,0,0,0,0,223111703
221001,12,2,20060010,1,0,0,0,0,223111703
221001,13,2,20070008,1,0,0,0,0,223111703
221001,14,2,20070009,1,0,0,0,0,223111703
221001,15,2,20070010,1,0,0,0,0,223111703
221001,16,2,20090008,1,0,0,0,0,223111703
221001,17,2,20090009,1,0,0,0,0,223111703
221001,18,2,20090010,1,0,0,0,0,223111703
221001,19,2,30020004,1,0,0,0,0,223111703
221001,20,2,30020005,1,0,0,0,0,223111703
221001,21,2,30020006,1,0,0,0,0,223111703
221001,22,2,30030004,1,0,0,0,0,223111703
221001,23,2,30030005,1,0,0,0,0,223111703
221001,24,2,30030006,1,0,0,0,0,223111703
221001,25,2,30090004,1,0,0,0,0,223111703
221001,26,2,30090005,1,0,0,0,0,223111703
221001,27,2,30090006,1,0,0,0,0,223111703
221001,28,2,30100004,1,0,0,0,0,223111703
221001,29,2,30100005,1,0,0,0,0,223111703
221001,30,2,30100006,1,0,0,0,0,223111703
221001,31,2,40060004,1,0,0,0,0,223111703
221001,32,2,40060005,1,0,0,0,0,223111703
221001,33,2,40060006,1,0,0,0,0,223111703
221001,34,2,40070004,1,0,0,0,0,223111703
221001,35,2,40070005,1,0,0,0,0,223111703
221001,36,2,40070006,1,0,0,0,0,223111703
221001,37,2,40080004,1,0,0,0,0,223111703
221001,38,2,40080005,1,0,0,0,0,223111703
221001,39,2,40080006,1,0,0,0,0,223111703
221001,40,2,40090004,1,0,0,0,0,223111703
221001,41,2,40090005,1,0,0,0,0,223111703
221001,42,2,40090006,1,0,0,0,0,223111703
222001,1,2,10010010,1,0,0,0,0,223112405
222001,2,2,10010011,1,0,0,0,0,223112405
222001,3,2,10010012,1,0,0,0,0,223112405
222001,4,2,10030010,1,0,0,0,0,223112405
222001,5,2,10030011,1,0,0,0,0,223112405
222001,6,2,10030012,1,0,0,0,0,223112405
222001,7,2,10040010,1,0,0,0,0,223112405
222001,8,2,10040011,1,0,0,0,0,223112405
222001,9,2,10040012,1,0,0,0,0,223112405
222001,10,2,20010008,1,0,0,0,0,223112405
222001,11,2,20010009,1,0,0,0,0,223112405
222001,12,2,20010010,1,0,0,0,0,223112405
222001,13,2,20020008,1,0,0,0,0,223112405
222001,14,2,20020009,1,0,0,0,0,223112405
222001,15,2,20020010,1,0,0,0,0,223112405
222001,16,2,20050008,1,0,0,0,0,223112405
222001,17,2,20050009,1,0,0,0,0,223112405
222001,18,2,20050010,1,0,0,0,0,223112405
222001,19,2,30010004,1,0,0,0,0,223112405
222001,20,2,30010005,1,0,0,0,0,223112405
222001,21,2,30010006,1,0,0,0,0,223112405
222001,22,2,30050004,1,0,0,0,0,223112405
222001,23,2,30050005,1,0,0,0,0,223112405
222001,24,2,30050006,1,0,0,0,0,223112405
222001,25,2,30070004,1,0,0,0,0,223112405
222001,26,2,30070005,1,0,0,0,0,223112405
222001,27,2,30070006,1,0,0,0,0,223112405
222001,28,2,30120004,1,0,0,0,0,223112405
222001,29,2,30120005,1,0,0,0,0,223112405
222001,30,2,30120006,1,0,0,0,0,223112405
222001,31,2,40010004,1,0,0,0,0,223112405
222001,32,2,40010005,1,0,0,0,0,223112405
222001,33,2,40010006,1,0,0,0,0,223112405
222001,34,2,40020004,1,0,0,0,0,223112405
222001,35,2,40020005,1,0,0,0,0,223112405
222001,36,2,40020006,1,0,0,0,0,223112405
222001,37,2,40030004,1,0,0,0,0,223112405
222001,38,2,40030005,1,0,0,0,0,223112405
222001,39,2,40030006,1,0,0,0,0,223112405
222001,40,2,40040004,1,0,0,0,0,223112405
222001,41,2,40040005,1,0,0,0,0,223112405
222001,42,2,40040006,1,0,0,0,0,223112405
222001,43,2,40050004,1,0,0,0,0,223112405
222001,44,2,40050005,1,0,0,0,0,223112405
222001,45,2,40050006,1,0,0,0,0,223112405
223001,1,2,10020010,1,0,0,0,0,223120104
223001,2,2,10020011,1,0,0,0,0,223120104
223001,3,2,10020012,1,0,0,0,0,223120104
223001,4,2,10070010,1,0,0,0,0,223120104
223001,5,2,10070011,1,0,0,0,0,223120104
223001,6,2,10070012,1,0,0,0,0,223120104
223001,7,2,10090010,1,0,0,0,0,223120104
223001,8,2,10090011,1,0,0,0,0,223120104
223001,9,2,10090012,1,0,0,0,0,223120104
223001,10,2,20030008,1,0,0,0,0,223120104
223001,11,2,20030009,1,0,0,0,0,223120104
223001,12,2,20030010,1,0,0,0,0,223120104
223001,13,2,20040008,1,0,0,0,0,223120104
223001,14,2,20040009,1,0,0,0,0,223120104
223001,15,2,20040010,1,0,0,0,0,223120104
223001,16,2,20080008,1,0,0,0,0,223120104
223001,17,2,20080009,1,0,0,0,0,223120104
223001,18,2,20080010,1,0,0,0,0,223120104
223001,19,2,30040004,1,0,0,0,0,223120104
223001,20,2,30040005,1,0,0,0,0,223120104
223001,21,2,30040006,1,0,0,0,0,223120104
223001,22,2,30060004,1,0,0,0,0,223120104
223001,23,2,30060005,1,0,0,0,0,223120104
223001,24,2,30060006,1,0,0,0,0,223120104
223001,25,2,30080004,1,0,0,0,0,223120104
223001,26,2,30080005,1,0,0,0,0,223120104
223001,27,2,30080006,1,0,0,0,0,223120104
223001,28,2,30110004,1,0,0,0,0,223120104
223001,29,2,30110005,1,0,0,0,0,223120104
223001,30,2,30110006,1,0,0,0,0,223120104
100001,1,2,10010001,1,0,0,0,0,1
100001,2,2,10010002,1,0,0,0,0,1
100001,3,2,10010003,1,0,0,0,0,1
100001,4,2,10010004,1,0,0,0,0,1
100001,5,2,10010005,1,0,0,0,0,1
100001,6,2,10010006,1,0,0,0,0,1
100001,7,2,10010007,1,0,0,0,0,1
100001,8,2,10010008,1,0,0,0,0,1
100001,9,2,10010009,1,0,0,0,0,1
100001,10,2,10020001,1,0,0,0,0,1
100001,11,2,10020002,1,0,0,0,0,1
100001,12,2,10020003,1,0,0,0,0,1
100001,13,2,10020004,1,0,0,0,0,1
100001,14,2,10020005,1,0,0,0,0,1
100001,15,2,10020006,1,0,0,0,0,1
100001,16,2,10020007,1,0,0,0,0,1
100001,17,2,10020008,1,0,0,0,0,1
100001,18,2,10020009,1,0,0,0,0,1
100001,19,2,10030001,1,0,0,0,0,1
100001,20,2,10030002,1,0,0,0,0,1
100001,21,2,10030003,1,0,0,0,0,1
100001,22,2,10030004,1,0,0,0,0,1
100001,23,2,10030005,1,0,0,0,0,1
100001,24,2,10030006,1,0,0,0,0,1
100001,25,2,10030007,1,0,0,0,0,1
100001,26,2,10030008,1,0,0,0,0,1
100001,27,2,10030009,1,0,0,0,0,1
100001,28,2,10040001,1,0,0,0,0,1
100001,29,2,10040002,1,0,0,0,0,1
100001,30,2,10040003,1,0,0,0,0,1
100001,31,2,10040004,1,0,0,0,0,1
100001,32,2,10040005,1,0,0,0,0,1
100001,33,2,10040006,1,0,0,0,0,1
100001,34,2,10040007,1,0,0,0,0,1
100001,35,2,10040008,1,0,0,0,0,1
100001,36,2,10040009,1,0,0,0,0,1
100001,37,2,10050001,1,0,0,0,0,1
100001,38,2,10050002,1,0,0,0,0,1
100001,39,2,10050003,1,0,0,0,0,1
100001,40,2,10050004,1,0,0,0,0,1
100001,41,2,10050005,1,0,0,0,0,1
100001,42,2,10050006,1,0,0,0,0,1
100001,43,2,10050007,1,0,0,0,0,1
100001,44,2,10050008,1,0,0,0,0,1
100001,45,2,10050009,1,0,0,0,0,1
100001,46,2,10060001,1,0,0,0,0,1
100001,47,2,10060002,1,0,0,0,0,1
100001,48,2,10060003,1,0,0,0,0,1
100001,49,2,10060004,1,0,0,0,0,1
100001,50,2,10060005,1,0,0,0,0,1
100001,51,2,10060006,1,0,0,0,0,1
100001,52,2,10060007,1,0,0,0,0,1
100001,53,2,10060008,1,0,0,0,0,1
100001,54,2,10060009,1,0,0,0,0,1
100001,55,2,10070001,1,0,0,0,0,1
100001,56,2,10070002,1,0,0,0,0,1
100001,57,2,10070003,1,0,0,0,0,1
100001,58,2,10070004,1,0,0,0,0,1
100001,59,2,10070005,1,0,0,0,0,1
100001,60,2,10070006,1,0,0,0,0,1
100001,61,2,10070007,1,0,0,0,0,1
100001,62,2,10070008,1,0,0,0,0,1
100001,63,2,10070009,1,0,0,0,0,1
100001,64,2,10080001,1,0,0,0,0,1
100001,65,2,10080002,1,0,0,0,0,1
100001,66,2,10080003,1,0,0,0,0,1
100001,67,2,10080004,1,0,0,0,0,1
100001,68,2,10080005,1,0,0,0,0,1
100001,69,2,10080006,1,0,0,0,0,1
100001,70,2,10080007,1,0,0,0,0,1
100001,71,2,10080008,1,0,0,0,0,1
100001,72,2,10080009,1,0,0,0,0,1
100001,73,2,10090001,1,0,0,0,0,1
100001,74,2,10090002,1,0,0,0,0,1
100001,75,2,10090003,1,0,0,0,0,1
100001,76,2,10090004,1,0,0,0,0,1
100001,77,2,10090005,1,0,0,0,0,1
100001,78,2,10090006,1,0,0,0,0,1
100001,79,2,10090007,1,0,0,0,0,1
100001,80,2,10090008,1,0,0,0,0,1
100001,81,2,10090009,1,0,0,0,0,1
100001,82,2,20010001,1,0,0,0,0,1
100001,83,2,20010002,1,0,0,0,0,1
100001,84,2,20010003,1,0,0,0,0,1
100001,85,2,20010004,1,0,0,0,0,1
100001,86,2,20010005,1,0,0,0,0,1
100001,87,2,20010006,1,0,0,0,0,1
100001,88,2,20010007,1,0,0,0,0,1
100001,89,2,20020001,1,0,0,0,0,1
100001,90,2,20020002,1,0,0,0,0,1
100001,91,2,20020003,1,0,0,0,0,1
100001,92,2,20020004,1,0,0,0,0,1
100001,93,2,20020005,1,0,0,0,0,1
100001,94,2,20020006,1,0,0,0,0,1
100001,95,2,20020007,1,0,0,0,0,1
100001,96,2,20030001,1,0,0,0,0,1
100001,97,2,20030002,1,0,0,0,0,1
100001,98,2,20030003,1,0,0,0,0,1
100001,99,2,20030004,1,0,0,0,0,1
100001,100,2,20030005,1,0,0,0,0,1
100001,101,2,20030006,1,0,0,0,0,1
100001,102,2,20030007,1,0,0,0,0,1
100001,103,2,20040001,1,0,0,0,0,1
100001,104,2,20040002,1,0,0,0,0,1
100001,105,2,20040003,1,0,0,0,0,1
100001,106,2,20040004,1,0,0,0,0,1
100001,107,2,20040005,1,0,0,0,0,1
100001,108,2,20040006,1,0,0,0,0,1
100001,109,2,20040007,1,0,0,0,0,1
100001,110,2,20050001,1,0,0,0,0,1
100001,111,2,20050002,1,0,0,0,0,1
100001,112,2,20050003,1,0,0,0,0,1
100001,113,2,20050004,1,0,0,0,0,1
100001,114,2,20050005,1,0,0,0,0,1
100001,115,2,20050006,1,0,0,0,0,1
100001,116,2,20050007,1,0,0,0,0,1
100001,117,2,20060001,1,0,0,0,0,1
100001,118,2,20060002,1,0,0,0,0,1
100001,119,2,20060003,1,0,0,0,0,1
100001,120,2,20060004,1,0,0,0,0,1
100001,121,2,20060005,1,0,0,0,0,1
100001,122,2,20060006,1,0,0,0,0,1
100001,123,2,20060007,1,0,0,0,0,1
100001,124,2,20070001,1,0,0,0,0,1
100001,125,2,20070002,1,0,0,0,0,1
100001,126,2,20070003,1,0,0,0,0,1
100001,127,2,20070004,1,0,0,0,0,1
100001,128,2,20070005,1,0,0,0,0,1
100001,129,2,20070006,1,0,0,0,0,1
100001,130,2,20070007,1,0,0,0,0,1
100001,131,2,20080001,1,0,0,0,0,1
100001,132,2,20080002,1,0,0,0,0,1
100001,133,2,20080003,1,0,0,0,0,1
100001,134,2,20080004,1,0,0,0,0,1
100001,135,2,20080005,1,0,0,0,0,1
100001,136,2,20080006,1,0,0,0,0,1
100001,137,2,20080007,1,0,0,0,0,1
100001,138,2,20090001,1,0,0,0,0,1
100001,139,2,20090002,1,0,0,0,0,1
100001,140,2,20090003,1,0,0,0,0,1
100001,141,2,20090004,1,0,0,0,0,1
100001,142,2,20090005,1,0,0,0,0,1
100001,143,2,20090006,1,0,0,0,0,1
100001,144,2,20090007,1,0,0,0,0,1
100001,145,2,30010001,1,0,0,0,0,1
100001,146,2,30010002,1,0,0,0,0,1
100001,147,2,30010003,1,0,0,0,0,1
100001,148,2,30020001,1,0,0,0,0,1
100001,149,2,30020002,1,0,0,0,0,1
100001,150,2,30020003,1,0,0,0,0,1
100001,151,2,30030001,1,0,0,0,0,1
100001,152,2,30030002,1,0,0,0,0,1
100001,153,2,30030003,1,0,0,0,0,1
100001,154,2,30040001,1,0,0,0,0,1
100001,155,2,30040002,1,0,0,0,0,1
100001,156,2,30040003,1,0,0,0,0,1
100001,157,2,30050001,1,0,0,0,0,1
100001,158,2,30050002,1,0,0,0,0,1
100001,159,2,30050003,1,0,0,0,0,1
100001,160,2,30060001,1,0,0,0,0,1
100001,161,2,30060002,1,0,0,0,0,1
100001,162,2,30060003,1,0,0,0,0,1
100001,163,2,30070001,1,0,0,0,0,1
100001,164,2,30070002,1,0,0,0,0,1
100001,165,2,30070003,1,0,0,0,0,1
100001,166,2,30080001,1,0,0,0,0,1
100001,167,2,30080002,1,0,0,0,0,1
100001,168,2,30080003,1,0,0,0,0,1
100001,169,2,30090001,1,0,0,0,0,1
100001,170,2,30090002,1,0,0,0,0,1
100001,171,2,30090003,1,0,0,0,0,1
100001,172,2,30100001,1,0,0,0,0,1
100001,173,2,30100002,1,0,0,0,0,1
100001,174,2,30100003,1,0,0,0,0,1
100001,175,2,30110001,1,0,0,0,0,1
100001,176,2,30110002,1,0,0,0,0,1
100001,177,2,30110003,1,0,0,0,0,1
100001,178,2,30120001,1,0,0,0,0,1
100001,179,2,30120002,1,0,0,0,0,1
100001,180,2,30120003,1,0,0,0,0,1
100001,181,2,40010001,1,0,0,0,0,1
100001,182,2,40010002,1,0,0,0,0,1
100001,183,2,40010003,1,0,0,0,0,1
100001,184,2,40020001,1,0,0,0,0,1
100001,185,2,40020002,1,0,0,0,0,1
100001,186,2,40020003,1,0,0,0,0,1
100001,187,2,40030001,1,0,0,0,0,1
100001,188,2,40030002,1,0,0,0,0,1
100001,189,2,40030003,1,0,0,0,0,1
100001,190,2,40040001,1,0,0,0,0,1
100001,191,2,40040002,1,0,0,0,0,1
100001,192,2,40040003,1,0,0,0,0,1
100001,193,2,40050001,1,0,0,0,0,1
100001,194,2,40050002,1,0,0,0,0,1
100001,195,2,40050003,1,0,0,0,0,1
100001,196,2,40060001,1,0,0,0,0,1
100001,197,2,40060002,1,0,0,0,0,1
100001,198,2,40060003,1,0,0,0,0,1
100001,199,2,40070001,1,0,0,0,0,1
100001,200,2,40070002,1,0,0,0,0,1
100001,201,2,40070003,1,0,0,0,0,1
100001,202,2,40080001,1,0,0,0,0,1
100001,203,2,40080002,1,0,0,0,0,1
100001,204,2,40080003,1,0,0,0,0,1
100001,205,2,40090001,1,0,0,0,0,1
100001,206,2,40090002,1,0,0,0,0,1
100001,207,2,40090003,1,0,0,0,0,1
101001,1,2,10010001,1,0,0,0,0,1
101001,2,2,10010002,1,0,0,0,0,1
101001,3,2,10010003,1,0,0,0,0,1
101001,4,2,10010004,1,0,0,0,0,1
101001,5,2,10010005,1,0,0,0,0,1
101001,6,2,10010006,1,0,0,0,0,1
101001,7,2,10010007,1,0,0,0,0,1
101001,8,2,10010008,1,0,0,0,0,1
101001,9,2,10010009,1,0,0,0,0,1
101001,10,2,10020001,1,0,0,0,0,1
101001,11,2,10020002,1,0,0,0,0,1
101001,12,2,10020003,1,0,0,0,0,1
101001,13,2,10020004,1,0,0,0,0,1
101001,14,2,10020005,1,0,0,0,0,1
101001,15,2,10020006,1,0,0,0,0,1
101001,16,2,10020007,1,0,0,0,0,1
101001,17,2,10020008,1,0,0,0,0,1
101001,18,2,10020009,1,0,0,0,0,1
101001,19,2,10030001,1,0,0,0,0,1
101001,20,2,10030002,1,0,0,0,0,1
101001,21,2,10030003,1,0,0,0,0,1
101001,22,2,10030004,1,0,0,0,0,1
101001,23,2,10030005,1,0,0,0,0,1
101001,24,2,10030006,1,0,0,0,0,1
101001,25,2,10030007,1,0,0,0,0,1
101001,26,2,10030008,1,0,0,0,0,1
101001,27,2,10030009,1,0,0,0,0,1
101001,28,2,10040001,1,0,0,0,0,1
101001,29,2,10040002,1,0,0,0,0,1
101001,30,2,10040003,1,0,0,0,0,1
101001,31,2,10040004,1,0,0,0,0,1
101001,32,2,10040005,1,0,0,0,0,1
101001,33,2,10040006,1,0,0,0,0,1
101001,34,2,10040007,1,0,0,0,0,1
101001,35,2,10040008,1,0,0,0,0,1
101001,36,2,10040009,1,0,0,0,0,1
101001,37,2,10050001,1,0,0,0,0,1
101001,38,2,10050002,1,0,0,0,0,1
101001,39,2,10050003,1,0,0,0,0,1
101001,40,2,10050004,1,0,0,0,0,1
101001,41,2,10050005,1,0,0,0,0,1
101001,42,2,10050006,1,0,0,0,0,1
101001,43,2,10050007,1,0,0,0,0,1
101001,44,2,10050008,1,0,0,0,0,1
101001,45,2,10050009,1,0,0,0,0,1
101001,46,2,10060001,1,0,0,0,0,1
101001,47,2,10060002,1,0,0,0,0,1
101001,48,2,10060003,1,0,0,0,0,1
101001,49,2,10060004,1,0,0,0,0,1
101001,50,2,10060005,1,0,0,0,0,1
101001,51,2,10060006,1,0,0,0,0,1
101001,52,2,10060007,1,0,0,0,0,1
101001,53,2,10060008,1,0,0,0,0,1
101001,54,2,10060009,1,0,0,0,0,1
101001,55,2,10070001,1,0,0,0,0,1
101001,56,2,10070002,1,0,0,0,0,1
101001,57,2,10070003,1,0,0,0,0,1
101001,58,2,10070004,1,0,0,0,0,1
101001,59,2,10070005,1,0,0,0,0,1
101001,60,2,10070006,1,0,0,0,0,1
101001,61,2,10070007,1,0,0,0,0,1
101001,62,2,10070008,1,0,0,0,0,1
101001,63,2,10070009,1,0,0,0,0,1
101001,64,2,10080001,1,0,0,0,0,1
101001,65,2,10080002,1,0,0,0,0,1
101001,66,2,10080003,1,0,0,0,0,1
101001,67,2,10080004,1,0,0,0,0,1
101001,68,2,10080005,1,0,0,0,0,1
101001,69,2,10080006,1,0,0,0,0,1
101001,70,2,10080007,1,0,0,0,0,1
101001,71,2,10080008,1,0,0,0,0,1
101001,72,2,10080009,1,0,0,0,0,1
101001,73,2,10090001,1,0,0,0,0,1
101001,74,2,10090002,1,0,0,0,0,1
101001,75,2,10090003,1,0,0,0,0,1
101001,76,2,10090004,1,0,0,0,0,1
101001,77,2,10090005,1,0,0,0,0,1
101001,78,2,10090006,1,0,0,0,0,1
101001,79,2,10090007,1,0,0,0,0,1
101001,80,2,10090008,1,0,0,0,0,1
101001,81,2,10090009,1,0,0,0,0,1
102001,1,2,20010001,1,0,0,0,0,1
102001,2,2,20010002,1,0,0,0,0,1
102001,3,2,20010003,1,0,0,0,0,1
102001,4,2,20010004,1,0,0,0,0,1
102001,5,2,20010005,1,0,0,0,0,1
102001,6,2,20010006,1,0,0,0,0,1
102001,7,2,20010007,1,0,0,0,0,1
102001,8,2,20020001,1,0,0,0,0,1
102001,9,2,20020002,1,0,0,0,0,1
102001,10,2,20020003,1,0,0,0,0,1
102001,11,2,20020004,1,0,0,0,0,1
102001,12,2,20020005,1,0,0,0,0,1
102001,13,2,20020006,1,0,0,0,0,1
102001,14,2,20020007,1,0,0,0,0,1
102001,15,2,20030001,1,0,0,0,0,1
102001,16,2,20030002,1,0,0,0,0,1
102001,17,2,20030003,1,0,0,0,0,1
102001,18,2,20030004,1,0,0,0,0,1
102001,19,2,20030005,1,0,0,0,0,1
102001,20,2,20030006,1,0,0,0,0,1
102001,21,2,20030007,1,0,0,0,0,1
102001,22,2,20040001,1,0,0,0,0,1
102001,23,2,20040002,1,0,0,0,0,1
102001,24,2,20040003,1,0,0,0,0,1
102001,25,2,20040004,1,0,0,0,0,1
102001,26,2,20040005,1,0,0,0,0,1
102001,27,2,20040006,1,0,0,0,0,1
102001,28,2,20040007,1,0,0,0,0,1
102001,29,2,20050001,1,0,0,0,0,1
102001,30,2,20050002,1,0,0,0,0,1
102001,31,2,20050003,1,0,0,0,0,1
102001,32,2,20050004,1,0,0,0,0,1
102001,33,2,20050005,1,0,0,0,0,1
102001,34,2,20050006,1,0,0,0,0,1
102001,35,2,20050007,1,0,0,0,0,1
102001,36,2,20060001,1,0,0,0,0,1
102001,37,2,20060002,1,0,0,0,0,1
102001,38,2,20060003,1,0,0,0,0,1
102001,39,2,20060004,1,0,0,0,0,1
102001,40,2,20060005,1,0,0,0,0,1
102001,41,2,20060006,1,0,0,0,0,1
102001,42,2,20060007,1,0,0,0,0,1
102001,43,2,20070001,1,0,0,0,0,1
102001,44,2,20070002,1,0,0,0,0,1
102001,45,2,20070003,1,0,0,0,0,1
102001,46,2,20070004,1,0,0,0,0,1
102001,47,2,20070005,1,0,0,0,0,1
102001,48,2,20070006,1,0,0,0,0,1
102001,49,2,20070007,1,0,0,0,0,1
102001,50,2,20080001,1,0,0,0,0,1
102001,51,2,20080002,1,0,0,0,0,1
102001,52,2,20080003,1,0,0,0,0,1
102001,53,2,20080004,1,0,0,0,0,1
102001,54,2,20080005,1,0,0,0,0,1
102001,55,2,20080006,1,0,0,0,0,1
102001,56,2,20080007,1,0,0,0,0,1
102001,57,2,20090001,1,0,0,0,0,1
102001,58,2,20090002,1,0,0,0,0,1
102001,59,2,20090003,1,0,0,0,0,1
102001,60,2,20090004,1,0,0,0,0,1
102001,61,2,20090005,1,0,0,0,0,1
102001,62,2,20090006,1,0,0,0,0,1
102001,63,2,20090007,1,0,0,0,0,1
103001,1,2,30010001,1,0,0,0,0,1
103001,2,2,30010002,1,0,0,0,0,1
103001,3,2,30010003,1,0,0,0,0,1
103001,4,2,30020001,1,0,0,0,0,1
103001,5,2,30020002,1,0,0,0,0,1
103001,6,2,30020003,1,0,0,0,0,1
103001,7,2,30030001,1,0,0,0,0,1
103001,8,2,30030002,1,0,0,0,0,1
103001,9,2,30030003,1,0,0,0,0,1
103001,10,2,30040001,1,0,0,0,0,1
103001,11,2,30040002,1,0,0,0,0,1
103001,12,2,30040003,1,0,0,0,0,1
103001,13,2,30050001,1,0,0,0,0,1
103001,14,2,30050002,1,0,0,0,0,1
103001,15,2,30050003,1,0,0,0,0,1
103001,16,2,30060001,1,0,0,0,0,1
103001,17,2,30060002,1,0,0,0,0,1
103001,18,2,30060003,1,0,0,0,0,1
103001,19,2,30070001,1,0,0,0,0,1
103001,20,2,30070002,1,0,0,0,0,1
103001,21,2,30070003,1,0,0,0,0,1
103001,22,2,30080001,1,0,0,0,0,1
103001,23,2,30080002,1,0,0,0,0,1
103001,24,2,30080003,1,0,0,0,0,1
103001,25,2,30090001,1,0,0,0,0,1
103001,26,2,30090002,1,0,0,0,0,1
103001,27,2,30090003,1,0,0,0,0,1
103001,28,2,30100001,1,0,0,0,0,1
103001,29,2,30100002,1,0,0,0,0,1
103001,30,2,30100003,1,0,0,0,0,1
103001,31,2,30110001,1,0,0,0,0,1
103001,32,2,30110002,1,0,0,0,0,1
103001,33,2,30110003,1,0,0,0,0,1
103001,34,2,30120001,1,0,0,0,0,1
103001,35,2,30120002,1,0,0,0,0,1
103001,36,2,30120003,1,0,0,0,0,1
104001,1,2,40010001,1,0,0,0,0,1
104001,2,2,40010002,1,0,0,0,0,1
104001,3,2,40010003,1,0,0,0,0,1
104001,4,2,40020001,1,0,0,0,0,1
104001,5,2,40020002,1,0,0,0,0,1
104001,6,2,40020003,1,0,0,0,0,1
104001,7,2,40030001,1,0,0,0,0,1
104001,8,2,40030002,1,0,0,0,0,1
104001,9,2,40030003,1,0,0,0,0,1
104001,10,2,40040001,1,0,0,0,0,1
104001,11,2,40040002,1,0,0,0,0,1
104001,12,2,40040003,1,0,0,0,0,1
104001,13,2,40050001,1,0,0,0,0,1
104001,14,2,40050002,1,0,0,0,0,1
104001,15,2,40050003,1,0,0,0,0,1
104001,16,2,40060001,1,0,0,0,0,1
104001,17,2,40060002,1,0,0,0,0,1
104001,18,2,40060003,1,0,0,0,0,1
104001,19,2,40070001,1,0,0,0,0,1
104001,20,2,40070002,1,0,0,0,0,1
104001,21,2,40070003,1,0,0,0,0,1
104001,22,2,40080001,1,0,0,0,0,1
104001,23,2,40080002,1,0,0,0,0,1
104001,24,2,40080003,1,0,0,0,0,1
104001,25,2,40090001,1,0,0,0,0,1
104001,26,2,40090002,1,0,0,0,0,1
104001,27,2,40090003,1,0,0,0,0,1
111001,1,2,10010001,1,0,0,0,0,223061104
111001,2,2,10010006,1,0,0,0,0,223061104
111001,3,2,10010008,1,0,0,0,0,223061104
111001,4,2,10020001,1,0,0,0,0,223061104
111001,5,2,10020006,1,0,0,0,0,223061104
111001,6,2,10020008,1,0,0,0,0,223061104
111001,7,2,10030001,1,0,0,0,0,223061104
111001,8,2,10030006,1,0,0,0,0,223061104
111001,9,2,10030008,1,0,0,0,0,223061104
111001,10,2,10040001,1,0,0,0,0,223061104
111001,11,2,10040006,1,0,0,0,0,223061104
111001,12,2,10040008,1,0,0,0,0,223061104
111001,13,2,10050001,1,0,0,0,0,223061104
111001,14,2,10050006,1,0,0,0,0,223061104
111001,15,2,10050008,1,0,0,0,0,223061104
111001,16,2,10060001,1,0,0,0,0,223061104
111001,17,2,10060006,1,0,0,0,0,223061104
111001,18,2,10060008,1,0,0,0,0,223061104
111001,19,2,10070001,1,0,0,0,0,223061104
111001,20,2,10070006,1,0,0,0,0,223061104
111001,21,2,10070008,1,0,0,0,0,223061104
111001,22,2,10080001,1,0,0,0,0,223061104
111001,23,2,10080006,1,0,0,0,0,223061104
111001,24,2,10080008,1,0,0,0,0,223061104
111001,25,2,10090001,1,0,0,0,0,223061104
111001,26,2,10090006,1,0,0,0,0,223061104
111001,27,2,10090008,1,0,0,0,0,223061104
111001,28,2,20010002,1,0,0,0,0,223061104
111001,29,2,20010005,1,0,0,0,0,223061104
111001,30,2,20020002,1,0,0,0,0,223061104
111001,31,2,20020005,1,0,0,0,0,223061104
111001,32,2,20030002,1,0,0,0,0,223061104
111001,33,2,20030005,1,0,0,0,0,223061104
111001,34,2,20030007,1,0,0,0,0,223061104
111001,35,2,20040002,1,0,0,0,0,223061104
111001,36,2,20040005,1,0,0,0,0,223061104
111001,37,2,20040007,1,0,0,0,0,223061104
111001,38,2,20050002,1,0,0,0,0,223061104
111001,39,2,20050005,1,0,0,0,0,223061104
111001,40,2,20060002,1,0,0,0,0,223061104
111001,41,2,20060005,1,0,0,0,0,223061104
111001,42,2,20070002,1,0,0,0,0,223061104
111001,43,2,20070005,1,0,0,0,0,223061104
111001,44,2,20070007,1,0,0,0,0,223061104
111001,45,2,20080002,1,0,0,0,0,223061104
111001,46,2,20080005,1,0,0,0,0,223061104
111001,47,2,20090002,1,0,0,0,0,223061104
111001,48,2,20090005,1,0,0,0,0,223061104
111001,49,2,30010001,1,0,0,0,0,223061104
111001,50,2,30020001,1,0,0,0,0,223061104
111001,51,2,30030001,1,0,0,0,0,223061104
111001,52,2,30040001,1,0,0,0,0,223061104
111001,53,2,30050001,1,0,0,0,0,223061104
111001,54,2,30060001,1,0,0,0,0,223061104
111001,55,2,30070001,1,0,0,0,0,223061104
111001,56,2,30080001,1,0,0,0,0,223061104
111001,57,2,30090001,1,0,0,0,0,223061104
111001,58,2,30100001,1,0,0,0,0,223061104
111001,59,2,30110001,1,0,0,0,0,223061104
111001,60,2,30120001,1,0,0,0,0,223061104
111001,61,2,40010001,1,0,0,0,0,223061104
111001,62,2,40020001,1,0,0,0,0,223061104
111001,63,2,40030001,1,0,0,0,0,223061104
111001,64,2,40040001,1,0,0,0,0,223061104
111001,65,2,40050001,1,0,0,0,0,223061104
111001,66,2,40060001,1,0,0,0,0,223061104
111001,67,2,40070001,1,0,0,0,0,223061104
111001,68,2,40080001,1,0,0,0,0,223061104
111001,69,2,40090001,1,0,0,0,0,223061104
112001,1,2,10010002,1,0,0,0,0,223061104
112001,2,2,10010004,1,0,0,0,0,223061104
112001,3,2,10010007,1,0,0,0,0,223061104
112001,4,2,10020002,1,0,0,0,0,223061104
112001,5,2,10020004,1,0,0,0,0,223061104
112001,6,2,10020007,1,0,0,0,0,223061104
112001,7,2,10030002,1,0,0,0,0,223061104
112001,8,2,10030004,1,0,0,0,0,223061104
112001,9,2,10030007,1,0,0,0,0,223061104
112001,10,2,10040002,1,0,0,0,0,223061104
112001,11,2,10040004,1,0,0,0,0,223061104
112001,12,2,10040007,1,0,0,0,0,223061104
112001,13,2,10050002,1,0,0,0,0,223061104
112001,14,2,10050004,1,0,0,0,0,223061104
112001,15,2,10050007,1,0,0,0,0,223061104
112001,16,2,10060002,1,0,0,0,0,223061104
112001,17,2,10060004,1,0,0,0,0,223061104
112001,18,2,10060007,1,0,0,0,0,223061104
112001,19,2,10070002,1,0,0,0,0,223061104
112001,20,2,10070004,1,0,0,0,0,223061104
112001,21,2,10070007,1,0,0,0,0,223061104
112001,22,2,10080002,1,0,0,0,0,223061104
112001,23,2,10080004,1,0,0,0,0,223061104
112001,24,2,10080007,1,0,0,0,0,223061104
112001,25,2,10090002,1,0,0,0,0,223061104
112001,26,2,10090004,1,0,0,0,0,223061104
112001,27,2,10090007,1,0,0,0,0,223061104
112001,28,2,20010001,1,0,0,0,0,223061104
112001,29,2,20010004,1,0,0,0,0,223061104
112001,30,2,20010007,1,0,0,0,0,223061104
112001,31,2,20020001,1,0,0,0,0,223061104
112001,32,2,20020004,1,0,0,0,0,223061104
112001,33,2,20030001,1,0,0,0,0,223061104
112001,34,2,20030004,1,0,0,0,0,223061104
112001,35,2,20040001,1,0,0,0,0,223061104
112001,36,2,20040004,1,0,0,0,0,223061104
112001,37,2,20050001,1,0,0,0,0,223061104
112001,38,2,20050004,1,0,0,0,0,223061104
112001,39,2,20050007,1,0,0,0,0,223061104
112001,40,2,20060001,1,0,0,0,0,223061104
112001,41,2,20060004,1,0,0,0,0,223061104
112001,42,2,20070001,1,0,0,0,0,223061104
112001,43,2,20070004,1,0,0,0,0,223061104
112001,44,2,20080001,1,0,0,0,0,223061104
112001,45,2,20080004,1,0,0,0,0,223061104
112001,46,2,20090001,1,0,0,0,0,223061104
112001,47,2,20090004,1,0,0,0,0,223061104
112001,48,2,20090007,1,0,0,0,0,223061104
112001,49,2,30010002,1,0,0,0,0,223061104
112001,50,2,30020002,1,0,0,0,0,223061104
112001,51,2,30030002,1,0,0,0,0,223061104
112001,52,2,30040002,1,0,0,0,0,223061104
112001,53,2,30050002,1,0,0,0,0,223061104
112001,54,2,30060002,1,0,0,0,0,223061104
112001,55,2,30070002,1,0,0,0,0,223061104
112001,56,2,30080002,1,0,0,0,0,223061104
112001,57,2,30090002,1,0,0,0,0,223061104
112001,58,2,30100002,1,0,0,0,0,223061104
112001,59,2,30110002,1,0,0,0,0,223061104
112001,60,2,30120002,1,0,0,0,0,223061104
112001,61,2,40010002,1,0,0,0,0,223061104
112001,62,2,40020002,1,0,0,0,0,223061104
112001,63,2,40030002,1,0,0,0,0,223061104
112001,64,2,40040002,1,0,0,0,0,223061104
112001,65,2,40050002,1,0,0,0,0,223061104
112001,66,2,40060002,1,0,0,0,0,223061104
112001,67,2,40070002,1,0,0,0,0,223061104
112001,68,2,40080002,1,0,0,0,0,223061104
112001,69,2,40090002,1,0,0,0,0,223061104
113001,1,2,10010003,1,0,0,0,0,223061104
113001,2,2,10010005,1,0,0,0,0,223061104
113001,3,2,10010009,1,0,0,0,0,223061104
113001,4,2,10020003,1,0,0,0,0,223061104
113001,5,2,10020005,1,0,0,0,0,223061104
113001,6,2,10020009,1,0,0,0,0,223061104
113001,7,2,10030003,1,0,0,0,0,223061104
113001,8,2,10030005,1,0,0,0,0,223061104
113001,9,2,10030009,1,0,0,0,0,223061104
113001,10,2,10040003,1,0,0,0,0,223061104
113001,11,2,10040005,1,0,0,0,0,223061104
113001,12,2,10040009,1,0,0,0,0,223061104
113001,13,2,10050003,1,0,0,0,0,223061104
113001,14,2,10050005,1,0,0,0,0,223061104
113001,15,2,10050009,1,0,0,0,0,223061104
113001,16,2,10060003,1,0,0,0,0,223061104
113001,17,2,10060005,1,0,0,0,0,223061104
113001,18,2,10060009,1,0,0,0,0,223061104
113001,19,2,10070003,1,0,0,0,0,223061104
113001,20,2,10070005,1,0,0,0,0,223061104
113001,21,2,10070009,1,0,0,0,0,223061104
113001,22,2,10080003,1,0,0,0,0,223061104
113001,23,2,10080005,1,0,0,0,0,223061104
113001,24,2,10080009,1,0,0,0,0,223061104
113001,25,2,10090003,1,0,0,0,0,223061104
113001,26,2,10090005,1,0,0,0,0,223061104
113001,27,2,10090009,1,0,0,0,0,223061104
113001,28,2,20010003,1,0,0,0,0,223061104
113001,29,2,20010006,1,0,0,0,0,223061104
113001,30,2,20020003,1,0,0,0,0,223061104
113001,31,2,20020006,1,0,0,0,0,223061104
113001,32,2,20020007,1,0,0,0,0,223061104
113001,33,2,20030003,1,0,0,0,0,223061104
113001,34,2,20030006,1,0,0,0,0,223061104
113001,35,2,20040003,1,0,0,0,0,223061104
113001,36,2,20040006,1,0,0,0,0,223061104
113001,37,2,20050003,1,0,0,0,0,223061104
113001,38,2,20050006,1,0,0,0,0,223061104
113001,39,2,20060003,1,0,0,0,0,223061104
113001,40,2,20060006,1,0,0,0,0,223061104
113001,41,2,20060007,1,0,0,0,0,223061104
113001,42,2,20070003,1,0,0,0,0,223061104
113001,43,2,20070006,1,0,0,0,0,223061104
113001,44,2,20080003,1,0,0,0,0,223061104
113001,45,2,20080006,1,0,0,0,0,223061104
113001,46,2,20080007,1,0,0,0,0,223061104
113001,47,2,20090003,1,0,0,0,0,223061104
113001,48,2,20090006,1,0,0,0,0,223061104
113001,49,2,30010003,1,0,0,0,0,223061104
113001,50,2,30020003,1,0,0,0,0,223061104
113001,51,2,30030003,1,0,0,0,0,223061104
113001,52,2,30040003,1,0,0,0,0,223061104
113001,53,2,30050003,1,0,0,0,0,223061104
113001,54,2,30060003,1,0,0,0,0,223061104
113001,55,2,30070003,1,0,0,0,0,223061104
113001,56,2,30080003,1,0,0,0,0,223061104
113001,57,2,30090003,1,0,0,0,0,223061104
113001,58,2,30100003,1,0,0,0,0,223061104
113001,59,2,30110003,1,0,0,0,0,223061104
113001,60,2,30120003,1,0,0,0,0,223061104
113001,61,2,40010003,1,0,0,0,0,223061104
113001,62,2,40020003,1,0,0,0,0,223061104
113001,63,2,40030003,1,0,0,0,0,223061104
113001,64,2,40040003,1,0,0,0,0,223061104
113001,65,2,40050003,1,0,0,0,0,223061104
113001,66,2,40060003,1,0,0,0,0,223061104
113001,67,2,40070003,1,0,0,0,0,223061104
113001,68,2,40080003,1,0,0,0,0,223061104
113001,69,2,40090003,1,0,0,0,0,223061104
121001,1,2,10050001,1,0,0,0,0,223111703
121001,2,2,10050002,1,0,0,0,0,223111703
121001,3,2,10050003,1,0,0,0,0,223111703
121001,4,2,10050004,1,0,0,0,0,223111703
121001,5,2,10050005,1,0,0,0,0,223111703
121001,6,2,10050006,1,0,0,0,0,223111703
121001,7,2,10050007,1,0,0,0,0,223111703
121001,8,2,10050008,1,0,0,0,0,223111703
121001,9,2,10050009,1,0,0,0,0,223111703
121001,10,2,10060001,1,0,0,0,0,223111703
121001,11,2,10060002,1,0,0,0,0,223111703
121001,12,2,10060003,1,0,0,0,0,223111703
121001,13,2,10060004,1,0,0,0,0,223111703
121001,14,2,10060005,1,0,0,0,0,223111703
121001,15,2,10060006,1,0,0,0,0,223111703
121001,16,2,10060007,1,0,0,0,0,223111703
121001,17,2,10060008,1,0,0,0,0,223111703
121001,18,2,10060009,1,0,0,0,0,223111703
121001,19,2,10080001,1,0,0,0,0,223111703
121001,20,2,10080002,1,0,0,0,0,223111703
121001,21,2,10080003,1,0,0,0,0,223111703
121001,22,2,10080004,1,0,0,0,0,223111703
121001,23,2,10080005,1,0,0,0,0,223111703
121001,24,2,10080006,1,0,0,0,0,223111703
121001,25,2,10080007,1,0,0,0,0,223111703
121001,26,2,10080008,1,0,0,0,0,223111703
121001,27,2,10080009,1,0,0,0,0,223111703
121001,28,2,20060001,1,0,0,0,0,223111703
121001,29,2,20060002,1,0,0,0,0,223111703
121001,30,2,20060003,1,0,0,0,0,223111703
121001,31,2,20060004,1,0,0,0,0,223111703
121001,32,2,20060005,1,0,0,0,0,223111703
121001,33,2,20060006,1,0,0,0,0,223111703
121001,34,2,20060007,1,0,0,0,0,223111703
121001,35,2,20070001,1,0,0,0,0,223111703
121001,36,2,20070002,1,0,0,0,0,223111703
121001,37,2,20070003,1,0,0,0,0,223111703
121001,38,2,20070004,1,0,0,0,0,223111703
121001,39,2,20070005,1,0,0,0,0,223111703
121001,40,2,20070006,1,0,0,0,0,223111703
121001,41,2,20070007,1,0,0,0,0,223111703
121001,42,2,20090001,1,0,0,0,0,223111703
121001,43,2,20090002,1,0,0,0,0,223111703
121001,44,2,20090003,1,0,0,0,0,223111703
121001,45,2,20090004,1,0,0,0,0,223111703
121001,46,2,20090005,1,0,0,0,0,223111703
121001,47,2,20090006,1,0,0,0,0,223111703
121001,48,2,20090007,1,0,0,0,0,223111703
121001,49,2,30020001,1,0,0,0,0,223111703
121001,50,2,30020002,1,0,0,0,0,223111703
121001,51,2,30020003,1,0,0,0,0,223111703
121001,52,2,30030001,1,0,0,0,0,223111703
121001,53,2,30030002,1,0,0,0,0,223111703
121001,54,2,30030003,1,0,0,0,0,223111703
121001,55,2,30090001,1,0,0,0,0,223111703
121001,56,2,30090002,1,0,0,0,0,223111703
121001,57,2,30090003,1,0,0,0,0,223111703
121001,58,2,30100001,1,0,0,0,0,223111703
121001,59,2,30100002,1,0,0,0,0,223111703
121001,60,2,30100003,1,0,0,0,0,223111703
121001,61,2,40060001,1,0,0,0,0,223111703
121001,62,2,40060002,1,0,0,0,0,223111703
121001,63,2,40060003,1,0,0,0,0,223111703
121001,64,2,40070001,1,0,0,0,0,223111703
121001,65,2,40070002,1,0,0,0,0,223111703
121001,66,2,40070003,1,0,0,0,0,223111703
121001,67,2,40080001,1,0,0,0,0,223111703
121001,68,2,40080002,1,0,0,0,0,223111703
121001,69,2,40080003,1,0,0,0,0,223111703
121001,70,2,40090001,1,0,0,0,0,223111703
121001,71,2,40090002,1,0,0,0,0,223111703
121001,72,2,40090003,1,0,0,0,0,223111703
122001,1,2,10010001,1,0,0,0,0,223112405
122001,2,2,10010002,1,0,0,0,0,223112405
122001,3,2,10010003,1,0,0,0,0,223112405
122001,4,2,10010004,1,0,0,0,0,223112405
122001,5,2,10010005,1,0,0,0,0,223112405
122001,6,2,10010006,1,0,0,0,0,223112405
122001,7,2,10010007,1,0,0,0,0,223112405
122001,8,2,10010008,1,0,0,0,0,223112405
122001,9,2,10010009,1,0,0,0,0,223112405
122001,10,2,10030001,1,0,0,0,0,223112405
122001,11,2,10030002,1,0,0,0,0,223112405
122001,12,2,10030003,1,0,0,0,0,223112405
122001,13,2,10030004,1,0,0,0,0,223112405
122001,14,2,10030005,1,0,0,0,0,223112405
122001,15,2,10030006,1,0,0,0,0,223112405
122001,16,2,10030007,1,0,0,0,0,223112405
122001,17,2,10030008,1,0,0,0,0,223112405
122001,18,2,10030009,1,0,0,0,0,223112405
122001,19,2,10040001,1,0,0,0,0,223112405
122001,20,2,10040002,1,0,0,0,0,223112405
122001,21,2,10040003,1,0,0,0,0,223112405
122001,22,2,10040004,1,0,0,0,0,223112405
122001,23,2,10040005,1,0,0,0,0,223112405
122001,24,2,10040006,1,0,0,0,0,223112405
122001,25,2,10040007,1,0,0,0,0,223112405
122001,26,2,10040008,1,0,0,0,0,223112405
122001,27,2,10040009,1,0,0,0,0,223112405
122001,28,2,20010001,1,0,0,0,0,223112405
122001,29,2,20010002,1,0,0,0,0,223112405
122001,30,2,20010003,1,0,0,0,0,223112405
122001,31,2,20010004,1,0,0,0,0,223112405
122001,32,2,20010005,1,0,0,0,0,223112405
122001,33,2,20010006,1,0,0,0,0,223112405
122001,34,2,20010007,1,0,0,0,0,223112405
122001,35,2,20020001,1,0,0,0,0,223112405
122001,36,2,20020002,1,0,0,0,0,223112405
122001,37,2,20020003,1,0,0,0,0,223112405
122001,38,2,20020004,1,0,0,0,0,223112405
122001,39,2,20020005,1,0,0,0,0,223112405
122001,40,2,20020006,1,0,0,0,0,223112405
122001,41,2,20020007,1,0,0,0,0,223112405
122001,42,2,20050001,1,0,0,0,0,223112405
122001,43,2,20050002,1,0,0,0,0,223112405
122001,44,2,20050003,1,0,0,0,0,223112405
122001,45,2,20050004,1,0,0,0,0,223112405
122001,46,2,20050005,1,0,0,0,0,223112405
122001,47,2,20050006,1,0,0,0,0,223112405
122001,48,2,20050007,1,0,0,0,0,223112405
122001,49,2,30010001,1,0,0,0,0,223112405
122001,50,2,30010002,1,0,0,0,0,223112405
122001,51,2,30010003,1,0,0,0,0,223112405
122001,52,2,30050001,1,0,0,0,0,223112405
122001,53,2,30050002,1,0,0,0,0,223112405
122001,54,2,30050003,1,0,0,0,0,223112405
122001,55,2,30070001,1,0,0,0,0,223112405
122001,56,2,30070002,1,0,0,0,0,223112405
122001,57,2,30070003,1,0,0,0,0,223112405
122001,58,2,30120001,1,0,0,0,0,223112405
122001,59,2,30120002,1,0,0,0,0,223112405
122001,60,2,30120003,1,0,0,0,0,223112405
122001,61,2,40010001,1,0,0,0,0,223112405
122001,62,2,40010002,1,0,0,0,0,223112405
122001,63,2,40010003,1,0,0,0,0,223112405
122001,64,2,40020001,1,0,0,0,0,223112405
122001,65,2,40020002,1,0,0,0,0,223112405
122001,66,2,40020003,1,0,0,0,0,223112405
122001,67,2,40030001,1,0,0,0,0,223112405
122001,68,2,40030002,1,0,0,0,0,223112405
122001,69,2,40030003,1,0,0,0,0,223112405
122001,70,2,40040001,1,0,0,0,0,223112405
122001,71,2,40040002,1,0,0,0,0,223112405
122001,72,2,40040003,1,0,0,0,0,223112405
122001,73,2,40050001,1,0,0,0,0,223112405
122001,74,2,40050002,1,0,0,0,0,223112405
122001,75,2,40050003,1,0,0,0,0,223112405
123001,1,2,10020001,1,0,0,0,0,223120104
123001,2,2,10020002,1,0,0,0,0,223120104
123001,3,2,10020003,1,0,0,0,0,223120104
123001,4,2,10020004,1,0,0,0,0,223120104
123001,5,2,10020005,1,0,0,0,0,223120104
123001,6,2,10020006,1,0,0,0,0,223120104
123001,7,2,10020007,1,0,0,0,0,223120104
123001,8,2,10020008,1,0,0,0,0,223120104
123001,9,2,10020009,1,0,0,0,0,223120104
123001,10,2,10070001,1,0,0,0,0,223120104
123001,11,2,10070002,1,0,0,0,0,223120104
123001,12,2,10070003,1,0,0,0,0,223120104
123001,13,2,10070004,1,0,0,0,0,223120104
123001,14,2,10070005,1,0,0,0,0,223120104
123001,15,2,10070006,1,0,0,0,0,223120104
123001,16,2,10070007,1,0,0,0,0,223120104
123001,17,2,10070008,1,0,0,0,0,223120104
123001,18,2,10070009,1,0,0,0,0,223120104
123001,19,2,10090001,1,0,0,0,0,223120104
123001,20,2,10090002,1,0,0,0,0,223120104
123001,21,2,10090003,1,0,0,0,0,223120104
123001,22,2,10090004,1,0,0,0,0,223120104
123001,23,2,10090005,1,0,0,0,0,223120104
123001,24,2,10090006,1,0,0,0,0,223120104
123001,25,2,10090007,1,0,0,0,0,223120104
123001,26,2,10090008,1,0,0,0,0,223120104
123001,27,2,10090009,1,0,0,0,0,223120104
123001,28,2,20030001,1,0,0,0,0,223120104
123001,29,2,20030002,1,0,0,0,0,223120104
123001,30,2,20030003,1,0,0,0,0,223120104
123001,31,2,20030004,1,0,0,0,0,223120104
123001,32,2,20030005,1,0,0,0,0,223120104
123001,33,2,20030006,1,0,0,0,0,223120104
123001,34,2,20030007,1,0,0,0,0,223120104
123001,35,2,20040001,1,0,0,0,0,223120104
123001,36,2,20040002,1,0,0,0,0,223120104
123001,37,2,20040003,1,0,0,0,0,223120104
123001,38,2,20040004,1,0,0,0,0,223120104
123001,39,2,20040005,1,0,0,0,0,223120104
123001,40,2,20040006,1,0,0,0,0,223120104
123001,41,2,20040007,1,0,0,0,0,223120104
123001,42,2,20080001,1,0,0,0,0,223120104
123001,43,2,20080002,1,0,0,0,0,223120104
123001,44,2,20080003,1,0,0,0,0,223120104
123001,45,2,20080004,1,0,0,0,0,223120104
123001,46,2,20080005,1,0,0,0,0,223120104
123001,47,2,20080006,1,0,0,0,0,223120104
123001,48,2,20080007,1,0,0,0,0,223120104
123001,49,2,30040001,1,0,0,0,0,223120104
123001,50,2,30040002,1,0,0,0,0,223120104
123001,51,2,30040003,1,0,0,0,0,223120104
123001,52,2,30060001,1,0,0,0,0,223120104
123001,53,2,30060002,1,0,0,0,0,223120104
123001,54,2,30060003,1,0,0,0,0,223120104
123001,55,2,30080001,1,0,0,0,0,223120104
123001,56,2,30080002,1,0,0,0,0,223120104
123001,57,2,30080003,1,0,0,0,0,223120104
123001,58,2,30110001,1,0,0,0,0,223120104
123001,59,2,30110002,1,0,0,0,0,223120104
123001,60,2,30110003,1,0,0,0,0,223120104
511000111,1,2,10010001,1,0,0,0,0,1
511000111,2,2,10010002,1,0,0,0,0,1
511000111,3,2,10010003,1,0,0,0,0,1
511000111,4,2,10010004,1,0,0,0,0,1
511000111,5,2,10010005,1,0,0,0,0,1
511000111,6,2,10010006,1,0,0,0,0,1
511000111,7,2,10010007,1,0,0,0,0,1
511000111,8,2,10010008,1,0,0,0,0,1
511000111,9,2,10010009,1,0,0,0,0,1
511000111,10,2,10020001,1,0,0,0,0,1
511000111,11,2,10020002,1,0,0,0,0,1
511000111,12,2,10020003,1,0,0,0,0,1
511000111,13,2,10020004,1,0,0,0,0,1
511000111,14,2,10020005,1,0,0,0,0,1
511000111,15,2,10020006,1,0,0,0,0,1
511000111,16,2,10020007,1,0,0,0,0,1
511000111,17,2,10020008,1,0,0,0,0,1
511000111,18,2,10020009,1,0,0,0,0,1
511000111,19,2,10030001,1,0,0,0,0,1
511000111,20,2,10030002,1,0,0,0,0,1
511000111,21,2,10030003,1,0,0,0,0,1
511000111,22,2,10030004,1,0,0,0,0,1
511000111,23,2,10030005,1,0,0,0,0,1
511000111,24,2,10030006,1,0,0,0,0,1
511000111,25,2,10030007,1,0,0,0,0,1
511000111,26,2,10030008,1,0,0,0,0,1
511000111,27,2,10030009,1,0,0,0,0,1
511000111,28,2,10040001,1,0,0,0,0,1
511000111,29,2,10040002,1,0,0,0,0,1
511000111,30,2,10040003,1,0,0,0,0,1
511000111,31,2,10040004,1,0,0,0,0,1
511000111,32,2,10040005,1,0,0,0,0,1
511000111,33,2,10040006,1,0,0,0,0,1
511000111,34,2,10040007,1,0,0,0,0,1
511000111,35,2,10040008,1,0,0,0,0,1
511000111,36,2,10040009,1,0,0,0,0,1
511000111,37,2,10050001,1,0,0,0,0,1
511000111,38,2,10050002,1,0,0,0,0,1
511000111,39,2,10050003,1,0,0,0,0,1
511000111,40,2,10050004,1,0,0,0,0,1
511000111,41,2,10050005,1,0,0,0,0,1
511000111,42,2,10050006,1,0,0,0,0,1
511000111,43,2,10050007,1,0,0,0,0,1
511000111,44,2,10050008,1,0,0,0,0,1
511000111,45,2,10050009,1,0,0,0,0,1
511000111,46,2,10060001,1,0,0,0,0,1
511000111,47,2,10060002,1,0,0,0,0,1
511000111,48,2,10060003,1,0,0,0,0,1
511000111,49,2,10060004,1,0,0,0,0,1
511000111,50,2,10060005,1,0,0,0,0,1
511000111,51,2,10060006,1,0,0,0,0,1
511000111,52,2,10060007,1,0,0,0,0,1
511000111,53,2,10060008,1,0,0,0,0,1
511000111,54,2,10060009,1,0,0,0,0,1
511000111,55,2,10070001,1,0,0,0,0,1
511000111,56,2,10070002,1,0,0,0,0,1
511000111,57,2,10070003,1,0,0,0,0,1
511000111,58,2,10070004,1,0,0,0,0,1
511000111,59,2,10070005,1,0,0,0,0,1
511000111,60,2,10070006,1,0,0,0,0,1
511000111,61,2,10070007,1,0,0,0,0,1
511000111,62,2,10070008,1,0,0,0,0,1
511000111,63,2,10070009,1,0,0,0,0,1
511000111,64,2,10080001,1,0,0,0,0,1
511000111,65,2,10080002,1,0,0,0,0,1
511000111,66,2,10080003,1,0,0,0,0,1
511000111,67,2,10080004,1,0,0,0,0,1
511000111,68,2,10080005,1,0,0,0,0,1
511000111,69,2,10080006,1,0,0,0,0,1
511000111,70,2,10080007,1,0,0,0,0,1
511000111,71,2,10080008,1,0,0,0,0,1
511000111,72,2,10080009,1,0,0,0,0,1
511000111,73,2,10090001,1,0,0,0,0,1
511000111,74,2,10090002,1,0,0,0,0,1
511000111,75,2,10090003,1,0,0,0,0,1
511000111,76,2,10090004,1,0,0,0,0,1
511000111,77,2,10090005,1,0,0,0,0,1
511000111,78,2,10090006,1,0,0,0,0,1
511000111,79,2,10090007,1,0,0,0,0,1
511000111,80,2,10090008,1,0,0,0,0,1
511000111,81,2,10090009,1,0,0,0,0,1
511000111,82,2,20010001,1,0,0,0,0,1
511000111,83,2,20010002,1,0,0,0,0,1
511000111,84,2,20010003,1,0,0,0,0,1
511000111,85,2,20010004,1,0,0,0,0,1
511000111,86,2,20010005,1,0,0,0,0,1
511000111,87,2,20010006,1,0,0,0,0,1
511000111,88,2,20010007,1,0,0,0,0,1
511000111,89,2,20020001,1,0,0,0,0,1
511000111,90,2,20020002,1,0,0,0,0,1
511000111,91,2,20020003,1,0,0,0,0,1
511000111,92,2,20020004,1,0,0,0,0,1
511000111,93,2,20020005,1,0,0,0,0,1
511000111,94,2,20020006,1,0,0,0,0,1
511000111,95,2,20020007,1,0,0,0,0,1
511000111,96,2,20030001,1,0,0,0,0,1
511000111,97,2,20030002,1,0,0,0,0,1
511000111,98,2,20030003,1,0,0,0,0,1
511000111,99,2,20030004,1,0,0,0,0,1
511000111,100,2,20030005,1,0,0,0,0,1
511000111,101,2,20030006,1,0,0,0,0,1
511000111,102,2,20030007,1,0,0,0,0,1
511000111,103,2,20040001,1,0,0,0,0,1
511000111,104,2,20040002,1,0,0,0,0,1
511000111,105,2,20040003,1,0,0,0,0,1
511000111,106,2,20040004,1,0,0,0,0,1
511000111,107,2,20040005,1,0,0,0,0,1
511000111,108,2,20040006,1,0,0,0,0,1
511000111,109,2,20040007,1,0,0,0,0,1
511000111,110,2,20050001,1,0,0,0,0,1
511000111,111,2,20050002,1,0,0,0,0,1
511000111,112,2,20050003,1,0,0,0,0,1
511000111,113,2,20050004,1,0,0,0,0,1
511000111,114,2,20050005,1,0,0,0,0,1
511000111,115,2,20050006,1,0,0,0,0,1
511000111,116,2,20050007,1,0,0,0,0,1
511000111,117,2,20060001,1,0,0,0,0,1
511000111,118,2,20060002,1,0,0,0,0,1
511000111,119,2,20060003,1,0,0,0,0,1
511000111,120,2,20060004,1,0,0,0,0,1
511000111,121,2,20060005,1,0,0,0,0,1
511000111,122,2,20060006,1,0,0,0,0,1
511000111,123,2,20060007,1,0,0,0,0,1
511000111,124,2,20070001,1,0,0,0,0,1
511000111,125,2,20070002,1,0,0,0,0,1
511000111,126,2,20070003,1,0,0,0,0,1
511000111,127,2,20070004,1,0,0,0,0,1
511000111,128,2,20070005,1,0,0,0,0,1
511000111,129,2,20070006,1,0,0,0,0,1
511000111,130,2,20070007,1,0,0,0,0,1
511000111,131,2,20080001,1,0,0,0,0,1
511000111,132,2,20080002,1,0,0,0,0,1
511000111,133,2,20080003,1,0,0,0,0,1
511000111,134,2,20080004,1,0,0,0,0,1
511000111,135,2,20080005,1,0,0,0,0,1
511000111,136,2,20080006,1,0,0,0,0,1
511000111,137,2,20080007,1,0,0,0,0,1
511000111,138,2,20090001,1,0,0,0,0,1
511000111,139,2,20090002,1,0,0,0,0,1
511000111,140,2,20090003,1,0,0,0,0,1
511000111,141,2,20090004,1,0,0,0,0,1
511000111,142,2,20090005,1,0,0,0,0,1
511000111,143,2,20090006,1,0,0,0,0,1
511000111,144,2,20090007,1,0,0,0,0,1
511000111,145,2,30010001,1,0,0,0,0,1
511000111,146,2,30010002,1,0,0,0,0,1
511000111,147,2,30010003,1,0,0,0,0,1
511000111,148,2,30020001,1,0,0,0,0,1
511000111,149,2,30020002,1,0,0,0,0,1
511000111,150,2,30020003,1,0,0,0,0,1
511000111,151,2,30030001,1,0,0,0,0,1
511000111,152,2,30030002,1,0,0,0,0,1
511000111,153,2,30030003,1,0,0,0,0,1
511000111,154,2,30040001,1,0,0,0,0,1
511000111,155,2,30040002,1,0,0,0,0,1
511000111,156,2,30040003,1,0,0,0,0,1
511000111,157,2,30050001,1,0,0,0,0,1
511000111,158,2,30050002,1,0,0,0,0,1
511000111,159,2,30050003,1,0,0,0,0,1
511000111,160,2,30060001,1,0,0,0,0,1
511000111,161,2,30060002,1,0,0,0,0,1
511000111,162,2,30060003,1,0,0,0,0,1
511000111,163,2,30070001,1,0,0,0,0,1
511000111,164,2,30070002,1,0,0,0,0,1
511000111,165,2,30070003,1,0,0,0,0,1
511000111,166,2,30080001,1,0,0,0,0,1
511000111,167,2,30080002,1,0,0,0,0,1
511000111,168,2,30080003,1,0,0,0,0,1
511000111,169,2,30090001,1,0,0,0,0,1
511000111,170,2,30090002,1,0,0,0,0,1
511000111,171,2,30090003,1,0,0,0,0,1
511000111,172,2,30100001,1,0,0,0,0,1
511000111,173,2,30100002,1,0,0,0,0,1
511000111,174,2,30100003,1,0,0,0,0,1
511000111,175,2,30110001,1,0,0,0,0,1
511000111,176,2,30110002,1,0,0,0,0,1
511000111,177,2,30110003,1,0,0,0,0,1
511000111,178,2,30120001,1,0,0,0,0,1
511000111,179,2,30120002,1,0,0,0,0,1
511000111,180,2,30120003,1,0,0,0,0,1
511000111,181,2,40010001,1,0,0,0,0,1
511000111,182,2,40010002,1,0,0,0,0,1
511000111,183,2,40010003,1,0,0,0,0,1
511000111,184,2,40020001,1,0,0,0,0,1
511000111,185,2,40020002,1,0,0,0,0,1
511000111,186,2,40020003,1,0,0,0,0,1
511000111,187,2,40030001,1,0,0,0,0,1
511000111,188,2,40030002,1,0,0,0,0,1
511000111,189,2,40030003,1,0,0,0,0,1
511000111,190,2,40040001,1,0,0,0,0,1
511000111,191,2,40040002,1,0,0,0,0,1
511000111,192,2,40040003,1,0,0,0,0,1
511000111,193,2,40050001,1,0,0,0,0,1
511000111,194,2,40050002,1,0,0,0,0,1
511000111,195,2,40050003,1,0,0,0,0,1
511000111,196,2,40060001,1,0,0,0,0,1
511000111,197,2,40060002,1,0,0,0,0,1
511000111,198,2,40060003,1,0,0,0,0,1
511000111,199,2,40070001,1,0,0,0,0,1
511000111,200,2,40070002,1,0,0,0,0,1
511000111,201,2,40070003,1,0,0,0,0,1
511000111,202,2,40080001,1,0,0,0,0,1
511000111,203,2,40080002,1,0,0,0,0,1
511000111,204,2,40080003,1,0,0,0,0,1
511000111,205,2,40090001,1,0,0,0,0,1
511000111,206,2,40090002,1,0,0,0,0,1
511000111,207,2,40090003,1,0,0,0,0,1
511000112,1,2,10010010,1,0,0,0,0,1
511000112,2,2,10010011,1,0,0,0,0,1
511000112,3,2,10010012,1,0,0,0,0,1
511000112,4,2,10010019,1,0,0,0,0,1
511000112,5,2,10020010,1,0,0,0,0,1
511000112,6,2,10020011,1,0,0,0,0,1
511000112,7,2,10020012,1,0,0,0,0,1
511000112,8,2,10030010,1,0,0,0,0,1
511000112,9,2,10030011,1,0,0,0,0,1
511000112,10,2,10030012,1,0,0,0,0,1
511000112,11,2,10040010,1,0,0,0,0,1
511000112,12,2,10040011,1,0,0,0,0,1
511000112,13,2,10040012,1,0,0,0,0,1
511000112,14,2,10040017,1,0,0,0,0,1
511000112,15,2,10050010,1,0,0,0,0,1
511000112,16,2,10050011,1,0,0,0,0,1
511000112,17,2,10050012,1,0,0,0,0,1
511000112,18,2,10060010,1,0,0,0,0,1
511000112,19,2,10060011,1,0,0,0,0,1
511000112,20,2,10060012,1,0,0,0,0,1
511000112,21,2,10070010,1,0,0,0,0,1
511000112,22,2,10070011,1,0,0,0,0,1
511000112,23,2,10070012,1,0,0,0,0,1
511000112,24,2,10080010,1,0,0,0,0,1
511000112,25,2,10080011,1,0,0,0,0,1
511000112,26,2,10080012,1,0,0,0,0,1
511000112,27,2,10090010,1,0,0,0,0,1
511000112,28,2,10090011,1,0,0,0,0,1
511000112,29,2,10090012,1,0,0,0,0,1
511000112,30,2,20010008,1,0,0,0,0,1
511000112,31,2,20010009,1,0,0,0,0,1
511000112,32,2,20010010,1,0,0,0,0,1
511000112,33,2,20010017,1,0,0,0,0,1
511000112,34,2,20020008,1,0,0,0,0,1
511000112,35,2,20020009,1,0,0,0,0,1
511000112,36,2,20020010,1,0,0,0,0,1
511000112,37,2,20030008,1,0,0,0,0,1
511000112,38,2,20030009,1,0,0,0,0,1
511000112,39,2,20030010,1,0,0,0,0,1
511000112,40,2,20040008,1,0,0,0,0,1
511000112,41,2,20040009,1,0,0,0,0,1
511000112,42,2,20040010,1,0,0,0,0,1
511000112,43,2,20050008,1,0,0,0,0,1
511000112,44,2,20050009,1,0,0,0,0,1
511000112,45,2,20050010,1,0,0,0,0,1
511000112,46,2,20050015,1,0,0,0,0,1
511000112,47,2,20060008,1,0,0,0,0,1
511000112,48,2,20060009,1,0,0,0,0,1
511000112,49,2,20060010,1,0,0,0,0,1
511000112,50,2,20070008,1,0,0,0,0,1
511000112,51,2,20070009,1,0,0,0,0,1
511000112,52,2,20070010,1,0,0,0,0,1
511000112,53,2,20080008,1,0,0,0,0,1
511000112,54,2,20080009,1,0,0,0,0,1
511000112,55,2,20080010,1,0,0,0,0,1
511000112,56,2,20090008,1,0,0,0,0,1
511000112,57,2,20090009,1,0,0,0,0,1
511000112,58,2,20090010,1,0,0,0,0,1
511000112,59,2,30010004,1,0,0,0,0,1
511000112,60,2,30010005,1,0,0,0,0,1
511000112,61,2,30010006,1,0,0,0,0,1
511000112,62,2,30010013,1,0,0,0,0,1
511000112,63,2,30020004,1,0,0,0,0,1
511000112,64,2,30020005,1,0,0,0,0,1
511000112,65,2,30020006,1,0,0,0,0,1
511000112,66,2,30030004,1,0,0,0,0,1
511000112,67,2,30030005,1,0,0,0,0,1
511000112,68,2,30030006,1,0,0,0,0,1
511000112,69,2,30040004,1,0,0,0,0,1
511000112,70,2,30040005,1,0,0,0,0,1
511000112,71,2,30040006,1,0,0,0,0,1
511000112,72,2,30050004,1,0,0,0,0,1
511000112,73,2,30050005,1,0,0,0,0,1
511000112,74,2,30050006,1,0,0,0,0,1
511000112,75,2,30060004,1,0,0,0,0,1
511000112,76,2,30060005,1,0,0,0,0,1
511000112,77,2,30060006,1,0,0,0,0,1
511000112,78,2,30070004,1,0,0,0,0,1
511000112,79,2,30070005,1,0,0,0,0,1
511000112,80,2,30070006,1,0,0,0,0,1
511000112,81,2,30070011,1,0,0,0,0,1
511000112,82,2,30080004,1,0,0,0,0,1
511000112,83,2,30080005,1,0,0,0,0,1
511000112,84,2,30080006,1,0,0,0,0,1
511000112,85,2,30090004,1,0,0,0,0,1
511000112,86,2,30090005,1,0,0,0,0,1
511000112,87,2,30090006,1,0,0,0,0,1
511000112,88,2,30100004,1,0,0,0,0,1
511000112,89,2,30100005,1,0,0,0,0,1
511000112,90,2,30100006,1,0,0,0,0,1
511000112,91,2,30110004,1,0,0,0,0,1
511000112,92,2,30110005,1,0,0,0,0,1
511000112,93,2,30110006,1,0,0,0,0,1
511000112,94,2,30120004,1,0,0,0,0,1
511000112,95,2,30120005,1,0,0,0,0,1
511000112,96,2,30120006,1,0,0,0,0,1
511000112,97,2,40010004,1,0,0,0,0,1
511000112,98,2,40010005,1,0,0,0,0,1
511000112,99,2,40010006,1,0,0,0,0,1
511000112,100,2,40010013,1,0,0,0,0,1
511000112,101,2,40020004,1,0,0,0,0,1
511000112,102,2,40020005,1,0,0,0,0,1
511000112,103,2,40020006,1,0,0,0,0,1
511000112,104,2,40030004,1,0,0,0,0,1
511000112,105,2,40030005,1,0,0,0,0,1
511000112,106,2,40030006,1,0,0,0,0,1
511000112,107,2,40030011,1,0,0,0,0,1
511000112,108,2,40040004,1,0,0,0,0,1
511000112,109,2,40040005,1,0,0,0,0,1
511000112,110,2,40040006,1,0,0,0,0,1
511000112,111,2,40050004,1,0,0,0,0,1
511000112,112,2,40050005,1,0,0,0,0,1
511000112,113,2,40050006,1,0,0,0,0,1
511000112,114,2,40060004,1,0,0,0,0,1
511000112,115,2,40060005,1,0,0,0,0,1
511000112,116,2,40060006,1,0,0,0,0,1
511000112,117,2,40070004,1,0,0,0,0,1
511000112,118,2,40070005,1,0,0,0,0,1
511000112,119,2,40070006,1,0,0,0,0,1
511000112,120,2,40080004,1,0,0,0,0,1
511000112,121,2,40080005,1,0,0,0,0,1
511000112,122,2,40080006,1,0,0,0,0,1
511000112,123,2,40090004,1,0,0,0,0,1
511000112,124,2,40090005,1,0,0,0,0,1
511000112,125,2,40090006,1,0,0,0,0,1
511000112,126,2,40100001,1,0,0,0,0,1
511000112,127,2,40110001,1,0,0,0,0,1
511000112,128,2,60010001,1,0,0,0,0,1
511000112,129,2,60020001,1,0,0,0,0,1
511000112,130,2,60030001,1,0,0,0,0,1
511000112,131,2,60040001,1,0,0,0,0,1
511000112,132,2,60050001,1,0,0,0,0,1
511000112,133,2,60060001,1,0,0,0,0,1
511000112,134,2,60070001,1,0,0,0,0,1
511000112,135,2,60080001,1,0,0,0,0,1
511000112,136,2,60090001,1,0,0,0,0,1
511000113,1,2,10010013,1,0,0,0,0,1
511000113,2,2,10010016,1,0,0,0,0,1
511000113,3,2,10010017,1,0,0,0,0,1
511000113,4,2,10020013,1,0,0,0,0,1
511000113,5,2,10020015,1,0,0,0,0,1
511000113,6,2,10020017,1,0,0,0,0,1
511000113,7,2,10030013,1,0,0,0,0,1
511000113,8,2,10030016,1,0,0,0,0,1
511000113,9,2,10030017,1,0,0,0,0,1
511000113,10,2,10030018,1,0,0,0,0,1
511000113,11,2,10040013,1,0,0,0,0,1
511000113,12,2,10040019,1,0,0,0,0,1
511000113,13,2,10040020,1,0,0,0,0,1
511000113,14,2,10050013,1,0,0,0,0,1
511000113,15,2,10050015,1,0,0,0,0,1
511000113,16,2,10050016,1,0,0,0,0,1
511000113,17,2,10060013,1,0,0,0,0,1
511000113,18,2,10060015,1,0,0,0,0,1
511000113,19,2,10060017,1,0,0,0,0,1
511000113,20,2,10060018,1,0,0,0,0,1
511000113,21,2,10070013,1,0,0,0,0,1
511000113,22,2,10070015,1,0,0,0,0,1
511000113,23,2,10070017,1,0,0,0,0,1
511000113,24,2,10080013,1,0,0,0,0,1
511000113,25,2,10080017,1,0,0,0,0,1
511000113,26,2,10090013,1,0,0,0,0,1
511000113,27,2,10090016,1,0,0,0,0,1
511000113,28,2,10090018,1,0,0,0,0,1
511000113,29,2,20010011,1,0,0,0,0,1
511000113,30,2,20010014,1,0,0,0,0,1
511000113,31,2,20010015,1,0,0,0,0,1
511000113,32,2,20020011,1,0,0,0,0,1
511000113,33,2,20020013,1,0,0,0,0,1
511000113,34,2,20020014,1,0,0,0,0,1
511000113,35,2,20020016,1,0,0,0,0,1
511000113,36,2,20030011,1,0,0,0,0,1
511000113,37,2,20030013,1,0,0,0,0,1
511000113,38,2,20030016,1,0,0,0,0,1
511000113,39,2,20040011,1,0,0,0,0,1
511000113,40,2,20040013,1,0,0,0,0,1
511000113,41,2,20040015,1,0,0,0,0,1
511000113,42,2,20040016,1,0,0,0,0,1
511000113,43,2,20050011,1,0,0,0,0,1
511000113,44,2,20050017,1,0,0,0,0,1
511000113,45,2,20050019,1,0,0,0,0,1
511000113,46,2,20060011,1,0,0,0,0,1
511000113,47,2,20060014,1,0,0,0,0,1
511000113,48,2,20060015,1,0,0,0,0,1
511000113,49,2,20060016,1,0,0,0,0,1
511000113,50,2,20070011,1,0,0,0,0,1
511000113,51,2,20070015,1,0,0,0,0,1
511000113,52,2,20070016,1,0,0,0,0,1
511000113,53,2,20080011,1,0,0,0,0,1
511000113,54,2,20080013,1,0,0,0,0,1
511000113,55,2,20080014,1,0,0,0,0,1
511000113,56,2,20090011,1,0,0,0,0,1
511000113,57,2,20090013,1,0,0,0,0,1
511000113,58,2,20090014,1,0,0,0,0,1
511000113,59,2,20090016,1,0,0,0,0,1
511000113,60,2,30010007,1,0,0,0,0,1
511000113,61,2,30010010,1,0,0,0,0,1
511000113,62,2,30010012,1,0,0,0,0,1
511000113,63,2,30010018,1,0,0,0,0,1
511000113,64,2,30020007,1,0,0,0,0,1
511000113,65,2,30020011,1,0,0,0,0,1
511000113,66,2,30020014,1,0,0,0,0,1
511000113,67,2,30030007,1,0,0,0,0,1
511000113,68,2,30030012,1,0,0,0,0,1
511000113,69,2,30030014,1,0,0,0,0,1
511000113,70,2,30030015,1,0,0,0,0,1
511000113,71,2,30040007,1,0,0,0,0,1
511000113,72,2,30040009,1,0,0,0,0,1
511000113,73,2,30040011,1,0,0,0,0,1
511000113,74,2,30040014,1,0,0,0,0,1
511000113,75,2,30050007,1,0,0,0,0,1
511000113,76,2,30050009,1,0,0,0,0,1
511000113,77,2,30050012,1,0,0,0,0,1
511000113,78,2,30050013,1,0,0,0,0,1
511000113,79,2,30060007,1,0,0,0,0,1
511000113,80,2,30060009,1,0,0,0,0,1
511000113,81,2,30060011,1,0,0,0,0,1
511000113,82,2,30060013,1,0,0,0,0,1
511000113,83,2,30070007,1,0,0,0,0,1
511000113,84,2,30070009,1,0,0,0,0,1
511000113,85,2,30070013,1,0,0,0,0,1
511000113,86,2,30070014,1,0,0,0,0,1
511000113,87,2,30080007,1,0,0,0,0,1
511000113,88,2,30080009,1,0,0,0,0,1
511000113,89,2,30080011,1,0,0,0,0,1
511000113,90,2,30080014,1,0,0,0,0,1
511000113,91,2,30090007,1,0,0,0,0,1
511000113,92,2,30090009,1,0,0,0,0,1
511000113,93,2,30090012,1,0,0,0,0,1
511000113,94,2,30090013,1,0,0,0,0,1
511000113,95,2,30100007,1,0,0,0,0,1
511000113,96,2,30100009,1,0,0,0,0,1
511000113,97,2,30100010,1,0,0,0,0,1
511000113,98,2,30100013,1,0,0,0,0,1
511000113,99,2,30110007,1,0,0,0,0,1
511000113,100,2,30110010,1,0,0,0,0,1
511000113,101,2,30110013,1,0,0,0,0,1
511000113,102,2,30110014,1,0,0,0,0,1
511000113,103,2,30120007,1,0,0,0,0,1
511000113,104,2,30120010,1,0,0,0,0,1
511000113,105,2,30120013,1,0,0,0,0,1
511000113,106,2,30120014,1,0,0,0,0,1
511000113,107,2,40010007,1,0,0,0,0,1
511000113,108,2,40010010,1,0,0,0,0,1
511000113,109,2,40010014,1,0,0,0,0,1
511000113,110,2,40020007,1,0,0,0,0,1
511000113,111,2,40020009,1,0,0,0,0,1
511000113,112,2,40020010,1,0,0,0,0,1
511000113,113,2,40020012,1,0,0,0,0,1
511000113,114,2,40030007,1,0,0,0,0,1
511000113,115,2,40030012,1,0,0,0,0,1
511000113,116,2,40030014,1,0,0,0,0,1
511000113,117,2,40040007,1,0,0,0,0,1
511000113,118,2,40040009,1,0,0,0,0,1
511000113,119,2,40040010,1,0,0,0,0,1
511000113,120,2,40050007,1,0,0,0,0,1
511000113,121,2,40050009,1,0,0,0,0,1
511000113,122,2,40050011,1,0,0,0,0,1
511000113,123,2,40050013,1,0,0,0,0,1
511000113,124,2,40060007,1,0,0,0,0,1
511000113,125,2,40060011,1,0,0,0,0,1
511000113,126,2,40060013,1,0,0,0,0,1
511000113,127,2,40070007,1,0,0,0,0,1
511000113,128,2,40070010,1,0,0,0,0,1
511000113,129,2,40070011,1,0,0,0,0,1
511000113,130,2,40070013,1,0,0,0,0,1
511000113,131,2,40080007,1,0,0,0,0,1
511000113,132,2,40080009,1,0,0,0,0,1
511000113,133,2,40080010,1,0,0,0,0,1
511000113,134,2,40090007,1,0,0,0,0,1
511000113,135,2,40090009,1,0,0,0,0,1
511000113,136,2,40090010,1,0,0,0,0,1
511000113,137,2,40100002,1,0,0,0,0,1
511000113,138,2,40110002,1,0,0,0,0,1
611000101,1,2,100010001,1,0,0,1,0,1
611000101,2,2,100020001,1,0,0,1,0,1
611000101,3,2,100030001,1,0,0,1,0,1
611000101,4,2,100040001,1,0,0,1,0,1
611000101,5,2,100050001,1,0,0,1,0,1
611000101,6,2,100060001,1,0,0,1,0,1
611000101,7,2,100070001,1,0,0,1,0,1
611000101,8,2,100080001,1,0,0,1,0,1
611000101,9,2,100090001,1,0,0,1,0,1
611000101,10,2,100010002,1,0,0,1,0,1
611000101,11,2,100020002,1,0,0,1,0,1
611000101,12,2,100030002,1,0,0,1,0,1
611000101,13,2,100040002,1,0,0,1,0,1
611000101,14,2,100050002,1,0,0,1,0,1
611000101,15,2,100060002,1,0,0,1,0,1
611000101,16,2,100070002,1,0,0,1,0,1
611000101,17,2,100080002,1,0,0,1,0,1
611000101,18,2,100090002,1,0,0,1,0,1
611000101,19,2,100010003,1,0,0,1,0,1
611000101,20,2,100020003,1,0,0,1,0,1
611000101,21,2,100030003,1,0,0,1,0,1
611000101,22,2,100040003,1,0,0,1,0,1
611000101,23,2,100050003,1,0,0,1,0,1
611000101,24,2,100060003,1,0,0,1,0,1
611000101,25,2,100070003,1,0,0,1,0,1
611000101,26,2,100080003,1,0,0,1,0,1
611000101,27,2,100090003,1,0,0,1,0,1
611000101,28,2,100050017,1,0,0,1,0,1
611000101,29,2,100010025,1,0,0,1,0,1
611000101,30,2,100020022,1,0,0,1,0,1
611000101,31,2,100030027,1,0,0,1,0,1
611000101,32,2,100040023,1,0,0,1,0,1
611000101,33,2,100050025,1,0,0,1,0,1
611000101,34,2,100060024,1,0,0,1,0,1
611000101,35,2,100070022,1,0,0,1,0,1
611000101,36,2,100080023,1,0,0,1,0,1
611000101,37,2,100090023,1,0,0,1,0,1
611000101,38,2,100010026,1,0,0,1,0,1
611000101,39,2,100020023,1,0,0,1,0,1
611000101,40,2,100030028,1,0,0,1,0,1
611000101,41,2,100040025,1,0,0,1,0,1
611000101,42,2,100050026,1,0,0,1,0,1
611000101,43,2,100060026,1,0,0,1,0,1
611000101,44,2,100070024,1,0,0,1,0,1
611000101,45,2,100080024,1,0,0,1,0,1
611000101,46,2,100090025,1,0,0,1,0,1
611000101,47,2,100010031,1,0,0,1,0,1
611000101,48,2,100020026,1,0,0,1,0,1
611000101,49,2,100030031,1,0,0,1,0,1
611000101,50,2,100040029,1,0,0,1,0,1
611000101,51,2,100050030,1,0,0,1,0,1
611000101,52,2,100060029,1,0,0,1,0,1
611000101,53,2,100070027,1,0,0,1,0,1
611000101,54,2,100080028,1,0,0,1,0,1
611000101,55,2,100090028,1,0,0,1,0,1
611000101,56,2,100080033,1,0,0,1,0,1
611000101,57,2,100010038,1,0,0,1,0,1
611000101,58,2,100020035,1,0,0,1,0,1
611000101,59,2,100030036,1,0,0,1,0,1
611000101,60,2,100040036,1,0,0,1,0,1
611000101,61,2,100050035,1,0,0,1,0,1
611000101,62,2,100060038,1,0,0,1,0,1
611000101,63,2,100070033,1,0,0,1,0,1
611000101,64,2,100080035,1,0,0,1,0,1
611000101,65,2,100090036,1,0,0,1,0,1
611000101,66,2,100010044,1,0,0,1,0,1
611000101,67,2,100020042,1,0,0,1,0,1
611000101,68,2,100030042,1,0,0,1,0,1
611000101,69,2,100040041,1,0,0,1,0,1
611000101,70,2,100050041,1,0,0,1,0,1
611000101,71,2,100060044,1,0,0,1,0,1
611000101,72,2,100070041,1,0,0,1,0,1
611000101,73,2,100080040,1,0,0,1,0,1
611000101,74,2,100090041,1,0,0,1,0,1
611000101,75,2,100090045,1,0,0,1,0,1
611000101,76,2,100010050,1,0,0,1,0,1
611000101,77,2,100020048,1,0,0,1,0,1
611000101,78,2,100030048,1,0,0,1,0,1
611000101,79,2,100040046,1,0,0,1,0,1
611000101,80,2,100050048,1,0,0,1,0,1
611000101,81,2,100060049,1,0,0,1,0,1
611000101,82,2,100070047,1,0,0,1,0,1
611000101,83,2,100080047,1,0,0,1,0,1
611000101,84,2,100090048,1,0,0,1,0,1
611000101,85,2,100010052,1,0,0,1,0,1
611000101,86,2,100030052,1,0,0,1,0,1
611000101,87,2,100040050,1,0,0,1,0,1
611000101,88,2,100010055,1,0,0,1,0,1
611000101,89,2,100020052,1,0,0,1,0,1
611000101,90,2,100030053,1,0,0,1,0,1
611000101,91,2,100040052,1,0,0,1,0,1
611000101,92,2,100050051,1,0,0,1,0,1
611000101,93,2,100060054,1,0,0,1,0,1
611000101,94,2,100070051,1,0,0,1,0,1
611000101,95,2,100080052,1,0,0,1,0,1
611000101,96,2,100090052,1,0,0,1,0,1
611000101,97,2,100050057,1,0,0,1,0,1
611000101,98,2,100010061,1,0,0,1,0,1
611000101,99,2,100020058,1,0,0,1,0,1
611000101,100,2,100030059,1,0,0,1,0,1
611000101,101,2,100040058,1,0,0,1,0,1
611000101,102,2,100050058,1,0,0,1,0,1
611000101,103,2,100060059,1,0,0,1,0,1
611000101,104,2,100070057,1,0,0,1,0,1
611000101,105,2,100080057,1,0,0,1,0,1
611000101,106,2,100090059,1,0,0,1,0,1
611000101,107,2,100010068,1,0,0,1,0,1
611000101,108,2,100020065,1,0,0,1,0,1
611000101,109,2,100030065,1,0,0,1,0,1
611000101,110,2,100040064,1,0,0,1,0,1
611000101,111,2,100050064,1,0,0,1,0,1
611000101,112,2,100060066,1,0,0,1,0,1
611000101,113,2,100070063,1,0,0,1,0,1
611000101,114,2,100080064,1,0,0,1,0,1
611000101,115,2,100090065,1,0,0,1,0,1
611000101,116,2,100010071,1,0,0,1,0,1
611000101,117,2,100020070,1,0,0,1,0,1
611000101,118,2,100030069,1,0,0,1,0,1
611000101,119,2,100040068,1,0,0,1,0,1
611000101,120,2,100050068,1,0,0,1,0,1
611000101,121,2,100060069,1,0,0,1,0,1
611000101,122,2,100070068,1,0,0,1,0,1
611000101,123,2,100080068,1,0,0,1,0,1
611000101,124,2,100090070,1,0,0,1,0,1
611000101,125,2,140680001,1,0,0,1,0,1
611000101,126,2,140690001,1,0,0,1,0,1
611000101,127,2,140700001,1,0,0,1,0,1
611000101,128,2,100080073,1,0,0,1,0,1
611000101,129,2,100090081,1,0,0,1,0,1
611000101,130,2,100010100,1,0,0,1,0,1
611000101,131,2,100020095,1,0,0,1,0,1
611000101,132,2,100030095,1,0,0,1,0,1
611000101,133,2,100040094,1,0,0,1,0,1
611000101,134,2,100050096,1,0,0,1,0,1
611000101,135,2,100060097,1,0,0,1,0,1
611000101,136,2,100070094,1,0,0,1,0,1
611000101,137,2,100080097,1,0,0,1,0,1
611000101,138,2,100090098,1,0,0,1,0,1
611000101,139,2,100010113,1,0,0,1,0,1
611000101,140,2,100020109,1,0,0,1,0,1
611000101,141,2,100030108,1,0,0,1,0,1
611000101,142,2,100040109,1,0,0,1,0,1
611000101,143,2,100050110,1,0,0,1,0,1
611000101,144,2,100060109,1,0,0,1,0,1
611000101,145,2,100070106,1,0,0,1,0,1
611000101,146,2,100080109,1,0,0,1,0,1
611000101,147,2,100090112,1,0,0,1,0,1
611000102,1,2,100010004,1,0,0,1,0,1
611000102,2,2,100020004,1,0,0,1,0,1
611000102,3,2,100030004,1,0,0,1,0,1
611000102,4,2,100040004,1,0,0,1,0,1
611000102,5,2,100050004,1,0,0,1,0,1
611000102,6,2,100060004,1,0,0,1,0,1
611000102,7,2,100070004,1,0,0,1,0,1
611000102,8,2,100080004,1,0,0,1,0,1
611000102,9,2,100090004,1,0,0,1,0,1
611000102,10,2,100010007,1,0,0,1,0,1
611000102,11,2,100030005,1,0,0,1,0,1
611000102,12,2,100070005,1,0,0,1,0,1
611000102,13,2,100020006,1,0,0,1,0,1
611000102,14,2,100040007,1,0,0,1,0,1
611000102,15,2,100080006,1,0,0,1,0,1
611000102,16,2,100060006,1,0,0,1,0,1
611000102,17,2,100040008,1,0,0,1,0,1
611000102,18,2,100050005,1,0,0,1,0,1
611000102,19,2,100090006,1,0,0,1,0,1
611000102,20,2,100030008,1,0,0,1,0,1
611000102,21,2,100070006,1,0,0,1,0,1
611000102,22,2,100050007,1,0,0,1,0,1
611000102,23,2,100060008,1,0,0,1,0,1
611000102,24,2,100090007,1,0,0,1,0,1
611000102,25,2,100010008,1,0,0,1,0,1
611000102,26,2,100020007,1,0,0,1,0,1
611000102,27,2,100010009,1,0,0,1,0,1
611000102,28,2,100010010,1,0,0,1,0,1
611000102,29,2,100020008,1,0,0,1,0,1
611000102,30,2,100030009,1,0,0,1,0,1
611000102,31,2,100040009,1,0,0,1,0,1
611000102,32,2,100050009,1,0,0,1,0,1
611000102,33,2,100060009,1,0,0,1,0,1
611000102,34,2,100070008,1,0,0,1,0,1
611000102,35,2,100080008,1,0,0,1,0,1
611000102,36,2,100090009,1,0,0,1,0,1
611000102,37,2,100010011,1,0,0,1,0,1
611000102,38,2,100020009,1,0,0,1,0,1
611000102,39,2,100040010,1,0,0,1,0,1
611000102,40,2,100050010,1,0,0,1,0,1
611000102,41,2,100030011,1,0,0,1,0,1
611000102,42,2,100060010,1,0,0,1,0,1
611000102,43,2,100080009,1,0,0,1,0,1
611000102,44,2,100080010,1,0,0,1,0,1
611000102,45,2,100010013,1,0,0,1,0,1
611000102,46,2,100050011,1,0,0,1,0,1
611000102,47,2,100060011,1,0,0,1,0,1
611000102,48,2,100070011,1,0,0,1,0,1
611000102,49,2,100070012,1,0,0,1,0,1
611000102,50,2,100020011,1,0,0,1,0,1
611000102,51,2,100080011,1,0,0,1,0,1
611000102,52,2,100090011,1,0,0,1,0,1
611000102,53,2,100050012,1,0,0,1,0,1
611000102,54,2,100040012,1,0,0,1,0,1
611000102,55,2,100020012,1,0,0,1,0,1
611000102,56,2,100040013,1,0,0,1,0,1
611000102,57,2,100080012,1,0,0,1,0,1
611000102,58,2,100070013,1,0,0,1,0,1
611000102,59,2,100060012,1,0,0,1,0,1
611000102,60,2,100030013,1,0,0,1,0,1
611000102,61,2,100060013,1,0,0,1,0,1
611000102,62,2,100090012,1,0,0,1,0,1
611000102,63,2,100020013,1,0,0,1,0,1
611000102,64,2,100010016,1,0,0,1,0,1
611000102,65,2,100020014,1,0,0,1,0,1
611000102,66,2,100030014,1,0,0,1,0,1
611000102,67,2,100090013,1,0,0,1,0,1
611000102,68,2,100030015,1,0,0,1,0,1
611000102,69,2,100030016,1,0,0,1,0,1
611000102,70,2,100040014,1,0,0,1,0,1
611000102,71,2,100050014,1,0,0,1,0,1
611000102,72,2,100070014,1,0,0,1,0,1
611000102,73,2,100010017,1,0,0,1,0,1
611000102,74,2,100040015,1,0,0,1,0,1
611000102,75,2,100050015,1,0,0,1,0,1
611000102,76,2,100060015,1,0,0,1,0,1
611000102,77,2,100090014,1,0,0,1,0,1
611000102,78,2,100080014,1,0,0,1,0,1
611000102,79,2,100010018,1,0,0,1,0,1
611000102,80,2,100030017,1,0,0,1,0,1
611000102,81,2,100080015,1,0,0,1,0,1
611000102,82,2,100040016,1,0,0,1,0,1
611000102,83,2,100090015,1,0,0,1,0,1
611000102,84,2,100030019,1,0,0,1,0,1
611000102,85,2,100050016,1,0,0,1,0,1
611000102,86,2,100070016,1,0,0,1,0,1
611000102,87,2,100090016,1,0,0,1,0,1
611000102,88,2,100090017,1,0,0,1,0,1
611000102,89,2,100060016,1,0,0,1,0,1
611000102,90,2,100020016,1,0,0,1,0,1
611000102,91,2,100060017,1,0,0,1,0,1
611000102,92,2,100080016,1,0,0,1,0,1
611000102,93,2,100070017,1,0,0,1,0,1
611000102,94,2,100010020,1,0,0,1,0,1
611000102,95,2,100020017,1,0,0,1,0,1
611000102,96,2,100030020,1,0,0,1,0,1
611000102,97,2,100040019,1,0,0,1,0,1
611000102,98,2,100050018,1,0,0,1,0,1
611000102,99,2,100060018,1,0,0,1,0,1
611000102,100,2,100070018,1,0,0,1,0,1
611000102,101,2,100080017,1,0,0,1,0,1
611000102,102,2,100090018,1,0,0,1,0,1
611000102,103,2,100010021,1,0,0,1,0,1
611000102,104,2,100020018,1,0,0,1,0,1
611000102,105,2,100030021,1,0,0,1,0,1
611000102,106,2,100040020,1,0,0,1,0,1
611000102,107,2,100050019,1,0,0,1,0,1
611000102,108,2,100060019,1,0,0,1,0,1
611000102,109,2,100070019,1,0,0,1,0,1
611000102,110,2,100080018,1,0,0,1,0,1
611000102,111,2,100090019,1,0,0,1,0,1
611000102,112,2,100010022,1,0,0,1,0,1
611000102,113,2,100040021,1,0,0,1,0,1
611000102,114,2,100050020,1,0,0,1,0,1
611000102,115,2,100080019,1,0,0,1,0,1
611000102,116,2,100050021,1,0,0,1,0,1
611000102,117,2,100020019,1,0,0,1,0,1
611000102,118,2,100030023,1,0,0,1,0,1
611000102,119,2,100070020,1,0,0,1,0,1
611000102,120,2,100060021,1,0,0,1,0,1
611000102,121,2,100010023,1,0,0,1,0,1
611000102,122,2,100020020,1,0,0,1,0,1
611000102,123,2,100040022,1,0,0,1,0,1
611000102,124,2,100070021,1,0,0,1,0,1
611000102,125,2,100090021,1,0,0,1,0,1
611000102,126,2,100030024,1,0,0,1,0,1
611000102,127,2,100060022,1,0,0,1,0,1
611000102,128,2,100090022,1,0,0,1,0,1
611000102,129,2,100030025,1,0,0,1,0,1
611000102,130,2,100050023,1,0,0,1,0,1
611000102,131,2,100080021,1,0,0,1,0,1
611000102,132,2,100010024,1,0,0,1,0,1
611000102,133,2,100030026,1,0,0,1,0,1
611000102,134,2,100050024,1,0,0,1,0,1
611000102,135,2,100080022,1,0,0,1,0,1
611000102,136,2,100060023,1,0,0,1,0,1
611000102,137,2,100060025,1,0,0,1,0,1
611000102,138,2,100070023,1,0,0,1,0,1
611000102,139,2,100090024,1,0,0,1,0,1
611000102,140,2,100080025,1,0,0,1,0,1
611000102,141,2,100040026,1,0,0,1,0,1
611000102,142,2,100050027,1,0,0,1,0,1
611000102,143,2,100060027,1,0,0,1,0,1
611000102,144,2,100070025,1,0,0,1,0,1
611000102,145,2,100040027,1,0,0,1,0,1
611000102,146,2,100010027,1,0,0,1,0,1
611000102,147,2,100020024,1,0,0,1,0,1
611000102,148,2,100090026,1,0,0,1,0,1
611000102,149,2,100010028,1,0,0,1,0,1
611000102,150,2,100040028,1,0,0,1,0,1
611000102,151,2,100050028,1,0,0,1,0,1
611000102,152,2,100070026,1,0,0,1,0,1
611000102,153,2,100090027,1,0,0,1,0,1
611000102,154,2,100050029,1,0,0,1,0,1
611000102,155,2,100030030,1,0,0,1,0,1
611000102,156,2,100060028,1,0,0,1,0,1
611000102,157,2,100080027,1,0,0,1,0,1
611000102,158,2,100020027,1,0,0,1,0,1
611000102,159,2,100010032,1,0,0,1,0,1
611000102,160,2,100020028,1,0,0,1,0,1
611000102,161,2,100070028,1,0,0,1,0,1
611000102,162,2,100010033,1,0,0,1,0,1
611000102,163,2,100040030,1,0,0,1,0,1
611000102,164,2,100050031,1,0,0,1,0,1
611000102,165,2,100090029,1,0,0,1,0,1
611000102,166,2,100070029,1,0,0,1,0,1
611000102,167,2,100020030,1,0,0,1,0,1
611000102,168,2,100030032,1,0,0,1,0,1
611000102,169,2,100080029,1,0,0,1,0,1
611000102,170,2,100030033,1,0,0,1,0,1
611000102,171,2,100010034,1,0,0,1,0,1
611000102,172,2,100020032,1,0,0,1,0,1
611000102,173,2,100050032,1,0,0,1,0,1
611000102,174,2,100070031,1,0,0,1,0,1
611000102,175,2,100090031,1,0,0,1,0,1
611000102,176,2,100040031,1,0,0,1,0,1
611000102,177,2,100060033,1,0,0,1,0,1
611000102,178,2,100080030,1,0,0,1,0,1
611000102,179,2,100060034,1,0,0,1,0,1
611000102,180,2,100060035,1,0,0,1,0,1
611000102,181,2,100090033,1,0,0,1,0,1
611000102,182,2,100030035,1,0,0,1,0,1
611000102,183,2,100060036,1,0,0,1,0,1
611000102,184,2,100070032,1,0,0,1,0,1
611000102,185,2,100090034,1,0,0,1,0,1
611000102,186,2,100010035,1,0,0,1,0,1
611000102,187,2,100010036,1,0,0,1,0,1
611000102,188,2,100020033,1,0,0,1,0,1
611000102,189,2,100080031,1,0,0,1,0,1
611000102,190,2,100040033,1,0,0,1,0,1
611000102,191,2,100010037,1,0,0,1,0,1
611000102,192,2,100040035,1,0,0,1,0,1
611000102,193,2,100060037,1,0,0,1,0,1
611000102,194,2,100090035,1,0,0,1,0,1
611000102,195,2,100080034,1,0,0,1,0,1
611000102,196,2,100020036,1,0,0,1,0,1
611000102,197,2,100030037,1,0,0,1,0,1
611000102,198,2,100050036,1,0,0,1,0,1
611000102,199,2,100050037,1,0,0,1,0,1
611000102,200,2,100010039,1,0,0,1,0,1
611000102,201,2,100040037,1,0,0,1,0,1
611000102,202,2,100010040,1,0,0,1,0,1
611000102,203,2,100030038,1,0,0,1,0,1
611000102,204,2,100080036,1,0,0,1,0,1
611000102,205,2,100010041,1,0,0,1,0,1
611000102,206,2,100030039,1,0,0,1,0,1
611000102,207,2,100070036,1,0,0,1,0,1
611000102,208,2,100080037,1,0,0,1,0,1
611000102,209,2,100020037,1,0,0,1,0,1
611000102,210,2,100020038,1,0,0,1,0,1
611000102,211,2,100040038,1,0,0,1,0,1
611000102,212,2,100090037,1,0,0,1,0,1
611000102,213,2,100070037,1,0,0,1,0,1
611000102,214,2,100040039,1,0,0,1,0,1
611000102,215,2,100050039,1,0,0,1,0,1
611000102,216,2,100070038,1,0,0,1,0,1
611000102,217,2,100040040,1,0,0,1,0,1
611000102,218,2,100070039,1,0,0,1,0,1
611000102,219,2,100080039,1,0,0,1,0,1
611000102,220,2,100090038,1,0,0,1,0,1
611000102,221,2,100060040,1,0,0,1,0,1
611000102,222,2,100020039,1,0,0,1,0,1
611000102,223,2,100050040,1,0,0,1,0,1
611000102,224,2,100060041,1,0,0,1,0,1
611000102,225,2,100090039,1,0,0,1,0,1
611000102,226,2,100020040,1,0,0,1,0,1
611000102,227,2,100060043,1,0,0,1,0,1
611000102,228,2,100090040,1,0,0,1,0,1
611000102,229,2,100020041,1,0,0,1,0,1
611000102,230,2,100070040,1,0,0,1,0,1
611000102,231,2,100010045,1,0,0,1,0,1
611000102,232,2,100030043,1,0,0,1,0,1
611000102,233,2,100070042,1,0,0,1,0,1
611000102,234,2,100080041,1,0,0,1,0,1
611000102,235,2,100030044,1,0,0,1,0,1
611000102,236,2,100040042,1,0,0,1,0,1
611000102,237,2,100050042,1,0,0,1,0,1
611000102,238,2,100060045,1,0,0,1,0,1
611000102,239,2,100010046,1,0,0,1,0,1
611000102,240,2,100020044,1,0,0,1,0,1
611000102,241,2,100030045,1,0,0,1,0,1
611000102,242,2,100040043,1,0,0,1,0,1
611000102,243,2,100050043,1,0,0,1,0,1
611000102,244,2,100060046,1,0,0,1,0,1
611000102,245,2,100070043,1,0,0,1,0,1
611000102,246,2,100080042,1,0,0,1,0,1
611000102,247,2,100090043,1,0,0,1,0,1
611000102,248,2,100080043,1,0,0,1,0,1
611000102,249,2,100010047,1,0,0,1,0,1
611000102,250,2,100020045,1,0,0,1,0,1
611000102,251,2,100060047,1,0,0,1,0,1
611000102,252,2,100080044,1,0,0,1,0,1
611000102,253,2,100010048,1,0,0,1,0,1
611000102,254,2,100030046,1,0,0,1,0,1
611000102,255,2,100040044,1,0,0,1,0,1
611000102,256,2,100090044,1,0,0,1,0,1
611000102,257,2,100070045,1,0,0,1,0,1
611000102,258,2,100050045,1,0,0,1,0,1
611000102,259,2,100080045,1,0,0,1,0,1
611000102,260,2,100020046,1,0,0,1,0,1
611000102,261,2,100030047,1,0,0,1,0,1
611000102,262,2,100050046,1,0,0,1,0,1
611000102,263,2,100060048,1,0,0,1,0,1
611000102,264,2,100020047,1,0,0,1,0,1
611000102,265,2,100010049,1,0,0,1,0,1
611000102,266,2,100070046,1,0,0,1,0,1
611000102,267,2,100090046,1,0,0,1,0,1
611000102,268,2,100050047,1,0,0,1,0,1
611000102,269,2,100010051,1,0,0,1,0,1
611000102,270,2,100050049,1,0,0,1,0,1
611000102,271,2,100060050,1,0,0,1,0,1
611000102,272,2,100070048,1,0,0,1,0,1
611000102,273,2,100040047,1,0,0,1,0,1
611000102,274,2,100040048,1,0,0,1,0,1
611000102,275,2,100080048,1,0,0,1,0,1
611000102,276,2,100090049,1,0,0,1,0,1
611000102,277,2,100030050,1,0,0,1,0,1
611000102,278,2,100030051,1,0,0,1,0,1
611000102,279,2,100040049,1,0,0,1,0,1
611000102,280,2,100050050,1,0,0,1,0,1
611000102,281,2,100070050,1,0,0,1,0,1
611000102,282,2,100060051,1,0,0,1,0,1
611000102,283,2,100020050,1,0,0,1,0,1
611000102,284,2,100060052,1,0,0,1,0,1
611000102,285,2,100080049,1,0,0,1,0,1
611000102,286,2,100080050,1,0,0,1,0,1
611000102,287,2,100010054,1,0,0,1,0,1
611000102,288,2,100020051,1,0,0,1,0,1
611000102,289,2,100040051,1,0,0,1,0,1
611000102,290,2,100080051,1,0,0,1,0,1
611000102,291,2,100090053,1,0,0,1,0,1
611000102,292,2,100010056,1,0,0,1,0,1
611000102,293,2,100020053,1,0,0,1,0,1
611000102,294,2,100030054,1,0,0,1,0,1
611000102,295,2,100040053,1,0,0,1,0,1
611000102,296,2,100050052,1,0,0,1,0,1
611000102,297,2,100060055,1,0,0,1,0,1
611000102,298,2,100070052,1,0,0,1,0,1
611000102,299,2,100080053,1,0,0,1,0,1
611000102,300,2,100090054,1,0,0,1,0,1
611000102,301,2,100050053,1,0,0,1,0,1
611000102,302,2,100070053,1,0,0,1,0,1
611000102,303,2,100090055,1,0,0,1,0,1
611000102,304,2,100010057,1,0,0,1,0,1
611000102,305,2,100010058,1,0,0,1,0,1
611000102,306,2,100050054,1,0,0,1,0,1
611000102,307,2,100060056,1,0,0,1,0,1
611000102,308,2,100090056,1,0,0,1,0,1
611000102,309,2,100020054,1,0,0,1,0,1
611000102,310,2,100020055,1,0,0,1,0,1
611000102,311,2,100030056,1,0,0,1,0,1
611000102,312,2,100080054,1,0,0,1,0,1
611000102,313,2,100040055,1,0,0,1,0,1
611000102,314,2,100090057,1,0,0,1,0,1
611000102,315,2,100030057,1,0,0,1,0,1
611000102,316,2,100040056,1,0,0,1,0,1
611000102,317,2,100070055,1,0,0,1,0,1
611000102,318,2,100080055,1,0,0,1,0,1
611000102,319,2,100070056,1,0,0,1,0,1
611000102,320,2,100010059,1,0,0,1,0,1
611000102,321,2,100060057,1,0,0,1,0,1
611000102,322,2,100090058,1,0,0,1,0,1
611000102,323,2,100050056,1,0,0,1,0,1
611000102,324,2,100010060,1,0,0,1,0,1
611000102,325,2,100020057,1,0,0,1,0,1
611000102,326,2,100040057,1,0,0,1,0,1
611000102,327,2,100060058,1,0,0,1,0,1
611000102,328,2,100030058,1,0,0,1,0,1
611000102,329,2,100030060,1,0,0,1,0,1
611000102,330,2,100050059,1,0,0,1,0,1
611000102,331,2,100070058,1,0,0,1,0,1
611000102,332,2,100080058,1,0,0,1,0,1
611000102,333,2,100060060,1,0,0,1,0,1
611000102,334,2,100040059,1,0,0,1,0,1
611000102,335,2,100070059,1,0,0,1,0,1
611000102,336,2,100080059,1,0,0,1,0,1
611000102,337,2,100090061,1,0,0,1,0,1
611000102,338,2,100060062,1,0,0,1,0,1
611000102,339,2,100020060,1,0,0,1,0,1
611000102,340,2,100030061,1,0,0,1,0,1
611000102,341,2,100050060,1,0,0,1,0,1
611000102,342,2,100020061,1,0,0,1,0,1
611000102,343,2,100010063,1,0,0,1,0,1
611000102,344,2,100020062,1,0,0,1,0,1
611000102,345,2,100030062,1,0,0,1,0,1
611000102,346,2,100040060,1,0,0,1,0,1
611000102,347,2,100050061,1,0,0,1,0,1
611000102,348,2,100060063,1,0,0,1,0,1
611000102,349,2,100070060,1,0,0,1,0,1
611000102,350,2,100080060,1,0,0,1,0,1
611000102,351,2,100090062,1,0,0,1,0,1
611000102,352,2,100020063,1,0,0,1,0,1
611000102,353,2,100040061,1,0,0,1,0,1
611000102,354,2,100050062,1,0,0,1,0,1
611000102,355,2,100090063,1,0,0,1,0,1
611000102,356,2,100090064,1,0,0,1,0,1
611000102,357,2,100010064,1,0,0,1,0,1
611000102,358,2,100060064,1,0,0,1,0,1
611000102,359,2,100080062,1,0,0,1,0,1
611000102,360,2,100040062,1,0,0,1,0,1
611000102,361,2,100010065,1,0,0,1,0,1
611000102,362,2,100030064,1,0,0,1,0,1
611000102,363,2,100080063,1,0,0,1,0,1
611000102,364,2,100040063,1,0,0,1,0,1
611000102,365,2,100050063,1,0,0,1,0,1
611000102,366,2,100060065,1,0,0,1,0,1
611000102,367,2,100070062,1,0,0,1,0,1
611000102,368,2,100010066,1,0,0,1,0,1
611000102,369,2,100010069,1,0,0,1,0,1
611000102,370,2,100030066,1,0,0,1,0,1
611000102,371,2,100090066,1,0,0,1,0,1
611000102,372,2,100050065,1,0,0,1,0,1
611000102,373,2,100040065,1,0,0,1,0,1
611000102,374,2,100050066,1,0,0,1,0,1
611000102,375,2,100070064,1,0,0,1,0,1
611000102,376,2,100010070,1,0,0,1,0,1
611000102,377,2,100050067,1,0,0,1,0,1
611000102,378,2,100070065,1,0,0,1,0,1
611000102,379,2,100090067,1,0,0,1,0,1
611000102,380,2,100070066,1,0,0,1,0,1
611000102,381,2,100020066,1,0,0,1,0,1
611000102,382,2,100030067,1,0,0,1,0,1
611000102,383,2,100080066,1,0,0,1,0,1
611000102,384,2,100030068,1,0,0,1,0,1
611000102,385,2,100020067,1,0,0,1,0,1
611000102,386,2,100060068,1,0,0,1,0,1
611000102,387,2,100090068,1,0,0,1,0,1
611000102,388,2,100020068,1,0,0,1,0,1
611000102,389,2,100040067,1,0,0,1,0,1
611000102,390,2,100070067,1,0,0,1,0,1
611000102,391,2,100080067,1,0,0,1,0,1
611000102,392,2,100020069,1,0,0,1,0,1
611000102,393,2,100010072,1,0,0,1,0,1
611000102,394,2,100030070,1,0,0,1,0,1
611000102,395,2,100060070,1,0,0,1,0,1
611000102,396,2,100040069,1,0,0,1,0,1
611000102,397,2,100020071,1,0,0,1,0,1
611000102,398,2,100030071,1,0,0,1,0,1
611000102,399,2,100050070,1,0,0,1,0,1
611000102,400,2,100070069,1,0,0,1,0,1
611000102,401,2,100010075,1,0,0,1,0,1
611000102,402,2,100020072,1,0,0,1,0,1
611000102,403,2,100030072,1,0,0,1,0,1
611000102,404,2,100040070,1,0,0,1,0,1
611000102,405,2,100050071,1,0,0,1,0,1
611000102,406,2,100060071,1,0,0,1,0,1
611000102,407,2,100070070,1,0,0,1,0,1
611000102,408,2,100080069,1,0,0,1,0,1
611000102,409,2,100090071,1,0,0,1,0,1
611000102,410,2,100060072,1,0,0,1,0,1
611000102,411,2,100040071,1,0,0,1,0,1
611000102,412,2,100060073,1,0,0,1,0,1
611000102,413,2,100090072,1,0,0,1,0,1
611000102,414,2,100090073,1,0,0,1,0,1
611000102,415,2,100010077,1,0,0,1,0,1
611000102,416,2,100050072,1,0,0,1,0,1
611000102,417,2,100070071,1,0,0,1,0,1
611000102,418,2,100080071,1,0,0,1,0,1
611000102,419,2,100080072,1,0,0,1,0,1
611000102,420,2,100030074,1,0,0,1,0,1
611000102,421,2,100040073,1,0,0,1,0,1
611000102,422,2,100090074,1,0,0,1,0,1
611000102,423,2,100050073,1,0,0,1,0,1
611000102,424,2,100010079,1,0,0,1,0,1
611000102,425,2,100020074,1,0,0,1,0,1
611000102,426,2,100040074,1,0,0,1,0,1
611000102,427,2,100080074,1,0,0,1,0,1
611000102,428,2,100070072,1,0,0,1,0,1
611000102,429,2,100060076,1,0,0,1,0,1
611000102,430,2,100070073,1,0,0,1,0,1
611000102,431,2,100090075,1,0,0,1,0,1
611000102,432,2,100010080,1,0,0,1,0,1
611000102,433,2,100020075,1,0,0,1,0,1
611000102,434,2,100030076,1,0,0,1,0,1
611000102,435,2,100040075,1,0,0,1,0,1
611000102,436,2,100080076,1,0,0,1,0,1
611000102,437,2,100050076,1,0,0,1,0,1
611000102,438,2,100060077,1,0,0,1,0,1
611000102,439,2,100090077,1,0,0,1,0,1
611000102,440,2,100070076,1,0,0,1,0,1
611000102,441,2,100080077,1,0,0,1,0,1
611000102,442,2,100010082,1,0,0,1,0,1
611000102,443,2,100060078,1,0,0,1,0,1
611000102,444,2,100070077,1,0,0,1,0,1
611000102,445,2,100080078,1,0,0,1,0,1
611000102,446,2,100020078,1,0,0,1,0,1
611000102,447,2,100030078,1,0,0,1,0,1
611000102,448,2,100050078,1,0,0,1,0,1
611000102,449,2,100020079,1,0,0,1,0,1
611000102,450,2,100030079,1,0,0,1,0,1
611000102,451,2,100020080,1,0,0,1,0,1
611000102,452,2,100070079,1,0,0,1,0,1
611000102,453,2,100040078,1,0,0,1,0,1
611000102,454,2,100060080,1,0,0,1,0,1
611000102,455,2,100040079,1,0,0,1,0,1
611000102,456,2,100050079,1,0,0,1,0,1
611000102,457,2,100010085,1,0,0,1,0,1
611000102,458,2,100090082,1,0,0,1,0,1
611000102,459,2,100080080,1,0,0,1,0,1
611000102,460,2,100040080,1,0,0,1,0,1
611000102,461,2,100090083,1,0,0,1,0,1
611000102,462,2,100050080,1,0,0,1,0,1
611000102,463,2,100070080,1,0,0,1,0,1
611000102,464,2,100050081,1,0,0,1,0,1
611000102,465,2,100030081,1,0,0,1,0,1
611000102,466,2,100030082,1,0,0,1,0,1
611000102,467,2,100060082,1,0,0,1,0,1
611000102,468,2,100060083,1,0,0,1,0,1
611000102,469,2,100020082,1,0,0,1,0,1
611000102,470,2,100070082,1,0,0,1,0,1
611000102,471,2,100010087,1,0,0,1,0,1
611000102,472,2,100040081,1,0,0,1,0,1
611000102,473,2,100090085,1,0,0,1,0,1
611000102,474,2,100080082,1,0,0,1,0,1
611000102,475,2,100020083,1,0,0,1,0,1
611000102,476,2,100080083,1,0,0,1,0,1
611000102,477,2,100010088,1,0,0,1,0,1
611000102,478,2,100030084,1,0,0,1,0,1
611000102,479,2,100080084,1,0,0,1,0,1
611000102,480,2,100050083,1,0,0,1,0,1
611000102,481,2,100090086,1,0,0,1,0,1
611000102,482,2,100070083,1,0,0,1,0,1
611000102,483,2,100010089,1,0,0,1,0,1
611000102,484,2,100060085,1,0,0,1,0,1
611000102,485,2,100080085,1,0,0,1,0,1
611000102,486,2,100060086,1,0,0,1,0,1
611000102,487,2,100040084,1,0,0,1,0,1
611000102,488,2,100060087,1,0,0,1,0,1
611000102,489,2,100010090,1,0,0,1,0,1
611000102,490,2,100050085,1,0,0,1,0,1
611000102,491,2,100090088,1,0,0,1,0,1
611000102,492,2,100050086,1,0,0,1,0,1
611000102,493,2,100020085,1,0,0,1,0,1
611000102,494,2,100040085,1,0,0,1,0,1
611000102,495,2,100020086,1,0,0,1,0,1
611000102,496,2,100020087,1,0,0,1,0,1
611000102,497,2,100050087,1,0,0,1,0,1
611000102,498,2,100070085,1,0,0,1,0,1
611000102,499,2,100090089,1,0,0,1,0,1
611000102,500,2,100040086,1,0,0,1,0,1
611000102,501,2,100030086,1,0,0,1,0,1
611000102,502,2,100030087,1,0,0,1,0,1
611000102,503,2,100080087,1,0,0,1,0,1
611000102,504,2,100080088,1,0,0,1,0,1
611000102,505,2,100010093,1,0,0,1,0,1
611000102,506,2,100070087,1,0,0,1,0,1
611000102,507,2,100020089,1,0,0,1,0,1
611000102,508,2,100050088,1,0,0,1,0,1
611000102,509,2,100080089,1,0,0,1,0,1
611000102,510,2,100090091,1,0,0,1,0,1
611000102,511,2,100010094,1,0,0,1,0,1
611000102,512,2,100060089,1,0,0,1,0,1
611000102,513,2,100060090,1,0,0,1,0,1
611000102,514,2,100020090,1,0,0,1,0,1
611000102,515,2,100090092,1,0,0,1,0,1
611000102,516,2,100040089,1,0,0,1,0,1
611000102,517,2,100090093,1,0,0,1,0,1
611000102,518,2,100070088,1,0,0,1,0,1
611000102,519,2,100010095,1,0,0,1,0,1
611000102,520,2,100030089,1,0,0,1,0,1
611000102,521,2,100070089,1,0,0,1,0,1
611000102,522,2,100030090,1,0,0,1,0,1
611000102,523,2,100020091,1,0,0,1,0,1
611000102,524,2,100090094,1,0,0,1,0,1
611000102,525,2,100010096,1,0,0,1,0,1
611000102,526,2,100060092,1,0,0,1,0,1
611000102,527,2,100050091,1,0,0,1,0,1
611000102,528,2,100010097,1,0,0,1,0,1
611000102,529,2,100050092,1,0,0,1,0,1
611000102,530,2,100030092,1,0,0,1,0,1
611000102,531,2,100040091,1,0,0,1,0,1
611000102,532,2,100070092,1,0,0,1,0,1
611000102,533,2,100080093,1,0,0,1,0,1
611000102,534,2,100020094,1,0,0,1,0,1
611000102,535,2,100040092,1,0,0,1,0,1
611000102,536,2,100090097,1,0,0,1,0,1
611000102,537,2,100030094,1,0,0,1,0,1
611000102,538,2,100060094,1,0,0,1,0,1
611000102,539,2,100080096,1,0,0,1,0,1
611000102,540,2,100050095,1,0,0,1,0,1
611000102,541,2,100040095,1,0,0,1,0,1
611000102,542,2,100090099,1,0,0,1,0,1
611000102,543,2,100020096,1,0,0,1,0,1
611000102,544,2,100070095,1,0,0,1,0,1
611000102,545,2,100030097,1,0,0,1,0,1
611000102,546,2,100060099,1,0,0,1,0,1
611000102,547,2,100080099,1,0,0,1,0,1
611000102,548,2,100010102,1,0,0,1,0,1
611000102,549,2,100060100,1,0,0,1,0,1
611000102,550,2,100010103,1,0,0,1,0,1
611000102,551,2,100040098,1,0,0,1,0,1
611000102,552,2,100040099,1,0,0,1,0,1
611000102,553,2,100080100,1,0,0,1,0,1
611000102,554,2,100090103,1,0,0,1,0,1
611000102,555,2,100020099,1,0,0,1,0,1
611000102,556,2,100050099,1,0,0,1,0,1
611000102,557,2,100060101,1,0,0,1,0,1
611000102,558,2,100070098,1,0,0,1,0,1
611000102,559,2,100030099,1,0,0,1,0,1
611000102,560,2,100070099,1,0,0,1,0,1
611000102,561,2,100050100,1,0,0,1,0,1
611000102,562,2,100070100,1,0,0,1,0,1
611000102,563,2,100030100,1,0,0,1,0,1
611000102,564,2,100060103,1,0,0,1,0,1
611000102,565,2,100090105,1,0,0,1,0,1
611000102,566,2,100040100,1,0,0,1,0,1
611000102,567,2,100010107,1,0,0,1,0,1
611000102,568,2,100050102,1,0,0,1,0,1
611000102,569,2,100080102,1,0,0,1,0,1
611000102,570,2,100020102,1,0,0,1,0,1
611000102,571,2,100060105,1,0,0,1,0,1
611000102,572,2,100080104,1,0,0,1,0,1
611000102,573,2,100020105,1,0,0,1,0,1
611000102,574,2,100070103,1,0,0,1,0,1
611000102,575,2,100050106,1,0,0,1,0,1
611000102,576,2,100030104,1,0,0,1,0,1
611000102,577,2,100010110,1,0,0,1,0,1
611000102,578,2,100040103,1,0,0,1,0,1
611000102,579,2,100040104,1,0,0,1,0,1
611000102,580,2,100070104,1,0,0,1,0,1
611000102,581,2,100010111,1,0,0,1,0,1
611000102,582,2,100030106,1,0,0,1,0,1
611000102,583,2,100090109,1,0,0,1,0,1
611000102,584,2,100090110,1,0,0,1,0,1
611000102,585,2,100080107,1,0,0,1,0,1
611000102,586,2,100020107,1,0,0,1,0,1
611000102,587,2,100060107,1,0,0,1,0,1
611000102,588,2,100010112,1,0,0,1,0,1
611000102,589,2,100050108,1,0,0,1,0,1
611000102,590,2,100060108,1,0,0,1,0,1
611000102,591,2,100040106,1,0,0,1,0,1
611000102,592,2,100050109,1,0,0,1,0,1
611000102,593,2,100020108,1,0,0,1,0,1
611000102,594,2,100030107,1,0,0,1,0,1
611000102,595,2,100030109,1,0,0,1,0,1
611000102,596,2,100080110,1,0,0,1,0,1
611000102,597,2,100080111,1,0,0,1,0,1
611000102,598,2,100090114,1,0,0,1,0,1
611000102,599,2,100060112,1,0,0,1,0,1
611000102,600,2,100010114,1,0,0,1,0,1
611000102,601,2,100070108,1,0,0,1,0,1
611000102,602,2,100020111,1,0,0,1,0,1
611000102,603,2,100010115,1,0,0,1,0,1
611000102,604,2,100020112,1,0,0,1,0,1
611000102,605,2,100030111,1,0,0,1,0,1
611000102,606,2,100050113,1,0,0,1,0,1
611000102,607,2,100090115,1,0,0,1,0,1
611000102,608,2,100030113,1,0,0,1,0,1
611000102,609,2,100050114,1,0,0,1,0,1
611000102,610,2,100090116,1,0,0,1,0,1
611000102,611,2,100070112,1,0,0,1,0,1
611000102,612,2,100040112,1,0,0,1,0,1
611000102,613,2,100040113,1,0,0,1,0,1
611000102,614,2,100060115,1,0,0,1,0,1
611000102,615,2,100070114,1,0,0,1,0,1
611000102,616,2,100080115,1,0,0,1,0,1
611000102,617,2,100090120,1,0,0,1,0,1
611000102,618,2,100010120,1,0,0,1,0,1
611000102,619,2,100080116,1,0,0,1,0,1
611000102,620,2,100050116,1,0,0,1,0,1
611000102,621,2,100010121,1,0,0,1,0,1
611000102,622,2,100070115,1,0,0,1,0,1
611000102,623,2,100090121,1,0,0,1,0,1
611000102,624,2,100020116,1,0,0,1,0,1
611000102,625,2,100060118,1,0,0,1,0,1
611000102,626,2,100080117,1,0,0,1,0,1
611000102,627,2,100020118,1,0,0,1,0,1
611000102,628,2,100080118,1,0,0,1,0,1
611000102,629,2,100040116,1,0,0,1,0,1
611000102,630,2,100030117,1,0,0,1,0,1
611000102,631,2,100010124,1,0,0,1,0,1
611000102,632,2,100030118,1,0,0,1,0,1
611000102,633,2,100040117,1,0,0,1,0,1
611000102,634,2,100080119,1,0,0,1,0,1
611000102,635,2,100050119,1,0,0,1,0,1
611000102,636,2,100050120,1,0,0,1,0,1
611000102,637,2,100060120,1,0,0,1,0,1
611000102,638,2,100010125,1,0,0,1,0,1
611000102,639,2,100070118,1,0,0,1,0,1
611000102,640,2,100040118,1,0,0,1,0,1
611000102,641,2,100070119,1,0,0,1,0,1
611000102,642,2,100030120,1,0,0,1,0,1
611000102,643,2,100040119,1,0,0,1,0,1
611000102,644,2,100090124,1,0,0,1,0,1
611000102,645,2,100010127,1,0,0,1,0,1
611000102,646,2,100020121,1,0,0,1,0,1
611000102,647,2,100060121,1,0,0,1,0,1
611000102,648,2,100020122,1,0,0,1,0,1
611000102,649,2,100010129,1,0,0,1,0,1
611000102,650,2,100020124,1,0,0,1,0,1
611000102,651,2,100030123,1,0,0,1,0,1
611000102,652,2,100040123,1,0,0,1,0,1
611000102,653,2,100060123,1,0,0,1,0,1
611000102,654,2,100070123,1,0,0,1,0,1
611000102,655,2,100090126,1,0,0,1,0,1
611000102,656,2,100010131,1,0,0,1,0,1
611000102,657,2,100020125,1,0,0,1,0,1
611000102,658,2,100050124,1,0,0,1,0,1
611000102,659,2,100060126,1,0,0,1,0,1
611000102,660,2,100070124,1,0,0,1,0,1
611000102,661,2,100080126,1,0,0,1,0,1
611000102,662,2,100090127,1,0,0,1,0,1
611000102,663,2,100010132,1,0,0,1,0,1
611000102,664,2,100020127,1,0,0,1,0,1
611000102,665,2,100030126,1,0,0,1,0,1
611000102,666,2,100040126,1,0,0,1,0,1
611000102,667,2,100050125,1,0,0,1,0,1
611000102,668,2,100070127,1,0,0,1,0,1
611000102,669,2,100080127,1,0,0,1,0,1
611000103,1,2,100010083,1,0,0,1,0,1
611000103,2,2,100020077,1,0,0,1,0,1
611000103,3,2,100030077,1,0,0,1,0,1
611000103,4,2,100040076,1,0,0,1,0,1
611000103,5,2,100050077,1,0,0,1,0,1
611000103,6,2,100060079,1,0,0,1,0,1
611000103,7,2,100070078,1,0,0,1,0,1
611000103,8,2,100080079,1,0,0,1,0,1
611000103,9,2,100090079,1,0,0,1,0,1
611000103,10,2,100090080,1,0,0,1,0,1
611000103,11,2,100060081,1,0,0,1,0,1
611000103,12,2,100080081,1,0,0,1,0,1
611000103,13,2,100010086,1,0,0,1,0,1
611000103,14,2,100040082,1,0,0,1,0,1
611000103,15,2,100030083,1,0,0,1,0,1
611000103,16,2,100020084,1,0,0,1,0,1
611000103,17,2,100050084,1,0,0,1,0,1
611000103,18,2,100070084,1,0,0,1,0,1
611000103,19,2,100010091,1,0,0,1,0,1
611000103,20,2,100090090,1,0,0,1,0,1
611000103,21,2,100060088,1,0,0,1,0,1
611000103,22,2,100030088,1,0,0,1,0,1
611000103,23,2,100040087,1,0,0,1,0,1
611000103,24,2,100080090,1,0,0,1,0,1
611000103,25,2,100050090,1,0,0,1,0,1
611000103,26,2,100020093,1,0,0,1,0,1
611000103,27,2,100070091,1,0,0,1,0,1
611000103,28,2,100010099,1,0,0,1,0,1
611000103,29,2,100060096,1,0,0,1,0,1
611000103,30,2,100040097,1,0,0,1,0,1
611000103,31,2,100090101,1,0,0,1,0,1
611000103,32,2,100090102,1,0,0,1,0,1
611000103,33,2,100050098,1,0,0,1,0,1
611000103,34,2,100030098,1,0,0,1,0,1
611000103,35,2,100020100,1,0,0,1,0,1
611000103,36,2,100080101,1,0,0,1,0,1
611000103,37,2,100010108,1,0,0,1,0,1
611000103,38,2,100020101,1,0,0,1,0,1
611000103,39,2,100030103,1,0,0,1,0,1
611000103,40,2,100040101,1,0,0,1,0,1
611000103,41,2,100050103,1,0,0,1,0,1
611000103,42,2,100060104,1,0,0,1,0,1
611000103,43,2,100070101,1,0,0,1,0,1
611000103,44,2,100080103,1,0,0,1,0,1
611000103,45,2,100090107,1,0,0,1,0,1
611000103,46,2,100070102,1,0,0,1,0,1
611000103,47,2,100090108,1,0,0,1,0,1
611000103,48,2,100050107,1,0,0,1,0,1
611000103,49,2,100060106,1,0,0,1,0,1
611000103,50,2,100040105,1,0,0,1,0,1
611000103,51,2,100080108,1,0,0,1,0,1
611000103,52,2,100030110,1,0,0,1,0,1
611000103,53,2,100070109,1,0,0,1,0,1
611000103,54,2,100020113,1,0,0,1,0,1
611000103,55,2,100010117,1,0,0,1,0,1
611000103,56,2,100030115,1,0,0,1,0,1
611000103,57,2,100060117,1,0,0,1,0,1
611000103,58,2,100050117,1,0,0,1,0,1
611000103,59,2,100070116,1,0,0,1,0,1
611000103,60,2,100090123,1,0,0,1,0,1
611000103,61,2,100020120,1,0,0,1,0,1
611000103,62,2,100010126,1,0,0,1,0,1
611000103,63,2,100080123,1,0,0,1,0,1
611000103,64,2,100060129,1,0,0,1,0,1
611000103,65,2,100010136,1,0,0,1,0,1
611000103,66,2,100030128,1,0,0,1,0,1
611000103,67,2,100090134,1,0,0,1,0,1
611000103,68,2,100080132,1,0,0,1,0,1
611000103,69,2,100050133,1,0,0,1,0,1
611000103,70,2,100040131,1,0,0,1,0,1
611000103,71,2,100070135,1,0,0,1,0,1
611000103,72,2,100020137,1,0,0,1,0,1
611000103,73,2,100030139,1,0,0,1,0,1
611000103,74,2,100010147,1,0,0,1,0,1
611000103,75,2,100020142,1,0,0,1,0,1
611000103,76,2,100050140,1,0,0,1,0,1
611000103,77,2,100040141,1,0,0,1,0,1
611000103,78,2,100090147,1,0,0,1,0,1
611000103,79,2,100070144,1,0,0,1,0,1
611000103,80,2,100080146,1,0,0,1,0,1
611000103,81,2,100060147,1,0,0,1,0,1
611000103,82,2,100020151,1,0,0,1,0,1
611000103,83,2,100030150,1,0,0,1,0,1
611000103,84,2,100050151,1,0,0,1,0,1
611000103,85,2,100040158,1,0,0,1,0,1
611000103,86,2,100090167,1,0,0,1,0,1
611000103,87,2,100010173,1,0,0,1,0,1
611000103,88,2,100070172,1,0,0,1,0,1
611000104,1,2,100010005,1,0,0,1,0,1
611000104,2,2,100020005,1,0,0,1,0,1
611000104,3,2,100080005,1,0,0,1,0,1
611000104,4,2,100010006,1,0,0,1,0,1
611000104,5,2,100040005,1,0,0,1,0,1
611000104,6,2,100090005,1,0,0,1,0,1
611000104,7,2,100040006,1,0,0,1,0,1
611000104,8,2,100060005,1,0,0,1,0,1
611000104,9,2,100080007,1,0,0,1,0,1
611000104,10,2,100030006,1,0,0,1,0,1
611000104,11,2,100030007,1,0,0,1,0,1
611000104,12,2,100050006,1,0,0,1,0,1
611000104,13,2,100060007,1,0,0,1,0,1
611000104,14,2,100070007,1,0,0,1,0,1
611000104,15,2,100050008,1,0,0,1,0,1
611000104,16,2,100090008,1,0,0,1,0,1
611000104,17,2,100030010,1,0,0,1,0,1
611000104,18,2,100090010,1,0,0,1,0,1
611000104,19,2,100070009,1,0,0,1,0,1
611000104,20,2,100020010,1,0,0,1,0,1
611000104,21,2,100070010,1,0,0,1,0,1
611000104,22,2,100010012,1,0,0,1,0,1
611000104,23,2,100040011,1,0,0,1,0,1
611000104,24,2,100030012,1,0,0,1,0,1
611000104,25,2,100010014,1,0,0,1,0,1
611000104,26,2,100010015,1,0,0,1,0,1
611000104,27,2,100050013,1,0,0,1,0,1
611000104,28,2,100080013,1,0,0,1,0,1
611000104,29,2,100060014,1,0,0,1,0,1
611000104,30,2,100020015,1,0,0,1,0,1
611000104,31,2,100070015,1,0,0,1,0,1
611000104,32,2,100030018,1,0,0,1,0,1
611000104,33,2,100040017,1,0,0,1,0,1
611000104,34,2,100040018,1,0,0,1,0,1
611000104,35,2,100010019,1,0,0,1,0,1
611000104,36,2,100090020,1,0,0,1,0,1
611000104,37,2,100030022,1,0,0,1,0,1
611000104,38,2,100060020,1,0,0,1,0,1
611000104,39,2,100080020,1,0,0,1,0,1
611000104,40,2,100050022,1,0,0,1,0,1
611000104,41,2,100020021,1,0,0,1,0,1
611000104,42,2,100040024,1,0,0,1,0,1
611000104,43,2,100030029,1,0,0,1,0,1
611000104,44,2,100080026,1,0,0,1,0,1
611000104,45,2,100020025,1,0,0,1,0,1
611000104,46,2,100010029,1,0,0,1,0,1
611000104,47,2,100010030,1,0,0,1,0,1
611000104,48,2,100060030,1,0,0,1,0,1
611000104,49,2,100020029,1,0,0,1,0,1
611000104,50,2,100060031,1,0,0,1,0,1
611000104,51,2,100070030,1,0,0,1,0,1
611000104,52,2,100060032,1,0,0,1,0,1
611000104,53,2,100090030,1,0,0,1,0,1
611000104,54,2,100020031,1,0,0,1,0,1
611000104,55,2,100030034,1,0,0,1,0,1
611000104,56,2,100090032,1,0,0,1,0,1
611000104,57,2,100050033,1,0,0,1,0,1
611000104,58,2,100050034,1,0,0,1,0,1
611000104,59,2,100040032,1,0,0,1,0,1
611000104,60,2,100020034,1,0,0,1,0,1
611000104,61,2,100040034,1,0,0,1,0,1
611000104,62,2,100080032,1,0,0,1,0,1
611000104,63,2,100070034,1,0,0,1,0,1
611000104,64,2,100070035,1,0,0,1,0,1
611000104,65,2,100060039,1,0,0,1,0,1
611000104,66,2,100050038,1,0,0,1,0,1
611000104,67,2,100030040,1,0,0,1,0,1
611000104,68,2,100080038,1,0,0,1,0,1
611000104,69,2,100030041,1,0,0,1,0,1
611000104,70,2,100010042,1,0,0,1,0,1
611000104,71,2,100060042,1,0,0,1,0,1
611000104,72,2,100010043,1,0,0,1,0,1
611000104,73,2,100020043,1,0,0,1,0,1
611000104,74,2,100090042,1,0,0,1,0,1
611000104,75,2,100070044,1,0,0,1,0,1
611000104,76,2,100050044,1,0,0,1,0,1
611000104,77,2,100040045,1,0,0,1,0,1
611000104,78,2,100080046,1,0,0,1,0,1
611000104,79,2,100090047,1,0,0,1,0,1
611000104,80,2,100030049,1,0,0,1,0,1
611000104,81,2,100020049,1,0,0,1,0,1
611000104,82,2,100070049,1,0,0,1,0,1
611000104,83,2,100090050,1,0,0,1,0,1
611000104,84,2,100010053,1,0,0,1,0,1
611000104,85,2,100090051,1,0,0,1,0,1
611000104,86,2,100060053,1,0,0,1,0,1
611000104,87,2,100030055,1,0,0,1,0,1
611000104,88,2,100040054,1,0,0,1,0,1
611000104,89,2,100070054,1,0,0,1,0,1
611000104,90,2,100020056,1,0,0,1,0,1
611000104,91,2,100050055,1,0,0,1,0,1
611000104,92,2,100080056,1,0,0,1,0,1
611000104,93,2,100090060,1,0,0,1,0,1
611000104,94,2,100020059,1,0,0,1,0,1
611000104,95,2,100060061,1,0,0,1,0,1
611000104,96,2,100010062,1,0,0,1,0,1
611000104,97,2,100080061,1,0,0,1,0,1
611000104,98,2,100030063,1,0,0,1,0,1
611000104,99,2,100070061,1,0,0,1,0,1
611000104,100,2,100020064,1,0,0,1,0,1
611000104,101,2,100010067,1,0,0,1,0,1
611000104,102,2,100080065,1,0,0,1,0,1
611000104,103,2,100060067,1,0,0,1,0,1
611000104,104,2,100040066,1,0,0,1,0,1
611000104,105,2,100090069,1,0,0,1,0,1
611000104,106,2,100050069,1,0,0,1,0,1
611000104,107,2,100010073,1,0,0,1,0,1
611000104,108,2,100010074,1,0,0,1,0,1
611000104,109,2,100080070,1,0,0,1,0,1
611000104,110,2,100010076,1,0,0,1,0,1
611000104,111,2,100060074,1,0,0,1,0,1
611000104,112,2,100010078,1,0,0,1,0,1
611000104,113,2,100030073,1,0,0,1,0,1
611000104,114,2,100040072,1,0,0,1,0,1
611000104,115,2,100020073,1,0,0,1,0,1
611000104,116,2,100030075,1,0,0,1,0,1
611000104,117,2,100050074,1,0,0,1,0,1
611000104,118,2,100060075,1,0,0,1,0,1
611000104,119,2,100080075,1,0,0,1,0,1
611000104,120,2,100050075,1,0,0,1,0,1
611000104,121,2,100070074,1,0,0,1,0,1
611000104,122,2,100020076,1,0,0,1,0,1
611000104,123,2,100070075,1,0,0,1,0,1
611000104,124,2,100090076,1,0,0,1,0,1
611000104,125,2,100010081,1,0,0,1,0,1
611000104,126,2,100090078,1,0,0,1,0,1
611000104,127,2,100040077,1,0,0,1,0,1
611000104,128,2,100010084,1,0,0,1,0,1
611000104,129,2,100030080,1,0,0,1,0,1
611000104,130,2,100020081,1,0,0,1,0,1
611000104,131,2,100070081,1,0,0,1,0,1
611000104,132,2,100090084,1,0,0,1,0,1
611000104,133,2,100060084,1,0,0,1,0,1
611000104,134,2,100050082,1,0,0,1,0,1
611000104,135,2,100040083,1,0,0,1,0,1
611000104,136,2,100090087,1,0,0,1,0,1
611000104,137,2,100080086,1,0,0,1,0,1
611000104,138,2,100030085,1,0,0,1,0,1
611000104,139,2,100010092,1,0,0,1,0,1
611000104,140,2,100070086,1,0,0,1,0,1
611000104,141,2,100020088,1,0,0,1,0,1
611000104,142,2,100050089,1,0,0,1,0,1
611000104,143,2,100040088,1,0,0,1,0,1
611000104,144,2,100060091,1,0,0,1,0,1
611000104,145,2,100020092,1,0,0,1,0,1
611000104,146,2,100070090,1,0,0,1,0,1
611000104,147,2,100090095,1,0,0,1,0,1
611000104,148,2,100080091,1,0,0,1,0,1
611000104,149,2,100010098,1,0,0,1,0,1
611000104,150,2,100030091,1,0,0,1,0,1
611000104,151,2,100040090,1,0,0,1,0,1
611000104,152,2,100090096,1,0,0,1,0,1
611000104,153,2,100080092,1,0,0,1,0,1
611000104,154,2,100050093,1,0,0,1,0,1
611000104,155,2,100060093,1,0,0,1,0,1
611000104,156,2,100080094,1,0,0,1,0,1
611000104,157,2,100030093,1,0,0,1,0,1
611000104,158,2,100050094,1,0,0,1,0,1
611000104,159,2,100060095,1,0,0,1,0,1
611000104,160,2,100080095,1,0,0,1,0,1
611000104,161,2,100070093,1,0,0,1,0,1
611000104,162,2,100040093,1,0,0,1,0,1
611000104,163,2,100010101,1,0,0,1,0,1
611000104,164,2,100030096,1,0,0,1,0,1
611000104,165,2,100040096,1,0,0,1,0,1
611000104,166,2,100080098,1,0,0,1,0,1
611000104,167,2,100060098,1,0,0,1,0,1
611000104,168,2,100020097,1,0,0,1,0,1
611000104,169,2,100070096,1,0,0,1,0,1
611000104,170,2,100090100,1,0,0,1,0,1
611000104,171,2,100050097,1,0,0,1,0,1
611000104,172,2,100070097,1,0,0,1,0,1
611000104,173,2,100020098,1,0,0,1,0,1
611000104,174,2,100010104,1,0,0,1,0,1
611000104,175,2,100090104,1,0,0,1,0,1
611000104,176,2,100010105,1,0,0,1,0,1
611000104,177,2,100010106,1,0,0,1,0,1
611000104,178,2,100060102,1,0,0,1,0,1
611000104,179,2,100050101,1,0,0,1,0,1
611000104,180,2,100090106,1,0,0,1,0,1
611000104,181,2,100030101,1,0,0,1,0,1
611000104,182,2,100030102,1,0,0,1,0,1
611000104,183,2,100040102,1,0,0,1,0,1
611000104,184,2,100020103,1,0,0,1,0,1
611000104,185,2,100020104,1,0,0,1,0,1
611000104,186,2,100050104,1,0,0,1,0,1
611000104,187,2,100050105,1,0,0,1,0,1
611000104,188,2,100010109,1,0,0,1,0,1
611000104,189,2,100030105,1,0,0,1,0,1
611000104,190,2,100020106,1,0,0,1,0,1
611000104,191,2,100080105,1,0,0,1,0,1
611000104,192,2,100080106,1,0,0,1,0,1
611000104,193,2,100090111,1,0,0,1,0,1
611000104,194,2,100070105,1,0,0,1,0,1
611000104,195,2,100040107,1,0,0,1,0,1
611000104,196,2,100040108,1,0,0,1,0,1
611000104,197,2,100020110,1,0,0,1,0,1
611000104,198,2,100070107,1,0,0,1,0,1
611000104,199,2,100090113,1,0,0,1,0,1
611000104,200,2,100050111,1,0,0,1,0,1
611000104,201,2,100060110,1,0,0,1,0,1
611000104,202,2,100060111,1,0,0,1,0,1
611000104,203,2,100050112,1,0,0,1,0,1
611000104,204,2,100060113,1,0,0,1,0,1
611000104,205,2,100080112,1,0,0,1,0,1
611000104,206,2,100040110,1,0,0,1,0,1
611000104,207,2,100010116,1,0,0,1,0,1
611000104,208,2,100030112,1,0,0,1,0,1
611000104,209,2,100040111,1,0,0,1,0,1
611000104,210,2,100070110,1,0,0,1,0,1
611000104,211,2,100070111,1,0,0,1,0,1
611000104,212,2,100060114,1,0,0,1,0,1
611000104,213,2,100080113,1,0,0,1,0,1
611000104,214,2,100090117,1,0,0,1,0,1
611000104,215,2,100090118,1,0,0,1,0,1
611000104,216,2,100010118,1,0,0,1,0,1
611000104,217,2,100010119,1,0,0,1,0,1
611000104,218,2,100020114,1,0,0,1,0,1
611000104,219,2,100030114,1,0,0,1,0,1
611000104,220,2,100040114,1,0,0,1,0,1
611000104,221,2,100050115,1,0,0,1,0,1
611000104,222,2,100060116,1,0,0,1,0,1
611000104,223,2,100070113,1,0,0,1,0,1
611000104,224,2,100080114,1,0,0,1,0,1
611000104,225,2,100090119,1,0,0,1,0,1
611000104,226,2,100020115,1,0,0,1,0,1
611000104,227,2,100040115,1,0,0,1,0,1
611000104,228,2,100030116,1,0,0,1,0,1
611000104,229,2,100010122,1,0,0,1,0,1
611000104,230,2,100020117,1,0,0,1,0,1
611000104,231,2,100050118,1,0,0,1,0,1
611000104,232,2,100090122,1,0,0,1,0,1
611000104,233,2,100010123,1,0,0,1,0,1
611000104,234,2,100060119,1,0,0,1,0,1
611000104,235,2,100020119,1,0,0,1,0,1
611000104,236,2,100070117,1,0,0,1,0,1
611000104,237,2,100030119,1,0,0,1,0,1
611000104,238,2,100080120,1,0,0,1,0,1
611000104,239,2,100080121,1,0,0,1,0,1
611000104,240,2,100050121,1,0,0,1,0,1
611000104,241,2,100080122,1,0,0,1,0,1
611000104,242,2,100040120,1,0,0,1,0,1
611000104,243,2,100070120,1,0,0,1,0,1
611000104,244,2,100040121,1,0,0,1,0,1
611000104,245,2,100030121,1,0,0,1,0,1
611000104,246,2,100070121,1,0,0,1,0,1
611000104,247,2,100010130,1,0,0,1,0,1
611000104,248,2,100030124,1,0,0,1,0,1
611000104,249,2,100040124,1,0,0,1,0,1
611000104,250,2,100060124,1,0,0,1,0,1
611000104,251,2,100060125,1,0,0,1,0,1
611000104,252,2,100050123,1,0,0,1,0,1
611000104,253,2,100080125,1,0,0,1,0,1
611000104,254,2,100020126,1,0,0,1,0,1
611000104,255,2,100070125,1,0,0,1,0,1
611000104,256,2,100090128,1,0,0,1,0,1
611000104,257,2,100030125,1,0,0,1,0,1
611000104,258,2,100040125,1,0,0,1,0,1
611000104,259,2,100070126,1,0,0,1,0,1
611000104,260,2,100050126,1,0,0,1,0,1
611000104,261,2,100060127,1,0,0,1,0,1
611000104,262,2,100080128,1,0,0,1,0,1
611000104,263,2,100070128,1,0,0,1,0,1
611000104,264,2,100060128,1,0,0,1,0,1
611000104,265,2,100090129,1,0,0,1,0,1
611000104,266,2,100030127,1,0,0,1,0,1
611000104,267,2,100040127,1,0,0,1,0,1
611000104,268,2,100090130,1,0,0,1,0,1
611000104,269,2,100090131,1,0,0,1,0,1
611000104,270,2,100090132,1,0,0,1,0,1
611000104,271,2,100010133,1,0,0,1,0,1
611000104,272,2,100010134,1,0,0,1,0,1
611000104,273,2,100020128,1,0,0,1,0,1
611000104,274,2,100010135,1,0,0,1,0,1
611000104,275,2,100050127,1,0,0,1,0,1
611000104,276,2,100060130,1,0,0,1,0,1
611000104,277,2,100080129,1,0,0,1,0,1
611000104,278,2,100070129,1,0,0,1,0,1
611000104,279,2,100090133,1,0,0,1,0,1
611000104,280,2,100010137,1,0,0,1,0,1
611000104,281,2,100020129,1,0,0,1,0,1
611000104,282,2,100070130,1,0,0,1,0,1
611000104,283,2,100030129,1,0,0,1,0,1
611000104,284,2,100030130,1,0,0,1,0,1
611000104,285,2,100060131,1,0,0,1,0,1
611000104,286,2,100080130,1,0,0,1,0,1
611000104,287,2,100030131,1,0,0,1,0,1
611000104,288,2,100070131,1,0,0,1,0,1
611000104,289,2,100080131,1,0,0,1,0,1
611000104,290,2,100020130,1,0,0,1,0,1
611000104,291,2,100020131,1,0,0,1,0,1
611000104,292,2,100050128,1,0,0,1,0,1
611000104,293,2,100010138,1,0,0,1,0,1
611000104,294,2,100030132,1,0,0,1,0,1
611000104,295,2,100050129,1,0,0,1,0,1
611000104,296,2,100040128,1,0,0,1,0,1
611000104,297,2,100050130,1,0,0,1,0,1
611000104,298,2,100060132,1,0,0,1,0,1
611000104,299,2,100010139,1,0,0,1,0,1
611000104,300,2,100070132,1,0,0,1,0,1
611000104,301,2,100050131,1,0,0,1,0,1
611000104,302,2,100040129,1,0,0,1,0,1
611000104,303,2,100050132,1,0,0,1,0,1
611000104,304,2,100010140,1,0,0,1,0,1
611000104,305,2,100020132,1,0,0,1,0,1
611000104,306,2,100090135,1,0,0,1,0,1
611000104,307,2,100030133,1,0,0,1,0,1
611000104,308,2,100020133,1,0,0,1,0,1
611000104,309,2,100020134,1,0,0,1,0,1
611000104,310,2,100070133,1,0,0,1,0,1
611000104,311,2,100090136,1,0,0,1,0,1
611000104,312,2,100060133,1,0,0,1,0,1
611000104,313,2,100050134,1,0,0,1,0,1
611000104,314,2,100060134,1,0,0,1,0,1
611000104,315,2,100080133,1,0,0,1,0,1
611000104,316,2,100020135,1,0,0,1,0,1
611000104,317,2,100090137,1,0,0,1,0,1
611000104,318,2,100010141,1,0,0,1,0,1
611000104,319,2,100030134,1,0,0,1,0,1
611000104,320,2,100040130,1,0,0,1,0,1
611000104,321,2,100010142,1,0,0,1,0,1
611000104,322,2,100050135,1,0,0,1,0,1
611000104,323,2,100070134,1,0,0,1,0,1
611000104,324,2,100080134,1,0,0,1,0,1
611000104,325,2,100040132,1,0,0,1,0,1
611000104,326,2,100080135,1,0,0,1,0,1
611000104,327,2,100090138,1,0,0,1,0,1
611000104,328,2,100080136,1,0,0,1,0,1
611000104,329,2,100010143,1,0,0,1,0,1
611000104,330,2,100060135,1,0,0,1,0,1
611000104,331,2,100020136,1,0,0,1,0,1
611000104,332,2,100030135,1,0,0,1,0,1
611000104,333,2,100040133,1,0,0,1,0,1
611000104,334,2,100030136,1,0,0,1,0,1
611000104,335,2,100050136,1,0,0,1,0,1
611000104,336,2,100060136,1,0,0,1,0,1
611000104,337,2,100080137,1,0,0,1,0,1
611000104,338,2,100090139,1,0,0,1,0,1
611000104,339,2,100040134,1,0,0,1,0,1
611000104,340,2,100040135,1,0,0,1,0,1
611000104,341,2,100010144,1,0,0,1,0,1
611000104,342,2,100030137,1,0,0,1,0,1
611000104,343,2,100040136,1,0,0,1,0,1
611000104,344,2,100070136,1,0,0,1,0,1
611000104,345,2,100080138,1,0,0,1,0,1
611000104,346,2,100010146,1,0,0,1,0,1
611000104,347,2,100020139,1,0,0,1,0,1
611000104,348,2,100040138,1,0,0,1,0,1
611000104,349,2,100060138,1,0,0,1,0,1
611000104,350,2,100060139,1,0,0,1,0,1
611000104,351,2,100020140,1,0,0,1,0,1
611000104,352,2,100070138,1,0,0,1,0,1
611000104,353,2,100090141,1,0,0,1,0,1
611000104,354,2,100020141,1,0,0,1,0,1
611000104,355,2,100040139,1,0,0,1,0,1
611000104,356,2,100070139,1,0,0,1,0,1
611000104,357,2,100080140,1,0,0,1,0,1
611000104,358,2,100090142,1,0,0,1,0,1
611000104,359,2,100050138,1,0,0,1,0,1
611000104,360,2,100060140,1,0,0,1,0,1
611000104,361,2,100080141,1,0,0,1,0,1
611000104,362,2,100010148,1,0,0,1,0,1
611000104,363,2,100090143,1,0,0,1,0,1
611000104,364,2,100070140,1,0,0,1,0,1
611000104,365,2,100030140,1,0,0,1,0,1
611000104,366,2,100050139,1,0,0,1,0,1
611000104,367,2,100060141,1,0,0,1,0,1
611000104,368,2,100070141,1,0,0,1,0,1
611000104,369,2,100030141,1,0,0,1,0,1
611000104,370,2,100060142,1,0,0,1,0,1
611000104,371,2,100040140,1,0,0,1,0,1
611000104,372,2,100070142,1,0,0,1,0,1
611000104,373,2,100090144,1,0,0,1,0,1
611000104,374,2,100090145,1,0,0,1,0,1
611000104,375,2,100090146,1,0,0,1,0,1
611000104,376,2,140210008,1,0,0,1,0,1
611000104,377,2,100010149,1,0,0,1,0,1
611000104,378,2,100050141,1,0,0,1,0,1
611000104,379,2,100070143,1,0,0,1,0,1
611000104,380,2,100010150,1,0,0,1,0,1
611000104,381,2,100030142,1,0,0,1,0,1
611000104,382,2,100060143,1,0,0,1,0,1
611000104,383,2,100080142,1,0,0,1,0,1
611000104,384,2,140460008,1,0,0,1,0,1
611000104,385,2,100040142,1,0,0,1,0,1
611000104,386,2,100080143,1,0,0,1,0,1
611000104,387,2,100010151,1,0,0,1,0,1
611000104,388,2,100020143,1,0,0,1,0,1
611000104,389,2,100050142,1,0,0,1,0,1
611000104,390,2,100030143,1,0,0,1,0,1
611000104,391,2,100030144,1,0,0,1,0,1
611000104,392,2,140530008,1,0,0,1,0,1
611000104,393,2,100030145,1,0,0,1,0,1
611000104,394,2,100090148,1,0,0,1,0,1
611000104,395,2,100010152,1,0,0,1,0,1
611000104,396,2,100060144,1,0,0,1,0,1
611000104,397,2,100080144,1,0,0,1,0,1
611000104,398,2,100020144,1,0,0,1,0,1
611000104,399,2,140490008,1,0,0,1,0,1
611000104,400,2,100020145,1,0,0,1,0,1
611000104,401,2,100050143,1,0,0,1,0,1
611000104,402,2,100020146,1,0,0,1,0,1
611000104,403,2,100060145,1,0,0,1,0,1
611000104,404,2,100010153,1,0,0,1,0,1
611000104,405,2,100020147,1,0,0,1,0,1
611000104,406,2,100030146,1,0,0,1,0,1
611000104,407,2,100040143,1,0,0,1,0,1
611000104,408,2,100050144,1,0,0,1,0,1
611000104,409,2,100060146,1,0,0,1,0,1
611000104,410,2,100070145,1,0,0,1,0,1
611000104,411,2,100080145,1,0,0,1,0,1
611000104,412,2,100090149,1,0,0,1,0,1
611000104,413,2,100020148,1,0,0,1,0,1
611000104,414,2,100050145,1,0,0,1,0,1
611000104,415,2,100030147,1,0,0,1,0,1
611000104,416,2,100050146,1,0,0,1,0,1
611000104,417,2,100090150,1,0,0,1,0,1
611000104,418,2,140180008,1,0,0,1,0,1
611000104,419,2,100010154,1,0,0,1,0,1
611000104,420,2,100080147,1,0,0,1,0,1
611000104,421,2,100020149,1,0,0,1,0,1
611000104,422,2,100040144,1,0,0,1,0,1
611000104,423,2,100070146,1,0,0,1,0,1
611000104,424,2,140470008,1,0,0,1,0,1
611000104,425,2,100010155,1,0,0,1,0,1
611000104,426,2,100020150,1,0,0,1,0,1
611000104,427,2,100030148,1,0,0,1,0,1
611000104,428,2,100040145,1,0,0,1,0,1
611000104,429,2,100050147,1,0,0,1,0,1
611000104,430,2,100060148,1,0,0,1,0,1
611000104,431,2,100070147,1,0,0,1,0,1
611000104,432,2,100080148,1,0,0,1,0,1
611000104,433,2,100090151,1,0,0,1,0,1
611000104,434,2,100040146,1,0,0,1,0,1
611000104,435,2,100070148,1,0,0,1,0,1
611000104,436,2,100010156,1,0,0,1,0,1
611000104,437,2,100050148,1,0,0,1,0,1
611000104,438,2,100090152,1,0,0,1,0,1
611000104,439,2,100080149,1,0,0,1,0,1
611000104,440,2,100010157,1,0,0,1,0,1
611000104,441,2,100020152,1,0,0,1,0,1
611000104,442,2,100030149,1,0,0,1,0,1
611000104,443,2,100040147,1,0,0,1,0,1
611000104,444,2,100050149,1,0,0,1,0,1
611000104,445,2,100060149,1,0,0,1,0,1
611000104,446,2,100070149,1,0,0,1,0,1
611000104,447,2,100080150,1,0,0,1,0,1
611000104,448,2,100090153,1,0,0,1,0,1
611000104,449,2,100080151,1,0,0,1,0,1
611000104,450,2,140020008,1,0,0,1,0,1
611000104,451,2,100050150,1,0,0,1,0,1
611000104,452,2,100060150,1,0,0,1,0,1
611000104,453,2,100040148,1,0,0,1,0,1
611000104,454,2,100070150,1,0,0,1,0,1
611000104,455,2,100080152,1,0,0,1,0,1
611000104,456,2,140430008,1,0,0,1,0,1
611000104,457,2,100080153,1,0,0,1,0,1
611000104,458,2,100090154,1,0,0,1,0,1
611000104,459,2,100020153,1,0,0,1,0,1
611000104,460,2,100030151,1,0,0,1,0,1
611000104,461,2,100060151,1,0,0,1,0,1
611000104,462,2,100040149,1,0,0,1,0,1
611000104,463,2,100040150,1,0,0,1,0,1
611000104,464,2,140100008,1,0,0,1,0,1
611000104,465,2,100010158,1,0,0,1,0,1
611000104,466,2,100020154,1,0,0,1,0,1
611000104,467,2,100030152,1,0,0,1,0,1
611000104,468,2,100040151,1,0,0,1,0,1
611000104,469,2,100050152,1,0,0,1,0,1
611000104,470,2,100060152,1,0,0,1,0,1
611000104,471,2,100070151,1,0,0,1,0,1
611000104,472,2,100080154,1,0,0,1,0,1
611000104,473,2,100090155,1,0,0,1,0,1
611000104,474,2,100010160,1,0,0,1,0,1
611000104,475,2,100030154,1,0,0,1,0,1
611000104,476,2,100040153,1,0,0,1,0,1
611000104,477,2,100060154,1,0,0,1,0,1
611000104,478,2,100010161,1,0,0,1,0,1
611000104,479,2,100020156,1,0,0,1,0,1
611000104,480,2,100030155,1,0,0,1,0,1
611000104,481,2,100040154,1,0,0,1,0,1
611000104,482,2,100050154,1,0,0,1,0,1
611000104,483,2,100060155,1,0,0,1,0,1
611000104,484,2,100070153,1,0,0,1,0,1
611000104,485,2,100080156,1,0,0,1,0,1
611000104,486,2,100090157,1,0,0,1,0,1
611000104,487,2,100060156,1,0,0,1,0,1
611000104,488,2,100010162,1,0,0,1,0,1
611000104,489,2,100020157,1,0,0,1,0,1
611000104,490,2,100030156,1,0,0,1,0,1
611000104,491,2,100040155,1,0,0,1,0,1
611000104,492,2,100050155,1,0,0,1,0,1
611000104,493,2,100060157,1,0,0,1,0,1
611000104,494,2,100070154,1,0,0,1,0,1
611000104,495,2,100080157,1,0,0,1,0,1
611000104,496,2,100090158,1,0,0,1,0,1
611000104,497,2,100050156,1,0,0,1,0,1
611000104,498,2,100060158,1,0,0,1,0,1
611000104,499,2,100080158,1,0,0,1,0,1
611000104,500,2,100010163,1,0,0,1,0,1
611000104,501,2,100010164,1,0,0,1,0,1
611000104,502,2,100030157,1,0,0,1,0,1
611000104,503,2,100040156,1,0,0,1,0,1
611000104,504,2,100070155,1,0,0,1,0,1
611000104,505,2,100020158,1,0,0,1,0,1
611000104,506,2,100070156,1,0,0,1,0,1
611000104,507,2,100090159,1,0,0,1,0,1
611000104,508,2,100050157,1,0,0,1,0,1
611000104,509,2,100060159,1,0,0,1,0,1
611000104,510,2,100080159,1,0,0,1,0,1
611000104,511,2,100070157,1,0,0,1,0,1
611000104,512,2,100020159,1,0,0,1,0,1
611000104,513,2,100070158,1,0,0,1,0,1
611000104,514,2,100090160,1,0,0,1,0,1
611000104,515,2,100010165,1,0,0,1,0,1
611000104,516,2,100030158,1,0,0,1,0,1
611000104,517,2,100040157,1,0,0,1,0,1
611000104,518,2,100010166,1,0,0,1,0,1
611000104,519,2,100070159,1,0,0,1,0,1
611000104,520,2,100090161,1,0,0,1,0,1
611000104,521,2,100020160,1,0,0,1,0,1
611000104,522,2,100070160,1,0,0,1,0,1
611000104,523,2,100090162,1,0,0,1,0,1
611000104,524,2,100050158,1,0,0,1,0,1
611000104,525,2,100060160,1,0,0,1,0,1
611000104,526,2,100080160,1,0,0,1,0,1
611000104,527,2,100060161,1,0,0,1,0,1
611000104,528,2,100090163,1,0,0,1,0,1
611000104,529,2,100090164,1,0,0,1,0,1
611000104,530,2,100010167,1,0,0,1,0,1
611000104,531,2,100030159,1,0,0,1,0,1
611000104,532,2,100080161,1,0,0,1,0,1
611000104,533,2,100020161,1,0,0,1,0,1
611000104,534,2,100070161,1,0,0,1,0,1
611000104,535,2,100090165,1,0,0,1,0,1
611000104,536,2,100010168,1,0,0,1,0,1
611000104,537,2,100010169,1,0,0,1,0,1
611000104,538,2,100030160,1,0,0,1,0,1
611000104,539,2,100040159,1,0,0,1,0,1
611000104,540,2,100050159,1,0,0,1,0,1
611000104,541,2,100060162,1,0,0,1,0,1
611000104,542,2,100080162,1,0,0,1,0,1
611000104,543,2,100020162,1,0,0,1,0,1
611000104,544,2,100030161,1,0,0,1,0,1
611000104,545,2,100010170,1,0,0,1,0,1
611000104,546,2,100030162,1,0,0,1,0,1
611000104,547,2,100040160,1,0,0,1,0,1
611000104,548,2,100050160,1,0,0,1,0,1
611000104,549,2,100060163,1,0,0,1,0,1
611000104,550,2,100080163,1,0,0,1,0,1
611000104,551,2,100020163,1,0,0,1,0,1
611000104,552,2,100070162,1,0,0,1,0,1
611000104,553,2,100090166,1,0,0,1,0,1
611000104,554,2,100020164,1,0,0,1,0,1
611000104,555,2,100050161,1,0,0,1,0,1
611000104,556,2,100060164,1,0,0,1,0,1
611000104,557,2,100030163,1,0,0,1,0,1
611000104,558,2,100030164,1,0,0,1,0,1
611000104,559,2,100050162,1,0,0,1,0,1
611000104,560,2,100050163,1,0,0,1,0,1
611000104,561,2,100060165,1,0,0,1,0,1
611000104,562,2,100080164,1,0,0,1,0,1
611000104,563,2,100020165,1,0,0,1,0,1
611000104,564,2,100070163,1,0,0,1,0,1
611000104,565,2,100090168,1,0,0,1,0,1
611000104,566,2,100010171,1,0,0,1,0,1
611000104,567,2,100030165,1,0,0,1,0,1
611000104,568,2,100040161,1,0,0,1,0,1
611000104,569,2,100050164,1,0,0,1,0,1
611000104,570,2,100090169,1,0,0,1,0,1
611000104,571,2,100020166,1,0,0,1,0,1
611000104,572,2,100010172,1,0,0,1,0,1
611000104,573,2,100030166,1,0,0,1,0,1
611000104,574,2,100040162,1,0,0,1,0,1
611000104,575,2,100050165,1,0,0,1,0,1
611000104,576,2,100060166,1,0,0,1,0,1
611000104,577,2,100080165,1,0,0,1,0,1
611000104,578,2,100040163,1,0,0,1,0,1
611000104,579,2,100090170,1,0,0,1,0,1
611000104,580,2,100020167,1,0,0,1,0,1
611000104,581,2,100020168,1,0,0,1,0,1
611000104,582,2,100070164,1,0,0,1,0,1
611000104,583,2,100090171,1,0,0,1,0,1
611000104,584,2,100050166,1,0,0,1,0,1
611000104,585,2,100050167,1,0,0,1,0,1
611000104,586,2,100040164,1,0,0,1,0,1
611000104,587,2,100030167,1,0,0,1,0,1
611000104,588,2,100080166,1,0,0,1,0,1
611000104,589,2,100080167,1,0,0,1,0,1
611000104,590,2,100020169,1,0,0,1,0,1
611000104,591,2,100070165,1,0,0,1,0,1
611000104,592,2,100090172,1,0,0,1,0,1
611000104,593,2,100050168,1,0,0,1,0,1
611000104,594,2,100060167,1,0,0,1,0,1
611000104,595,2,100080168,1,0,0,1,0,1
611000104,596,2,100010174,1,0,0,1,0,1
611000104,597,2,100070166,1,0,0,1,0,1
611000104,598,2,100010175,1,0,0,1,0,1
611000104,599,2,100030168,1,0,0,1,0,1
611000104,600,2,100040165,1,0,0,1,0,1
611000104,601,2,100010176,1,0,0,1,0,1
611000104,602,2,100080169,1,0,0,1,0,1
611000104,603,2,100020170,1,0,0,1,0,1
611000104,604,2,100010177,1,0,0,1,0,1
611000104,605,2,100030169,1,0,0,1,0,1
611000104,606,2,100020171,1,0,0,1,0,1
611000104,607,2,100040166,1,0,0,1,0,1
611000104,608,2,100060168,1,0,0,1,0,1
611000104,609,2,100050169,1,0,0,1,0,1
611000104,610,2,100030170,1,0,0,1,0,1
611000104,611,2,100060169,1,0,0,1,0,1
611000104,612,2,100070167,1,0,0,1,0,1
611000104,613,2,100070168,1,0,0,1,0,1
611000104,614,2,100090173,1,0,0,1,0,1
611000104,615,2,100080170,1,0,0,1,0,1
611000104,616,2,100050170,1,0,0,1,0,1
611000104,617,2,100090174,1,0,0,1,0,1
611000104,618,2,100040167,1,0,0,1,0,1
611000104,619,2,100020172,1,0,0,1,0,1
611000104,620,2,100070169,1,0,0,1,0,1
611000104,621,2,100090175,1,0,0,1,0,1
611000104,622,2,100050171,1,0,0,1,0,1
611000104,623,2,100060170,1,0,0,1,0,1
611000104,624,2,100080171,1,0,0,1,0,1
611000104,625,2,100010178,1,0,0,1,0,1
611000104,626,2,100070170,1,0,0,1,0,1
611000104,627,2,100010179,1,0,0,1,0,1
611000104,628,2,100030171,1,0,0,1,0,1
611000104,629,2,100040168,1,0,0,1,0,1
611000104,630,2,100010180,1,0,0,1,0,1
611000104,631,2,100020173,1,0,0,1,0,1
611000104,632,2,100030172,1,0,0,1,0,1
611000104,633,2,100040169,1,0,0,1,0,1
611000104,634,2,100050172,1,0,0,1,0,1
611000104,635,2,100060171,1,0,0,1,0,1
611000104,636,2,100070171,1,0,0,1,0,1
611000104,637,2,100080172,1,0,0,1,0,1
611000104,638,2,100090176,1,0,0,1,0,1
611000104,639,2,100020174,1,0,0,1,0,1
611000104,640,2,100060172,1,0,0,1,0,1
611000104,641,2,100040170,1,0,0,1,0,1
611000104,642,2,100020175,1,0,0,1,0,1
611000104,643,2,100030173,1,0,0,1,0,1
611000104,644,2,100010181,1,0,0,1,0,1
611000104,645,2,100030174,1,0,0,1,0,1
611000104,646,2,100040171,1,0,0,1,0,1
611000104,647,2,100050173,1,0,0,1,0,1
611000104,648,2,100060173,1,0,0,1,0,1
611000104,649,2,100080173,1,0,0,1,0,1
611000104,650,2,100020176,1,0,0,1,0,1
611000104,651,2,100070173,1,0,0,1,0,1
611000104,652,2,100090177,1,0,0,1,0,1
611000104,653,2,100080174,1,0,0,1,0,1
611000104,654,2,100080175,1,0,0,1,0,1
611000104,655,2,100040172,1,0,0,1,0,1
611000104,656,2,100010182,1,0,0,1,0,1
611000104,657,2,100020177,1,0,0,1,0,1
611000104,658,2,100030175,1,0,0,1,0,1
611000104,659,2,100040173,1,0,0,1,0,1
611000104,660,2,100050174,1,0,0,1,0,1
611000104,661,2,100060174,1,0,0,1,0,1
611000104,662,2,100070174,1,0,0,1,0,1
611000104,663,2,100080176,1,0,0,1,0,1
611000104,664,2,100090178,1,0,0,1,0,1
611000201,1,2,110010001,1,0,0,1,0,1
611000201,2,2,110020001,1,0,0,1,0,1
611000201,3,2,110030001,1,0,0,1,0,1
611000201,4,2,110040001,1,0,0,1,0,1
611000201,5,2,110050001,1,0,0,1,0,1
611000201,6,2,110060001,1,0,0,1,0,1
611000201,7,2,110070001,1,0,0,1,0,1
611000201,8,2,110080001,1,0,0,1,0,1
611000201,9,2,110090001,1,0,0,1,0,1
611000201,10,2,110010003,1,0,0,1,0,1
611000201,11,2,110020003,1,0,0,1,0,1
611000201,12,2,110030002,1,0,0,1,0,1
611000201,13,2,110040002,1,0,0,1,0,1
611000201,14,2,110050002,1,0,0,1,0,1
611000201,15,2,110060002,1,0,0,1,0,1
611000201,16,2,110070002,1,0,0,1,0,1
611000201,17,2,110080002,1,0,0,1,0,1
611000201,18,2,110090002,1,0,0,1,0,1
611000201,19,2,110010004,1,0,0,1,0,1
611000201,20,2,110020004,1,0,0,1,0,1
611000201,21,2,110030003,1,0,0,1,0,1
611000201,22,2,110040003,1,0,0,1,0,1
611000201,23,2,110050003,1,0,0,1,0,1
611000201,24,2,110060003,1,0,0,1,0,1
611000201,25,2,110070003,1,0,0,1,0,1
611000201,26,2,110080003,1,0,0,1,0,1
611000201,27,2,110090003,1,0,0,1,0,1
611000201,28,2,140770001,1,0,0,1,0,1
611000201,29,2,140780001,1,0,0,1,0,1
611000201,30,2,110010014,1,0,0,1,0,1
611000201,31,2,110020014,1,0,0,1,0,1
611000201,32,2,110030012,1,0,0,1,0,1
611000201,33,2,110040013,1,0,0,1,0,1
611000201,34,2,110050015,1,0,0,1,0,1
611000201,35,2,110060012,1,0,0,1,0,1
611000201,36,2,110070012,1,0,0,1,0,1
611000201,37,2,110080012,1,0,0,1,0,1
611000201,38,2,110090013,1,0,0,1,0,1
611000201,39,2,110010023,1,0,0,1,0,1
611000201,40,2,110020024,1,0,0,1,0,1
611000201,41,2,110030024,1,0,0,1,0,1
611000201,42,2,110040022,1,0,0,1,0,1
611000201,43,2,110050025,1,0,0,1,0,1
611000201,44,2,110060023,1,0,0,1,0,1
611000201,45,2,110070023,1,0,0,1,0,1
611000201,46,2,110080023,1,0,0,1,0,1
611000201,47,2,110090022,1,0,0,1,0,1
611000201,48,2,110010027,1,0,0,1,0,1
611000201,49,2,110020028,1,0,0,1,0,1
611000201,50,2,110030027,1,0,0,1,0,1
611000201,51,2,110040026,1,0,0,1,0,1
611000201,52,2,110050029,1,0,0,1,0,1
611000201,53,2,110060028,1,0,0,1,0,1
611000201,54,2,110070027,1,0,0,1,0,1
611000201,55,2,110080026,1,0,0,1,0,1
611000201,56,2,110090026,1,0,0,1,0,1
611000201,57,2,110010035,1,0,0,1,0,1
611000201,58,2,110020036,1,0,0,1,0,1
611000201,59,2,110030034,1,0,0,1,0,1
611000201,60,2,110040034,1,0,0,1,0,1
611000201,61,2,110050037,1,0,0,1,0,1
611000201,62,2,110060035,1,0,0,1,0,1
611000201,63,2,110070035,1,0,0,1,0,1
611000201,64,2,110080034,1,0,0,1,0,1
611000201,65,2,110090035,1,0,0,1,0,1
611000201,66,2,110010040,1,0,0,1,0,1
611000201,67,2,110020041,1,0,0,1,0,1
611000201,68,2,110030041,1,0,0,1,0,1
611000201,69,2,110040041,1,0,0,1,0,1
611000201,70,2,110050042,1,0,0,1,0,1
611000201,71,2,110060040,1,0,0,1,0,1
611000201,72,2,110070040,1,0,0,1,0,1
611000201,73,2,110080040,1,0,0,1,0,1
611000201,74,2,110090039,1,0,0,1,0,1
611000201,75,2,110010070,1,0,0,1,0,1
611000201,76,2,110020069,1,0,0,1,0,1
611000201,77,2,110030066,1,0,0,1,0,1
611000201,78,2,110040067,1,0,0,1,0,1
611000201,79,2,110050069,1,0,0,1,0,1
611000201,80,2,110060070,1,0,0,1,0,1
611000201,81,2,110070070,1,0,0,1,0,1
611000201,82,2,110080067,1,0,0,1,0,1
611000201,83,2,110090069,1,0,0,1,0,1
611000202,1,2,110010002,1,0,0,1,0,1
611000202,2,2,110020002,1,0,0,1,0,1
611000202,3,2,110010005,1,0,0,1,0,1
611000202,4,2,110020005,1,0,0,1,0,1
611000202,5,2,110030004,1,0,0,1,0,1
611000202,6,2,110040004,1,0,0,1,0,1
611000202,7,2,110050004,1,0,0,1,0,1
611000202,8,2,110060004,1,0,0,1,0,1
611000202,9,2,110070004,1,0,0,1,0,1
611000202,10,2,110080004,1,0,0,1,0,1
611000202,11,2,110090004,1,0,0,1,0,1
611000202,12,2,110040006,1,0,0,1,0,1
611000202,13,2,110090006,1,0,0,1,0,1
611000202,14,2,110010008,1,0,0,1,0,1
611000202,15,2,110040007,1,0,0,1,0,1
611000202,16,2,110080006,1,0,0,1,0,1
611000202,17,2,110050007,1,0,0,1,0,1
611000202,18,2,110070007,1,0,0,1,0,1
611000202,19,2,110020008,1,0,0,1,0,1
611000202,20,2,110030006,1,0,0,1,0,1
611000202,21,2,110010009,1,0,0,1,0,1
611000202,22,2,110060007,1,0,0,1,0,1
611000202,23,2,110090008,1,0,0,1,0,1
611000202,24,2,110030007,1,0,0,1,0,1
611000202,25,2,110080008,1,0,0,1,0,1
611000202,26,2,110050009,1,0,0,1,0,1
611000202,27,2,110070008,1,0,0,1,0,1
611000202,28,2,110020010,1,0,0,1,0,1
611000202,29,2,110030009,1,0,0,1,0,1
611000202,30,2,110080009,1,0,0,1,0,1
611000202,31,2,110060009,1,0,0,1,0,1
611000202,32,2,110090010,1,0,0,1,0,1
611000202,33,2,110050010,1,0,0,1,0,1
611000202,34,2,110070009,1,0,0,1,0,1
611000202,35,2,110030010,1,0,0,1,0,1
611000202,36,2,110060010,1,0,0,1,0,1
611000202,37,2,110090011,1,0,0,1,0,1
611000202,38,2,110010011,1,0,0,1,0,1
611000202,39,2,110050011,1,0,0,1,0,1
611000202,40,2,110040010,1,0,0,1,0,1
611000202,41,2,110050012,1,0,0,1,0,1
611000202,42,2,110010013,1,0,0,1,0,1
611000202,43,2,110020012,1,0,0,1,0,1
611000202,44,2,110080011,1,0,0,1,0,1
611000202,45,2,110020013,1,0,0,1,0,1
611000202,46,2,110040011,1,0,0,1,0,1
611000202,47,2,110040012,1,0,0,1,0,1
611000202,48,2,110090012,1,0,0,1,0,1
611000202,49,2,110010015,1,0,0,1,0,1
611000202,50,2,110050016,1,0,0,1,0,1
611000202,51,2,110070013,1,0,0,1,0,1
611000202,52,2,110060013,1,0,0,1,0,1
611000202,53,2,110080014,1,0,0,1,0,1
611000202,54,2,110030013,1,0,0,1,0,1
611000202,55,2,110060014,1,0,0,1,0,1
611000202,56,2,110020016,1,0,0,1,0,1
611000202,57,2,110030014,1,0,0,1,0,1
611000202,58,2,110040015,1,0,0,1,0,1
611000202,59,2,110030015,1,0,0,1,0,1
611000202,60,2,110070014,1,0,0,1,0,1
611000202,61,2,110070015,1,0,0,1,0,1
611000202,62,2,110090015,1,0,0,1,0,1
611000202,63,2,110010017,1,0,0,1,0,1
611000202,64,2,110050018,1,0,0,1,0,1
611000202,65,2,110080016,1,0,0,1,0,1
611000202,66,2,110020017,1,0,0,1,0,1
611000202,67,2,110090016,1,0,0,1,0,1
611000202,68,2,110020018,1,0,0,1,0,1
611000202,69,2,110060016,1,0,0,1,0,1
611000202,70,2,110010018,1,0,0,1,0,1
611000202,71,2,110080017,1,0,0,1,0,1
611000202,72,2,110090018,1,0,0,1,0,1
611000202,73,2,110040017,1,0,0,1,0,1
611000202,74,2,110080018,1,0,0,1,0,1
611000202,75,2,110020019,1,0,0,1,0,1
611000202,76,2,110050019,1,0,0,1,0,1
611000202,77,2,110040019,1,0,0,1,0,1
611000202,78,2,110050020,1,0,0,1,0,1
611000202,79,2,110090019,1,0,0,1,0,1
611000202,80,2,110030019,1,0,0,1,0,1
611000202,81,2,110070018,1,0,0,1,0,1
611000202,82,2,110060018,1,0,0,1,0,1
611000202,83,2,110070019,1,0,0,1,0,1
611000202,84,2,110020021,1,0,0,1,0,1
611000202,85,2,110040020,1,0,0,1,0,1
611000202,86,2,110070020,1,0,0,1,0,1
611000202,87,2,110050021,1,0,0,1,0,1
611000202,88,2,110060019,1,0,0,1,0,1
611000202,89,2,110030020,1,0,0,1,0,1
611000202,90,2,110060020,1,0,0,1,0,1
611000202,91,2,110050023,1,0,0,1,0,1
611000202,92,2,110070021,1,0,0,1,0,1
611000202,93,2,110080021,1,0,0,1,0,1
611000202,94,2,110010021,1,0,0,1,0,1
611000202,95,2,110030022,1,0,0,1,0,1
611000202,96,2,110010024,1,0,0,1,0,1
611000202,97,2,110040023,1,0,0,1,0,1
611000202,98,2,110020025,1,0,0,1,0,1
611000202,99,2,110030025,1,0,0,1,0,1
611000202,100,2,110090024,1,0,0,1,0,1
611000202,101,2,110020026,1,0,0,1,0,1
611000202,102,2,110050026,1,0,0,1,0,1
611000202,103,2,110040024,1,0,0,1,0,1
611000202,104,2,110080024,1,0,0,1,0,1
611000202,105,2,110010026,1,0,0,1,0,1
611000202,106,2,110070025,1,0,0,1,0,1
611000202,107,2,110080025,1,0,0,1,0,1
611000202,108,2,110060026,1,0,0,1,0,1
611000202,109,2,110070026,1,0,0,1,0,1
611000202,110,2,110030026,1,0,0,1,0,1
611000202,111,2,110060027,1,0,0,1,0,1
611000202,112,2,110010028,1,0,0,1,0,1
611000202,113,2,110040027,1,0,0,1,0,1
611000202,114,2,110050030,1,0,0,1,0,1
611000202,115,2,110010029,1,0,0,1,0,1
611000202,116,2,110040028,1,0,0,1,0,1
611000202,117,2,110020029,1,0,0,1,0,1
611000202,118,2,110090028,1,0,0,1,0,1
611000202,119,2,110030029,1,0,0,1,0,1
611000202,120,2,110070030,1,0,0,1,0,1
611000202,121,2,110090029,1,0,0,1,0,1
611000202,122,2,110080028,1,0,0,1,0,1
611000202,123,2,110090030,1,0,0,1,0,1
611000202,124,2,110050032,1,0,0,1,0,1
611000202,125,2,110060031,1,0,0,1,0,1
611000202,126,2,110010032,1,0,0,1,0,1
611000202,127,2,110060032,1,0,0,1,0,1
611000202,128,2,110080030,1,0,0,1,0,1
611000202,129,2,140770002,1,0,0,1,0,1
611000202,130,2,140780002,1,0,0,1,0,1
611000202,131,2,110040030,1,0,0,1,0,1
611000202,132,2,110050033,1,0,0,1,0,1
611000202,133,2,110020034,1,0,0,1,0,1
611000202,134,2,110070033,1,0,0,1,0,1
611000202,135,2,110020035,1,0,0,1,0,1
611000202,136,2,110060034,1,0,0,1,0,1
611000202,137,2,110090033,1,0,0,1,0,1
611000202,138,2,110070034,1,0,0,1,0,1
611000202,139,2,110080033,1,0,0,1,0,1
611000202,140,2,110050036,1,0,0,1,0,1
611000202,141,2,110090034,1,0,0,1,0,1
611000202,142,2,110010036,1,0,0,1,0,1
611000202,143,2,110030035,1,0,0,1,0,1
611000202,144,2,110060036,1,0,0,1,0,1
611000202,145,2,110070036,1,0,0,1,0,1
611000202,146,2,110080035,1,0,0,1,0,1
611000202,147,2,110010037,1,0,0,1,0,1
611000202,148,2,110080036,1,0,0,1,0,1
611000202,149,2,110030036,1,0,0,1,0,1
611000202,150,2,110040036,1,0,0,1,0,1
611000202,151,2,110050039,1,0,0,1,0,1
611000202,152,2,110020038,1,0,0,1,0,1
611000202,153,2,110070037,1,0,0,1,0,1
611000202,154,2,110030038,1,0,0,1,0,1
611000202,155,2,110040038,1,0,0,1,0,1
611000202,156,2,110020040,1,0,0,1,0,1
611000202,157,2,110030040,1,0,0,1,0,1
611000202,158,2,110050041,1,0,0,1,0,1
611000202,159,2,110010041,1,0,0,1,0,1
611000202,160,2,110090040,1,0,0,1,0,1
611000202,161,2,110040042,1,0,0,1,0,1
611000202,162,2,110060042,1,0,0,1,0,1
611000202,163,2,140770003,1,0,0,1,0,1
611000202,164,2,140780003,1,0,0,1,0,1
611000202,165,2,110010042,1,0,0,1,0,1
611000202,166,2,110060044,1,0,0,1,0,1
611000202,167,2,110090042,1,0,0,1,0,1
611000202,168,2,110010043,1,0,0,1,0,1
611000202,169,2,110050043,1,0,0,1,0,1
611000202,170,2,110090043,1,0,0,1,0,1
611000202,171,2,110070042,1,0,0,1,0,1
611000202,172,2,110080042,1,0,0,1,0,1
611000202,173,2,110030043,1,0,0,1,0,1
611000202,174,2,110040044,1,0,0,1,0,1
611000202,175,2,110070043,1,0,0,1,0,1
611000202,176,2,110010044,1,0,0,1,0,1
611000202,177,2,110020043,1,0,0,1,0,1
611000202,178,2,110010046,1,0,0,1,0,1
611000202,179,2,110080043,1,0,0,1,0,1
611000202,180,2,110090044,1,0,0,1,0,1
611000202,181,2,110020045,1,0,0,1,0,1
611000202,182,2,110060046,1,0,0,1,0,1
611000202,183,2,110080044,1,0,0,1,0,1
611000202,184,2,110040045,1,0,0,1,0,1
611000202,185,2,110060047,1,0,0,1,0,1
611000202,186,2,110030045,1,0,0,1,0,1
611000202,187,2,110090045,1,0,0,1,0,1
611000202,188,2,110020048,1,0,0,1,0,1
611000202,189,2,110030047,1,0,0,1,0,1
611000202,190,2,110060049,1,0,0,1,0,1
611000202,191,2,110050048,1,0,0,1,0,1
611000202,192,2,110090047,1,0,0,1,0,1
611000202,193,2,110060050,1,0,0,1,0,1
611000202,194,2,110070047,1,0,0,1,0,1
611000202,195,2,110030048,1,0,0,1,0,1
611000202,196,2,110060051,1,0,0,1,0,1
611000202,197,2,110020051,1,0,0,1,0,1
611000202,198,2,110040049,1,0,0,1,0,1
611000202,199,2,110050050,1,0,0,1,0,1
611000202,200,2,110050051,1,0,0,1,0,1
611000202,201,2,110080049,1,0,0,1,0,1
611000202,202,2,110010052,1,0,0,1,0,1
611000202,203,2,110070050,1,0,0,1,0,1
611000202,204,2,110080050,1,0,0,1,0,1
611000202,205,2,110040051,1,0,0,1,0,1
611000202,206,2,110050053,1,0,0,1,0,1
611000202,207,2,110010054,1,0,0,1,0,1
611000202,208,2,110090052,1,0,0,1,0,1
611000202,209,2,110020055,1,0,0,1,0,1
611000202,210,2,110030052,1,0,0,1,0,1
611000202,211,2,110080052,1,0,0,1,0,1
611000202,212,2,110010056,1,0,0,1,0,1
611000202,213,2,110090055,1,0,0,1,0,1
611000202,214,2,110040053,1,0,0,1,0,1
611000202,215,2,110080053,1,0,0,1,0,1
611000202,216,2,110030053,1,0,0,1,0,1
611000202,217,2,110070054,1,0,0,1,0,1
611000202,218,2,110080054,1,0,0,1,0,1
611000202,219,2,110020056,1,0,0,1,0,1
611000202,220,2,110060056,1,0,0,1,0,1
611000202,221,2,110020057,1,0,0,1,0,1
611000202,222,2,110060057,1,0,0,1,0,1
611000202,223,2,110040055,1,0,0,1,0,1
611000202,224,2,110050057,1,0,0,1,0,1
611000202,225,2,110060058,1,0,0,1,0,1
611000202,226,2,110010059,1,0,0,1,0,1
611000202,227,2,110020058,1,0,0,1,0,1
611000202,228,2,110030055,1,0,0,1,0,1
611000202,229,2,110040056,1,0,0,1,0,1
611000202,230,2,110050058,1,0,0,1,0,1
611000202,231,2,110060059,1,0,0,1,0,1
611000202,232,2,110070055,1,0,0,1,0,1
611000202,233,2,110080055,1,0,0,1,0,1
611000202,234,2,110090057,1,0,0,1,0,1
611000202,235,2,110070057,1,0,0,1,0,1
611000202,236,2,110090059,1,0,0,1,0,1
611000202,237,2,110030056,1,0,0,1,0,1
611000202,238,2,110050059,1,0,0,1,0,1
611000202,239,2,110020061,1,0,0,1,0,1
611000202,240,2,110040057,1,0,0,1,0,1
611000202,241,2,110090060,1,0,0,1,0,1
611000202,242,2,110010061,1,0,0,1,0,1
611000202,243,2,110020062,1,0,0,1,0,1
611000202,244,2,110030057,1,0,0,1,0,1
611000202,245,2,110040058,1,0,0,1,0,1
611000202,246,2,110050062,1,0,0,1,0,1
611000202,247,2,110060062,1,0,0,1,0,1
611000202,248,2,110070058,1,0,0,1,0,1
611000202,249,2,110080057,1,0,0,1,0,1
611000202,250,2,110090061,1,0,0,1,0,1
611000202,251,2,110010062,1,0,0,1,0,1
611000202,252,2,110020063,1,0,0,1,0,1
611000202,253,2,110030059,1,0,0,1,0,1
611000202,254,2,110040061,1,0,0,1,0,1
611000202,255,2,110050063,1,0,0,1,0,1
611000202,256,2,110060063,1,0,0,1,0,1
611000202,257,2,110070059,1,0,0,1,0,1
611000202,258,2,110080059,1,0,0,1,0,1
611000202,259,2,110090062,1,0,0,1,0,1
611000202,260,2,110010063,1,0,0,1,0,1
611000202,261,2,110070060,1,0,0,1,0,1
611000202,262,2,110040062,1,0,0,1,0,1
611000202,263,2,110070061,1,0,0,1,0,1
611000202,264,2,110030062,1,0,0,1,0,1
611000202,265,2,110050065,1,0,0,1,0,1
611000202,266,2,110080062,1,0,0,1,0,1
611000202,267,2,110010065,1,0,0,1,0,1
611000202,268,2,110040064,1,0,0,1,0,1
611000202,269,2,110010066,1,0,0,1,0,1
611000202,270,2,110020066,1,0,0,1,0,1
611000202,271,2,110030064,1,0,0,1,0,1
611000202,272,2,110040065,1,0,0,1,0,1
611000202,273,2,110050066,1,0,0,1,0,1
611000202,274,2,110060066,1,0,0,1,0,1
611000202,275,2,110070064,1,0,0,1,0,1
611000202,276,2,110080063,1,0,0,1,0,1
611000202,277,2,110090065,1,0,0,1,0,1
611000202,278,2,110060067,1,0,0,1,0,1
611000202,279,2,110080064,1,0,0,1,0,1
611000202,280,2,110020067,1,0,0,1,0,1
611000202,281,2,110030065,1,0,0,1,0,1
611000202,282,2,110060068,1,0,0,1,0,1
611000202,283,2,110050067,1,0,0,1,0,1
611000202,284,2,110080065,1,0,0,1,0,1
611000202,285,2,110010068,1,0,0,1,0,1
611000202,286,2,110070067,1,0,0,1,0,1
611000202,287,2,110020068,1,0,0,1,0,1
611000202,288,2,110070069,1,0,0,1,0,1
611000202,289,2,110090068,1,0,0,1,0,1
611000202,290,2,110010071,1,0,0,1,0,1
611000202,291,2,110040068,1,0,0,1,0,1
611000202,292,2,110020070,1,0,0,1,0,1
611000202,293,2,110030068,1,0,0,1,0,1
611000202,294,2,110030070,1,0,0,1,0,1
611000202,295,2,110060072,1,0,0,1,0,1
611000202,296,2,110090070,1,0,0,1,0,1
611000202,297,2,110070071,1,0,0,1,0,1
611000202,298,2,110080069,1,0,0,1,0,1
611000202,299,2,110050073,1,0,0,1,0,1
611000202,300,2,110090071,1,0,0,1,0,1
611000202,301,2,110010074,1,0,0,1,0,1
611000202,302,2,110060073,1,0,0,1,0,1
611000202,303,2,110080070,1,0,0,1,0,1
611000202,304,2,110040071,1,0,0,1,0,1
611000202,305,2,110050075,1,0,0,1,0,1
611000202,306,2,110070073,1,0,0,1,0,1
611000202,307,2,110080073,1,0,0,1,0,1
611000202,308,2,110030072,1,0,0,1,0,1
611000202,309,2,110040072,1,0,0,1,0,1
611000202,310,2,110090073,1,0,0,1,0,1
611000202,311,2,110020074,1,0,0,1,0,1
611000202,312,2,110070074,1,0,0,1,0,1
611000202,313,2,110040073,1,0,0,1,0,1
611000202,314,2,110050077,1,0,0,1,0,1
611000202,315,2,110010078,1,0,0,1,0,1
611000202,316,2,110070076,1,0,0,1,0,1
611000202,317,2,110080076,1,0,0,1,0,1
611000202,318,2,110030074,1,0,0,1,0,1
611000202,319,2,110060078,1,0,0,1,0,1
611000202,320,2,110030076,1,0,0,1,0,1
611000202,321,2,110060080,1,0,0,1,0,1
611000202,322,2,110010080,1,0,0,1,0,1
611000202,323,2,110030077,1,0,0,1,0,1
611000202,324,2,110090078,1,0,0,1,0,1
611000202,325,2,110020078,1,0,0,1,0,1
611000202,326,2,110050082,1,0,0,1,0,1
611000202,327,2,110010082,1,0,0,1,0,1
611000202,328,2,110050084,1,0,0,1,0,1
611000202,329,2,110070080,1,0,0,1,0,1
611000202,330,2,110040079,1,0,0,1,0,1
611000202,331,2,110060084,1,0,0,1,0,1
611000202,332,2,110020082,1,0,0,1,0,1
611000202,333,2,110080081,1,0,0,1,0,1
611000202,334,2,110030080,1,0,0,1,0,1
611000202,335,2,110080082,1,0,0,1,0,1
611000202,336,2,110090082,1,0,0,1,0,1
611000202,337,2,110020083,1,0,0,1,0,1
611000202,338,2,110040080,1,0,0,1,0,1
611000202,339,2,110040081,1,0,0,1,0,1
611000202,340,2,110060086,1,0,0,1,0,1
611000202,341,2,110020084,1,0,0,1,0,1
611000202,342,2,110070082,1,0,0,1,0,1
611000202,343,2,110080083,1,0,0,1,0,1
611000202,344,2,110040082,1,0,0,1,0,1
611000202,345,2,110050086,1,0,0,1,0,1
611000202,346,2,110010086,1,0,0,1,0,1
611000202,347,2,110050087,1,0,0,1,0,1
611000202,348,2,110010087,1,0,0,1,0,1
611000202,349,2,110070084,1,0,0,1,0,1
611000202,350,2,110080084,1,0,0,1,0,1
611000202,351,2,110040084,1,0,0,1,0,1
611000202,352,2,110090084,1,0,0,1,0,1
611000202,353,2,110020086,1,0,0,1,0,1
611000202,354,2,110030083,1,0,0,1,0,1
611000202,355,2,110020087,1,0,0,1,0,1
611000202,356,2,110030084,1,0,0,1,0,1
611000202,357,2,110070085,1,0,0,1,0,1
611000202,358,2,110040085,1,0,0,1,0,1
611000202,359,2,110060090,1,0,0,1,0,1
611000202,360,2,110070086,1,0,0,1,0,1
611000202,361,2,110090086,1,0,0,1,0,1
611000202,362,2,110010089,1,0,0,1,0,1
611000202,363,2,110060091,1,0,0,1,0,1
611000202,364,2,110090087,1,0,0,1,0,1
611000202,365,2,110030086,1,0,0,1,0,1
611000202,366,2,110050090,1,0,0,1,0,1
611000202,367,2,110050091,1,0,0,1,0,1
611000202,368,2,110080087,1,0,0,1,0,1
611000202,369,2,110020091,1,0,0,1,0,1
611000202,370,2,110030088,1,0,0,1,0,1
611000202,371,2,110040088,1,0,0,1,0,1
611000202,372,2,110060093,1,0,0,1,0,1
611000202,373,2,110070090,1,0,0,1,0,1
611000202,374,2,110080089,1,0,0,1,0,1
611000202,375,2,110090089,1,0,0,1,0,1
611000202,376,2,110010094,1,0,0,1,0,1
611000202,377,2,110020092,1,0,0,1,0,1
611000202,378,2,110030089,1,0,0,1,0,1
611000202,379,2,110050097,1,0,0,1,0,1
611000202,380,2,110060095,1,0,0,1,0,1
611000202,381,2,110070092,1,0,0,1,0,1
611000202,382,2,110080090,1,0,0,1,0,1
611000202,383,2,110010095,1,0,0,1,0,1
611000202,384,2,110020093,1,0,0,1,0,1
611000202,385,2,110040091,1,0,0,1,0,1
611000202,386,2,110050098,1,0,0,1,0,1
611000202,387,2,110060096,1,0,0,1,0,1
611000202,388,2,110070093,1,0,0,1,0,1
611000202,389,2,110090092,1,0,0,1,0,1
611000203,1,2,110010006,1,0,0,1,0,1
611000203,2,2,110020006,1,0,0,1,0,1
611000203,3,2,110030005,1,0,0,1,0,1
611000203,4,2,110040005,1,0,0,1,0,1
611000203,5,2,110050005,1,0,0,1,0,1
611000203,6,2,110060005,1,0,0,1,0,1
611000203,7,2,110070005,1,0,0,1,0,1
611000203,8,2,110080005,1,0,0,1,0,1
611000203,9,2,110090005,1,0,0,1,0,1
611000203,10,2,110060006,1,0,0,1,0,1
611000203,11,2,110050008,1,0,0,1,0,1
611000203,12,2,110040008,1,0,0,1,0,1
611000203,13,2,110020009,1,0,0,1,0,1
611000203,14,2,110090009,1,0,0,1,0,1
611000203,15,2,110010010,1,0,0,1,0,1
611000203,16,2,110070010,1,0,0,1,0,1
611000203,17,2,110080010,1,0,0,1,0,1
611000203,18,2,110030011,1,0,0,1,0,1
611000203,19,2,110060011,1,0,0,1,0,1
611000203,20,2,110080013,1,0,0,1,0,1
611000203,21,2,110020015,1,0,0,1,0,1
611000203,22,2,110010016,1,0,0,1,0,1
611000203,23,2,110050017,1,0,0,1,0,1
611000203,24,2,110070016,1,0,0,1,0,1
611000203,25,2,110090017,1,0,0,1,0,1
611000203,26,2,110030017,1,0,0,1,0,1
611000203,27,2,110040018,1,0,0,1,0,1
611000203,28,2,110030018,1,0,0,1,0,1
611000203,29,2,110010019,1,0,0,1,0,1
611000203,30,2,110080020,1,0,0,1,0,1
611000203,31,2,110090020,1,0,0,1,0,1
611000203,32,2,110020022,1,0,0,1,0,1
611000203,33,2,110060024,1,0,0,1,0,1
611000203,34,2,110070024,1,0,0,1,0,1
611000203,35,2,110050027,1,0,0,1,0,1
611000203,36,2,110040025,1,0,0,1,0,1
611000203,37,2,110090025,1,0,0,1,0,1
611000203,38,2,110080027,1,0,0,1,0,1
611000203,39,2,110060030,1,0,0,1,0,1
611000203,40,2,110020030,1,0,0,1,0,1
611000203,41,2,110010031,1,0,0,1,0,1
611000203,42,2,110030030,1,0,0,1,0,1
611000203,43,2,110070031,1,0,0,1,0,1
611000203,44,2,110010033,1,0,0,1,0,1
611000203,45,2,110020033,1,0,0,1,0,1
611000203,46,2,110030031,1,0,0,1,0,1
611000203,47,2,110040031,1,0,0,1,0,1
611000203,48,2,110050034,1,0,0,1,0,1
611000203,49,2,110060033,1,0,0,1,0,1
611000203,50,2,110070032,1,0,0,1,0,1
611000203,51,2,110080031,1,0,0,1,0,1
611000203,52,2,110090032,1,0,0,1,0,1
611000203,53,2,110040033,1,0,0,1,0,1
611000203,54,2,110050035,1,0,0,1,0,1
611000203,55,2,110020037,1,0,0,1,0,1
611000203,56,2,110090036,1,0,0,1,0,1
611000203,57,2,110010038,1,0,0,1,0,1
611000203,58,2,110080037,1,0,0,1,0,1
611000203,59,2,110010039,1,0,0,1,0,1
611000203,60,2,110020039,1,0,0,1,0,1
611000203,61,2,110030037,1,0,0,1,0,1
611000203,62,2,110040037,1,0,0,1,0,1
611000203,63,2,110050040,1,0,0,1,0,1
611000203,64,2,110060039,1,0,0,1,0,1
611000203,65,2,110070038,1,0,0,1,0,1
611000203,66,2,110080038,1,0,0,1,0,1
611000203,67,2,110090038,1,0,0,1,0,1
611000203,68,2,110040040,1,0,0,1,0,1
611000203,69,2,110060041,1,0,0,1,0,1
611000203,70,2,110030042,1,0,0,1,0,1
611000203,71,2,110060045,1,0,0,1,0,1
611000203,72,2,110050044,1,0,0,1,0,1
611000203,73,2,110070044,1,0,0,1,0,1
611000203,74,2,110020046,1,0,0,1,0,1
611000203,75,2,110010047,1,0,0,1,0,1
611000203,76,2,110020047,1,0,0,1,0,1
611000203,77,2,110030046,1,0,0,1,0,1
611000203,78,2,110040046,1,0,0,1,0,1
611000203,79,2,110050047,1,0,0,1,0,1
611000203,80,2,110060048,1,0,0,1,0,1
611000203,81,2,110070045,1,0,0,1,0,1
611000203,82,2,110080045,1,0,0,1,0,1
611000203,83,2,110090046,1,0,0,1,0,1
611000203,84,2,110040047,1,0,0,1,0,1
611000203,85,2,110080046,1,0,0,1,0,1
611000203,86,2,110010049,1,0,0,1,0,1
611000203,87,2,110010051,1,0,0,1,0,1
611000203,88,2,110020050,1,0,0,1,0,1
611000203,89,2,110030049,1,0,0,1,0,1
611000203,90,2,110040048,1,0,0,1,0,1
611000203,91,2,110050049,1,0,0,1,0,1
611000203,92,2,110060052,1,0,0,1,0,1
611000203,93,2,110070048,1,0,0,1,0,1
611000203,94,2,110080047,1,0,0,1,0,1
611000203,95,2,110090049,1,0,0,1,0,1
611000203,96,2,110070049,1,0,0,1,0,1
611000203,97,2,110090050,1,0,0,1,0,1
611000203,98,2,110010053,1,0,0,1,0,1
611000203,99,2,110020052,1,0,0,1,0,1
611000203,100,2,110030050,1,0,0,1,0,1
611000203,101,2,110040050,1,0,0,1,0,1
611000203,102,2,110050052,1,0,0,1,0,1
611000203,103,2,110060054,1,0,0,1,0,1
611000203,104,2,110070051,1,0,0,1,0,1
611000203,105,2,110080051,1,0,0,1,0,1
611000203,106,2,110090051,1,0,0,1,0,1
611000203,107,2,110030051,1,0,0,1,0,1
611000203,108,2,110060055,1,0,0,1,0,1
611000203,109,2,110010055,1,0,0,1,0,1
611000203,110,2,110050054,1,0,0,1,0,1
611000203,111,2,110090054,1,0,0,1,0,1
611000203,112,2,110050055,1,0,0,1,0,1
611000203,113,2,110010057,1,0,0,1,0,1
611000203,114,2,110040054,1,0,0,1,0,1
611000203,115,2,110030054,1,0,0,1,0,1
611000203,116,2,110020059,1,0,0,1,0,1
611000203,117,2,110050061,1,0,0,1,0,1
611000203,118,2,110080060,1,0,0,1,0,1
611000203,119,2,110010064,1,0,0,1,0,1
611000203,120,2,110020064,1,0,0,1,0,1
611000203,121,2,110030061,1,0,0,1,0,1
611000203,122,2,110040063,1,0,0,1,0,1
611000203,123,2,110050064,1,0,0,1,0,1
611000203,124,2,110060064,1,0,0,1,0,1
611000203,125,2,110070062,1,0,0,1,0,1
611000203,126,2,110080061,1,0,0,1,0,1
611000203,127,2,110090063,1,0,0,1,0,1
611000203,128,2,110090064,1,0,0,1,0,1
611000203,129,2,110060065,1,0,0,1,0,1
611000203,130,2,110070065,1,0,0,1,0,1
611000203,131,2,110040066,1,0,0,1,0,1
611000203,132,2,140770004,1,0,0,1,0,1
611000203,133,2,140780004,1,0,0,1,0,1
611000203,134,2,110080066,1,0,0,1,0,1
611000203,135,2,110030067,1,0,0,1,0,1
611000203,136,2,110020071,1,0,0,1,0,1
611000203,137,2,110050072,1,0,0,1,0,1
611000203,138,2,110070072,1,0,0,1,0,1
611000203,139,2,110090072,1,0,0,1,0,1
611000203,140,2,110060074,1,0,0,1,0,1
611000203,141,2,110010075,1,0,0,1,0,1
611000203,142,2,110010076,1,0,0,1,0,1
611000203,143,2,110020075,1,0,0,1,0,1
611000203,144,2,110030073,1,0,0,1,0,1
611000203,145,2,110040074,1,0,0,1,0,1
611000203,146,2,110050078,1,0,0,1,0,1
611000203,147,2,110060077,1,0,0,1,0,1
611000203,148,2,110070075,1,0,0,1,0,1
611000203,149,2,110080075,1,0,0,1,0,1
611000203,150,2,110090074,1,0,0,1,0,1
611000203,151,2,110050079,1,0,0,1,0,1
611000203,152,2,110090076,1,0,0,1,0,1
611000203,153,2,110080078,1,0,0,1,0,1
611000203,154,2,110040077,1,0,0,1,0,1
611000203,155,2,110010081,1,0,0,1,0,1
611000203,156,2,110020080,1,0,0,1,0,1
611000203,157,2,110030078,1,0,0,1,0,1
611000203,158,2,110040078,1,0,0,1,0,1
611000203,159,2,110050083,1,0,0,1,0,1
611000203,160,2,110060082,1,0,0,1,0,1
611000203,161,2,110070079,1,0,0,1,0,1
611000203,162,2,110080079,1,0,0,1,0,1
611000203,163,2,110090080,1,0,0,1,0,1
611000203,164,2,110030079,1,0,0,1,0,1
611000203,165,2,110020081,1,0,0,1,0,1
611000203,166,2,110070081,1,0,0,1,0,1
611000203,167,2,110060085,1,0,0,1,0,1
611000203,168,2,110010085,1,0,0,1,0,1
611000203,169,2,110090083,1,0,0,1,0,1
611000203,170,2,110060089,1,0,0,1,0,1
611000203,171,2,110030082,1,0,0,1,0,1
611000203,172,2,110050089,1,0,0,1,0,1
611000203,173,2,110080085,1,0,0,1,0,1
611000203,174,2,110020088,1,0,0,1,0,1
611000203,175,2,110070088,1,0,0,1,0,1
611000203,176,2,110020094,1,0,0,1,0,1
611000203,177,2,110070097,1,0,0,1,0,1
611000203,178,2,110060103,1,0,0,1,0,1
611000203,179,2,110090099,1,0,0,1,0,1
611000203,180,2,110010102,1,0,0,1,0,1
611000203,181,2,110040098,1,0,0,1,0,1
611000203,182,2,110080102,1,0,0,1,0,1
611000203,183,2,110050109,1,0,0,1,0,1
611000203,184,2,110030103,1,0,0,1,0,1
611000203,185,2,110060111,1,0,0,1,0,1
611000203,186,2,110010112,1,0,0,1,0,1
611000203,187,2,110050115,1,0,0,1,0,1
611000203,188,2,110040110,1,0,0,1,0,1
611000203,189,2,110090113,1,0,0,1,0,1
611000203,190,2,110070118,1,0,0,1,0,1
611000203,191,2,110080121,1,0,0,1,0,1
611000203,192,2,110030121,1,0,0,1,0,1
611000203,193,2,110020126,1,0,0,1,0,1
611000203,194,2,110010130,1,0,0,1,0,1
611000203,195,2,110020128,1,0,0,1,0,1
611000203,196,2,110030124,1,0,0,1,0,1
611000203,197,2,110040126,1,0,0,1,0,1
611000203,198,2,110050130,1,0,0,1,0,1
611000203,199,2,110060131,1,0,0,1,0,1
611000203,200,2,110070125,1,0,0,1,0,1
611000203,201,2,110080127,1,0,0,1,0,1
611000203,202,2,110090127,1,0,0,1,0,1
611000203,203,2,110090129,1,0,0,1,0,1
611000203,204,2,110060133,1,0,0,1,0,1
611000203,205,2,110020135,1,0,0,1,0,1
611000203,206,2,110010143,1,0,0,1,0,1
611000203,207,2,110020141,1,0,0,1,0,1
611000203,208,2,110030136,1,0,0,1,0,1
611000203,209,2,110040137,1,0,0,1,0,1
611000203,210,2,110050145,1,0,0,1,0,1
611000203,211,2,110060142,1,0,0,1,0,1
611000203,212,2,110070138,1,0,0,1,0,1
611000203,213,2,110080138,1,0,0,1,0,1
611000203,214,2,110090138,1,0,0,1,0,1
611000203,215,2,110080147,1,0,0,1,0,1
611000203,216,2,110010154,1,0,0,1,0,1
611000203,217,2,110050161,1,0,0,1,0,1
611000203,218,2,110060161,1,0,0,1,0,1
611000203,219,2,110090157,1,0,0,1,0,1
611000203,220,2,110070156,1,0,0,1,0,1
611000203,221,2,110040160,1,0,0,1,0,1
611000204,1,2,110010007,1,0,0,1,0,1
611000204,2,2,110020007,1,0,0,1,0,1
611000204,3,2,110050006,1,0,0,1,0,1
611000204,4,2,110070006,1,0,0,1,0,1
611000204,5,2,110090007,1,0,0,1,0,1
611000204,6,2,110080007,1,0,0,1,0,1
611000204,7,2,110030008,1,0,0,1,0,1
611000204,8,2,110060008,1,0,0,1,0,1
611000204,9,2,110040009,1,0,0,1,0,1
611000204,10,2,110020011,1,0,0,1,0,1
611000204,11,2,110010012,1,0,0,1,0,1
611000204,12,2,110050013,1,0,0,1,0,1
611000204,13,2,110070011,1,0,0,1,0,1
611000204,14,2,110050014,1,0,0,1,0,1
611000204,15,2,110040014,1,0,0,1,0,1
611000204,16,2,110090014,1,0,0,1,0,1
611000204,17,2,110060015,1,0,0,1,0,1
611000204,18,2,110080015,1,0,0,1,0,1
611000204,19,2,110030016,1,0,0,1,0,1
611000204,20,2,110040016,1,0,0,1,0,1
611000204,21,2,110060017,1,0,0,1,0,1
611000204,22,2,110070017,1,0,0,1,0,1
611000204,23,2,110020020,1,0,0,1,0,1
611000204,24,2,110080019,1,0,0,1,0,1
611000204,25,2,110010020,1,0,0,1,0,1
611000204,26,2,110050022,1,0,0,1,0,1
611000204,27,2,110060021,1,0,0,1,0,1
611000204,28,2,110030021,1,0,0,1,0,1
611000204,29,2,110010022,1,0,0,1,0,1
611000204,30,2,110020023,1,0,0,1,0,1
611000204,31,2,110030023,1,0,0,1,0,1
611000204,32,2,110040021,1,0,0,1,0,1
611000204,33,2,110050024,1,0,0,1,0,1
611000204,34,2,110060022,1,0,0,1,0,1
611000204,35,2,110070022,1,0,0,1,0,1
611000204,36,2,110080022,1,0,0,1,0,1
611000204,37,2,110090021,1,0,0,1,0,1
611000204,38,2,110090023,1,0,0,1,0,1
611000204,39,2,110060025,1,0,0,1,0,1
611000204,40,2,110010025,1,0,0,1,0,1
611000204,41,2,110050028,1,0,0,1,0,1
611000204,42,2,110020027,1,0,0,1,0,1
611000204,43,2,110070028,1,0,0,1,0,1
611000204,44,2,110060029,1,0,0,1,0,1
611000204,45,2,110070029,1,0,0,1,0,1
611000204,46,2,110090027,1,0,0,1,0,1
611000204,47,2,110030028,1,0,0,1,0,1
611000204,48,2,110040029,1,0,0,1,0,1
611000204,49,2,110010030,1,0,0,1,0,1
611000204,50,2,110020031,1,0,0,1,0,1
611000204,51,2,110050031,1,0,0,1,0,1
611000204,52,2,110080029,1,0,0,1,0,1
611000204,53,2,110090031,1,0,0,1,0,1
611000204,54,2,110020032,1,0,0,1,0,1
611000204,55,2,110030032,1,0,0,1,0,1
611000204,56,2,110040032,1,0,0,1,0,1
611000204,57,2,110080032,1,0,0,1,0,1
611000204,58,2,110030033,1,0,0,1,0,1
611000204,59,2,110010034,1,0,0,1,0,1
611000204,60,2,110050038,1,0,0,1,0,1
611000204,61,2,110040035,1,0,0,1,0,1
611000204,62,2,110060037,1,0,0,1,0,1
611000204,63,2,110060038,1,0,0,1,0,1
611000204,64,2,110090037,1,0,0,1,0,1
611000204,65,2,110030039,1,0,0,1,0,1
611000204,66,2,110040039,1,0,0,1,0,1
611000204,67,2,110080039,1,0,0,1,0,1
611000204,68,2,110070039,1,0,0,1,0,1
611000204,69,2,110080041,1,0,0,1,0,1
611000204,70,2,110060043,1,0,0,1,0,1
611000204,71,2,110070041,1,0,0,1,0,1
611000204,72,2,110090041,1,0,0,1,0,1
611000204,73,2,110020042,1,0,0,1,0,1
611000204,74,2,110040043,1,0,0,1,0,1
611000204,75,2,110010045,1,0,0,1,0,1
611000204,76,2,110020044,1,0,0,1,0,1
611000204,77,2,110050045,1,0,0,1,0,1
611000204,78,2,110050046,1,0,0,1,0,1
611000204,79,2,110030044,1,0,0,1,0,1
611000204,80,2,110070046,1,0,0,1,0,1
611000204,81,2,110010048,1,0,0,1,0,1
611000204,82,2,110020049,1,0,0,1,0,1
611000204,83,2,110090048,1,0,0,1,0,1
611000204,84,2,110010050,1,0,0,1,0,1
611000204,85,2,110080048,1,0,0,1,0,1
611000204,86,2,110060053,1,0,0,1,0,1
611000204,87,2,110070052,1,0,0,1,0,1
611000204,88,2,110020053,1,0,0,1,0,1
611000204,89,2,110020054,1,0,0,1,0,1
611000204,90,2,110090053,1,0,0,1,0,1
611000204,91,2,110070053,1,0,0,1,0,1
611000204,92,2,110040052,1,0,0,1,0,1
611000204,93,2,110050056,1,0,0,1,0,1
611000204,94,2,110090056,1,0,0,1,0,1
611000204,95,2,110010058,1,0,0,1,0,1
611000204,96,2,110060060,1,0,0,1,0,1
611000204,97,2,110070056,1,0,0,1,0,1
611000204,98,2,110090058,1,0,0,1,0,1
611000204,99,2,110080056,1,0,0,1,0,1
611000204,100,2,110010060,1,0,0,1,0,1
611000204,101,2,110020060,1,0,0,1,0,1
611000204,102,2,110050060,1,0,0,1,0,1
611000204,103,2,110060061,1,0,0,1,0,1
611000204,104,2,110040059,1,0,0,1,0,1
611000204,105,2,110030058,1,0,0,1,0,1
611000204,106,2,110040060,1,0,0,1,0,1
611000204,107,2,110080058,1,0,0,1,0,1
611000204,108,2,110030060,1,0,0,1,0,1
611000204,109,2,110070063,1,0,0,1,0,1
611000204,110,2,110030063,1,0,0,1,0,1
611000204,111,2,110020065,1,0,0,1,0,1
611000204,112,2,110090066,1,0,0,1,0,1
611000204,113,2,110070066,1,0,0,1,0,1
611000204,114,2,110010067,1,0,0,1,0,1
611000204,115,2,110060069,1,0,0,1,0,1
611000204,116,2,110070068,1,0,0,1,0,1
611000204,117,2,110090067,1,0,0,1,0,1
611000204,118,2,110010069,1,0,0,1,0,1
611000204,119,2,110050068,1,0,0,1,0,1
611000204,120,2,110060071,1,0,0,1,0,1
611000204,121,2,110050070,1,0,0,1,0,1
611000204,122,2,110050071,1,0,0,1,0,1
611000204,123,2,110030069,1,0,0,1,0,1
611000204,124,2,110040069,1,0,0,1,0,1
611000204,125,2,110080068,1,0,0,1,0,1
611000204,126,2,110010072,1,0,0,1,0,1
611000204,127,2,110040070,1,0,0,1,0,1
611000204,128,2,110010073,1,0,0,1,0,1
611000204,129,2,110020072,1,0,0,1,0,1
611000204,130,2,110050074,1,0,0,1,0,1
611000204,131,2,110030071,1,0,0,1,0,1
611000204,132,2,110080071,1,0,0,1,0,1
611000204,133,2,110080072,1,0,0,1,0,1
611000204,134,2,110020073,1,0,0,1,0,1
611000204,135,2,110080074,1,0,0,1,0,1
611000204,136,2,110060075,1,0,0,1,0,1
611000204,137,2,110060076,1,0,0,1,0,1
611000204,138,2,110050076,1,0,0,1,0,1
611000204,139,2,110010077,1,0,0,1,0,1
611000204,140,2,110040075,1,0,0,1,0,1
611000204,141,2,110050080,1,0,0,1,0,1
611000204,142,2,110090075,1,0,0,1,0,1
611000204,143,2,110020076,1,0,0,1,0,1
611000204,144,2,110010079,1,0,0,1,0,1
611000204,145,2,110020077,1,0,0,1,0,1
611000204,146,2,110030075,1,0,0,1,0,1
611000204,147,2,110040076,1,0,0,1,0,1
611000204,148,2,110050081,1,0,0,1,0,1
611000204,149,2,110060079,1,0,0,1,0,1
611000204,150,2,110070077,1,0,0,1,0,1
611000204,151,2,110080077,1,0,0,1,0,1
611000204,152,2,110090077,1,0,0,1,0,1
611000204,153,2,110060081,1,0,0,1,0,1
611000204,154,2,110070078,1,0,0,1,0,1
611000204,155,2,110020079,1,0,0,1,0,1
611000204,156,2,110090079,1,0,0,1,0,1
611000204,157,2,110060083,1,0,0,1,0,1
611000204,158,2,110080080,1,0,0,1,0,1
611000204,159,2,110090081,1,0,0,1,0,1
611000204,160,2,110050085,1,0,0,1,0,1
611000204,161,2,110010083,1,0,0,1,0,1
611000204,162,2,110010084,1,0,0,1,0,1
611000204,163,2,110030081,1,0,0,1,0,1
611000204,164,2,110060087,1,0,0,1,0,1
611000204,165,2,110060088,1,0,0,1,0,1
611000204,166,2,110070083,1,0,0,1,0,1
611000204,167,2,110040083,1,0,0,1,0,1
611000204,168,2,110050088,1,0,0,1,0,1
611000204,169,2,110020085,1,0,0,1,0,1
611000204,170,2,110090085,1,0,0,1,0,1
611000204,171,2,110030085,1,0,0,1,0,1
611000204,172,2,110010088,1,0,0,1,0,1
611000204,173,2,110040086,1,0,0,1,0,1
611000204,174,2,110070087,1,0,0,1,0,1
611000204,175,2,110080086,1,0,0,1,0,1
611000204,176,2,110010090,1,0,0,1,0,1
611000204,177,2,110020089,1,0,0,1,0,1
611000204,178,2,110050092,1,0,0,1,0,1
611000204,179,2,110010091,1,0,0,1,0,1
611000204,180,2,110050094,1,0,0,1,0,1
611000204,181,2,110050095,1,0,0,1,0,1
611000204,182,2,110060094,1,0,0,1,0,1
611000204,183,2,110070091,1,0,0,1,0,1
611000204,184,2,110090090,1,0,0,1,0,1
611000204,185,2,110010093,1,0,0,1,0,1
611000204,186,2,110050096,1,0,0,1,0,1
611000204,187,2,110030090,1,0,0,1,0,1
611000204,188,2,110040089,1,0,0,1,0,1
611000204,189,2,110080091,1,0,0,1,0,1
611000204,190,2,110080092,1,0,0,1,0,1
611000204,191,2,110080093,1,0,0,1,0,1
611000204,192,2,110040090,1,0,0,1,0,1
611000204,193,2,110090091,1,0,0,1,0,1
611000204,194,2,110030091,1,0,0,1,0,1
611000204,195,2,110040092,1,0,0,1,0,1
611000204,196,2,110070094,1,0,0,1,0,1
611000204,197,2,110060097,1,0,0,1,0,1
611000204,198,2,110010096,1,0,0,1,0,1
611000204,199,2,110050099,1,0,0,1,0,1
611000204,200,2,110090093,1,0,0,1,0,1
611000204,201,2,110060098,1,0,0,1,0,1
611000204,202,2,110030092,1,0,0,1,0,1
611000204,203,2,110080094,1,0,0,1,0,1
611000204,204,2,110030093,1,0,0,1,0,1
611000204,205,2,110040093,1,0,0,1,0,1
611000204,206,2,110070095,1,0,0,1,0,1
611000204,207,2,110020095,1,0,0,1,0,1
611000204,208,2,110060099,1,0,0,1,0,1
611000204,209,2,110080095,1,0,0,1,0,1
611000204,210,2,110010097,1,0,0,1,0,1
611000204,211,2,110010098,1,0,0,1,0,1
611000204,212,2,110010099,1,0,0,1,0,1
611000204,213,2,110020096,1,0,0,1,0,1
611000204,214,2,110030094,1,0,0,1,0,1
611000204,215,2,110040094,1,0,0,1,0,1
611000204,216,2,110050100,1,0,0,1,0,1
611000204,217,2,110060100,1,0,0,1,0,1
611000204,218,2,110070096,1,0,0,1,0,1
611000204,219,2,110080096,1,0,0,1,0,1
611000204,220,2,110090094,1,0,0,1,0,1
611000204,221,2,110020097,1,0,0,1,0,1
611000204,222,2,110060101,1,0,0,1,0,1
611000204,223,2,110020098,1,0,0,1,0,1
611000204,224,2,110060102,1,0,0,1,0,1
611000204,225,2,110080097,1,0,0,1,0,1
611000204,226,2,110020099,1,0,0,1,0,1
611000204,227,2,110090095,1,0,0,1,0,1
611000204,228,2,110040095,1,0,0,1,0,1
611000204,229,2,110050101,1,0,0,1,0,1
611000204,230,2,110020100,1,0,0,1,0,1
611000204,231,2,110010100,1,0,0,1,0,1
611000204,232,2,110050102,1,0,0,1,0,1
611000204,233,2,110090096,1,0,0,1,0,1
611000204,234,2,110090097,1,0,0,1,0,1
611000204,235,2,110070098,1,0,0,1,0,1
611000204,236,2,110090098,1,0,0,1,0,1
611000204,237,2,110040096,1,0,0,1,0,1
611000204,238,2,110050103,1,0,0,1,0,1
611000204,239,2,110070099,1,0,0,1,0,1
611000204,240,2,110020101,1,0,0,1,0,1
611000204,241,2,110040097,1,0,0,1,0,1
611000204,242,2,110060104,1,0,0,1,0,1
611000204,243,2,110010101,1,0,0,1,0,1
611000204,244,2,110030095,1,0,0,1,0,1
611000204,245,2,110030096,1,0,0,1,0,1
611000204,246,2,110080098,1,0,0,1,0,1
611000204,247,2,110090100,1,0,0,1,0,1
611000204,248,2,110050104,1,0,0,1,0,1
611000204,249,2,110030097,1,0,0,1,0,1
611000204,250,2,110070100,1,0,0,1,0,1
611000204,251,2,110020102,1,0,0,1,0,1
611000204,252,2,110080099,1,0,0,1,0,1
611000204,253,2,110010103,1,0,0,1,0,1
611000204,254,2,110020103,1,0,0,1,0,1
611000204,255,2,110060105,1,0,0,1,0,1
611000204,256,2,110030098,1,0,0,1,0,1
611000204,257,2,110040099,1,0,0,1,0,1
611000204,258,2,110080100,1,0,0,1,0,1
611000204,259,2,110040100,1,0,0,1,0,1
611000204,260,2,110060106,1,0,0,1,0,1
611000204,261,2,110070101,1,0,0,1,0,1
611000204,262,2,110090101,1,0,0,1,0,1
611000204,263,2,110010104,1,0,0,1,0,1
611000204,264,2,110010105,1,0,0,1,0,1
611000204,265,2,110020104,1,0,0,1,0,1
611000204,266,2,110050105,1,0,0,1,0,1
611000204,267,2,110040101,1,0,0,1,0,1
611000204,268,2,110080101,1,0,0,1,0,1
611000204,269,2,110090102,1,0,0,1,0,1
611000204,270,2,110040102,1,0,0,1,0,1
611000204,271,2,110060107,1,0,0,1,0,1
611000204,272,2,110030099,1,0,0,1,0,1
611000204,273,2,110050106,1,0,0,1,0,1
611000204,274,2,110070102,1,0,0,1,0,1
611000204,275,2,110030100,1,0,0,1,0,1
611000204,276,2,110030101,1,0,0,1,0,1
611000204,277,2,110010106,1,0,0,1,0,1
611000204,278,2,110020105,1,0,0,1,0,1
611000204,279,2,110030102,1,0,0,1,0,1
611000204,280,2,110040103,1,0,0,1,0,1
611000204,281,2,110050107,1,0,0,1,0,1
611000204,282,2,110060108,1,0,0,1,0,1
611000204,283,2,110070103,1,0,0,1,0,1
611000204,284,2,110080103,1,0,0,1,0,1
611000204,285,2,110090103,1,0,0,1,0,1
611000204,286,2,110050108,1,0,0,1,0,1
611000204,287,2,110090104,1,0,0,1,0,1
611000204,288,2,110010107,1,0,0,1,0,1
611000204,289,2,110040104,1,0,0,1,0,1
611000204,290,2,110080104,1,0,0,1,0,1
611000204,291,2,110070104,1,0,0,1,0,1
611000204,292,2,110070105,1,0,0,1,0,1
611000204,293,2,110010108,1,0,0,1,0,1
611000204,294,2,110070106,1,0,0,1,0,1
611000204,295,2,110020106,1,0,0,1,0,1
611000204,296,2,110060109,1,0,0,1,0,1
611000204,297,2,110090105,1,0,0,1,0,1
611000204,298,2,110010110,1,0,0,1,0,1
611000204,299,2,110020108,1,0,0,1,0,1
611000204,300,2,110050111,1,0,0,1,0,1
611000204,301,2,110050112,1,0,0,1,0,1
611000204,302,2,110020109,1,0,0,1,0,1
611000204,303,2,110030105,1,0,0,1,0,1
611000204,304,2,110050113,1,0,0,1,0,1
611000204,305,2,110010111,1,0,0,1,0,1
611000204,306,2,110070108,1,0,0,1,0,1
611000204,307,2,110080106,1,0,0,1,0,1
611000204,308,2,110030106,1,0,0,1,0,1
611000204,309,2,110040106,1,0,0,1,0,1
611000204,310,2,110080107,1,0,0,1,0,1
611000204,311,2,110040107,1,0,0,1,0,1
611000204,312,2,110080108,1,0,0,1,0,1
611000204,313,2,110050114,1,0,0,1,0,1
611000204,314,2,110060112,1,0,0,1,0,1
611000204,315,2,110090107,1,0,0,1,0,1
611000204,316,2,110060113,1,0,0,1,0,1
611000204,317,2,110070109,1,0,0,1,0,1
611000204,318,2,110090108,1,0,0,1,0,1
611000204,319,2,110080109,1,0,0,1,0,1
611000204,320,2,110080110,1,0,0,1,0,1
611000204,321,2,110060114,1,0,0,1,0,1
611000204,322,2,110090109,1,0,0,1,0,1
611000204,323,2,110020110,1,0,0,1,0,1
611000204,324,2,110030107,1,0,0,1,0,1
611000204,325,2,110040108,1,0,0,1,0,1
611000204,326,2,110010113,1,0,0,1,0,1
611000204,327,2,110050116,1,0,0,1,0,1
611000204,328,2,110090110,1,0,0,1,0,1
611000204,329,2,110030108,1,0,0,1,0,1
611000204,330,2,110040109,1,0,0,1,0,1
611000204,331,2,110070110,1,0,0,1,0,1
611000204,332,2,110060115,1,0,0,1,0,1
611000204,333,2,110020111,1,0,0,1,0,1
611000204,334,2,110060116,1,0,0,1,0,1
611000204,335,2,110080111,1,0,0,1,0,1
611000204,336,2,110060117,1,0,0,1,0,1
611000204,337,2,110030109,1,0,0,1,0,1
611000204,338,2,110050117,1,0,0,1,0,1
611000204,339,2,110020112,1,0,0,1,0,1
611000204,340,2,110070111,1,0,0,1,0,1
611000204,341,2,110090111,1,0,0,1,0,1
611000204,342,2,140210008,1,0,0,1,0,1
611000204,343,2,110010114,1,0,0,1,0,1
611000204,344,2,110010115,1,0,0,1,0,1
611000204,345,2,110010116,1,0,0,1,0,1
611000204,346,2,110020113,1,0,0,1,0,1
611000204,347,2,110030110,1,0,0,1,0,1
611000204,348,2,110040111,1,0,0,1,0,1
611000204,349,2,110050118,1,0,0,1,0,1
611000204,350,2,110060118,1,0,0,1,0,1
611000204,351,2,110070112,1,0,0,1,0,1
611000204,352,2,110080112,1,0,0,1,0,1
611000204,353,2,110090112,1,0,0,1,0,1
611000204,354,2,110020114,1,0,0,1,0,1
611000204,355,2,110070113,1,0,0,1,0,1
611000204,356,2,110010117,1,0,0,1,0,1
611000204,357,2,110020115,1,0,0,1,0,1
611000204,358,2,110050119,1,0,0,1,0,1
611000204,359,2,110010118,1,0,0,1,0,1
611000204,360,2,110060119,1,0,0,1,0,1
611000204,361,2,110080113,1,0,0,1,0,1
611000204,362,2,140460008,1,0,0,1,0,1
611000204,363,2,110010119,1,0,0,1,0,1
611000204,364,2,110020116,1,0,0,1,0,1
611000204,365,2,110030111,1,0,0,1,0,1
611000204,366,2,110040112,1,0,0,1,0,1
611000204,367,2,110050120,1,0,0,1,0,1
611000204,368,2,110060120,1,0,0,1,0,1
611000204,369,2,110070114,1,0,0,1,0,1
611000204,370,2,110080114,1,0,0,1,0,1
611000204,371,2,110090114,1,0,0,1,0,1
611000204,372,2,110020117,1,0,0,1,0,1
611000204,373,2,110090115,1,0,0,1,0,1
611000204,374,2,110010120,1,0,0,1,0,1
611000204,375,2,110020118,1,0,0,1,0,1
611000204,376,2,110030112,1,0,0,1,0,1
611000204,377,2,110040113,1,0,0,1,0,1
611000204,378,2,110050121,1,0,0,1,0,1
611000204,379,2,110060121,1,0,0,1,0,1
611000204,380,2,110070115,1,0,0,1,0,1
611000204,381,2,110080115,1,0,0,1,0,1
611000204,382,2,110090116,1,0,0,1,0,1
611000204,383,2,110010122,1,0,0,1,0,1
611000204,384,2,110080117,1,0,0,1,0,1
611000204,385,2,110020120,1,0,0,1,0,1
611000204,386,2,110060123,1,0,0,1,0,1
611000204,387,2,110070117,1,0,0,1,0,1
611000204,388,2,110090118,1,0,0,1,0,1
611000204,389,2,110030114,1,0,0,1,0,1
611000204,390,2,110040115,1,0,0,1,0,1
611000204,391,2,110050123,1,0,0,1,0,1
611000204,392,2,110090119,1,0,0,1,0,1
611000204,393,2,140530008,1,0,0,1,0,1
611000204,394,2,110030116,1,0,0,1,0,1
611000204,395,2,110040117,1,0,0,1,0,1
611000204,396,2,110030117,1,0,0,1,0,1
611000204,397,2,110040118,1,0,0,1,0,1
611000204,398,2,110080119,1,0,0,1,0,1
611000204,399,2,110010124,1,0,0,1,0,1
611000204,400,2,110020122,1,0,0,1,0,1
611000204,401,2,110030118,1,0,0,1,0,1
611000204,402,2,110040119,1,0,0,1,0,1
611000204,403,2,110050125,1,0,0,1,0,1
611000204,404,2,110060125,1,0,0,1,0,1
611000204,405,2,110070120,1,0,0,1,0,1
611000204,406,2,110080120,1,0,0,1,0,1
611000204,407,2,110090121,1,0,0,1,0,1
611000204,408,2,110010125,1,0,0,1,0,1
611000204,409,2,110060126,1,0,0,1,0,1
611000204,410,2,110090122,1,0,0,1,0,1
611000204,411,2,140490008,1,0,0,1,0,1
611000204,412,2,110080123,1,0,0,1,0,1
611000204,413,2,110090124,1,0,0,1,0,1
611000204,414,2,110010127,1,0,0,1,0,1
611000204,415,2,110020124,1,0,0,1,0,1
611000204,416,2,110030120,1,0,0,1,0,1
611000204,417,2,110040121,1,0,0,1,0,1
611000204,418,2,110050127,1,0,0,1,0,1
611000204,419,2,110060128,1,0,0,1,0,1
611000204,420,2,110070122,1,0,0,1,0,1
611000204,421,2,110080124,1,0,0,1,0,1
611000204,422,2,110090125,1,0,0,1,0,1
611000204,423,2,110020125,1,0,0,1,0,1
611000204,424,2,110040122,1,0,0,1,0,1
611000204,425,2,110070123,1,0,0,1,0,1
611000204,426,2,140180008,1,0,0,1,0,1
611000204,427,2,110010128,1,0,0,1,0,1
611000204,428,2,110060129,1,0,0,1,0,1
611000204,429,2,110030122,1,0,0,1,0,1
611000204,430,2,110050128,1,0,0,1,0,1
611000204,431,2,110080125,1,0,0,1,0,1
611000204,432,2,140470008,1,0,0,1,0,1
611000204,433,2,110040123,1,0,0,1,0,1
611000204,434,2,110010129,1,0,0,1,0,1
611000204,435,2,110020127,1,0,0,1,0,1
611000204,436,2,110030123,1,0,0,1,0,1
611000204,437,2,110040124,1,0,0,1,0,1
611000204,438,2,110050129,1,0,0,1,0,1
611000204,439,2,110060130,1,0,0,1,0,1
611000204,440,2,110070124,1,0,0,1,0,1
611000204,441,2,110080126,1,0,0,1,0,1
611000204,442,2,110090126,1,0,0,1,0,1
611000204,443,2,110040125,1,0,0,1,0,1
611000204,444,2,110010131,1,0,0,1,0,1
611000204,445,2,110020129,1,0,0,1,0,1
611000204,446,2,110030125,1,0,0,1,0,1
611000204,447,2,110040127,1,0,0,1,0,1
611000204,448,2,110050131,1,0,0,1,0,1
611000204,449,2,110060132,1,0,0,1,0,1
611000204,450,2,110070126,1,0,0,1,0,1
611000204,451,2,110080128,1,0,0,1,0,1
611000204,452,2,110090128,1,0,0,1,0,1
611000204,453,2,110050132,1,0,0,1,0,1
611000204,454,2,110070127,1,0,0,1,0,1
611000204,455,2,110010132,1,0,0,1,0,1
611000204,456,2,110020130,1,0,0,1,0,1
611000204,457,2,110030126,1,0,0,1,0,1
611000204,458,2,140020008,1,0,0,1,0,1
611000204,459,2,110030127,1,0,0,1,0,1
611000204,460,2,110030128,1,0,0,1,0,1
611000204,461,2,110020131,1,0,0,1,0,1
611000204,462,2,110040128,1,0,0,1,0,1
611000204,463,2,110050133,1,0,0,1,0,1
611000204,464,2,110080129,1,0,0,1,0,1
611000204,465,2,110090130,1,0,0,1,0,1
611000204,466,2,140430008,1,0,0,1,0,1
611000204,467,2,110070128,1,0,0,1,0,1
611000204,468,2,110010133,1,0,0,1,0,1
611000204,469,2,110020132,1,0,0,1,0,1
611000204,470,2,110030129,1,0,0,1,0,1
611000204,471,2,110040129,1,0,0,1,0,1
611000204,472,2,110050134,1,0,0,1,0,1
611000204,473,2,110060134,1,0,0,1,0,1
611000204,474,2,110070129,1,0,0,1,0,1
611000204,475,2,110080130,1,0,0,1,0,1
611000204,476,2,110090131,1,0,0,1,0,1
611000204,477,2,110070130,1,0,0,1,0,1
611000204,478,2,110010134,1,0,0,1,0,1
611000204,479,2,110020133,1,0,0,1,0,1
611000204,480,2,110030130,1,0,0,1,0,1
611000204,481,2,110040130,1,0,0,1,0,1
611000204,482,2,110050135,1,0,0,1,0,1
611000204,483,2,110060135,1,0,0,1,0,1
611000204,484,2,110070131,1,0,0,1,0,1
611000204,485,2,110080131,1,0,0,1,0,1
611000204,486,2,110090132,1,0,0,1,0,1
611000204,487,2,110050136,1,0,0,1,0,1
611000204,488,2,110080132,1,0,0,1,0,1
611000204,489,2,110010135,1,0,0,1,0,1
611000204,490,2,110020134,1,0,0,1,0,1
611000204,491,2,110030131,1,0,0,1,0,1
611000204,492,2,110040131,1,0,0,1,0,1
611000204,493,2,110050137,1,0,0,1,0,1
611000204,494,2,110060136,1,0,0,1,0,1
611000204,495,2,110070132,1,0,0,1,0,1
611000204,496,2,110080133,1,0,0,1,0,1
611000204,497,2,110090133,1,0,0,1,0,1
611000204,498,2,110040132,1,0,0,1,0,1
611000204,499,2,110060137,1,0,0,1,0,1
611000204,500,2,110070133,1,0,0,1,0,1
611000204,501,2,140100008,1,0,0,1,0,1
611000204,502,2,110010136,1,0,0,1,0,1
611000204,503,2,110020136,1,0,0,1,0,1
611000204,504,2,110030132,1,0,0,1,0,1
611000204,505,2,110040133,1,0,0,1,0,1
611000204,506,2,110050138,1,0,0,1,0,1
611000204,507,2,110060138,1,0,0,1,0,1
611000204,508,2,110070134,1,0,0,1,0,1
611000204,509,2,110080134,1,0,0,1,0,1
611000204,510,2,110090134,1,0,0,1,0,1
611000204,511,2,110010137,1,0,0,1,0,1
611000204,512,2,110020137,1,0,0,1,0,1
611000204,513,2,110030133,1,0,0,1,0,1
611000204,514,2,110040134,1,0,0,1,0,1
611000204,515,2,110050139,1,0,0,1,0,1
611000204,516,2,110060139,1,0,0,1,0,1
611000204,517,2,110070135,1,0,0,1,0,1
611000204,518,2,110080135,1,0,0,1,0,1
611000204,519,2,110090135,1,0,0,1,0,1
611000204,520,2,110010138,1,0,0,1,0,1
611000204,521,2,110050140,1,0,0,1,0,1
611000204,522,2,110010139,1,0,0,1,0,1
611000204,523,2,110020138,1,0,0,1,0,1
611000204,524,2,110030134,1,0,0,1,0,1
611000204,525,2,110040135,1,0,0,1,0,1
611000204,526,2,110050141,1,0,0,1,0,1
611000204,527,2,110060140,1,0,0,1,0,1
611000204,528,2,110070136,1,0,0,1,0,1
611000204,529,2,110080136,1,0,0,1,0,1
611000204,530,2,110090136,1,0,0,1,0,1
611000204,531,2,110050142,1,0,0,1,0,1
611000204,532,2,110010140,1,0,0,1,0,1
611000204,533,2,110020139,1,0,0,1,0,1
611000204,534,2,110050143,1,0,0,1,0,1
611000204,535,2,110010141,1,0,0,1,0,1
611000204,536,2,110020140,1,0,0,1,0,1
611000204,537,2,110030135,1,0,0,1,0,1
611000204,538,2,110040136,1,0,0,1,0,1
611000204,539,2,110050144,1,0,0,1,0,1
611000204,540,2,110060141,1,0,0,1,0,1
611000204,541,2,110070137,1,0,0,1,0,1
611000204,542,2,110080137,1,0,0,1,0,1
611000204,543,2,110090137,1,0,0,1,0,1
611000204,544,2,110010142,1,0,0,1,0,1
611000204,545,2,110060143,1,0,0,1,0,1
611000204,546,2,110070139,1,0,0,1,0,1
611000204,547,2,110090139,1,0,0,1,0,1
611000204,548,2,110060144,1,0,0,1,0,1
611000204,549,2,110070140,1,0,0,1,0,1
611000204,550,2,110090140,1,0,0,1,0,1
611000204,551,2,110030137,1,0,0,1,0,1
611000204,552,2,110040138,1,0,0,1,0,1
611000204,553,2,110080139,1,0,0,1,0,1
611000204,554,2,110010144,1,0,0,1,0,1
611000204,555,2,110020142,1,0,0,1,0,1
611000204,556,2,110050146,1,0,0,1,0,1
611000204,557,2,110080140,1,0,0,1,0,1
611000204,558,2,110080141,1,0,0,1,0,1
611000204,559,2,110080142,1,0,0,1,0,1
611000204,560,2,110030138,1,0,0,1,0,1
611000204,561,2,110040139,1,0,0,1,0,1
611000204,562,2,110080143,1,0,0,1,0,1
611000204,563,2,110030139,1,0,0,1,0,1
611000204,564,2,110040140,1,0,0,1,0,1
611000204,565,2,110080144,1,0,0,1,0,1
611000204,566,2,110060145,1,0,0,1,0,1
611000204,567,2,110070141,1,0,0,1,0,1
611000204,568,2,110090141,1,0,0,1,0,1
611000204,569,2,110030140,1,0,0,1,0,1
611000204,570,2,110090142,1,0,0,1,0,1
611000204,571,2,110010145,1,0,0,1,0,1
611000204,572,2,110020143,1,0,0,1,0,1
611000204,573,2,110030141,1,0,0,1,0,1
611000204,574,2,110040141,1,0,0,1,0,1
611000204,575,2,110050147,1,0,0,1,0,1
611000204,576,2,110060146,1,0,0,1,0,1
611000204,577,2,110070142,1,0,0,1,0,1
611000204,578,2,110080145,1,0,0,1,0,1
611000204,579,2,110090143,1,0,0,1,0,1
611000204,580,2,110010146,1,0,0,1,0,1
611000204,581,2,110020144,1,0,0,1,0,1
611000204,582,2,110050148,1,0,0,1,0,1
611000204,583,2,110060147,1,0,0,1,0,1
611000204,584,2,110060148,1,0,0,1,0,1
611000204,585,2,110020145,1,0,0,1,0,1
611000204,586,2,110030142,1,0,0,1,0,1
611000204,587,2,110040142,1,0,0,1,0,1
611000204,588,2,110080146,1,0,0,1,0,1
611000204,589,2,110060149,1,0,0,1,0,1
611000204,590,2,110070143,1,0,0,1,0,1
611000204,591,2,110090144,1,0,0,1,0,1
611000204,592,2,110010147,1,0,0,1,0,1
611000204,593,2,110010148,1,0,0,1,0,1
611000204,594,2,110020146,1,0,0,1,0,1
611000204,595,2,110050149,1,0,0,1,0,1
611000204,596,2,110010149,1,0,0,1,0,1
611000204,597,2,110010150,1,0,0,1,0,1
611000204,598,2,110020147,1,0,0,1,0,1
611000204,599,2,110050150,1,0,0,1,0,1
611000204,600,2,110030143,1,0,0,1,0,1
611000204,601,2,110050151,1,0,0,1,0,1
611000204,602,2,110060150,1,0,0,1,0,1
611000204,603,2,110060151,1,0,0,1,0,1
611000204,604,2,110070144,1,0,0,1,0,1
611000204,605,2,110090145,1,0,0,1,0,1
611000204,606,2,110030144,1,0,0,1,0,1
611000204,607,2,110040143,1,0,0,1,0,1
611000204,608,2,110080148,1,0,0,1,0,1
611000204,609,2,110050152,1,0,0,1,0,1
611000204,610,2,110070145,1,0,0,1,0,1
611000204,611,2,110010151,1,0,0,1,0,1
611000204,612,2,110020148,1,0,0,1,0,1
611000204,613,2,110050153,1,0,0,1,0,1
611000204,614,2,110060152,1,0,0,1,0,1
611000204,615,2,110070146,1,0,0,1,0,1
611000204,616,2,110090146,1,0,0,1,0,1
611000204,617,2,110030145,1,0,0,1,0,1
611000204,618,2,110040144,1,0,0,1,0,1
611000204,619,2,110080149,1,0,0,1,0,1
611000204,620,2,110020149,1,0,0,1,0,1
611000204,621,2,110050154,1,0,0,1,0,1
611000204,622,2,110060153,1,0,0,1,0,1
611000204,623,2,110070147,1,0,0,1,0,1
611000204,624,2,110090147,1,0,0,1,0,1
611000204,625,2,110030146,1,0,0,1,0,1
611000204,626,2,110040145,1,0,0,1,0,1
611000204,627,2,110080150,1,0,0,1,0,1
611000204,628,2,110010152,1,0,0,1,0,1
611000204,629,2,110020150,1,0,0,1,0,1
611000204,630,2,110050155,1,0,0,1,0,1
611000204,631,2,110020151,1,0,0,1,0,1
611000204,632,2,110090148,1,0,0,1,0,1
611000204,633,2,110020152,1,0,0,1,0,1
611000204,634,2,110080151,1,0,0,1,0,1
611000204,635,2,110090149,1,0,0,1,0,1
611000204,636,2,110060154,1,0,0,1,0,1
611000204,637,2,110070148,1,0,0,1,0,1
611000204,638,2,110090150,1,0,0,1,0,1
611000204,639,2,110010153,1,0,0,1,0,1
611000204,640,2,110020153,1,0,0,1,0,1
611000204,641,2,110050156,1,0,0,1,0,1
611000204,642,2,110030147,1,0,0,1,0,1
611000204,643,2,110040146,1,0,0,1,0,1
611000204,644,2,110080152,1,0,0,1,0,1
611000204,645,2,110040147,1,0,0,1,0,1
611000204,646,2,110070149,1,0,0,1,0,1
611000204,647,2,110090151,1,0,0,1,0,1
611000204,648,2,110060155,1,0,0,1,0,1
611000204,649,2,110070150,1,0,0,1,0,1
611000204,650,2,110090152,1,0,0,1,0,1
611000204,651,2,110010155,1,0,0,1,0,1
611000204,652,2,110020154,1,0,0,1,0,1
611000204,653,2,110030148,1,0,0,1,0,1
611000204,654,2,110040148,1,0,0,1,0,1
611000204,655,2,110050157,1,0,0,1,0,1
611000204,656,2,110060156,1,0,0,1,0,1
611000204,657,2,110070151,1,0,0,1,0,1
611000204,658,2,110080153,1,0,0,1,0,1
611000204,659,2,110090153,1,0,0,1,0,1
611000204,660,2,110010156,1,0,0,1,0,1
611000204,661,2,110020155,1,0,0,1,0,1
611000204,662,2,110050158,1,0,0,1,0,1
611000204,663,2,110030149,1,0,0,1,0,1
611000204,664,2,110060157,1,0,0,1,0,1
611000204,665,2,110030150,1,0,0,1,0,1
611000204,666,2,110040149,1,0,0,1,0,1
611000204,667,2,110080154,1,0,0,1,0,1
611000204,668,2,110030151,1,0,0,1,0,1
611000204,669,2,110060158,1,0,0,1,0,1
611000204,670,2,110010157,1,0,0,1,0,1
611000204,671,2,110020156,1,0,0,1,0,1
611000204,672,2,110050159,1,0,0,1,0,1
611000204,673,2,110060159,1,0,0,1,0,1
611000204,674,2,110070152,1,0,0,1,0,1
611000204,675,2,110090154,1,0,0,1,0,1
611000204,676,2,110030152,1,0,0,1,0,1
611000204,677,2,110040150,1,0,0,1,0,1
611000204,678,2,110080155,1,0,0,1,0,1
611000204,679,2,110090155,1,0,0,1,0,1
611000204,680,2,110010158,1,0,0,1,0,1
611000204,681,2,110020157,1,0,0,1,0,1
611000204,682,2,110050160,1,0,0,1,0,1
611000204,683,2,110060160,1,0,0,1,0,1
611000204,684,2,110070153,1,0,0,1,0,1
611000204,685,2,110090156,1,0,0,1,0,1
611000204,686,2,110010159,1,0,0,1,0,1
611000204,687,2,110090158,1,0,0,1,0,1
611000204,688,2,110020158,1,0,0,1,0,1
611000204,689,2,110080156,1,0,0,1,0,1
611000204,690,2,110030153,1,0,0,1,0,1
611000204,691,2,110070154,1,0,0,1,0,1
611000204,692,2,110040151,1,0,0,1,0,1
611000204,693,2,110030154,1,0,0,1,0,1
611000204,694,2,110050162,1,0,0,1,0,1
611000204,695,2,110020159,1,0,0,1,0,1
611000204,696,2,110060162,1,0,0,1,0,1
611000204,697,2,110040152,1,0,0,1,0,1
611000204,698,2,110070155,1,0,0,1,0,1
611000204,699,2,110010160,1,0,0,1,0,1
611000204,700,2,110080157,1,0,0,1,0,1
611000204,701,2,110060163,1,0,0,1,0,1
611000204,702,2,110090159,1,0,0,1,0,1
611000204,703,2,110050163,1,0,0,1,0,1
611000204,704,2,110020160,1,0,0,1,0,1
611000204,705,2,110080158,1,0,0,1,0,1
611000204,706,2,110010161,1,0,0,1,0,1
611000204,707,2,110030155,1,0,0,1,0,1
611000204,708,2,110040153,1,0,0,1,0,1
611000204,709,2,110080159,1,0,0,1,0,1
611000204,710,2,110010162,1,0,0,1,0,1
611000204,711,2,110040154,1,0,0,1,0,1
611000204,712,2,110040155,1,0,0,1,0,1
611000204,713,2,110040156,1,0,0,1,0,1
611000204,714,2,110070157,1,0,0,1,0,1
611000204,715,2,110010163,1,0,0,1,0,1
611000204,716,2,110020161,1,0,0,1,0,1
611000204,717,2,110030156,1,0,0,1,0,1
611000204,718,2,110040157,1,0,0,1,0,1
611000204,719,2,110050164,1,0,0,1,0,1
611000204,720,2,110060164,1,0,0,1,0,1
611000204,721,2,110070158,1,0,0,1,0,1
611000204,722,2,110080160,1,0,0,1,0,1
611000204,723,2,110090160,1,0,0,1,0,1
611000204,724,2,110040158,1,0,0,1,0,1
611000204,725,2,110010164,1,0,0,1,0,1
611000204,726,2,110020162,1,0,0,1,0,1
611000204,727,2,110050165,1,0,0,1,0,1
611000204,728,2,110060165,1,0,0,1,0,1
611000204,729,2,110070159,1,0,0,1,0,1
611000204,730,2,110090161,1,0,0,1,0,1
611000204,731,2,110030157,1,0,0,1,0,1
611000204,732,2,110040159,1,0,0,1,0,1
611000204,733,2,110080161,1,0,0,1,0,1
611000204,734,2,110080162,1,0,0,1,0,1
611000204,735,2,110090162,1,0,0,1,0,1
611000204,736,2,110070160,1,0,0,1,0,1
611000204,737,2,110030158,1,0,0,1,0,1
611000204,738,2,110070161,1,0,0,1,0,1
611000204,739,2,110030159,1,0,0,1,0,1
611000204,740,2,110070162,1,0,0,1,0,1
611000204,741,2,110010165,1,0,0,1,0,1
611000204,742,2,110020163,1,0,0,1,0,1
611000204,743,2,110030160,1,0,0,1,0,1
611000204,744,2,110040161,1,0,0,1,0,1
611000204,745,2,110050166,1,0,0,1,0,1
611000204,746,2,110060166,1,0,0,1,0,1
611000204,747,2,110070163,1,0,0,1,0,1
611000204,748,2,110080163,1,0,0,1,0,1
611000204,749,2,110090163,1,0,0,1,0,1
611000301,1,2,120010005,1,0,0,1,0,1
611000301,2,2,120050005,1,0,0,1,0,1
611000301,3,2,120070006,1,0,0,1,0,1
611000301,4,2,120010006,1,0,0,1,0,1
611000301,5,2,120050006,1,0,0,1,0,1
611000301,6,2,120070007,1,0,0,1,0,1
611000301,7,2,120010007,1,0,0,1,0,1
611000301,8,2,120050007,1,0,0,1,0,1
611000301,9,2,120070008,1,0,0,1,0,1
611000301,10,2,120010008,1,0,0,1,0,1
611000301,11,2,120050008,1,0,0,1,0,1
611000301,12,2,120070009,1,0,0,1,0,1
611000301,13,2,120010009,1,0,0,1,0,1
611000301,14,2,120050009,1,0,0,1,0,1
611000301,15,2,120070010,1,0,0,1,0,1
611000301,16,2,120020005,1,0,0,1,0,1
611000301,17,2,120030011,1,0,0,1,0,1
611000301,18,2,120090005,1,0,0,1,0,1
611000301,19,2,120020006,1,0,0,1,0,1
611000301,20,2,120030012,1,0,0,1,0,1
611000301,21,2,120090006,1,0,0,1,0,1
611000301,22,2,120020007,1,0,0,1,0,1
611000301,23,2,120030013,1,0,0,1,0,1
611000301,24,2,120090007,1,0,0,1,0,1
611000301,25,2,120020008,1,0,0,1,0,1
611000301,26,2,120030014,1,0,0,1,0,1
611000301,27,2,120090008,1,0,0,1,0,1
611000301,28,2,120020009,1,0,0,1,0,1
611000301,29,2,120030015,1,0,0,1,0,1
611000301,30,2,120090009,1,0,0,1,0,1
611000301,31,2,120040006,1,0,0,1,0,1
611000301,32,2,120060011,1,0,0,1,0,1
611000301,33,2,120080010,1,0,0,1,0,1
611000301,34,2,120040007,1,0,0,1,0,1
611000301,35,2,120060012,1,0,0,1,0,1
611000301,36,2,120080011,1,0,0,1,0,1
611000301,37,2,120040008,1,0,0,1,0,1
611000301,38,2,120060013,1,0,0,1,0,1
611000301,39,2,120080012,1,0,0,1,0,1
611000301,40,2,120040009,1,0,0,1,0,1
611000301,41,2,120060014,1,0,0,1,0,1
611000301,42,2,120080013,1,0,0,1,0,1
611000301,43,2,120040010,1,0,0,1,0,1
611000301,44,2,120060015,1,0,0,1,0,1
611000301,45,2,120080014,1,0,0,1,0,1
611000301,46,2,120100004,1,0,0,1,0,1
611000301,47,2,120100005,1,0,0,1,0,1
611000301,48,2,120100006,1,0,0,1,0,1
611000301,49,2,120100007,1,0,0,1,0,1
611000301,50,2,120100008,1,0,0,1,0,1
611000301,51,2,120110002,1,0,0,1,0,1
611000301,52,2,120110003,1,0,0,1,0,1
611000301,53,2,120110004,1,0,0,1,0,1
611000301,54,2,120110005,1,0,0,1,0,1
611000301,55,2,120110006,1,0,0,1,0,1
611000301,56,2,120120003,1,0,0,1,0,1
611000301,57,2,120120004,1,0,0,1,0,1
611000301,58,2,120120005,1,0,0,1,0,1
611000301,59,2,120120006,1,0,0,1,0,1
611000301,60,2,120120007,1,0,0,1,0,1
611000302,1,2,120010001,1,0,0,1,0,1
611000302,2,2,120050001,1,0,0,1,0,1
611000302,3,2,120070001,1,0,0,1,0,1
611000302,4,2,120020001,1,0,0,1,0,1
611000302,5,2,120030006,1,0,0,1,0,1
611000302,6,2,120090001,1,0,0,1,0,1
611000302,7,2,120040001,1,0,0,1,0,1
611000302,8,2,120060006,1,0,0,1,0,1
611000302,9,2,120080006,1,0,0,1,0,1
611000302,10,2,120010002,1,0,0,1,0,1
611000302,11,2,120020002,1,0,0,1,0,1
611000302,12,2,120030008,1,0,0,1,0,1
611000302,13,2,120040002,1,0,0,1,0,1
611000302,14,2,120050002,1,0,0,1,0,1
611000302,15,2,120060007,1,0,0,1,0,1
611000302,16,2,120070003,1,0,0,1,0,1
611000302,17,2,120080007,1,0,0,1,0,1
611000302,18,2,120090002,1,0,0,1,0,1
611000302,19,2,120040003,1,0,0,1,0,1
611000302,20,2,120070004,1,0,0,1,0,1
611000302,21,2,120090003,1,0,0,1,0,1
611000302,22,2,120010010,1,0,0,1,0,1
611000302,23,2,120050010,1,0,0,1,0,1
611000302,24,2,120070011,1,0,0,1,0,1
611000302,25,2,120010011,1,0,0,1,0,1
611000302,26,2,120050011,1,0,0,1,0,1
611000302,27,2,120070012,1,0,0,1,0,1
611000302,28,2,120020010,1,0,0,1,0,1
611000302,29,2,120030016,1,0,0,1,0,1
611000302,30,2,120090010,1,0,0,1,0,1
611000302,31,2,120020011,1,0,0,1,0,1
611000302,32,2,120030017,1,0,0,1,0,1
611000302,33,2,120090011,1,0,0,1,0,1
611000302,34,2,120040011,1,0,0,1,0,1
611000302,35,2,120060016,1,0,0,1,0,1
611000302,36,2,120080015,1,0,0,1,0,1
611000302,37,2,120040012,1,0,0,1,0,1
611000302,38,2,120060017,1,0,0,1,0,1
611000302,39,2,120080016,1,0,0,1,0,1
611000302,40,2,120100009,1,0,0,1,0,1
611000302,41,2,120100010,1,0,0,1,0,1
611000302,42,2,120110007,1,0,0,1,0,1
611000302,43,2,120120008,1,0,0,1,0,1
611000303,1,2,120030007,1,0,0,1,0,1
611000303,2,2,120070002,1,0,0,1,0,1
611000303,3,2,120060008,1,0,0,1,0,1
611000303,4,2,120080008,1,0,0,1,0,1
611000303,5,2,120010003,1,0,0,1,0,1
611000303,6,2,120020003,1,0,0,1,0,1
611000303,7,2,120030009,1,0,0,1,0,1
611000303,8,2,120040004,1,0,0,1,0,1
611000303,9,2,120050003,1,0,0,1,0,1
611000303,10,2,120060009,1,0,0,1,0,1
611000303,11,2,120070005,1,0,0,1,0,1
611000303,12,2,120080009,1,0,0,1,0,1
611000303,13,2,120090004,1,0,0,1,0,1
611000303,14,2,120010017,1,0,0,1,0,1
611000303,15,2,120020017,1,0,0,1,0,1
611000303,16,2,120030023,1,0,0,1,0,1
611000303,17,2,120040020,1,0,0,1,0,1
611000303,18,2,120050019,1,0,0,1,0,1
611000303,19,2,120060024,1,0,0,1,0,1
611000303,20,2,120070020,1,0,0,1,0,1
611000303,21,2,120080022,1,0,0,1,0,1
611000303,22,2,120090019,1,0,0,1,0,1
611000303,23,2,120100013,1,0,0,1,0,1
611000303,24,2,120120001,1,0,0,1,0,1
611000303,25,2,120110009,1,0,0,1,0,1
611000303,26,2,120010025,1,0,0,1,0,1
611000303,27,2,120030030,1,0,0,1,0,1
611000303,28,2,120100018,1,0,0,1,0,1
611000304,1,2,120010004,1,0,0,1,0,1
611000304,2,2,120020004,1,0,0,1,0,1
611000304,3,2,120030010,1,0,0,1,0,1
611000304,4,2,120040005,1,0,0,1,0,1
611000304,5,2,120050004,1,0,0,1,0,1
611000304,6,2,120060010,1,0,0,1,0,1
611000304,7,2,120010012,1,0,0,1,0,1
611000304,8,2,120050012,1,0,0,1,0,1
611000304,9,2,120070013,1,0,0,1,0,1
611000304,10,2,120020012,1,0,0,1,0,1
611000304,11,2,120030018,1,0,0,1,0,1
611000304,12,2,120090012,1,0,0,1,0,1
611000304,13,2,120040013,1,0,0,1,0,1
611000304,14,2,120060018,1,0,0,1,0,1
611000304,15,2,120080017,1,0,0,1,0,1
611000304,16,2,120070014,1,0,0,1,0,1
611000304,17,2,120050013,1,0,0,1,0,1
611000304,18,2,120050014,1,0,0,1,0,1
611000304,19,2,120080018,1,0,0,1,0,1
611000304,20,2,120040014,1,0,0,1,0,1
611000304,21,2,120040015,1,0,0,1,0,1
611000304,22,2,120090013,1,0,0,1,0,1
611000304,23,2,140210008,1,0,0,1,0,1
611000304,24,2,120010013,1,0,0,1,0,1
611000304,25,2,120050015,1,0,0,1,0,1
611000304,26,2,120070015,1,0,0,1,0,1
611000304,27,2,120070016,1,0,0,1,0,1
611000304,28,2,120020013,1,0,0,1,0,1
611000304,29,2,120030019,1,0,0,1,0,1
611000304,30,2,120090014,1,0,0,1,0,1
611000304,31,2,120100001,1,0,0,1,0,1
611000304,32,2,120070017,1,0,0,1,0,1
611000304,33,2,120040016,1,0,0,1,0,1
611000304,34,2,120060019,1,0,0,1,0,1
611000304,35,2,120080019,1,0,0,1,0,1
611000304,36,2,120010014,1,0,0,1,0,1
611000304,37,2,140460008,1,0,0,1,0,1
611000304,38,2,120020014,1,0,0,1,0,1
611000304,39,2,140530008,1,0,0,1,0,1
611000304,40,2,120100002,1,0,0,1,0,1
611000304,41,2,120030020,1,0,0,1,0,1
611000304,42,2,120100003,1,0,0,1,0,1
611000304,43,2,120010015,1,0,0,1,0,1
611000304,44,2,120020015,1,0,0,1,0,1
611000304,45,2,120030021,1,0,0,1,0,1
611000304,46,2,120040017,1,0,0,1,0,1
611000304,47,2,120050016,1,0,0,1,0,1
611000304,48,2,120060020,1,0,0,1,0,1
611000304,49,2,120070018,1,0,0,1,0,1
611000304,50,2,120080020,1,0,0,1,0,1
611000304,51,2,120090015,1,0,0,1,0,1
611000304,52,2,120100011,1,0,0,1,0,1
611000304,53,2,140490008,1,0,0,1,0,1
611000304,54,2,120100012,1,0,0,1,0,1
611000304,55,2,120090016,1,0,0,1,0,1
611000304,56,2,120090017,1,0,0,1,0,1
611000304,57,2,140180008,1,0,0,1,0,1
611000304,58,2,120110001,1,0,0,1,0,1
611000304,59,2,120040018,1,0,0,1,0,1
611000304,60,2,120110008,1,0,0,1,0,1
611000304,61,2,120060021,1,0,0,1,0,1
611000304,62,2,120060022,1,0,0,1,0,1
611000304,63,2,140470008,1,0,0,1,0,1
611000304,64,2,120050017,1,0,0,1,0,1
611000304,65,2,120010016,1,0,0,1,0,1
611000304,66,2,120020016,1,0,0,1,0,1
611000304,67,2,120030022,1,0,0,1,0,1
611000304,68,2,120040019,1,0,0,1,0,1
611000304,69,2,120050018,1,0,0,1,0,1
611000304,70,2,120060023,1,0,0,1,0,1
611000304,71,2,120070019,1,0,0,1,0,1
611000304,72,2,120080021,1,0,0,1,0,1
611000304,73,2,120090018,1,0,0,1,0,1
611000304,74,2,120020018,1,0,0,1,0,1
611000304,75,2,120020019,1,0,0,1,0,1
611000304,76,2,140020008,1,0,0,1,0,1
611000304,77,2,120080023,1,0,0,1,0,1
611000304,78,2,120060025,1,0,0,1,0,1
611000304,79,2,120080024,1,0,0,1,0,1
611000304,80,2,120120002,1,0,0,1,0,1
611000304,81,2,120120009,1,0,0,1,0,1
611000304,82,2,120010018,1,0,0,1,0,1
611000304,83,2,140430008,1,0,0,1,0,1
611000304,84,2,120070021,1,0,0,1,0,1
611000304,85,2,120010019,1,0,0,1,0,1
611000304,86,2,140100008,1,0,0,1,0,1
611000304,87,2,120030024,1,0,0,1,0,1
611000304,88,2,120030025,1,0,0,1,0,1
611000304,89,2,120010020,1,0,0,1,0,1
611000304,90,2,120020020,1,0,0,1,0,1
611000304,91,2,120030026,1,0,0,1,0,1
611000304,92,2,120040021,1,0,0,1,0,1
611000304,93,2,120050020,1,0,0,1,0,1
611000304,94,2,120060026,1,0,0,1,0,1
611000304,95,2,120070022,1,0,0,1,0,1
611000304,96,2,120080025,1,0,0,1,0,1
611000304,97,2,120090020,1,0,0,1,0,1
611000304,98,2,120010021,1,0,0,1,0,1
611000304,99,2,120020021,1,0,0,1,0,1
611000304,100,2,120030027,1,0,0,1,0,1
611000304,101,2,120040022,1,0,0,1,0,1
611000304,102,2,120050021,1,0,0,1,0,1
611000304,103,2,120060027,1,0,0,1,0,1
611000304,104,2,120070023,1,0,0,1,0,1
611000304,105,2,120080026,1,0,0,1,0,1
611000304,106,2,120090021,1,0,0,1,0,1
611000304,107,2,120100014,1,0,0,1,0,1
611000304,108,2,120120010,1,0,0,1,0,1
611000304,109,2,120110010,1,0,0,1,0,1
611000304,110,2,120080027,1,0,0,1,0,1
611000304,111,2,120010022,1,0,0,1,0,1
611000304,112,2,120050022,1,0,0,1,0,1
611000304,113,2,120050023,1,0,0,1,0,1
611000304,114,2,120090022,1,0,0,1,0,1
611000304,115,2,120040023,1,0,0,1,0,1
611000304,116,2,120040024,1,0,0,1,0,1
611000304,117,2,120010023,1,0,0,1,0,1
611000304,118,2,120020022,1,0,0,1,0,1
611000304,119,2,120070024,1,0,0,1,0,1
611000304,120,2,120070025,1,0,0,1,0,1
611000304,121,2,120030028,1,0,0,1,0,1
611000304,122,2,120100015,1,0,0,1,0,1
611000304,123,2,120040025,1,0,0,1,0,1
611000304,124,2,120100016,1,0,0,1,0,1
611000304,125,2,120010024,1,0,0,1,0,1
611000304,126,2,120020023,1,0,0,1,0,1
611000304,127,2,120030029,1,0,0,1,0,1
611000304,128,2,120040026,1,0,0,1,0,1
611000304,129,2,120050024,1,0,0,1,0,1
611000304,130,2,120060028,1,0,0,1,0,1
611000304,131,2,120070026,1,0,0,1,0,1
611000304,132,2,120080028,1,0,0,1,0,1
611000304,133,2,120090023,1,0,0,1,0,1
611000304,134,2,120100017,1,0,0,1,0,1
611000304,135,2,120120011,1,0,0,1,0,1
611000304,136,2,120110011,1,0,0,1,0,1
611000304,137,2,120050025,1,0,0,1,0,1
611000304,138,2,120090024,1,0,0,1,0,1
611000304,139,2,120090025,1,0,0,1,0,1
611000304,140,2,120110012,1,0,0,1,0,1
611000304,141,2,120060029,1,0,0,1,0,1
611000304,142,2,120110013,1,0,0,1,0,1
611000304,143,2,120060030,1,0,0,1,0,1
611000304,144,2,120060031,1,0,0,1,0,1
611000304,145,2,120070027,1,0,0,1,0,1
611000304,146,2,120020024,1,0,0,1,0,1
611000304,147,2,120020025,1,0,0,1,0,1
611000304,148,2,120080029,1,0,0,1,0,1
611000304,149,2,120080030,1,0,0,1,0,1
611000304,150,2,120120012,1,0,0,1,0,1
611000304,151,2,120010026,1,0,0,1,0,1
611000304,152,2,120030031,1,0,0,1,0,1
611000304,153,2,120080031,1,0,0,1,0,1
611000304,154,2,120120013,1,0,0,1,0,1
611000304,155,2,120090026,1,0,0,1,0,1
611000304,156,2,120010027,1,0,0,1,0,1
611000401,1,2,130010002,1,0,0,1,0,1
611000401,2,2,130020002,1,0,0,1,0,1
611000401,3,2,130030002,1,0,0,1,0,1
611000401,4,2,130040002,1,0,0,1,0,1
611000401,5,2,130050002,1,0,0,1,0,1
611000401,6,2,130010003,1,0,0,1,0,1
611000401,7,2,130020003,1,0,0,1,0,1
611000401,8,2,130030003,1,0,0,1,0,1
611000401,9,2,130040003,1,0,0,1,0,1
611000401,10,2,130050003,1,0,0,1,0,1
611000402,1,2,130010001,1,0,0,1,0,1
611000402,2,2,130020001,1,0,0,1,0,1
611000402,3,2,130040001,1,0,0,1,0,1
611000402,4,2,130030001,1,0,0,1,0,1
611000402,5,2,130050001,1,0,0,1,0,1
611000402,6,2,130010004,1,0,0,1,0,1
611000402,7,2,130020004,1,0,0,1,0,1
611000402,8,2,130030004,1,0,0,1,0,1
611000402,9,2,130040004,1,0,0,1,0,1
611000402,10,2,130050004,1,0,0,1,0,1
611000402,11,2,130010005,1,0,0,1,0,1
611000402,12,2,130020005,1,0,0,1,0,1
611000402,13,2,130030005,1,0,0,1,0,1
611000402,14,2,130040005,1,0,0,1,0,1
611000402,15,2,130050005,1,0,0,1,0,1
611000402,16,2,130040008,1,0,0,1,0,1
611000402,17,2,130050008,1,0,0,1,0,1
611000402,18,2,130010009,1,0,0,1,0,1
611000402,19,2,130020009,1,0,0,1,0,1
611000402,20,2,130030011,1,0,0,1,0,1
611000402,21,2,130040011,1,0,0,1,0,1
611000402,22,2,130050012,1,0,0,1,0,1
611000402,23,2,130010012,1,0,0,1,0,1
611000402,24,2,130020013,1,0,0,1,0,1
611000402,25,2,130030013,1,0,0,1,0,1
611000402,26,2,141400001,1,0,0,1,0,1
611000402,27,2,141410001,1,0,0,1,0,1
611000402,28,2,130040014,1,0,0,1,0,1
611000402,29,2,130050014,1,0,0,1,0,1
611000402,30,2,130010017,1,0,0,1,0,1
611000402,31,2,130020017,1,0,0,1,0,1
611000402,32,2,130030018,1,0,0,1,0,1
611000402,33,2,130040018,1,0,0,1,0,1
611000402,34,2,130010020,1,0,0,1,0,1
611000402,35,2,130050019,1,0,0,1,0,1
611000402,36,2,130060001,1,0,0,1,0,1
611000402,37,2,130070001,1,0,0,1,0,1
611000402,38,2,130080001,1,0,0,1,0,1
611000402,39,2,130090001,1,0,0,1,0,1
611000403,1,2,130010006,1,0,0,1,0,1
611000403,2,2,130020006,1,0,0,1,0,1
611000403,3,2,130030006,1,0,0,1,0,1
611000403,4,2,130040006,1,0,0,1,0,1
611000403,5,2,130050006,1,0,0,1,0,1
611000403,6,2,130030008,1,0,0,1,0,1
611000403,7,2,130050009,1,0,0,1,0,1
611000403,8,2,130010010,1,0,0,1,0,1
611000403,9,2,130020010,1,0,0,1,0,1
611000403,10,2,130030010,1,0,0,1,0,1
611000403,11,2,130040010,1,0,0,1,0,1
611000403,12,2,130050010,1,0,0,1,0,1
611000403,13,2,130020011,1,0,0,1,0,1
611000403,14,2,130040012,1,0,0,1,0,1
611000403,15,2,130010013,1,0,0,1,0,1
611000403,16,2,130030014,1,0,0,1,0,1
611000403,17,2,130050017,1,0,0,1,0,1
611000403,18,2,130020018,1,0,0,1,0,1
611000403,19,2,130040019,1,0,0,1,0,1
611000404,1,2,140210008,1,0,0,1,0,1
611000404,2,2,130010007,1,0,0,1,0,1
611000404,3,2,130020007,1,0,0,1,0,1
611000404,4,2,140460008,1,0,0,1,0,1
611000404,5,2,130040007,1,0,0,1,0,1
611000404,6,2,130030007,1,0,0,1,0,1
611000404,7,2,140530008,1,0,0,1,0,1
611000404,8,2,130050007,1,0,0,1,0,1
611000404,9,2,140490008,1,0,0,1,0,1
611000404,10,2,130010008,1,0,0,1,0,1
611000404,11,2,130020008,1,0,0,1,0,1
611000404,12,2,140180008,1,0,0,1,0,1
611000404,13,2,130030009,1,0,0,1,0,1
611000404,14,2,130040009,1,0,0,1,0,1
611000404,15,2,140470008,1,0,0,1,0,1
611000404,16,2,130050011,1,0,0,1,0,1
611000404,17,2,130010011,1,0,0,1,0,1
611000404,18,2,140020008,1,0,0,1,0,1
611000404,19,2,130020012,1,0,0,1,0,1
611000404,20,2,130030012,1,0,0,1,0,1
611000404,21,2,140430008,1,0,0,1,0,1
611000404,22,2,130040013,1,0,0,1,0,1
611000404,23,2,130050013,1,0,0,1,0,1
611000404,24,2,140100008,1,0,0,1,0,1
611000404,25,2,130010014,1,0,0,1,0,1
611000404,26,2,130020014,1,0,0,1,0,1
611000404,27,2,130010015,1,0,0,1,0,1
611000404,28,2,130020015,1,0,0,1,0,1
611000404,29,2,130030015,1,0,0,1,0,1
611000404,30,2,130040015,1,0,0,1,0,1
611000404,31,2,130050015,1,0,0,1,0,1
611000404,32,2,130010016,1,0,0,1,0,1
611000404,33,2,130020016,1,0,0,1,0,1
611000404,34,2,130030016,1,0,0,1,0,1
611000404,35,2,130040016,1,0,0,1,0,1
611000404,36,2,130050016,1,0,0,1,0,1
611000404,37,2,130030017,1,0,0,1,0,1
611000404,38,2,130040017,1,0,0,1,0,1
611000404,39,2,130010018,1,0,0,1,0,1
611000404,40,2,130010019,1,0,0,1,0,1
611000404,41,2,130050018,1,0,0,1,0,1
611000404,42,2,130020019,1,0,0,1,0,1
611000404,43,2,130030019,1,0,0,1,0,1
611000404,44,2,130060002,1,0,0,1,0,1
611000404,45,2,130070002,1,0,0,1,0,1
611000404,46,2,130080002,1,0,0,1,0,1
611000404,47,2,130090002,1,0,0,1,0,1
611000404,48,2,130010021,1,0,0,1,0,1
611000404,49,2,130020020,1,0,0,1,0,1
611000404,50,2,130030020,1,0,0,1,0,1
611000404,51,2,130040020,1,0,0,1,0,1
611000404,52,2,130050020,1,0,0,1,0,1
611000404,53,2,130010022,1,0,0,1,0,1
611000404,54,2,130020021,1,0,0,1,0,1
611000404,55,2,130030021,1,0,0,1,0,1
611000404,56,2,130040021,1,0,0,1,0,1
611000404,57,2,130050021,1,0,0,1,0,1
611000404,58,2,130060003,1,0,0,1,0,1
611000404,59,2,130070003,1,0,0,1,0,1
611000404,60,2,130080003,1,0,0,1,0,1
611000404,61,2,130090003,1,0,0,1,0,1
