_id,_infoText,_detailText,_infoTextEn,_detailTextEn,_masterReleaseLabelId
1110001,リリース記念勧誘,「リリース記念勧誘」は、R以上の部員が必ず登場します。<br>「1回勧誘」は、ラブカ300個で実施できます。<br>「10回勧誘」は、ラブカ3000個で実施でき、SR以上の部員が1人以上必ず加入します。<br>「有償1回勧誘」は、有償ラブカ150個で毎日1回だけ実施できます。<br><br>すでに加入している部員が登場した場合、自動で「ペンライト」に変換されます。<br>※変換されたペンライトは、プレゼントを経由せず直接加算されます<br>※ペンライトの所持上限に達している場合は、プレゼントに贈られます<br>※ペンライトの獲得量は、部員のレアリティに応じて異なります<br>・UR：500個<br>・SR：50個<br>・R ：20個<br><br>また、登場した部員の人数に応じて「勧誘ポイント [リリース記念] 」を入手します。<br>獲得した「勧誘ポイント」は交換所にて部員やアイテム等と交換できます。<br>リリース記念勧誘で入手できる「勧誘ポイント」は、以下の勧誘でも入手できます。<br>・UR確定 リリース記念勧誘<br><br>交換されなかった「勧誘ポイント」は、本勧誘の終了時に自動的に「スキルブック（中）」に変換されます。<br>※変換されたスキルブック（中）は、プレゼントを経由せず直接加算されます<br>※スキルブック（中）の所持上限に達している場合は、プレゼントに贈られます,Release Celebration Scout,"Release Celebration Scout always features Members of rarity R or higher.<br>A 1x Scout costs 300 Loveca.<br>A 10x Scout costs 3,000 Loveca and guarantees at least one Member of rarity SR or higher.<br>A 1x Paid Scout costs 150 Paid Loveca and can be performed once per day.<br><br>If you Scout a Member you already have, they will automatically be converted into Penlights.<br>*Converted Penlights are added directly to your inventory, bypassing the present box.<br>*If your Penlight inventory is full, they will be sent to the present box.<br>*The number of Penlights received depends on the Member's rarity:<br>- UR: 500<br>- SR: 50<br>- R: 20<br><br>You'll also earn Scout Points [Release Celebration] based on the number of Members you Scout.<br>Earned Scout Points can be exchanged for Members, items, and more at the Exchange.<br>Scout Points obtainable in the Release Celebration Scout can also be earned in the following Scout:<br>- Guaranteed UR! Release Celebration Scout<br><br>Any unused Scout Points will automatically be converted into Skill Books (M) when this Scout ends.<br>*Converted Skill Books (M) are added directly to your inventory, bypassing the present box.<br>*If your Skill Book (M) inventory is full, they will be sent to the present box.",223041501
1110002,UR確定 リリース記念勧誘,「UR確定 リリース記念勧誘」は、有償ラブカ3000個で実施でき、UR部員が1人必ず加入します。<br><br>すでに加入している部員が登場した場合、自動的に「ペンライト」に変換されます。<br>※変換されたペンライトは、プレゼントを経由せず直接加算されます<br>※ペンライトの所持上限に達している場合は、プレゼントに贈られます<br>※ペンライトの獲得量は、部員のレアリティに応じて異なります<br>・UR：500個<br>・SR：50個<br>・R ：20個<br><br>また、登場した部員の人数に応じて「勧誘ポイント [リリース記念] 」を入手します。<br>獲得した「勧誘ポイント」は交換所にて部員やアイテム等と交換できます。<br>UR確定 リリース記念勧誘で入手できる「勧誘ポイント」は、以下の勧誘でも入手できます。<br>・リリース記念勧誘<br><br>交換されなかった「勧誘ポイント」は、本勧誘の終了時に自動的に「スキルブック（中）」に変換されます。<br>※変換されたスキルブック（中）は、プレゼントを経由せず直接加算されます<br>※スキルブック（中）の所持上限に達している場合は、プレゼントに贈られます,Guaranteed UR Release Celebration Scout,"The Guaranteed UR! Release Celebration Scout costs 3,000 Paid Loveca and guarantees one UR Member.<br><br>If you Scout a Member you already have, they will automatically be converted into Penlights.<br>*Converted Penlights are added directly to your inventory, bypassing the present box.<br>*If your Penlight inventory is full, they will be sent to the present box.<br>*The number of Penlights received depends on the Member's rarity:<br>- UR: 500<br>- SR: 50<br>- R: 20<br><br>You'll also earn Scout Points [Release Celebration] based on the number of Members you Scout.<br>Earned Scout Points can be exchanged for Members, items, and more at the Exchange.<br>Scout Points obtainable in the Guaranteed UR! Release Celebration Scout can also be earned in the following Scout:<br>- Release Celebration Scout<br><br>Any unused Scout Points will automatically be converted into Skill Books (M) when this Scout ends.<br>*Converted Skill Books (M) are added directly to your inventory, bypassing the present box.<br>*If your Skill Book (M) inventory is full, they will be sent to the present box.",223041501
1110003,ピックアップ勧誘～放課後の原宿Liella!♡～,「ピックアップ勧誘～放課後の原宿Liella!♡～」は、R以上の部員が必ず登場します。<br>「1回勧誘」は、ラブカ300個で実施できます。<br>「10回勧誘」は、ラブカ3000個で実施でき、SR以上の部員が1人以上必ず加入します。<br>「有償1回勧誘」は、有償ラブカ150個で毎日1回だけ実施できます。<br><br>すでに加入している部員が登場した場合、自動で「ペンライト」に変換されます。<br>※変換されたペンライトは、プレゼントを経由せず直接加算されます<br>※ペンライトの所持上限に達している場合は、プレゼントに贈られます<br>※ペンライトの獲得量は、部員のレアリティに応じて異なります<br>・UR：500個<br>・SR：50個<br>・R ：20個<br><br>また、登場した部員の人数に応じて「勧誘ポイント [放課後の原宿Liella!♡] 」を入手します。<br>獲得した「勧誘ポイント」は交換所にて部員やアイテム等と交換できます。<br><br>交換されなかった「勧誘ポイント」は、本勧誘の終了時に自動的に「スキルブック（中）」に変換されます。<br>※変換されたスキルブック（中）は、プレゼントを経由せず直接加算されます<br>※スキルブック（中）の所持上限に達している場合は、プレゼントに贈られます,Spotlight Scout: After-School Harajuku Liella! ♡,"Spotlight Scout: After-School Harajuku Liella!♡ always features Members of rarity R or higher.<br>A 1x Scout costs 300 Loveca.<br>A 10x Scout costs 3,000 Loveca and guarantees at least one Member of rarity SR or higher.<br>A 1x Paid Scout costs 150 Paid Loveca and can be performed once per day.<br><br>If you Scout a Member you already have, they will automatically be converted into Penlights.<br>*Converted Penlights are added directly to your inventory, bypassing the present box.<br>*If your Penlight inventory is full, they will be sent to the present box.<br>*The number of Penlights received depends on the Member's rarity:<br>- UR: 500<br>- SR: 50<br>- R: 20<br><br>You'll also earn Scout Points [After-School Harajuku Liella!♡] based on the number of Members you Scout.<br>Earned Scout Points can be exchanged for Members, items, and more at the Exchange.<br><br>Any unused Scout Points will automatically be converted into Skill Books (M) when this Scout ends.<br>*Converted Skill Books (M) are added directly to your inventory, bypassing the present box.<br>*If your Skill Book (M) inventory is full, they will be sent to the present box.",223041901
1110004,通常勧誘,「通常勧誘」は、R以上の部員が必ず登場します。<br>「1回勧誘」は、ラブカ300個で実施できます。<br>「10回勧誘」は、ラブカ3000個で実施でき、SR以上の部員が1人以上必ず加入します。<br>「有償1回勧誘」は、有償ラブカ150個で毎日1回だけ実施できます。<br><br>すでに加入している部員が登場した場合、自動で「ペンライト」に変換されます。<br>※変換されたペンライトは、プレゼントを経由せず直接加算されます<br>※ペンライトの所持上限に達している場合は、プレゼントに贈られます<br>※ペンライトの獲得量は、部員のレアリティに応じて異なります<br>・UR：500個<br>・SR：50個<br>・R ：20個<br><br>また、登場した部員の人数に応じて「勧誘ポイント [通常]」を入手します。<br>獲得した「勧誘ポイント」は交換所にて部員やアイテム等と交換できます。<br><br>交換されなかった「勧誘ポイント」は、本勧誘の終了時に自動的に「スキルブック（中）」に変換されます。<br>※変換されたスキルブック（中）は、プレゼントを経由せず直接加算されます<br>※スキルブック（中）の所持上限に達している場合は、プレゼントに贈られます,Normal Scout,"Normal Scout always features Members of rarity R or higher.<br>A 1x Scout costs 300 Loveca.<br>A 10x Scout costs 3,000 Loveca and guarantees at least one Member of rarity SR or higher.<br>A 1x Paid Scout costs 150 Paid Loveca and can be performed once per day.<br><br>If you Scout a Member you already have, they will automatically be converted into Penlights.<br>*Converted Penlights are added directly to your inventory, bypassing the present box.<br>*If your Penlight inventory is full, they will be sent to the present box.<br>*The number of Penlights received depends on the Member's rarity:<br>- UR: 500<br>- SR: 50<br>- R: 20<br><br>You'll also earn Scout Points [Normal] based on the number of Members you Scout.<br>Earned Scout Points can be exchanged for Members, items, and more at the Exchange.<br><br>Any unused Scout Points will automatically be converted into Skill Books (M) when this Scout ends.<br>*Converted Skill Books (M) are added directly to your inventory, bypassing the present box.<br>*If your Skill Book (M) inventory is full, they will be sent to the present box.",223043001
1110005,通常勧誘,「通常勧誘」は、R以上の部員が必ず登場します。<br>「1回勧誘」は、ラブカ300個で実施できます。<br>「10回勧誘」は、ラブカ3000個で実施でき、SR以上の部員が1人以上必ず加入します。<br>「有償1回勧誘」は、有償ラブカ150個で毎日1回だけ実施できます。<br><br>すでに加入している部員が登場した場合、自動で「ペンライト」に変換されます。<br>※変換されたペンライトは、プレゼントを経由せず直接加算されます<br>※ペンライトの所持上限に達している場合は、プレゼントに贈られます<br>※ペンライトの獲得量は、部員のレアリティに応じて異なります<br>・UR：500個<br>・SR：50個<br>・R ：20個<br><br>また、登場した部員の人数に応じて「勧誘ポイント [通常]」を入手します。<br>獲得した「勧誘ポイント」は交換所にて部員やアイテム等と交換できます。<br><br>交換されなかった「勧誘ポイント」は、本勧誘の終了時に自動的に「スキルブック（中）」に変換されます。<br>※変換されたスキルブック（中）は、プレゼントを経由せず直接加算されます<br>※スキルブック（中）の所持上限に達している場合は、プレゼントに贈られます,Normal Scout,"Normal Scout always features Members of rarity R or higher.<br>A 1x Scout costs 300 Loveca.<br>A 10x Scout costs 3,000 Loveca and guarantees at least one Member of rarity SR or higher.<br>A 1x Paid Scout costs 150 Paid Loveca and can be performed once per day.<br><br>If you Scout a Member you already have, they will automatically be converted into Penlights.<br>*Converted Penlights are added directly to your inventory, bypassing the present box.<br>*If your Penlight inventory is full, they will be sent to the present box.<br>*The number of Penlights received depends on the Member's rarity:<br>- UR: 500<br>- SR: 50<br>- R: 20<br><br>You'll also earn Scout Points [Normal] based on the number of Members you Scout.<br>Earned Scout Points can be exchanged for Members, items, and more at the Exchange.<br><br>Any unused Scout Points will automatically be converted into Skill Books (M) when this Scout ends.<br>*Converted Skill Books (M) are added directly to your inventory, bypassing the present box.<br>*If your Skill Book (M) inventory is full, they will be sent to the present box.",223051501
1110006,通常勧誘,「通常勧誘」は、R以上の部員が必ず登場します。<br>「1回勧誘」は、ラブカ300個で実施できます。<br>「10回勧誘」は、ラブカ3000個で実施でき、SR以上の部員が1人以上必ず加入します。<br>「有償1回勧誘」は、有償ラブカ150個で毎日1回だけ実施できます。<br><br>すでに加入している部員が登場した場合、自動で「ペンライト」に変換されます。<br>※変換されたペンライトは、プレゼントを経由せず直接加算されます<br>※ペンライトの所持上限に達している場合は、プレゼントに贈られます<br>※ペンライトの獲得量は、部員のレアリティに応じて異なります<br>・UR：500個<br>・SR：50個<br>・R ：20個<br><br>また、登場した部員の人数に応じて「勧誘ポイント [通常]」を入手します。<br>獲得した「勧誘ポイント」は交換所にて部員やアイテム等と交換できます。<br><br>交換されなかった「勧誘ポイント」は、本勧誘の終了時に自動的に「スキルブック（中）」に変換されます。<br>※変換されたスキルブック（中）は、プレゼントを経由せず直接加算されます<br>※スキルブック（中）の所持上限に達している場合は、プレゼントに贈られます,Normal Scout,"Normal Scout always features Members of rarity R or higher.<br>A 1x Scout costs 300 Loveca.<br>A 10x Scout costs 3,000 Loveca and guarantees at least one Member of rarity SR or higher.<br>A 1x Paid Scout costs 150 Paid Loveca and can be performed once per day.<br><br>If you Scout a Member you already have, they will automatically be converted into Penlights.<br>*Converted Penlights are added directly to your inventory, bypassing the present box.<br>*If your Penlight inventory is full, they will be sent to the present box.<br>*The number of Penlights received depends on the Member's rarity:<br>- UR: 500<br>- SR: 50<br>- R: 20<br><br>You'll also earn Scout Points [Normal] based on the number of Members you Scout.<br>Earned Scout Points can be exchanged for Members, items, and more at the Exchange.<br><br>Any unused Scout Points will automatically be converted into Skill Books (M) when this Scout ends.<br>*Converted Skill Books (M) are added directly to your inventory, bypassing the present box.<br>*If your Skill Book (M) inventory is full, they will be sent to the present box.",223053101
1110007,通常勧誘,「通常勧誘」は、R以上の部員が必ず登場します。<br>「1回勧誘」は、ラブカ300個で実施できます。<br>「10回勧誘」は、ラブカ3000個で実施でき、SR以上の部員が1人以上必ず加入します。<br>「有償1回勧誘」は、有償ラブカ150個で毎日1回だけ実施できます。<br><br>すでに加入している部員が登場した場合、自動で「ペンライト」に変換されます。<br>※変換されたペンライトは、プレゼントを経由せず直接加算されます<br>※ペンライトの所持上限に達している場合は、プレゼントに贈られます<br>※ペンライトの獲得量は、部員のレアリティに応じて異なります<br>・UR：500個<br>・SR：50個<br>・R ：20個<br><br>また、登場した部員の人数に応じて「勧誘ポイント [通常]」を入手します。<br>獲得した「勧誘ポイント」は交換所にて部員やアイテム等と交換できます。<br><br>交換されなかった「勧誘ポイント」は、本勧誘の終了時に自動的に「スキルブック（中）」に変換されます。<br>※変換されたスキルブック（中）は、プレゼントを経由せず直接加算されます<br>※スキルブック（中）の所持上限に達している場合は、プレゼントに贈られます,Normal Scout,"Normal Scout always features Members of rarity R or higher.<br>A 1x Scout costs 300 Loveca.<br>A 10x Scout costs 3,000 Loveca and guarantees at least one Member of rarity SR or higher.<br>A 1x Paid Scout costs 150 Paid Loveca and can be performed once per day.<br><br>If you Scout a Member you already have, they will automatically be converted into Penlights.<br>*Converted Penlights are added directly to your inventory, bypassing the present box.<br>*If your Penlight inventory is full, they will be sent to the present box.<br>*The number of Penlights received depends on the Member's rarity:<br>- UR: 500<br>- SR: 50<br>- R: 20<br><br>You'll also earn Scout Points [Normal] based on the number of Members you Scout.<br>Earned Scout Points can be exchanged for Members, items, and more at the Exchange.<br><br>Any unused Scout Points will automatically be converted into Skill Books (M) when this Scout ends.<br>*Converted Skill Books (M) are added directly to your inventory, bypassing the present box.<br>*If your Skill Book (M) inventory is full, they will be sent to the present box.",223061501
1110008,通常勧誘,「通常勧誘」は、R以上の部員が必ず登場します。<br>「1回勧誘」は、ラブカ300個で実施できます。<br>「10回勧誘」は、ラブカ3000個で実施でき、SR以上の部員が1人以上必ず加入します。<br>「有償1回勧誘」は、有償ラブカ150個で毎日1回だけ実施できます。<br><br>すでに加入している部員が登場した場合、自動で「ペンライト」に変換されます。<br>※変換されたペンライトは、プレゼントを経由せず直接加算されます<br>※ペンライトの所持上限に達している場合は、プレゼントに贈られます<br>※ペンライトの獲得量は、部員のレアリティに応じて異なります<br>・UR：500個<br>・SR：50個<br>・R ：20個<br><br>また、登場した部員の人数に応じて「勧誘ポイント [通常]」を入手します。<br>獲得した「勧誘ポイント」は交換所にて部員やアイテム等と交換できます。<br><br>交換されなかった「勧誘ポイント」は、本勧誘の終了時に自動的に「スキルブック（中）」に変換されます。<br>※変換されたスキルブック（中）は、プレゼントを経由せず直接加算されます<br>※スキルブック（中）の所持上限に達している場合は、プレゼントに贈られます,Normal Scout,"Normal Scout always features Members of rarity R or higher.<br>A 1x Scout costs 300 Loveca.<br>A 10x Scout costs 3,000 Loveca and guarantees at least one Member of rarity SR or higher.<br>A 1x Paid Scout costs 150 Paid Loveca and can be performed once per day.<br><br>If you Scout a Member you already have, they will automatically be converted into Penlights.<br>*Converted Penlights are added directly to your inventory, bypassing the present box.<br>*If your Penlight inventory is full, they will be sent to the present box.<br>*The number of Penlights received depends on the Member's rarity:<br>- UR: 500<br>- SR: 50<br>- R: 20<br><br>You'll also earn Scout Points [Normal] based on the number of Members you Scout.<br>Earned Scout Points can be exchanged for Members, items, and more at the Exchange.<br><br>Any unused Scout Points will automatically be converted into Skill Books (M) when this Scout ends.<br>*Converted Skill Books (M) are added directly to your inventory, bypassing the present box.<br>*If your Skill Book (M) inventory is full, they will be sent to the present box.",223063001
1110009,通常勧誘,「通常勧誘」は、R以上の部員が必ず登場します。<br>「1回勧誘」は、ラブカ300個で実施できます。<br>「10回勧誘」は、ラブカ3000個で実施でき、SR以上の部員が1人以上必ず加入します。<br>「有償1回勧誘」は、有償ラブカ150個で毎日1回だけ実施できます。<br><br>すでに加入している部員が登場した場合、自動で「ペンライト」に変換されます。<br>※変換されたペンライトは、プレゼントを経由せず直接加算されます<br>※ペンライトの所持上限に達している場合は、プレゼントに贈られます<br>※ペンライトの獲得量は、部員のレアリティに応じて異なります<br>・UR：500個<br>・SR：50個<br>・R ：20個<br><br>また、登場した部員の人数に応じて「勧誘ポイント [通常]」を入手します。<br>獲得した「勧誘ポイント」は交換所にて部員やアイテム等と交換できます。<br><br>交換されなかった「勧誘ポイント」は、本勧誘の終了時に自動的に「スキルブック（中）」に変換されます。<br>※変換されたスキルブック（中）は、プレゼントを経由せず直接加算されます<br>※スキルブック（中）の所持上限に達している場合は、プレゼントに贈られます,Normal Scout,"Normal Scout always features Members of rarity R or higher.<br>A 1x Scout costs 300 Loveca.<br>A 10x Scout costs 3,000 Loveca and guarantees at least one Member of rarity SR or higher.<br>A 1x Paid Scout costs 150 Paid Loveca and can be performed once per day.<br><br>If you Scout a Member you already have, they will automatically be converted into Penlights.<br>*Converted Penlights are added directly to your inventory, bypassing the present box.<br>*If your Penlight inventory is full, they will be sent to the present box.<br>*The number of Penlights received depends on the Member's rarity:<br>- UR: 500<br>- SR: 50<br>- R: 20<br><br>You'll also earn Scout Points [Normal] based on the number of Members you Scout.<br>Earned Scout Points can be exchanged for Members, items, and more at the Exchange.<br><br>Any unused Scout Points will automatically be converted into Skill Books (M) when this Scout ends.<br>*Converted Skill Books (M) are added directly to your inventory, bypassing the present box.<br>*If your Skill Book (M) inventory is full, they will be sent to the present box.",223071502
1110010,通常勧誘,「通常勧誘」は、R以上の部員が必ず登場します。<br>「1回勧誘」は、ラブカ300個で実施できます。<br>「10回勧誘」は、ラブカ3000個で実施でき、SR以上の部員が1人以上必ず加入します。<br>「有償1回勧誘」は、有償ラブカ150個で毎日1回だけ実施できます。<br><br>すでに加入している部員が登場した場合、自動で「ペンライト」に変換されます。<br>※変換されたペンライトは、プレゼントを経由せず直接加算されます<br>※ペンライトの所持上限に達している場合は、プレゼントに贈られます<br>※ペンライトの獲得量は、部員のレアリティに応じて異なります<br>・UR：500個<br>・SR：50個<br>・R ：20個<br><br>また、登場した部員の人数に応じて「勧誘ポイント [通常]」を入手します。<br>獲得した「勧誘ポイント」は交換所にて部員やアイテム等と交換できます。<br><br>交換されなかった「勧誘ポイント」は、本勧誘の終了時に自動的に「スキルブック（中）」に変換されます。<br>※変換されたスキルブック（中）は、プレゼントを経由せず直接加算されます<br>※スキルブック（中）の所持上限に達している場合は、プレゼントに贈られます,Normal Scout,"Normal Scout always features Members of rarity R or higher.<br>A 1x Scout costs 300 Loveca.<br>A 10x Scout costs 3,000 Loveca and guarantees at least one Member of rarity SR or higher.<br>A 1x Paid Scout costs 150 Paid Loveca and can be performed once per day.<br><br>If you Scout a Member you already have, they will automatically be converted into Penlights.<br>*Converted Penlights are added directly to your inventory, bypassing the present box.<br>*If your Penlight inventory is full, they will be sent to the present box.<br>*The number of Penlights received depends on the Member's rarity:<br>- UR: 500<br>- SR: 50<br>- R: 20<br><br>You'll also earn Scout Points [Normal] based on the number of Members you Scout.<br>Earned Scout Points can be exchanged for Members, items, and more at the Exchange.<br><br>Any unused Scout Points will automatically be converted into Skill Books (M) when this Scout ends.<br>*Converted Skill Books (M) are added directly to your inventory, bypassing the present box.<br>*If your Skill Book (M) inventory is full, they will be sent to the present box.",223073101
1110011,通常勧誘,「通常勧誘」は、R以上の部員が必ず登場します。<br>「1回勧誘」は、ラブカ300個で実施できます。<br>「10回勧誘」は、ラブカ3000個で実施でき、SR以上の部員が1人以上必ず加入します。<br>「有償1回勧誘」は、有償ラブカ150個で毎日1回だけ実施できます。<br><br>すでに加入している部員が登場した場合、自動で「ペンライト」に変換されます。<br>※変換されたペンライトは、プレゼントを経由せず直接加算されます<br>※ペンライトの所持上限に達している場合は、プレゼントに贈られます<br>※ペンライトの獲得量は、部員のレアリティに応じて異なります<br>・UR：500個<br>・SR：50個<br>・R ：20個<br><br>また、登場した部員の人数に応じて「勧誘ポイント [通常]」を入手します。<br>獲得した「勧誘ポイント」は交換所にて部員やアイテム等と交換できます。<br><br>交換されなかった「勧誘ポイント」は、本勧誘の終了時に自動的に「スキルブック（中）」に変換されます。<br>※変換されたスキルブック（中）は、プレゼントを経由せず直接加算されます<br>※スキルブック（中）の所持上限に達している場合は、プレゼントに贈られます,Normal Scout,"Normal Scout always features Members of rarity R or higher.<br>A 1x Scout costs 300 Loveca.<br>A 10x Scout costs 3,000 Loveca and guarantees at least one Member of rarity SR or higher.<br>A 1x Paid Scout costs 150 Paid Loveca and can be performed once per day.<br><br>If you Scout a Member you already have, they will automatically be converted into Penlights.<br>*Converted Penlights are added directly to your inventory, bypassing the present box.<br>*If your Penlight inventory is full, they will be sent to the present box.<br>*The number of Penlights received depends on the Member's rarity:<br>- UR: 500<br>- SR: 50<br>- R: 20<br><br>You'll also earn Scout Points [Normal] based on the number of Members you Scout.<br>Earned Scout Points can be exchanged for Members, items, and more at the Exchange.<br><br>Any unused Scout Points will automatically be converted into Skill Books (M) when this Scout ends.<br>*Converted Skill Books (M) are added directly to your inventory, bypassing the present box.<br>*If your Skill Book (M) inventory is full, they will be sent to the present box.",223081501
1110012,通常勧誘,「通常勧誘」は、R以上の部員が必ず登場します。<br>「1回勧誘」は、ラブカ300個で実施できます。<br>「10回勧誘」は、ラブカ3000個で実施でき、SR以上の部員が1人以上必ず加入します。<br>「有償1回勧誘」は、有償ラブカ150個で毎日1回だけ実施できます。<br><br>すでに加入している部員が登場した場合、自動で「ペンライト」に変換されます。<br>※変換されたペンライトは、プレゼントを経由せず直接加算されます<br>※ペンライトの所持上限に達している場合は、プレゼントに贈られます<br>※ペンライトの獲得量は、部員のレアリティに応じて異なります<br>・UR：500個<br>・SR：50個<br>・R ：20個<br><br>また、登場した部員の人数に応じて「勧誘ポイント [通常]」を入手します。<br>獲得した「勧誘ポイント」は交換所にて部員やアイテム等と交換できます。<br><br>交換されなかった「勧誘ポイント」は、本勧誘の終了時に自動的に「スキルブック（中）」に変換されます。<br>※変換されたスキルブック（中）は、プレゼントを経由せず直接加算されます<br>※スキルブック（中）の所持上限に達している場合は、プレゼントに贈られます,Normal Scout,"Normal Scout always features Members of rarity R or higher.<br>A 1x Scout costs 300 Loveca.<br>A 10x Scout costs 3,000 Loveca and guarantees at least one Member of rarity SR or higher.<br>A 1x Paid Scout costs 150 Paid Loveca and can be performed once per day.<br><br>If you Scout a Member you already have, they will automatically be converted into Penlights.<br>*Converted Penlights are added directly to your inventory, bypassing the present box.<br>*If your Penlight inventory is full, they will be sent to the present box.<br>*The number of Penlights received depends on the Member's rarity:<br>- UR: 500<br>- SR: 50<br>- R: 20<br><br>You'll also earn Scout Points [Normal] based on the number of Members you Scout.<br>Earned Scout Points can be exchanged for Members, items, and more at the Exchange.<br><br>Any unused Scout Points will automatically be converted into Skill Books (M) when this Scout ends.<br>*Converted Skill Books (M) are added directly to your inventory, bypassing the present box.<br>*If your Skill Book (M) inventory is full, they will be sent to the present box.",223083107
1110013,通常勧誘,「通常勧誘」は、R以上の部員が必ず登場します。<br>「1回勧誘」は、ラブカ300個で実施できます。<br>「10回勧誘」は、ラブカ3000個で実施でき、SR以上の部員が1人以上必ず加入します。<br>「有償1回勧誘」は、有償ラブカ150個で毎日1回だけ実施できます。<br><br>すでに加入している部員が登場した場合、自動で「ペンライト」に変換されます。<br>※変換されたペンライトは、プレゼントを経由せず直接加算されます<br>※ペンライトの所持上限に達している場合は、プレゼントに贈られます<br>※ペンライトの獲得量は、部員のレアリティに応じて異なります<br>・UR：500個<br>・SR：50個<br>・R ：20個<br><br>また、登場した部員の人数に応じて「勧誘ポイント [通常]」を入手します。<br>獲得した「勧誘ポイント」は交換所にて部員やアイテム等と交換できます。<br><br>交換されなかった「勧誘ポイント」は、本勧誘の終了時に自動的に「スキルブック（中）」に変換されます。<br>※変換されたスキルブック（中）は、プレゼントを経由せず直接加算されます<br>※スキルブック（中）の所持上限に達している場合は、プレゼントに贈られます,Normal Scout,"Normal Scout always features Members of rarity R or higher.<br>A 1x Scout costs 300 Loveca.<br>A 10x Scout costs 3,000 Loveca and guarantees at least one Member of rarity SR or higher.<br>A 1x Paid Scout costs 150 Paid Loveca and can be performed once per day.<br><br>If you Scout a Member you already have, they will automatically be converted into Penlights.<br>*Converted Penlights are added directly to your inventory, bypassing the present box.<br>*If your Penlight inventory is full, they will be sent to the present box.<br>*The number of Penlights received depends on the Member's rarity:<br>- UR: 500<br>- SR: 50<br>- R: 20<br><br>You'll also earn Scout Points [Normal] based on the number of Members you Scout.<br>Earned Scout Points can be exchanged for Members, items, and more at the Exchange.<br><br>Any unused Scout Points will automatically be converted into Skill Books (M) when this Scout ends.<br>*Converted Skill Books (M) are added directly to your inventory, bypassing the present box.<br>*If your Skill Book (M) inventory is full, they will be sent to the present box.",223091501
1110014,通常勧誘,「通常勧誘」は、R以上の部員が必ず登場します。<br>「1回勧誘」は、ラブカ300個で実施できます。<br>「10回勧誘」は、ラブカ3000個で実施でき、SR以上の部員が1人以上必ず加入します。<br>「有償1回勧誘」は、有償ラブカ150個で毎日1回だけ実施できます。<br><br>すでに加入している部員が登場した場合、自動で「ペンライト」に変換されます。<br>※変換されたペンライトは、プレゼントを経由せず直接加算されます<br>※ペンライトの所持上限に達している場合は、プレゼントに贈られます<br>※ペンライトの獲得量は、部員のレアリティに応じて異なります<br>・UR：500個<br>・SR：50個<br>・R ：20個<br><br>また、登場した部員の人数に応じて「勧誘ポイント [通常]」を入手します。<br>獲得した「勧誘ポイント」は交換所にて部員やアイテム等と交換できます。<br><br>交換されなかった「勧誘ポイント」は、本勧誘の終了時に自動的に「スキルブック（中）」に変換されます。<br>※変換されたスキルブック（中）は、プレゼントを経由せず直接加算されます<br>※スキルブック（中）の所持上限に達している場合は、プレゼントに贈られます,Normal Scout,"Normal Scout always features Members of rarity R or higher.<br>A 1x Scout costs 300 Loveca.<br>A 10x Scout costs 3,000 Loveca and guarantees at least one Member of rarity SR or higher.<br>A 1x Paid Scout costs 150 Paid Loveca and can be performed once per day.<br><br>If you Scout a Member you already have, they will automatically be converted into Penlights.<br>*Converted Penlights are added directly to your inventory, bypassing the present box.<br>*If your Penlight inventory is full, they will be sent to the present box.<br>*The number of Penlights received depends on the Member's rarity:<br>- UR: 500<br>- SR: 50<br>- R: 20<br><br>You'll also earn Scout Points [Normal] based on the number of Members you Scout.<br>Earned Scout Points can be exchanged for Members, items, and more at the Exchange.<br><br>Any unused Scout Points will automatically be converted into Skill Books (M) when this Scout ends.<br>*Converted Skill Books (M) are added directly to your inventory, bypassing the present box.<br>*If your Skill Book (M) inventory is full, they will be sent to the present box.",223093001
1110015,通常勧誘,「通常勧誘」は、R以上の部員が必ず登場します。<br>「1回勧誘」は、ラブカ300個で実施できます。<br>「10回勧誘」は、ラブカ3000個で実施でき、SR以上の部員が1人以上必ず加入します。<br>「有償1回勧誘」は、有償ラブカ150個で毎日1回だけ実施できます。<br><br>すでに加入している部員が登場した場合、自動で「ペンライト」に変換されます。<br>※変換されたペンライトは、プレゼントを経由せず直接加算されます<br>※ペンライトの所持上限に達している場合は、プレゼントに贈られます<br>※ペンライトの獲得量は、部員のレアリティに応じて異なります<br>・UR：500個<br>・SR：50個<br>・R ：20個<br><br>また、登場した部員の人数に応じて「勧誘ポイント [通常]」を入手します。<br>獲得した「勧誘ポイント」は交換所にて部員やアイテム等と交換できます。<br><br>交換されなかった「勧誘ポイント」は、本勧誘の終了時に自動的に「スキルブック（中）」に変換されます。<br>※変換されたスキルブック（中）は、プレゼントを経由せず直接加算されます<br>※スキルブック（中）の所持上限に達している場合は、プレゼントに贈られます,Normal Scout,"Normal Scout always features Members of rarity R or higher.<br>A 1x Scout costs 300 Loveca.<br>A 10x Scout costs 3,000 Loveca and guarantees at least one Member of rarity SR or higher.<br>A 1x Paid Scout costs 150 Paid Loveca and can be performed once per day.<br><br>If you Scout a Member you already have, they will automatically be converted into Penlights.<br>*Converted Penlights are added directly to your inventory, bypassing the present box.<br>*If your Penlight inventory is full, they will be sent to the present box.<br>*The number of Penlights received depends on the Member's rarity:<br>- UR: 500<br>- SR: 50<br>- R: 20<br><br>You'll also earn Scout Points [Normal] based on the number of Members you Scout.<br>Earned Scout Points can be exchanged for Members, items, and more at the Exchange.<br><br>Any unused Scout Points will automatically be converted into Skill Books (M) when this Scout ends.<br>*Converted Skill Books (M) are added directly to your inventory, bypassing the present box.<br>*If your Skill Book (M) inventory is full, they will be sent to the present box.",223101505
1110016,通常勧誘,「通常勧誘」は、R以上の部員が必ず登場します。<br>「1回勧誘」は、ラブカ300個で実施できます。<br>「10回勧誘」は、ラブカ3000個で実施でき、SR以上の部員が1人以上必ず加入します。<br>「有償1回勧誘」は、有償ラブカ150個で毎日1回だけ実施できます。<br><br>すでに加入している部員が登場した場合、自動で「ペンライト」に変換されます。<br>※変換されたペンライトは、プレゼントを経由せず直接加算されます<br>※ペンライトの所持上限に達している場合は、プレゼントに贈られます<br>※ペンライトの獲得量は、部員のレアリティに応じて異なります<br>・UR：500個<br>・SR：50個<br>・R ：20個<br><br>また、登場した部員の人数に応じて「勧誘ポイント [通常]」を入手します。<br>獲得した「勧誘ポイント」は交換所にて部員やアイテム等と交換できます。<br><br>交換されなかった「勧誘ポイント」は、本勧誘の終了時に自動的に「スキルブック（中）」に変換されます。<br>※変換されたスキルブック（中）は、プレゼントを経由せず直接加算されます<br>※スキルブック（中）の所持上限に達している場合は、プレゼントに贈られます,Normal Scout,"Normal Scout always features Members of rarity R or higher.<br>A 1x Scout costs 300 Loveca.<br>A 10x Scout costs 3,000 Loveca and guarantees at least one Member of rarity SR or higher.<br>A 1x Paid Scout costs 150 Paid Loveca and can be performed once per day.<br><br>If you Scout a Member you already have, they will automatically be converted into Penlights.<br>*Converted Penlights are added directly to your inventory, bypassing the present box.<br>*If your Penlight inventory is full, they will be sent to the present box.<br>*The number of Penlights received depends on the Member's rarity:<br>- UR: 500<br>- SR: 50<br>- R: 20<br><br>You'll also earn Scout Points [Normal] based on the number of Members you Scout.<br>Earned Scout Points can be exchanged for Members, items, and more at the Exchange.<br><br>Any unused Scout Points will automatically be converted into Skill Books (M) when this Scout ends.<br>*Converted Skill Books (M) are added directly to your inventory, bypassing the present box.<br>*If your Skill Book (M) inventory is full, they will be sent to the present box.",223103107
1110017,通常勧誘,「通常勧誘」は、R以上の部員が必ず登場します。<br>「1回勧誘」は、ラブカ300個で実施できます。<br>「10回勧誘」は、ラブカ3000個で実施でき、SR以上の部員が1人以上必ず加入します。<br>「有償1回勧誘」は、有償ラブカ150個で毎日1回だけ実施できます。<br><br>すでに加入している部員が登場した場合、自動で「ペンライト」に変換されます。<br>※変換されたペンライトは、プレゼントを経由せず直接加算されます<br>※ペンライトの所持上限に達している場合は、プレゼントに贈られます<br>※ペンライトの獲得量は、部員のレアリティに応じて異なります<br>・UR：500個<br>・SR：50個<br>・R ：20個<br><br>また、登場した部員の人数に応じて「勧誘ポイント [通常]」を入手します。<br>獲得した「勧誘ポイント」は交換所にて部員やアイテム等と交換できます。<br><br>交換されなかった「勧誘ポイント」は、本勧誘の終了時に自動的に「スキルブック（中）」に変換されます。<br>※変換されたスキルブック（中）は、プレゼントを経由せず直接加算されます<br>※スキルブック（中）の所持上限に達している場合は、プレゼントに贈られます,Normal Scout,"Normal Scout always features Members of rarity R or higher.<br>A 1x Scout costs 300 Loveca.<br>A 10x Scout costs 3,000 Loveca and guarantees at least one Member of rarity SR or higher.<br>A 1x Paid Scout costs 150 Paid Loveca and can be performed once per day.<br><br>If you Scout a Member you already have, they will automatically be converted into Penlights.<br>*Converted Penlights are added directly to your inventory, bypassing the present box.<br>*If your Penlight inventory is full, they will be sent to the present box.<br>*The number of Penlights received depends on the Member's rarity:<br>- UR: 500<br>- SR: 50<br>- R: 20<br><br>You'll also earn Scout Points [Normal] based on the number of Members you Scout.<br>Earned Scout Points can be exchanged for Members, items, and more at the Exchange.<br><br>Any unused Scout Points will automatically be converted into Skill Books (M) when this Scout ends.<br>*Converted Skill Books (M) are added directly to your inventory, bypassing the present box.<br>*If your Skill Book (M) inventory is full, they will be sent to the present box.",223111501
1110018,通常勧誘,「通常勧誘」は、R以上の部員が必ず登場します。<br>「1回勧誘」は、ラブカ300個で実施できます。<br>「10回勧誘」は、ラブカ3000個で実施でき、SR以上の部員が1人以上必ず加入します。<br>「有償1回勧誘」は、有償ラブカ150個で毎日1回だけ実施できます。<br><br>すでに加入している部員が登場した場合、自動で「ペンライト」に変換されます。<br>※変換されたペンライトは、プレゼントを経由せず直接加算されます<br>※ペンライトの所持上限に達している場合は、プレゼントに贈られます<br>※ペンライトの獲得量は、部員のレアリティに応じて異なります<br>・UR：500個<br>・SR：50個<br>・R ：20個<br><br>また、登場した部員の人数に応じて「勧誘ポイント [通常]」を入手します。<br>獲得した「勧誘ポイント」は交換所にて部員やアイテム等と交換できます。<br><br>交換されなかった「勧誘ポイント」は、本勧誘の終了時に自動的に「スキルブック（中）」に変換されます。<br>※変換されたスキルブック（中）は、プレゼントを経由せず直接加算されます<br>※スキルブック（中）の所持上限に達している場合は、プレゼントに贈られます,Normal Scout,"Normal Scout always features Members of rarity R or higher.<br>A 1x Scout costs 300 Loveca.<br>A 10x Scout costs 3,000 Loveca and guarantees at least one Member of rarity SR or higher.<br>A 1x Paid Scout costs 150 Paid Loveca and can be performed once per day.<br><br>If you Scout a Member you already have, they will automatically be converted into Penlights.<br>*Converted Penlights are added directly to your inventory, bypassing the present box.<br>*If your Penlight inventory is full, they will be sent to the present box.<br>*The number of Penlights received depends on the Member's rarity:<br>- UR: 500<br>- SR: 50<br>- R: 20<br><br>You'll also earn Scout Points [Normal] based on the number of Members you Scout.<br>Earned Scout Points can be exchanged for Members, items, and more at the Exchange.<br><br>Any unused Scout Points will automatically be converted into Skill Books (M) when this Scout ends.<br>*Converted Skill Books (M) are added directly to your inventory, bypassing the present box.<br>*If your Skill Book (M) inventory is full, they will be sent to the present box.",223113008
1110019,通常勧誘,「通常勧誘」は、R以上の部員が必ず登場します。<br>「1回勧誘」は、ラブカ300個で実施できます。<br>「10回勧誘」は、ラブカ3000個で実施でき、SR以上の部員が1人以上必ず加入します。<br>「有償1回勧誘」は、有償ラブカ150個で毎日1回だけ実施できます。<br><br>すでに加入している部員が登場した場合、自動で「ペンライト」に変換されます。<br>※変換されたペンライトは、プレゼントを経由せず直接加算されます<br>※ペンライトの所持上限に達している場合は、プレゼントに贈られます<br>※ペンライトの獲得量は、部員のレアリティに応じて異なります<br>・UR：500個<br>・SR：50個<br>・R ：20個<br><br>また、登場した部員の人数に応じて「勧誘ポイント [通常]」を入手します。<br>獲得した「勧誘ポイント」は交換所にて部員やアイテム等と交換できます。<br><br>交換されなかった「勧誘ポイント」は、本勧誘の終了時に自動的に「スキルブック（中）」に変換されます。<br>※変換されたスキルブック（中）は、プレゼントを経由せず直接加算されます<br>※スキルブック（中）の所持上限に達している場合は、プレゼントに贈られます,Normal Scout,"Normal Scout always features Members of rarity R or higher.<br>A 1x Scout costs 300 Loveca.<br>A 10x Scout costs 3,000 Loveca and guarantees at least one Member of rarity SR or higher.<br>A 1x Paid Scout costs 150 Paid Loveca and can be performed once per day.<br><br>If you Scout a Member you already have, they will automatically be converted into Penlights.<br>*Converted Penlights are added directly to your inventory, bypassing the present box.<br>*If your Penlight inventory is full, they will be sent to the present box.<br>*The number of Penlights received depends on the Member's rarity:<br>- UR: 500<br>- SR: 50<br>- R: 20<br><br>You'll also earn Scout Points [Normal] based on the number of Members you Scout.<br>Earned Scout Points can be exchanged for Members, items, and more at the Exchange.<br><br>Any unused Scout Points will automatically be converted into Skill Books (M) when this Scout ends.<br>*Converted Skill Books (M) are added directly to your inventory, bypassing the present box.<br>*If your Skill Book (M) inventory is full, they will be sent to the present box.",223121513
1110020,通常勧誘,「通常勧誘」は、R以上の部員が必ず登場します。<br>「1回勧誘」は、ラブカ300個で実施できます。<br>「10回勧誘」は、ラブカ3000個で実施でき、SR以上の部員が1人以上必ず加入します。<br>「有償1回勧誘」は、有償ラブカ150個で毎日1回だけ実施できます。<br><br>すでに加入している部員が登場した場合、自動で「ペンライト」に変換されます。<br>※変換されたペンライトは、プレゼントを経由せず直接加算されます<br>※ペンライトの所持上限に達している場合は、プレゼントに贈られます<br>※ペンライトの獲得量は、部員のレアリティに応じて異なります<br>・UR：500個<br>・SR：50個<br>・R ：20個<br><br>また、登場した部員の人数に応じて「勧誘ポイント [通常]」を入手します。<br>獲得した「勧誘ポイント」は交換所にて部員やアイテム等と交換できます。<br><br>交換されなかった「勧誘ポイント」は、本勧誘の終了時に自動的に「スキルブック（中）」に変換されます。<br>※変換されたスキルブック（中）は、プレゼントを経由せず直接加算されます<br>※スキルブック（中）の所持上限に達している場合は、プレゼントに贈られます,Normal Scout,"Normal Scout always features Members of rarity R or higher.<br>A 1x Scout costs 300 Loveca.<br>A 10x Scout costs 3,000 Loveca and guarantees at least one Member of rarity SR or higher.<br>A 1x Paid Scout costs 150 Paid Loveca and can be performed once per day.<br><br>If you Scout a Member you already have, they will automatically be converted into Penlights.<br>*Converted Penlights are added directly to your inventory, bypassing the present box.<br>*If your Penlight inventory is full, they will be sent to the present box.<br>*The number of Penlights received depends on the Member's rarity:<br>- UR: 500<br>- SR: 50<br>- R: 20<br><br>You'll also earn Scout Points [Normal] based on the number of Members you Scout.<br>Earned Scout Points can be exchanged for Members, items, and more at the Exchange.<br><br>Any unused Scout Points will automatically be converted into Skill Books (M) when this Scout ends.<br>*Converted Skill Books (M) are added directly to your inventory, bypassing the present box.<br>*If your Skill Book (M) inventory is full, they will be sent to the present box.",223123107
1110021,通常勧誘,「通常勧誘」は、R以上の部員が必ず登場します。<br>「1回勧誘」は、ラブカ300個で実施できます。<br>「10回勧誘」は、ラブカ3000個で実施でき、SR以上の部員が1人以上必ず加入します。<br>「有償1回勧誘」は、有償ラブカ150個で毎日1回だけ実施できます。<br><br>すでに加入している部員が登場した場合、自動で「ペンライト」に変換されます。<br>※変換されたペンライトは、プレゼントを経由せず直接加算されます<br>※ペンライトの所持上限に達している場合は、プレゼントに贈られます<br>※ペンライトの獲得量は、部員のレアリティに応じて異なります<br>・UR：500個<br>・SR：50個<br>・R ：20個<br><br>また、登場した部員の人数に応じて「勧誘ポイント [通常]」を入手します。<br>獲得した「勧誘ポイント」は交換所にて部員やアイテム等と交換できます。<br><br>交換されなかった「勧誘ポイント」は、本勧誘の終了時に自動的に「スキルブック（中）」に変換されます。<br>※変換されたスキルブック（中）は、プレゼントを経由せず直接加算されます<br>※スキルブック（中）の所持上限に達している場合は、プレゼントに贈られます,Normal Scout,"Normal Scout always features Members of rarity R or higher.<br>A 1x Scout costs 300 Loveca.<br>A 10x Scout costs 3,000 Loveca and guarantees at least one Member of rarity SR or higher.<br>A 1x Paid Scout costs 150 Paid Loveca and can be performed once per day.<br><br>If you Scout a Member you already have, they will automatically be converted into Penlights.<br>*Converted Penlights are added directly to your inventory, bypassing the present box.<br>*If your Penlight inventory is full, they will be sent to the present box.<br>*The number of Penlights received depends on the Member's rarity:<br>- UR: 500<br>- SR: 50<br>- R: 20<br><br>You'll also earn Scout Points [Normal] based on the number of Members you Scout.<br>Earned Scout Points can be exchanged for Members, items, and more at the Exchange.<br><br>Any unused Scout Points will automatically be converted into Skill Books (M) when this Scout ends.<br>*Converted Skill Books (M) are added directly to your inventory, bypassing the present box.<br>*If your Skill Book (M) inventory is full, they will be sent to the present box.",224011508
1110022,通常勧誘,「通常勧誘」は、R以上の部員が必ず登場します。<br>「1回勧誘」は、ラブカ300個で実施できます。<br>「10回勧誘」は、ラブカ3000個で実施でき、SR以上の部員が1人以上必ず加入します。<br>「有償1回勧誘」は、有償ラブカ150個で毎日1回だけ実施できます。<br><br>すでに加入している部員が登場した場合、自動で「ペンライト」に変換されます。<br>※変換されたペンライトは、プレゼントを経由せず直接加算されます<br>※ペンライトの所持上限に達している場合は、プレゼントに贈られます<br>※ペンライトの獲得量は、部員のレアリティに応じて異なります<br>・UR：500個<br>・SR：50個<br>・R ：20個<br><br>また、登場した部員の人数に応じて「勧誘ポイント [通常]」を入手します。<br>獲得した「勧誘ポイント」は交換所にて部員やアイテム等と交換できます。<br><br>交換されなかった「勧誘ポイント」は、本勧誘の終了時に自動的に「スキルブック（中）」に変換されます。<br>※変換されたスキルブック（中）は、プレゼントを経由せず直接加算されます<br>※スキルブック（中）の所持上限に達している場合は、プレゼントに贈られます,Normal Scout,"Normal Scout always features Members of rarity R or higher.<br>A 1x Scout costs 300 Loveca.<br>A 10x Scout costs 3,000 Loveca and guarantees at least one Member of rarity SR or higher.<br>A 1x Paid Scout costs 150 Paid Loveca and can be performed once per day.<br><br>If you Scout a Member you already have, they will automatically be converted into Penlights.<br>*Converted Penlights are added directly to your inventory, bypassing the present box.<br>*If your Penlight inventory is full, they will be sent to the present box.<br>*The number of Penlights received depends on the Member's rarity:<br>- UR: 500<br>- SR: 50<br>- R: 20<br><br>You'll also earn Scout Points [Normal] based on the number of Members you Scout.<br>Earned Scout Points can be exchanged for Members, items, and more at the Exchange.<br><br>Any unused Scout Points will automatically be converted into Skill Books (M) when this Scout ends.<br>*Converted Skill Books (M) are added directly to your inventory, bypassing the present box.<br>*If your Skill Book (M) inventory is full, they will be sent to the present box.",224013108
1110023,通常勧誘,「通常勧誘」は、R以上の部員が必ず登場します。<br>「1回勧誘」は、ラブカ300個で実施できます。<br>「10回勧誘」は、ラブカ3000個で実施でき、SR以上の部員が1人以上必ず加入します。<br>「有償1回勧誘」は、有償ラブカ150個で毎日1回だけ実施できます。<br><br>すでに加入している部員が登場した場合、自動で「ペンライト」に変換されます。<br>※変換されたペンライトは、プレゼントを経由せず直接加算されます<br>※ペンライトの所持上限に達している場合は、プレゼントに贈られます<br>※ペンライトの獲得量は、部員のレアリティに応じて異なります<br>・UR：500個<br>・SR：50個<br>・R ：20個<br><br>また、登場した部員の人数に応じて「勧誘ポイント [通常]」を入手します。<br>獲得した「勧誘ポイント」は交換所にて部員やアイテム等と交換できます。<br><br>交換されなかった「勧誘ポイント」は、本勧誘の終了時に自動的に「スキルブック（中）」に変換されます。<br>※変換されたスキルブック（中）は、プレゼントを経由せず直接加算されます<br>※スキルブック（中）の所持上限に達している場合は、プレゼントに贈られます,Normal Scout,"Normal Scout always features Members of rarity R or higher.<br>A 1x Scout costs 300 Loveca.<br>A 10x Scout costs 3,000 Loveca and guarantees at least one Member of rarity SR or higher.<br>A 1x Paid Scout costs 150 Paid Loveca and can be performed once per day.<br><br>If you Scout a Member you already have, they will automatically be converted into Penlights.<br>*Converted Penlights are added directly to your inventory, bypassing the present box.<br>*If your Penlight inventory is full, they will be sent to the present box.<br>*The number of Penlights received depends on the Member's rarity:<br>- UR: 500<br>- SR: 50<br>- R: 20<br><br>You'll also earn Scout Points [Normal] based on the number of Members you Scout.<br>Earned Scout Points can be exchanged for Members, items, and more at the Exchange.<br><br>Any unused Scout Points will automatically be converted into Skill Books (M) when this Scout ends.<br>*Converted Skill Books (M) are added directly to your inventory, bypassing the present box.<br>*If your Skill Book (M) inventory is full, they will be sent to the present box.",224021409
1110024,通常勧誘,「通常勧誘」は、R以上の部員が必ず登場します。<br>「1回勧誘」は、ラブカ300個で実施できます。<br>「10回勧誘」は、ラブカ3000個で実施でき、SR以上の部員が1人以上必ず加入します。<br>「有償1回勧誘」は、有償ラブカ150個で毎日1回だけ実施できます。<br><br>すでに加入している部員が登場した場合、自動で「ペンライト」に変換されます。<br>※変換されたペンライトは、プレゼントを経由せず直接加算されます<br>※ペンライトの所持上限に達している場合は、プレゼントに贈られます<br>※ペンライトの獲得量は、部員のレアリティに応じて異なります<br>・UR：500個<br>・SR：50個<br>・R ：20個<br><br>また、登場した部員の人数に応じて「勧誘ポイント [通常]」を入手します。<br>獲得した「勧誘ポイント」は交換所にて部員やアイテム等と交換できます。<br><br>交換されなかった「勧誘ポイント」は、本勧誘の終了時に自動的に「スキルブック（中）」に変換されます。<br>※変換されたスキルブック（中）は、プレゼントを経由せず直接加算されます<br>※スキルブック（中）の所持上限に達している場合は、プレゼントに贈られます,Normal Scout,"Normal Scout always features Members of rarity R or higher.<br>A 1x Scout costs 300 Loveca.<br>A 10x Scout costs 3,000 Loveca and guarantees at least one Member of rarity SR or higher.<br>A 1x Paid Scout costs 150 Paid Loveca and can be performed once per day.<br><br>If you Scout a Member you already have, they will automatically be converted into Penlights.<br>*Converted Penlights are added directly to your inventory, bypassing the present box.<br>*If your Penlight inventory is full, they will be sent to the present box.<br>*The number of Penlights received depends on the Member's rarity:<br>- UR: 500<br>- SR: 50<br>- R: 20<br><br>You'll also earn Scout Points [Normal] based on the number of Members you Scout.<br>Earned Scout Points can be exchanged for Members, items, and more at the Exchange.<br><br>Any unused Scout Points will automatically be converted into Skill Books (M) when this Scout ends.<br>*Converted Skill Books (M) are added directly to your inventory, bypassing the present box.<br>*If your Skill Book (M) inventory is full, they will be sent to the present box.",224030120
2110001,ピックアップ勧誘～わたしたちとこの街～,「ピックアップ勧誘～わたしたちとこの街～」は、R以上の部員が必ず登場します。<br>「1回勧誘」は、ラブカ300個で実施できます。<br>「10回勧誘」は、ラブカ3000個で実施でき、SR以上の部員が1人以上必ず加入します。<br>「有償1回勧誘」は、有償ラブカ150個で毎日1回だけ実施できます。<br><br>すでに加入している部員が登場した場合、自動で「ペンライト」に変換されます。<br>※変換されたペンライトは、プレゼントを経由せず直接加算されます<br>※ペンライトの所持上限に達している場合は、プレゼントに贈られます<br>※ペンライトの獲得量は、部員のレアリティに応じて異なります<br>・UR：500個<br>・SR：50個<br>・R ：20個<br><br>また、登場した部員の人数に応じて「勧誘ポイント [わたしたちとこの街]」を入手します。<br>獲得した「勧誘ポイント」は交換所にて部員やアイテム等と交換できます。<br><br>交換されなかった「勧誘ポイント」は、本勧誘の終了時に自動的に「スキルブック（中）」に変換されます。<br>※変換されたスキルブック（中）は、プレゼントを経由せず直接加算されます<br>※スキルブック（中）の所持上限に達している場合は、プレゼントに贈られます,Spotlight Scout: Us and This City,"Spotlight Scout: Us and This Town always features Members of rarity R or higher.<br>A 1x Scout costs 300 Loveca.<br>A 10x Scout costs 3,000 Loveca and guarantees at least one Member of rarity SR or higher.<br>A 1x Paid Scout costs 150 Paid Loveca and can be performed once per day.<br><br>If you Scout a Member you already have, they will automatically be converted into Penlights.<br>*Converted Penlights are added directly to your inventory, bypassing the present box.<br>*If your Penlight inventory is full, they will be sent to the present box.<br>*The number of Penlights received depends on the Member's rarity:<br>- UR: 500<br>- SR: 50<br>- R: 20<br><br>You'll also earn Scout Points [Us and This Town] based on the number of Members you Scout.<br>Earned Scout Points can be exchanged for Members, items, and more at the Exchange.<br><br>Any unused Scout Points will automatically be converted into Skill Books (M) when this Scout ends.<br>*Converted Skill Books (M) are added directly to your inventory, bypassing the present box.<br>*If your Skill Book (M) inventory is full, they will be sent to the present box.",223043002
2110002,ピックアップ勧誘～商店街をアピールだ！～,「ピックアップ勧誘～商店街をアピールだ！～」は、R以上の部員が必ず登場します。<br>「1回勧誘」は、ラブカ300個で実施できます。<br>「10回勧誘」は、ラブカ3000個で実施でき、SR以上の部員が1人以上必ず加入します。<br>「有償1回勧誘」は、有償ラブカ150個で毎日1回だけ実施できます。<br><br>すでに加入している部員が登場した場合、自動で「ペンライト」に変換されます。<br>※変換されたペンライトは、プレゼントを経由せず直接加算されます<br>※ペンライトの所持上限に達している場合は、プレゼントに贈られます<br>※ペンライトの獲得量は、部員のレアリティに応じて異なります<br>・UR：500個<br>・SR：50個<br>・R ：20個<br><br>また、登場した部員の人数に応じて「勧誘ポイント [商店街をアピールだ！]」を入手します。<br>獲得した「勧誘ポイント」は交換所にて部員やアイテム等と交換できます。<br><br>交換されなかった「勧誘ポイント」は、本勧誘の終了時に自動的に「スキルブック（中）」に変換されます。<br>※変換されたスキルブック（中）は、プレゼントを経由せず直接加算されます<br>※スキルブック（中）の所持上限に達している場合は、プレゼントに贈られます,Spotlight Scout: Let's Promote the Shopping District!,"Spotlight Scout: Show Off the Shopping District! always features Members of rarity R or higher.<br>A 1x Scout costs 300 Loveca.<br>A 10x Scout costs 3,000 Loveca and guarantees at least one Member of rarity SR or higher.<br>A 1x Paid Scout costs 150 Paid Loveca and can be performed once per day.<br><br>If you Scout a Member you already have, they will automatically be converted into Penlights.<br>*Converted Penlights are added directly to your inventory, bypassing the present box.<br>*If your Penlight inventory is full, they will be sent to the present box.<br>*The number of Penlights received depends on the Member's rarity:<br>- UR: 500<br>- SR: 50<br>- R: 20<br><br>You'll also earn Scout Points [Show Off the Shopping District!] based on the number of Members you Scout.<br>Earned Scout Points can be exchanged for Members, items, and more at the Exchange.<br><br>Any unused Scout Points will automatically be converted into Skill Books (M) when this Scout ends.<br>*Converted Skill Books (M) are added directly to your inventory, bypassing the present box.<br>*If your Skill Book (M) inventory is full, they will be sent to the present box.",223051502
2110003,ピックアップ勧誘～Live in Nature～,「ピックアップ勧誘～Live in Nature～」は、R以上の部員が必ず登場します。<br>「1回勧誘」は、ラブカ300個で実施できます。<br>「10回勧誘」は、ラブカ3000個で実施でき、SR以上の部員が1人以上必ず加入します。<br>「有償1回勧誘」は、有償ラブカ150個で毎日1回だけ実施できます。<br><br>すでに加入している部員が登場した場合、自動で「ペンライト」に変換されます。<br>※変換されたペンライトは、プレゼントを経由せず直接加算されます<br>※ペンライトの所持上限に達している場合は、プレゼントに贈られます<br>※ペンライトの獲得量は、部員のレアリティに応じて異なります<br>・UR：500個<br>・SR：50個<br>・R ：20個<br><br>また、登場した部員の人数に応じて「勧誘ポイント [Live in Nature]」を入手します。<br>獲得した「勧誘ポイント」は交換所にて部員やアイテム等と交換できます。<br><br>交換されなかった「勧誘ポイント」は、本勧誘の終了時に自動的に「スキルブック（中）」に変換されます。<br>※変換されたスキルブック（中）は、プレゼントを経由せず直接加算されます<br>※スキルブック（中）の所持上限に達している場合は、プレゼントに贈られます,Spotlight Scout: Live in Nature,"Spotlight Scout: Live in Nature always features Members of rarity R or higher.<br>A 1x Scout costs 300 Loveca.<br>A 10x Scout costs 3,000 Loveca and guarantees at least one Member of rarity SR or higher.<br>A 1x Paid Scout costs 150 Paid Loveca and can be performed once per day.<br><br>If you Scout a Member you already have, they will automatically be converted into Penlights.<br>*Converted Penlights are added directly to your inventory, bypassing the present box.<br>*If your Penlight inventory is full, they will be sent to the present box.<br>*The number of Penlights received depends on the Member's rarity:<br>- UR: 500<br>- SR: 50<br>- R: 20<br><br>You'll also earn Scout Points [Live in Nature] based on the number of Members you Scout.<br>Earned Scout Points can be exchanged for Members, items, and more at the Exchange.<br><br>Any unused Scout Points will automatically be converted into Skill Books (M) when this Scout ends.<br>*Converted Skill Books (M) are added directly to your inventory, bypassing the present box.<br>*If your Skill Book (M) inventory is full, they will be sent to the present box.",223053102
2110004,ピックアップ勧誘～煌めく踊り子～,「ピックアップ勧誘～煌めく踊り子～」は、R以上の部員が必ず登場します。<br>「1回勧誘」は、ラブカ300個で実施できます。<br>「10回勧誘」は、ラブカ3000個で実施でき、SR以上の部員が1人以上必ず加入します。<br>「有償1回勧誘」は、有償ラブカ150個で毎日1回だけ実施できます。<br><br>すでに加入している部員が登場した場合、自動で「ペンライト」に変換されます。<br>※変換されたペンライトは、プレゼントを経由せず直接加算されます<br>※ペンライトの所持上限に達している場合は、プレゼントに贈られます<br>※ペンライトの獲得量は、部員のレアリティに応じて異なります<br>・UR：500個<br>・SR：50個<br>・R ：20個<br><br>また、登場した部員の人数に応じて「勧誘ポイント [煌めく踊り子]」を入手します。<br>獲得した「勧誘ポイント」は交換所にて部員やアイテム等と交換できます。<br><br>交換されなかった「勧誘ポイント」は、本勧誘の終了時に自動的に「スキルブック（中）」に変換されます。<br>※変換されたスキルブック（中）は、プレゼントを経由せず直接加算されます<br>※スキルブック（中）の所持上限に達している場合は、プレゼントに贈られます,Spotlight Scout: Glittering Dancers,"Spotlight Scout: Glittering Dancer always features Members of rarity R or higher.<br>A 1x Scout costs 300 Loveca.<br>A 10x Scout costs 3,000 Loveca and guarantees at least one Member of rarity SR or higher.<br>A 1x Paid Scout costs 150 Paid Loveca and can be performed once per day.<br><br>If you Scout a Member you already have, they will automatically be converted into Penlights.<br>*Converted Penlights are added directly to your inventory, bypassing the present box.<br>*If your Penlight inventory is full, they will be sent to the present box.<br>*The number of Penlights received depends on the Member's rarity:<br>- UR: 500<br>- SR: 50<br>- R: 20<br><br>You'll also earn Scout Points [Glittering Dancer] based on the number of Members you Scout.<br>Earned Scout Points can be exchanged for Members, items, and more at the Exchange.<br><br>Any unused Scout Points will automatically be converted into Skill Books (M) when this Scout ends.<br>*Converted Skill Books (M) are added directly to your inventory, bypassing the present box.<br>*If your Skill Book (M) inventory is full, they will be sent to the present box.",223061502
2110005,ピックアップ勧誘～煌めく踊り子～,「ピックアップ勧誘～煌めく踊り子～」は、R以上の部員が必ず登場します。<br>「1回勧誘」は、ラブカ300個で実施できます。<br>「10回勧誘」は、ラブカ3000個で実施でき、SR以上の部員が1人以上必ず加入します。<br>「有償1回勧誘」は、有償ラブカ150個で毎日1回だけ実施できます。<br><br>すでに加入している部員が登場した場合、自動で「ペンライト」に変換されます。<br>※変換されたペンライトは、プレゼントを経由せず直接加算されます<br>※ペンライトの所持上限に達している場合は、プレゼントに贈られます<br>※ペンライトの獲得量は、部員のレアリティに応じて異なります<br>・UR：500個<br>・SR：50個<br>・R ：20個<br><br>また、登場した部員の人数に応じて「勧誘ポイント [煌めく踊り子]」を入手します。<br>獲得した「勧誘ポイント」は交換所にて部員やアイテム等と交換できます。<br><br>交換されなかった「勧誘ポイント」は、本勧誘の終了時に自動的に「スキルブック（中）」に変換されます。<br>※変換されたスキルブック（中）は、プレゼントを経由せず直接加算されます<br>※スキルブック（中）の所持上限に達している場合は、プレゼントに贈られます,Spotlight Scout: Glittering Dancers,"Spotlight Scout: Glittering Dancer always features Members of rarity R or higher.<br>A 1x Scout costs 300 Loveca.<br>A 10x Scout costs 3,000 Loveca and guarantees at least one Member of rarity SR or higher.<br>A 1x Paid Scout costs 150 Paid Loveca and can be performed once per day.<br><br>If you Scout a Member you already have, they will automatically be converted into Penlights.<br>*Converted Penlights are added directly to your inventory, bypassing the present box.<br>*If your Penlight inventory is full, they will be sent to the present box.<br>*The number of Penlights received depends on the Member's rarity:<br>- UR: 500<br>- SR: 50<br>- R: 20<br><br>You'll also earn Scout Points [Glittering Dancer] based on the number of Members you Scout.<br>Earned Scout Points can be exchanged for Members, items, and more at the Exchange.<br><br>Any unused Scout Points will automatically be converted into Skill Books (M) when this Scout ends.<br>*Converted Skill Books (M) are added directly to your inventory, bypassing the present box.<br>*If your Skill Book (M) inventory is full, they will be sent to the present box.",223061502
2110006,ピックアップ勧誘～太陽降り注ぐ夏合宿～,「ピックアップ勧誘～太陽降り注ぐ夏合宿～」は、R以上の部員が必ず登場します。<br>「1回勧誘」は、ラブカ300個で実施できます。<br>「10回勧誘」は、ラブカ3000個で実施でき、SR以上の部員が1人以上必ず加入します。<br>「有償1回勧誘」は、有償ラブカ150個で毎日1回だけ実施できます。<br><br>すでに加入している部員が登場した場合、自動で「ペンライト」に変換されます。<br>※変換されたペンライトは、プレゼントを経由せず直接加算されます<br>※ペンライトの所持上限に達している場合は、プレゼントに贈られます<br>※ペンライトの獲得量は、部員のレアリティに応じて異なります<br>・UR：500個<br>・SR：50個<br>・R ：20個<br><br>また、登場した部員の人数に応じて「勧誘ポイント [太陽降り注ぐ夏合宿]」を入手します。<br>獲得した「勧誘ポイント」は交換所にて部員やアイテム等と交換できます。<br><br>交換されなかった「勧誘ポイント」は、本勧誘の終了時に自動的に「スキルブック（中）」に変換されます。<br>※変換されたスキルブック（中）は、プレゼントを経由せず直接加算されます<br>※スキルブック（中）の所持上限に達している場合は、プレゼントに贈られます,Spotlight Scout: Sun-Soaked Summer Camp,"Spotlight Scout: Sun-Drenched Summer Camp always features Members of rarity R or higher.<br>A 1x Scout costs 300 Loveca.<br>A 10x Scout costs 3,000 Loveca and guarantees at least one Member of rarity SR or higher.<br>A 1x Paid Scout costs 150 Paid Loveca and can be performed once per day.<br><br>If you Scout a Member you already have, they will automatically be converted into Penlights.<br>*Converted Penlights are added directly to your inventory, bypassing the present box.<br>*If your Penlight inventory is full, they will be sent to the present box.<br>*The number of Penlights received depends on the Member's rarity:<br>- UR: 500<br>- SR: 50<br>- R: 20<br><br>You'll also earn Scout Points [Sun-Drenched Summer Camp] based on the number of Members you Scout.<br>Earned Scout Points can be exchanged for Members, items, and more at the Exchange.<br><br>Any unused Scout Points will automatically be converted into Skill Books (M) when this Scout ends.<br>*Converted Skill Books (M) are added directly to your inventory, bypassing the present box.<br>*If your Skill Book (M) inventory is full, they will be sent to the present box.",223063002
2110007,ピックアップ勧誘～太陽降り注ぐ夏合宿～,「ピックアップ勧誘～太陽降り注ぐ夏合宿～」は、R以上の部員が必ず登場します。<br>「1回勧誘」は、ラブカ300個で実施できます。<br>「10回勧誘」は、ラブカ3000個で実施でき、SR以上の部員が1人以上必ず加入します。<br>「有償1回勧誘」は、有償ラブカ150個で毎日1回だけ実施できます。<br><br>すでに加入している部員が登場した場合、自動で「ペンライト」に変換されます。<br>※変換されたペンライトは、プレゼントを経由せず直接加算されます<br>※ペンライトの所持上限に達している場合は、プレゼントに贈られます<br>※ペンライトの獲得量は、部員のレアリティに応じて異なります<br>・UR：500個<br>・SR：50個<br>・R ：20個<br><br>また、登場した部員の人数に応じて「勧誘ポイント [太陽降り注ぐ夏合宿]」を入手します。<br>獲得した「勧誘ポイント」は交換所にて部員やアイテム等と交換できます。<br><br>交換されなかった「勧誘ポイント」は、本勧誘の終了時に自動的に「スキルブック（中）」に変換されます。<br>※変換されたスキルブック（中）は、プレゼントを経由せず直接加算されます<br>※スキルブック（中）の所持上限に達している場合は、プレゼントに贈られます,Spotlight Scout: Sun-Soaked Summer Camp,"Spotlight Scout: Sun-Drenched Summer Camp always features Members of rarity R or higher.<br>A 1x Scout costs 300 Loveca.<br>A 10x Scout costs 3,000 Loveca and guarantees at least one Member of rarity SR or higher.<br>A 1x Paid Scout costs 150 Paid Loveca and can be performed once per day.<br><br>If you Scout a Member you already have, they will automatically be converted into Penlights.<br>*Converted Penlights are added directly to your inventory, bypassing the present box.<br>*If your Penlight inventory is full, they will be sent to the present box.<br>*The number of Penlights received depends on the Member's rarity:<br>- UR: 500<br>- SR: 50<br>- R: 20<br><br>You'll also earn Scout Points [Sun-Drenched Summer Camp] based on the number of Members you Scout.<br>Earned Scout Points can be exchanged for Members, items, and more at the Exchange.<br><br>Any unused Scout Points will automatically be converted into Skill Books (M) when this Scout ends.<br>*Converted Skill Books (M) are added directly to your inventory, bypassing the present box.<br>*If your Skill Book (M) inventory is full, they will be sent to the present box.",223063002
2110008,ピックアップ勧誘～真夏の人魚姫～,「ピックアップ勧誘～真夏の人魚姫～」は、R以上の部員が必ず登場します。<br>「1回勧誘」は、ラブカ300個で実施できます。<br>「10回勧誘」は、ラブカ3000個で実施でき、SR以上の部員が1人以上必ず加入します。<br>「有償1回勧誘」は、有償ラブカ150個で毎日1回だけ実施できます。<br><br>すでに加入している部員が登場した場合、自動で「ペンライト」に変換されます。<br>※変換されたペンライトは、プレゼントを経由せず直接加算されます<br>※ペンライトの所持上限に達している場合は、プレゼントに贈られます<br>※ペンライトの獲得量は、部員のレアリティに応じて異なります<br>・UR：500個<br>・SR：50個<br>・R ：20個<br><br>また、登場した部員の人数に応じて「勧誘ポイント [真夏の人魚姫]」を入手します。<br>獲得した「勧誘ポイント」は交換所にて部員やアイテム等と交換できます。<br><br>交換されなかった「勧誘ポイント」は、本勧誘の終了時に自動的に「スキルブック（中）」に変換されます。<br>※変換されたスキルブック（中）は、プレゼントを経由せず直接加算されます<br>※スキルブック（中）の所持上限に達している場合は、プレゼントに贈られます,Spotlight Scout: Midsummer Mermaid Princess,"Spotlight Scout: Midsummer Mermaid Princess always features Members of rarity R or higher.<br>A 1x Scout costs 300 Loveca.<br>A 10x Scout costs 3,000 Loveca and guarantees at least one Member of rarity SR or higher.<br>A 1x Paid Scout costs 150 Paid Loveca and can be performed once per day.<br><br>If you Scout a Member you already have, they will automatically be converted into Penlights.<br>*Converted Penlights are added directly to your inventory, bypassing the present box.<br>*If your Penlight inventory is full, they will be sent to the present box.<br>*The number of Penlights received depends on the Member's rarity:<br>- UR: 500<br>- SR: 50<br>- R: 20<br><br>You'll also earn Scout Points [Midsummer Mermaid Princess] based on the number of Members you Scout.<br>Earned Scout Points can be exchanged for Members, items, and more at the Exchange.<br><br>Any unused Scout Points will automatically be converted into Skill Books (M) when this Scout ends.<br>*Converted Skill Books (M) are added directly to your inventory, bypassing the present box.<br>*If your Skill Book (M) inventory is full, they will be sent to the present box.",223071503
2110009,ピックアップ勧誘～真夏の人魚姫～,「ピックアップ勧誘～真夏の人魚姫～」は、R以上の部員が必ず登場します。<br>「1回勧誘」は、ラブカ300個で実施できます。<br>「10回勧誘」は、ラブカ3000個で実施でき、SR以上の部員が1人以上必ず加入します。<br>「有償1回勧誘」は、有償ラブカ150個で毎日1回だけ実施できます。<br><br>すでに加入している部員が登場した場合、自動で「ペンライト」に変換されます。<br>※変換されたペンライトは、プレゼントを経由せず直接加算されます<br>※ペンライトの所持上限に達している場合は、プレゼントに贈られます<br>※ペンライトの獲得量は、部員のレアリティに応じて異なります<br>・UR：500個<br>・SR：50個<br>・R ：20個<br><br>また、登場した部員の人数に応じて「勧誘ポイント [真夏の人魚姫]」を入手します。<br>獲得した「勧誘ポイント」は交換所にて部員やアイテム等と交換できます。<br><br>交換されなかった「勧誘ポイント」は、本勧誘の終了時に自動的に「スキルブック（中）」に変換されます。<br>※変換されたスキルブック（中）は、プレゼントを経由せず直接加算されます<br>※スキルブック（中）の所持上限に達している場合は、プレゼントに贈られます,Spotlight Scout: Midsummer Mermaid Princess,"Spotlight Scout: Midsummer Mermaid Princess always features Members of rarity R or higher.<br>A 1x Scout costs 300 Loveca.<br>A 10x Scout costs 3,000 Loveca and guarantees at least one Member of rarity SR or higher.<br>A 1x Paid Scout costs 150 Paid Loveca and can be performed once per day.<br><br>If you Scout a Member you already have, they will automatically be converted into Penlights.<br>*Converted Penlights are added directly to your inventory, bypassing the present box.<br>*If your Penlight inventory is full, they will be sent to the present box.<br>*The number of Penlights received depends on the Member's rarity:<br>- UR: 500<br>- SR: 50<br>- R: 20<br><br>You'll also earn Scout Points [Midsummer Mermaid Princess] based on the number of Members you Scout.<br>Earned Scout Points can be exchanged for Members, items, and more at the Exchange.<br><br>Any unused Scout Points will automatically be converted into Skill Books (M) when this Scout ends.<br>*Converted Skill Books (M) are added directly to your inventory, bypassing the present box.<br>*If your Skill Book (M) inventory is full, they will be sent to the present box.",223071503
2110010,ピックアップ勧誘～砂浜駆ける夏の海～,「ピックアップ勧誘～砂浜駆ける夏の海～」は、R以上の部員が必ず登場します。<br>「1回勧誘」は、ラブカ300個で実施できます。<br>「10回勧誘」は、ラブカ3000個で実施でき、SR以上の部員が1人以上必ず加入します。<br>「有償1回勧誘」は、有償ラブカ150個で毎日1回だけ実施できます。<br><br>すでに加入している部員が登場した場合、自動で「ペンライト」に変換されます。<br>※変換されたペンライトは、プレゼントを経由せず直接加算されます<br>※ペンライトの所持上限に達している場合は、プレゼントに贈られます<br>※ペンライトの獲得量は、部員のレアリティに応じて異なります<br>・UR：500個<br>・SR：50個<br>・R ：20個<br><br>また、登場した部員の人数に応じて「勧誘ポイント [砂浜駆ける夏の海]」を入手します。<br>獲得した「勧誘ポイント」は交換所にて部員やアイテム等と交換できます。<br><br>交換されなかった「勧誘ポイント」は、本勧誘の終了時に自動的に「スキルブック（中）」に変換されます。<br>※変換されたスキルブック（中）は、プレゼントを経由せず直接加算されます<br>※スキルブック（中）の所持上限に達している場合は、プレゼントに贈られます,Spotlight Scout: Racing Across the Summer Shore,"Spotlight Scout: Running Along the Summer Shore always features Members of rarity R or higher.<br>A 1x Scout costs 300 Loveca.<br>A 10x Scout costs 3,000 Loveca and guarantees at least one Member of rarity SR or higher.<br>A 1x Paid Scout costs 150 Paid Loveca and can be performed once per day.<br><br>If you Scout a Member you already have, they will automatically be converted into Penlights.<br>*Converted Penlights are added directly to your inventory, bypassing the present box.<br>*If your Penlight inventory is full, they will be sent to the present box.<br>*The number of Penlights received depends on the Member's rarity:<br>- UR: 500<br>- SR: 50<br>- R: 20<br><br>You'll also earn Scout Points [Running Along the Summer Shore] based on the number of Members you Scout.<br>Earned Scout Points can be exchanged for Members, items, and more at the Exchange.<br><br>Any unused Scout Points will automatically be converted into Skill Books (M) when this Scout ends.<br>*Converted Skill Books (M) are added directly to your inventory, bypassing the present box.<br>*If your Skill Book (M) inventory is full, they will be sent to the present box.",223073102
2110011,ピックアップ勧誘～砂浜駆ける夏の海～,「ピックアップ勧誘～砂浜駆ける夏の海～」は、R以上の部員が必ず登場します。<br>「1回勧誘」は、ラブカ300個で実施できます。<br>「10回勧誘」は、ラブカ3000個で実施でき、SR以上の部員が1人以上必ず加入します。<br>「有償1回勧誘」は、有償ラブカ150個で毎日1回だけ実施できます。<br><br>すでに加入している部員が登場した場合、自動で「ペンライト」に変換されます。<br>※変換されたペンライトは、プレゼントを経由せず直接加算されます<br>※ペンライトの所持上限に達している場合は、プレゼントに贈られます<br>※ペンライトの獲得量は、部員のレアリティに応じて異なります<br>・UR：500個<br>・SR：50個<br>・R ：20個<br><br>また、登場した部員の人数に応じて「勧誘ポイント [砂浜駆ける夏の海]」を入手します。<br>獲得した「勧誘ポイント」は交換所にて部員やアイテム等と交換できます。<br><br>交換されなかった「勧誘ポイント」は、本勧誘の終了時に自動的に「スキルブック（中）」に変換されます。<br>※変換されたスキルブック（中）は、プレゼントを経由せず直接加算されます<br>※スキルブック（中）の所持上限に達している場合は、プレゼントに贈られます,Spotlight Scout: Racing Across the Summer Shore,"Spotlight Scout: Running Along the Summer Shore always features Members of rarity R or higher.<br>A 1x Scout costs 300 Loveca.<br>A 10x Scout costs 3,000 Loveca and guarantees at least one Member of rarity SR or higher.<br>A 1x Paid Scout costs 150 Paid Loveca and can be performed once per day.<br><br>If you Scout a Member you already have, they will automatically be converted into Penlights.<br>*Converted Penlights are added directly to your inventory, bypassing the present box.<br>*If your Penlight inventory is full, they will be sent to the present box.<br>*The number of Penlights received depends on the Member's rarity:<br>- UR: 500<br>- SR: 50<br>- R: 20<br><br>You'll also earn Scout Points [Running Along the Summer Shore] based on the number of Members you Scout.<br>Earned Scout Points can be exchanged for Members, items, and more at the Exchange.<br><br>Any unused Scout Points will automatically be converted into Skill Books (M) when this Scout ends.<br>*Converted Skill Books (M) are added directly to your inventory, bypassing the present box.<br>*If your Skill Book (M) inventory is full, they will be sent to the present box.",223073102
2110012,ピックアップ勧誘～夏夜に咲き誇る花～,「ピックアップ勧誘～夏夜に咲き誇る花～」は、R以上の部員が必ず登場します。<br>「1回勧誘」は、ラブカ300個で実施できます。<br>「10回勧誘」は、ラブカ3000個で実施でき、SR以上の部員が1人以上必ず加入します。<br>「有償1回勧誘」は、有償ラブカ150個で毎日1回だけ実施できます。<br><br>すでに加入している部員が登場した場合、自動で「ペンライト」に変換されます。<br>※変換されたペンライトは、プレゼントを経由せず直接加算されます<br>※ペンライトの所持上限に達している場合は、プレゼントに贈られます<br>※ペンライトの獲得量は、部員のレアリティに応じて異なります<br>・UR：500個<br>・SR：50個<br>・R ：20個<br><br>また、登場した部員の人数に応じて「勧誘ポイント [夏夜に咲き誇る花]」を入手します。<br>獲得した「勧誘ポイント」は交換所にて部員やアイテム等と交換できます。<br><br>交換されなかった「勧誘ポイント」は、本勧誘の終了時に自動的に「スキルブック（中）」に変換されます。<br>※変換されたスキルブック（中）は、プレゼントを経由せず直接加算されます<br>※スキルブック（中）の所持上限に達している場合は、プレゼントに贈られます,Spotlight Scout: Flowers Blooming in the Summer Night,"Spotlight Scout: Flowers Blooming on a Summer Night always features Members of rarity R or higher.<br>A 1x Scout costs 300 Loveca.<br>A 10x Scout costs 3,000 Loveca and guarantees at least one Member of rarity SR or higher.<br>A 1x Paid Scout costs 150 Paid Loveca and can be performed once per day.<br><br>If you Scout a Member you already have, they will automatically be converted into Penlights.<br>*Converted Penlights are added directly to your inventory, bypassing the present box.<br>*If your Penlight inventory is full, they will be sent to the present box.<br>*The number of Penlights received depends on the Member's rarity:<br>- UR: 500<br>- SR: 50<br>- R: 20<br><br>You'll also earn Scout Points [Flowers Blooming on a Summer Night] based on the number of Members you Scout.<br>Earned Scout Points can be exchanged for Members, items, and more at the Exchange.<br><br>Any unused Scout Points will automatically be converted into Skill Books (M) when this Scout ends.<br>*Converted Skill Books (M) are added directly to your inventory, bypassing the present box.<br>*If your Skill Book (M) inventory is full, they will be sent to the present box.",223081502
2110013,ピックアップ勧誘～夏夜に咲き誇る花～,「ピックアップ勧誘～夏夜に咲き誇る花～」は、R以上の部員が必ず登場します。<br>「1回勧誘」は、ラブカ300個で実施できます。<br>「10回勧誘」は、ラブカ3000個で実施でき、SR以上の部員が1人以上必ず加入します。<br>「有償1回勧誘」は、有償ラブカ150個で毎日1回だけ実施できます。<br><br>すでに加入している部員が登場した場合、自動で「ペンライト」に変換されます。<br>※変換されたペンライトは、プレゼントを経由せず直接加算されます<br>※ペンライトの所持上限に達している場合は、プレゼントに贈られます<br>※ペンライトの獲得量は、部員のレアリティに応じて異なります<br>・UR：500個<br>・SR：50個<br>・R ：20個<br><br>また、登場した部員の人数に応じて「勧誘ポイント [夏夜に咲き誇る花]」を入手します。<br>獲得した「勧誘ポイント」は交換所にて部員やアイテム等と交換できます。<br><br>交換されなかった「勧誘ポイント」は、本勧誘の終了時に自動的に「スキルブック（中）」に変換されます。<br>※変換されたスキルブック（中）は、プレゼントを経由せず直接加算されます<br>※スキルブック（中）の所持上限に達している場合は、プレゼントに贈られます,Spotlight Scout: Flowers Blooming in the Summer Night,"Spotlight Scout: Flowers Blooming on a Summer Night always features Members of rarity R or higher.<br>A 1x Scout costs 300 Loveca.<br>A 10x Scout costs 3,000 Loveca and guarantees at least one Member of rarity SR or higher.<br>A 1x Paid Scout costs 150 Paid Loveca and can be performed once per day.<br><br>If you Scout a Member you already have, they will automatically be converted into Penlights.<br>*Converted Penlights are added directly to your inventory, bypassing the present box.<br>*If your Penlight inventory is full, they will be sent to the present box.<br>*The number of Penlights received depends on the Member's rarity:<br>- UR: 500<br>- SR: 50<br>- R: 20<br><br>You'll also earn Scout Points [Flowers Blooming on a Summer Night] based on the number of Members you Scout.<br>Earned Scout Points can be exchanged for Members, items, and more at the Exchange.<br><br>Any unused Scout Points will automatically be converted into Skill Books (M) when this Scout ends.<br>*Converted Skill Books (M) are added directly to your inventory, bypassing the present box.<br>*If your Skill Book (M) inventory is full, they will be sent to the present box.",223081502
2110014,ピックアップ勧誘～月夜に輝く尾花～,「ピックアップ勧誘～月夜に輝く尾花～」は、R以上の部員が必ず登場します。<br>「1回勧誘」は、ラブカ300個で実施できます。<br>「10回勧誘」は、ラブカ3000個で実施でき、SR以上の部員が1人以上必ず加入します。<br>「有償1回勧誘」は、有償ラブカ150個で毎日1回だけ実施できます。<br><br>すでに加入している部員が登場した場合、自動で「ペンライト」に変換されます。<br>※変換されたペンライトは、プレゼントを経由せず直接加算されます<br>※ペンライトの所持上限に達している場合は、プレゼントに贈られます<br>※ペンライトの獲得量は、部員のレアリティに応じて異なります<br>・UR：500個<br>・SR：50個<br>・R ：20個<br><br>また、登場した部員の人数に応じて「勧誘ポイント [月夜に輝く尾花]」を入手します。<br>獲得した「勧誘ポイント」は交換所にて部員やアイテム等と交換できます。<br><br>交換されなかった「勧誘ポイント」は、本勧誘の終了時に自動的に「スキルブック（中）」に変換されます。<br>※変換されたスキルブック（中）は、プレゼントを経由せず直接加算されます<br>※スキルブック（中）の所持上限に達している場合は、プレゼントに贈られます,Spotlight Scout: Silvergrass in the Moonlight,"Spotlight Scout: Silver Grass Glowing in the Moonlight always features Members of rarity R or higher.<br>A 1x Scout costs 300 Loveca.<br>A 10x Scout costs 3,000 Loveca and guarantees at least one Member of rarity SR or higher.<br>A 1x Paid Scout costs 150 Paid Loveca and can be performed once per day.<br><br>If you Scout a Member you already have, they will automatically be converted into Penlights.<br>*Converted Penlights are added directly to your inventory, bypassing the present box.<br>*If your Penlight inventory is full, they will be sent to the present box.<br>*The number of Penlights received depends on the Member's rarity:<br>- UR: 500<br>- SR: 50<br>- R: 20<br><br>You'll also earn Scout Points [Silver Grass Glowing in the Moonlight] based on the number of Members you Scout.<br>Earned Scout Points can be exchanged for Members, items, and more at the Exchange.<br><br>Any unused Scout Points will automatically be converted into Skill Books (M) when this Scout ends.<br>*Converted Skill Books (M) are added directly to your inventory, bypassing the present box.<br>*If your Skill Book (M) inventory is full, they will be sent to the present box.",223083102
2110015,ピックアップ勧誘～月夜に輝く尾花～,「ピックアップ勧誘～月夜に輝く尾花～」は、R以上の部員が必ず登場します。<br>「1回勧誘」は、ラブカ300個で実施できます。<br>「10回勧誘」は、ラブカ3000個で実施でき、SR以上の部員が1人以上必ず加入します。<br>「有償1回勧誘」は、有償ラブカ150個で毎日1回だけ実施できます。<br><br>すでに加入している部員が登場した場合、自動で「ペンライト」に変換されます。<br>※変換されたペンライトは、プレゼントを経由せず直接加算されます<br>※ペンライトの所持上限に達している場合は、プレゼントに贈られます<br>※ペンライトの獲得量は、部員のレアリティに応じて異なります<br>・UR：500個<br>・SR：50個<br>・R ：20個<br><br>また、登場した部員の人数に応じて「勧誘ポイント [月夜に輝く尾花]」を入手します。<br>獲得した「勧誘ポイント」は交換所にて部員やアイテム等と交換できます。<br><br>交換されなかった「勧誘ポイント」は、本勧誘の終了時に自動的に「スキルブック（中）」に変換されます。<br>※変換されたスキルブック（中）は、プレゼントを経由せず直接加算されます<br>※スキルブック（中）の所持上限に達している場合は、プレゼントに贈られます,Spotlight Scout: Silvergrass in the Moonlight,"Spotlight Scout: Silver Grass Glowing in the Moonlight always features Members of rarity R or higher.<br>A 1x Scout costs 300 Loveca.<br>A 10x Scout costs 3,000 Loveca and guarantees at least one Member of rarity SR or higher.<br>A 1x Paid Scout costs 150 Paid Loveca and can be performed once per day.<br><br>If you Scout a Member you already have, they will automatically be converted into Penlights.<br>*Converted Penlights are added directly to your inventory, bypassing the present box.<br>*If your Penlight inventory is full, they will be sent to the present box.<br>*The number of Penlights received depends on the Member's rarity:<br>- UR: 500<br>- SR: 50<br>- R: 20<br><br>You'll also earn Scout Points [Silver Grass Glowing in the Moonlight] based on the number of Members you Scout.<br>Earned Scout Points can be exchanged for Members, items, and more at the Exchange.<br><br>Any unused Scout Points will automatically be converted into Skill Books (M) when this Scout ends.<br>*Converted Skill Books (M) are added directly to your inventory, bypassing the present box.<br>*If your Skill Book (M) inventory is full, they will be sent to the present box.",223083102
2110016,ピックアップ勧誘～浴衣で涼む街めぐり～,「ピックアップ勧誘～浴衣で涼む街めぐり～」は、R以上の部員が必ず登場します。<br>「1回勧誘」は、ラブカ300個で実施できます。<br>「10回勧誘」は、ラブカ3000個で実施でき、SR以上の部員が1人以上必ず加入します。<br>「有償1回勧誘」は、有償ラブカ150個で毎日1回だけ実施できます。<br><br>すでに加入している部員が登場した場合、自動で「ペンライト」に変換されます。<br>※変換されたペンライトは、プレゼントを経由せず直接加算されます<br>※ペンライトの所持上限に達している場合は、プレゼントに贈られます<br>※ペンライトの獲得量は、部員のレアリティに応じて異なります<br>・UR：500個<br>・SR：50個<br>・R ：20個<br><br>また、登場した部員の人数に応じて「勧誘ポイント [浴衣で涼む街めぐり]」を入手します。<br>獲得した「勧誘ポイント」は交換所にて部員やアイテム等と交換できます。<br><br>交換されなかった「勧誘ポイント」は、本勧誘の終了時に自動的に「スキルブック（中）」に変換されます。<br>※変換されたスキルブック（中）は、プレゼントを経由せず直接加算されます<br>※スキルブック（中）の所持上限に達している場合は、プレゼントに贈られます,Spotlight Scout: Summer Stroll in Yukata,"Spotlight Scout: Strolling the Town in a Yukata always features Members of rarity R or higher.<br>A 1x Scout costs 300 Loveca.<br>A 10x Scout costs 3,000 Loveca and guarantees at least one Member of rarity SR or higher.<br>A 1x Paid Scout costs 150 Paid Loveca and can be performed once per day.<br><br>If you Scout a Member you already have, they will automatically be converted into Penlights.<br>*Converted Penlights are added directly to your inventory, bypassing the present box.<br>*If your Penlight inventory is full, they will be sent to the present box.<br>*The number of Penlights received depends on the Member's rarity:<br>- UR: 500<br>- SR: 50<br>- R: 20<br><br>You'll also earn Scout Points [Strolling the Town in a Yukata] based on the number of Members you Scout.<br>Earned Scout Points can be exchanged for Members, items, and more at the Exchange.<br><br>Any unused Scout Points will automatically be converted into Skill Books (M) when this Scout ends.<br>*Converted Skill Books (M) are added directly to your inventory, bypassing the present box.<br>*If your Skill Book (M) inventory is full, they will be sent to the present box.",223091502
2110017,ピックアップ勧誘～浴衣で涼む街めぐり～,「ピックアップ勧誘～浴衣で涼む街めぐり～」は、R以上の部員が必ず登場します。<br>「1回勧誘」は、ラブカ300個で実施できます。<br>「10回勧誘」は、ラブカ3000個で実施でき、SR以上の部員が1人以上必ず加入します。<br>「有償1回勧誘」は、有償ラブカ150個で毎日1回だけ実施できます。<br><br>すでに加入している部員が登場した場合、自動で「ペンライト」に変換されます。<br>※変換されたペンライトは、プレゼントを経由せず直接加算されます<br>※ペンライトの所持上限に達している場合は、プレゼントに贈られます<br>※ペンライトの獲得量は、部員のレアリティに応じて異なります<br>・UR：500個<br>・SR：50個<br>・R ：20個<br><br>また、登場した部員の人数に応じて「勧誘ポイント [浴衣で涼む街めぐり]」を入手します。<br>獲得した「勧誘ポイント」は交換所にて部員やアイテム等と交換できます。<br><br>交換されなかった「勧誘ポイント」は、本勧誘の終了時に自動的に「スキルブック（中）」に変換されます。<br>※変換されたスキルブック（中）は、プレゼントを経由せず直接加算されます<br>※スキルブック（中）の所持上限に達している場合は、プレゼントに贈られます,Spotlight Scout: Summer Stroll in Yukata,"Spotlight Scout: Strolling the Town in a Yukata always features Members of rarity R or higher.<br>A 1x Scout costs 300 Loveca.<br>A 10x Scout costs 3,000 Loveca and guarantees at least one Member of rarity SR or higher.<br>A 1x Paid Scout costs 150 Paid Loveca and can be performed once per day.<br><br>If you Scout a Member you already have, they will automatically be converted into Penlights.<br>*Converted Penlights are added directly to your inventory, bypassing the present box.<br>*If your Penlight inventory is full, they will be sent to the present box.<br>*The number of Penlights received depends on the Member's rarity:<br>- UR: 500<br>- SR: 50<br>- R: 20<br><br>You'll also earn Scout Points [Strolling the Town in a Yukata] based on the number of Members you Scout.<br>Earned Scout Points can be exchanged for Members, items, and more at the Exchange.<br><br>Any unused Scout Points will automatically be converted into Skill Books (M) when this Scout ends.<br>*Converted Skill Books (M) are added directly to your inventory, bypassing the present box.<br>*If your Skill Book (M) inventory is full, they will be sent to the present box.",223091502
2110018,ピックアップ勧誘～Trick or Treat!～,「ピックアップ勧誘～Trick or Treat!～」は、R以上の部員が必ず登場します。<br>「1回勧誘」は、ラブカ300個で実施できます。<br>「10回勧誘」は、ラブカ3000個で実施でき、SR以上の部員が1人以上必ず加入します。<br>「有償1回勧誘」は、有償ラブカ150個で毎日1回だけ実施できます。<br><br>すでに加入している部員が登場した場合、自動で「ペンライト」に変換されます。<br>※変換されたペンライトは、プレゼントを経由せず直接加算されます<br>※ペンライトの所持上限に達している場合は、プレゼントに贈られます<br>※ペンライトの獲得量は、部員のレアリティに応じて異なります<br>・UR：500個<br>・SR：50個<br>・R ：20個<br><br>また、登場した部員の人数に応じて「勧誘ポイント [Trick or Treat!]」を入手します。<br>獲得した「勧誘ポイント」は交換所にて部員やアイテム等と交換できます。<br><br>交換されなかった「勧誘ポイント」は、本勧誘の終了時に自動的に「スキルブック（中）」に変換されます。<br>※変換されたスキルブック（中）は、プレゼントを経由せず直接加算されます<br>※スキルブック（中）の所持上限に達している場合は、プレゼントに贈られます,Spotlight Scout: Trick or Treat!,"Spotlight Scout: Trick or Treat! always features Members of rarity R or higher.<br>A 1x Scout costs 300 Loveca.<br>A 10x Scout costs 3,000 Loveca and guarantees at least one Member of rarity SR or higher.<br>A 1x Paid Scout costs 150 Paid Loveca and can be performed once per day.<br><br>If you Scout a Member you already have, they will automatically be converted into Penlights.<br>*Converted Penlights are added directly to your inventory, bypassing the present box.<br>*If your Penlight inventory is full, they will be sent to the present box.<br>*The number of Penlights received depends on the Member's rarity:<br>- UR: 500<br>- SR: 50<br>- R: 20<br><br>You'll also earn Scout Points [Trick or Treat!] based on the number of Members you Scout.<br>Earned Scout Points can be exchanged for Members, items, and more at the Exchange.<br><br>Any unused Scout Points will automatically be converted into Skill Books (M) when this Scout ends.<br>*Converted Skill Books (M) are added directly to your inventory, bypassing the present box.<br>*If your Skill Book (M) inventory is full, they will be sent to the present box.",223093002
2110019,ピックアップ勧誘～Trick or Treat!～,「ピックアップ勧誘～Trick or Treat!～」は、R以上の部員が必ず登場します。<br>「1回勧誘」は、ラブカ300個で実施できます。<br>「10回勧誘」は、ラブカ3000個で実施でき、SR以上の部員が1人以上必ず加入します。<br>「有償1回勧誘」は、有償ラブカ150個で毎日1回だけ実施できます。<br><br>すでに加入している部員が登場した場合、自動で「ペンライト」に変換されます。<br>※変換されたペンライトは、プレゼントを経由せず直接加算されます<br>※ペンライトの所持上限に達している場合は、プレゼントに贈られます<br>※ペンライトの獲得量は、部員のレアリティに応じて異なります<br>・UR：500個<br>・SR：50個<br>・R ：20個<br><br>また、登場した部員の人数に応じて「勧誘ポイント [Trick or Treat!]」を入手します。<br>獲得した「勧誘ポイント」は交換所にて部員やアイテム等と交換できます。<br><br>交換されなかった「勧誘ポイント」は、本勧誘の終了時に自動的に「スキルブック（中）」に変換されます。<br>※変換されたスキルブック（中）は、プレゼントを経由せず直接加算されます<br>※スキルブック（中）の所持上限に達している場合は、プレゼントに贈られます,Spotlight Scout: Trick or Treat!,"Spotlight Scout: Trick or Treat! always features Members of rarity R or higher.<br>A 1x Scout costs 300 Loveca.<br>A 10x Scout costs 3,000 Loveca and guarantees at least one Member of rarity SR or higher.<br>A 1x Paid Scout costs 150 Paid Loveca and can be performed once per day.<br><br>If you Scout a Member you already have, they will automatically be converted into Penlights.<br>*Converted Penlights are added directly to your inventory, bypassing the present box.<br>*If your Penlight inventory is full, they will be sent to the present box.<br>*The number of Penlights received depends on the Member's rarity:<br>- UR: 500<br>- SR: 50<br>- R: 20<br><br>You'll also earn Scout Points [Trick or Treat!] based on the number of Members you Scout.<br>Earned Scout Points can be exchanged for Members, items, and more at the Exchange.<br><br>Any unused Scout Points will automatically be converted into Skill Books (M) when this Scout ends.<br>*Converted Skill Books (M) are added directly to your inventory, bypassing the present box.<br>*If your Skill Book (M) inventory is full, they will be sent to the present box.",223093002
2110020,ピックアップ勧誘～Boo! Boo! ハロウィンランド～,「ピックアップ勧誘～Boo! Boo! ハロウィンランド～」は、R以上の部員が必ず登場します。<br>「1回勧誘」は、ラブカ300個で実施できます。<br>「10回勧誘」は、ラブカ3000個で実施でき、SR以上の部員が1人以上必ず加入します。<br>「有償1回勧誘」は、有償ラブカ150個で毎日1回だけ実施できます。<br><br>すでに加入している部員が登場した場合、自動で「ペンライト」に変換されます。<br>※変換されたペンライトは、プレゼントを経由せず直接加算されます<br>※ペンライトの所持上限に達している場合は、プレゼントに贈られます<br>※ペンライトの獲得量は、部員のレアリティに応じて異なります<br>・UR：500個<br>・SR：50個<br>・R ：20個<br><br>また、登場した部員の人数に応じて「勧誘ポイント [Half Anniversary]」を入手します。<br>獲得した「勧誘ポイント」は交換所にて部員やアイテム等と交換できます。<br><br>交換されなかった「勧誘ポイント」は、本勧誘の終了時に自動的に「スキルブック（中）」に変換されます。<br>※変換されたスキルブック（中）は、プレゼントを経由せず直接加算されます<br>※スキルブック（中）の所持上限に達している場合は、プレゼントに贈られます,Spotlight Scout: Boo! Boo! Halloween Land,"Spotlight Scout: Boo! Boo! Halloween Land always features Members of rarity R or higher.<br>A 1x Scout costs 300 Loveca.<br>A 10x Scout costs 3,000 Loveca and guarantees at least one Member of rarity SR or higher.<br>A 1x Paid Scout costs 150 Paid Loveca and can be performed once per day.<br><br>If you Scout a Member you already have, they will automatically be converted into Penlights.<br>*Converted Penlights are added directly to your inventory, bypassing the present box.<br>*If your Penlight inventory is full, they will be sent to the present box.<br>*The number of Penlights received depends on the Member's rarity:<br>- UR: 500<br>- SR: 50<br>- R: 20<br><br>You'll also earn Scout Points [Half Anniversary] based on the number of Members you Scout.<br>Earned Scout Points can be exchanged for Members, items, and more at the Exchange.<br><br>Any unused Scout Points will automatically be converted into Skill Books (M) when this Scout ends.<br>*Converted Skill Books (M) are added directly to your inventory, bypassing the present box.<br>*If your Skill Book (M) inventory is full, they will be sent to the present box.",223101506
2110021,ピックアップ勧誘～Boo! Boo! ハロウィンランド～,「ピックアップ勧誘～Boo! Boo! ハロウィンランド～」は、R以上の部員が必ず登場します。<br>「1回勧誘」は、ラブカ300個で実施できます。<br>「10回勧誘」は、ラブカ3000個で実施でき、SR以上の部員が1人以上必ず加入します。<br>「有償1回勧誘」は、有償ラブカ150個で毎日1回だけ実施できます。<br><br>すでに加入している部員が登場した場合、自動で「ペンライト」に変換されます。<br>※変換されたペンライトは、プレゼントを経由せず直接加算されます<br>※ペンライトの所持上限に達している場合は、プレゼントに贈られます<br>※ペンライトの獲得量は、部員のレアリティに応じて異なります<br>・UR：500個<br>・SR：50個<br>・R ：20個<br><br>また、登場した部員の人数に応じて「勧誘ポイント [Half Anniversary]」を入手します。<br>獲得した「勧誘ポイント」は交換所にて部員やアイテム等と交換できます。<br><br>交換されなかった「勧誘ポイント」は、本勧誘の終了時に自動的に「スキルブック（中）」に変換されます。<br>※変換されたスキルブック（中）は、プレゼントを経由せず直接加算されます<br>※スキルブック（中）の所持上限に達している場合は、プレゼントに贈られます,Spotlight Scout: Boo! Boo! Halloween Land,"Spotlight Scout: Boo! Boo! Halloween Land always features Members of rarity R or higher.<br>A 1x Scout costs 300 Loveca.<br>A 10x Scout costs 3,000 Loveca and guarantees at least one Member of rarity SR or higher.<br>A 1x Paid Scout costs 150 Paid Loveca and can be performed once per day.<br><br>If you Scout a Member you already have, they will automatically be converted into Penlights.<br>*Converted Penlights are added directly to your inventory, bypassing the present box.<br>*If your Penlight inventory is full, they will be sent to the present box.<br>*The number of Penlights received depends on the Member's rarity:<br>- UR: 500<br>- SR: 50<br>- R: 20<br><br>You'll also earn Scout Points [Half Anniversary] based on the number of Members you Scout.<br>Earned Scout Points can be exchanged for Members, items, and more at the Exchange.<br><br>Any unused Scout Points will automatically be converted into Skill Books (M) when this Scout ends.<br>*Converted Skill Books (M) are added directly to your inventory, bypassing the present box.<br>*If your Skill Book (M) inventory is full, they will be sent to the present box.",223101506
2110022,ピックアップ勧誘～ひだまりのマーチングバンド～,「ピックアップ勧誘～ひだまりのマーチングバンド～」は、R以上の部員が必ず登場します。<br>「1回勧誘」は、ラブカ300個で実施できます。<br>「10回勧誘」は、ラブカ3000個で実施でき、SR以上の部員が1人以上必ず加入します。<br>「有償1回勧誘」は、有償ラブカ150個で毎日1回だけ実施できます。<br><br>すでに加入している部員が登場した場合、自動で「ペンライト」に変換されます。<br>※変換されたペンライトは、プレゼントを経由せず直接加算されます<br>※ペンライトの所持上限に達している場合は、プレゼントに贈られます<br>※ペンライトの獲得量は、部員のレアリティに応じて異なります<br>・UR：500個<br>・SR：50個<br>・R ：20個<br><br>また、登場した部員の人数に応じて「勧誘ポイント [ひだまりのマーチングバンド]」を入手します。<br>獲得した「勧誘ポイント」は交換所にて部員やアイテム等と交換できます。<br><br>交換されなかった「勧誘ポイント」は、本勧誘の終了時に自動的に「スキルブック（中）」に変換されます。<br>※変換されたスキルブック（中）は、プレゼントを経由せず直接加算されます<br>※スキルブック（中）の所持上限に達している場合は、プレゼントに贈られます,Spotlight Scout: Sunny Marching Band,"Spotlight Scout: Sunlit Marching Band always features Members of rarity R or higher.<br>A 1x Scout costs 300 Loveca.<br>A 10x Scout costs 3,000 Loveca and guarantees at least one Member of rarity SR or higher.<br>A 1x Paid Scout costs 150 Paid Loveca and can be performed once per day.<br><br>If you Scout a Member you already have, they will automatically be converted into Penlights.<br>*Converted Penlights are added directly to your inventory, bypassing the present box.<br>*If your Penlight inventory is full, they will be sent to the present box.<br>*The number of Penlights received depends on the Member's rarity:<br>- UR: 500<br>- SR: 50<br>- R: 20<br><br>You'll also earn Scout Points [Sunlit Marching Band] based on the number of Members you Scout.<br>Earned Scout Points can be exchanged for Members, items, and more at the Exchange.<br><br>Any unused Scout Points will automatically be converted into Skill Books (M) when this Scout ends.<br>*Converted Skill Books (M) are added directly to your inventory, bypassing the present box.<br>*If your Skill Book (M) inventory is full, they will be sent to the present box.",223103108
2110023,ピックアップ勧誘～ひだまりのマーチングバンド～,「ピックアップ勧誘～ひだまりのマーチングバンド～」は、R以上の部員が必ず登場します。<br>「1回勧誘」は、ラブカ300個で実施できます。<br>「10回勧誘」は、ラブカ3000個で実施でき、SR以上の部員が1人以上必ず加入します。<br>「有償1回勧誘」は、有償ラブカ150個で毎日1回だけ実施できます。<br><br>すでに加入している部員が登場した場合、自動で「ペンライト」に変換されます。<br>※変換されたペンライトは、プレゼントを経由せず直接加算されます<br>※ペンライトの所持上限に達している場合は、プレゼントに贈られます<br>※ペンライトの獲得量は、部員のレアリティに応じて異なります<br>・UR：500個<br>・SR：50個<br>・R ：20個<br><br>また、登場した部員の人数に応じて「勧誘ポイント [ひだまりのマーチングバンド]」を入手します。<br>獲得した「勧誘ポイント」は交換所にて部員やアイテム等と交換できます。<br><br>交換されなかった「勧誘ポイント」は、本勧誘の終了時に自動的に「スキルブック（中）」に変換されます。<br>※変換されたスキルブック（中）は、プレゼントを経由せず直接加算されます<br>※スキルブック（中）の所持上限に達している場合は、プレゼントに贈られます,Spotlight Scout: Sunny Marching Band,"Spotlight Scout: Sunlit Marching Band always features Members of rarity R or higher.<br>A 1x Scout costs 300 Loveca.<br>A 10x Scout costs 3,000 Loveca and guarantees at least one Member of rarity SR or higher.<br>A 1x Paid Scout costs 150 Paid Loveca and can be performed once per day.<br><br>If you Scout a Member you already have, they will automatically be converted into Penlights.<br>*Converted Penlights are added directly to your inventory, bypassing the present box.<br>*If your Penlight inventory is full, they will be sent to the present box.<br>*The number of Penlights received depends on the Member's rarity:<br>- UR: 500<br>- SR: 50<br>- R: 20<br><br>You'll also earn Scout Points [Sunlit Marching Band] based on the number of Members you Scout.<br>Earned Scout Points can be exchanged for Members, items, and more at the Exchange.<br><br>Any unused Scout Points will automatically be converted into Skill Books (M) when this Scout ends.<br>*Converted Skill Books (M) are added directly to your inventory, bypassing the present box.<br>*If your Skill Book (M) inventory is full, they will be sent to the present box.",223103108
2110024,ピックアップ勧誘～にゃんにゃん🐾メイドさん～,「ピックアップ勧誘～にゃんにゃん🐾メイドさん～」は、R以上の部員が必ず登場します。<br>「1回勧誘」は、ラブカ300個で実施できます。<br>「10回勧誘」は、ラブカ3000個で実施でき、SR以上の部員が1人以上必ず加入します。<br>「有償1回勧誘」は、有償ラブカ150個で毎日1回だけ実施できます。<br><br>すでに加入している部員が登場した場合、自動で「ペンライト」に変換されます。<br>※変換されたペンライトは、プレゼントを経由せず直接加算されます<br>※ペンライトの所持上限に達している場合は、プレゼントに贈られます<br>※ペンライトの獲得量は、部員のレアリティに応じて異なります<br>・UR：500個<br>・SR：50個<br>・R ：20個<br><br>また、登場した部員の人数に応じて「勧誘ポイント [にゃんにゃん🐾メイドさん]」を入手します。<br>獲得した「勧誘ポイント」は交換所にて部員やアイテム等と交換できます。<br><br>交換されなかった「勧誘ポイント」は、本勧誘の終了時に自動的に「スキルブック（中）」に変換されます。<br>※変換されたスキルブック（中）は、プレゼントを経由せず直接加算されます<br>※スキルブック（中）の所持上限に達している場合は、プレゼントに贈られます,Spotlight Scout: Nya-Nya 🐾 Maids,"Spotlight Scout: Nyan-Nyan🐾 Maids always features Members of rarity R or higher.<br>A 1x Scout costs 300 Loveca.<br>A 10x Scout costs 3,000 Loveca and guarantees at least one Member of rarity SR or higher.<br>A 1x Paid Scout costs 150 Paid Loveca and can be performed once per day.<br><br>If you Scout a Member you already have, they will automatically be converted into Penlights.<br>*Converted Penlights are added directly to your inventory, bypassing the present box.<br>*If your Penlight inventory is full, they will be sent to the present box.<br>*The number of Penlights received depends on the Member's rarity:<br>- UR: 500<br>- SR: 50<br>- R: 20<br><br>You'll also earn Scout Points [Nyan-Nyan🐾 Maids] based on the number of Members you Scout.<br>Earned Scout Points can be exchanged for Members, items, and more at the Exchange.<br><br>Any unused Scout Points will automatically be converted into Skill Books (M) when this Scout ends.<br>*Converted Skill Books (M) are added directly to your inventory, bypassing the present box.<br>*If your Skill Book (M) inventory is full, they will be sent to the present box.",223111502
2110025,ピックアップ勧誘～にゃんにゃん🐾メイドさん～,「ピックアップ勧誘～にゃんにゃん🐾メイドさん～」は、R以上の部員が必ず登場します。<br>「1回勧誘」は、ラブカ300個で実施できます。<br>「10回勧誘」は、ラブカ3000個で実施でき、SR以上の部員が1人以上必ず加入します。<br>「有償1回勧誘」は、有償ラブカ150個で毎日1回だけ実施できます。<br><br>すでに加入している部員が登場した場合、自動で「ペンライト」に変換されます。<br>※変換されたペンライトは、プレゼントを経由せず直接加算されます<br>※ペンライトの所持上限に達している場合は、プレゼントに贈られます<br>※ペンライトの獲得量は、部員のレアリティに応じて異なります<br>・UR：500個<br>・SR：50個<br>・R ：20個<br><br>また、登場した部員の人数に応じて「勧誘ポイント [にゃんにゃん🐾メイドさん]」を入手します。<br>獲得した「勧誘ポイント」は交換所にて部員やアイテム等と交換できます。<br><br>交換されなかった「勧誘ポイント」は、本勧誘の終了時に自動的に「スキルブック（中）」に変換されます。<br>※変換されたスキルブック（中）は、プレゼントを経由せず直接加算されます<br>※スキルブック（中）の所持上限に達している場合は、プレゼントに贈られます,Spotlight Scout: Nya-Nya 🐾 Maids,"Spotlight Scout: Nyan-Nyan🐾 Maids always features Members of rarity R or higher.<br>A 1x Scout costs 300 Loveca.<br>A 10x Scout costs 3,000 Loveca and guarantees at least one Member of rarity SR or higher.<br>A 1x Paid Scout costs 150 Paid Loveca and can be performed once per day.<br><br>If you Scout a Member you already have, they will automatically be converted into Penlights.<br>*Converted Penlights are added directly to your inventory, bypassing the present box.<br>*If your Penlight inventory is full, they will be sent to the present box.<br>*The number of Penlights received depends on the Member's rarity:<br>- UR: 500<br>- SR: 50<br>- R: 20<br><br>You'll also earn Scout Points [Nyan-Nyan🐾 Maids] based on the number of Members you Scout.<br>Earned Scout Points can be exchanged for Members, items, and more at the Exchange.<br><br>Any unused Scout Points will automatically be converted into Skill Books (M) when this Scout ends.<br>*Converted Skill Books (M) are added directly to your inventory, bypassing the present box.<br>*If your Skill Book (M) inventory is full, they will be sent to the present box.",223111502
2110026,ピックアップ勧誘～みんなでMerryChristmas！～,「ピックアップ勧誘～みんなでMerryChristmas！～」は、R以上の部員が必ず登場します。<br>「1回勧誘」は、ラブカ300個で実施できます。<br>「10回勧誘」は、ラブカ3000個で実施でき、SR以上の部員が1人以上必ず加入します。<br>「有償1回勧誘」は、有償ラブカ150個で毎日1回だけ実施できます。<br><br>すでに加入している部員が登場した場合、自動で「ペンライト」に変換されます。<br>※変換されたペンライトは、プレゼントを経由せず直接加算されます<br>※ペンライトの所持上限に達している場合は、プレゼントに贈られます<br>※ペンライトの獲得量は、部員のレアリティに応じて異なります<br>・UR：500個<br>・SR：50個<br>・R ：20個<br><br>また、登場した部員の人数に応じて「勧誘ポイント [みんなでMerryChristmas！]」を入手します。<br>獲得した「勧誘ポイント」は交換所にて部員やアイテム等と交換できます。<br><br>交換されなかった「勧誘ポイント」は、本勧誘の終了時に自動的に「スキルブック（中）」に変換されます。<br>※変換されたスキルブック（中）は、プレゼントを経由せず直接加算されます<br>※スキルブック（中）の所持上限に達している場合は、プレゼントに贈られます,"Spotlight Scout: Merry Christmas, Everyone!","Spotlight Scout: Merry Christmas Together! always features Members of rarity R or higher.<br>A 1x Scout costs 300 Loveca.<br>A 10x Scout costs 3,000 Loveca and guarantees at least one Member of rarity SR or higher.<br>A 1x Paid Scout costs 150 Paid Loveca and can be performed once per day.<br><br>If you Scout a Member you already have, they will automatically be converted into Penlights.<br>*Converted Penlights are added directly to your inventory, bypassing the present box.<br>*If your Penlight inventory is full, they will be sent to the present box.<br>*The number of Penlights received depends on the Member's rarity:<br>- UR: 500<br>- SR: 50<br>- R: 20<br><br>You'll also earn Scout Points [Merry Christmas Together!] based on the number of Members you Scout.<br>Earned Scout Points can be exchanged for Members, items, and more at the Exchange.<br><br>Any unused Scout Points will automatically be converted into Skill Books (M) when this Scout ends.<br>*Converted Skill Books (M) are added directly to your inventory, bypassing the present box.<br>*If your Skill Book (M) inventory is full, they will be sent to the present box.",223113009
2110027,ピックアップ勧誘～みんなでMerryChristmas！～,「ピックアップ勧誘～みんなでMerryChristmas！～」は、R以上の部員が必ず登場します。<br>「1回勧誘」は、ラブカ300個で実施できます。<br>「10回勧誘」は、ラブカ3000個で実施でき、SR以上の部員が1人以上必ず加入します。<br>「有償1回勧誘」は、有償ラブカ150個で毎日1回だけ実施できます。<br><br>すでに加入している部員が登場した場合、自動で「ペンライト」に変換されます。<br>※変換されたペンライトは、プレゼントを経由せず直接加算されます<br>※ペンライトの所持上限に達している場合は、プレゼントに贈られます<br>※ペンライトの獲得量は、部員のレアリティに応じて異なります<br>・UR：500個<br>・SR：50個<br>・R ：20個<br><br>また、登場した部員の人数に応じて「勧誘ポイント [みんなでMerryChristmas！]」を入手します。<br>獲得した「勧誘ポイント」は交換所にて部員やアイテム等と交換できます。<br><br>交換されなかった「勧誘ポイント」は、本勧誘の終了時に自動的に「スキルブック（中）」に変換されます。<br>※変換されたスキルブック（中）は、プレゼントを経由せず直接加算されます<br>※スキルブック（中）の所持上限に達している場合は、プレゼントに贈られます,"Spotlight Scout: Merry Christmas, Everyone!","Spotlight Scout: Merry Christmas Together! always features Members of rarity R or higher.<br>A 1x Scout costs 300 Loveca.<br>A 10x Scout costs 3,000 Loveca and guarantees at least one Member of rarity SR or higher.<br>A 1x Paid Scout costs 150 Paid Loveca and can be performed once per day.<br><br>If you Scout a Member you already have, they will automatically be converted into Penlights.<br>*Converted Penlights are added directly to your inventory, bypassing the present box.<br>*If your Penlight inventory is full, they will be sent to the present box.<br>*The number of Penlights received depends on the Member's rarity:<br>- UR: 500<br>- SR: 50<br>- R: 20<br><br>You'll also earn Scout Points [Merry Christmas Together!] based on the number of Members you Scout.<br>Earned Scout Points can be exchanged for Members, items, and more at the Exchange.<br><br>Any unused Scout Points will automatically be converted into Skill Books (M) when this Scout ends.<br>*Converted Skill Books (M) are added directly to your inventory, bypassing the present box.<br>*If your Skill Book (M) inventory is full, they will be sent to the present box.",223113009
2110028,ピックアップ勧誘～雪まつりのサンタクロース～,「ピックアップ勧誘～雪まつりのサンタクロース～」は、R以上の部員が必ず登場します。<br>「1回勧誘」は、ラブカ300個で実施できます。<br>「10回勧誘」は、ラブカ3000個で実施でき、SR以上の部員が1人以上必ず加入します。<br>「有償1回勧誘」は、有償ラブカ150個で毎日1回だけ実施できます。<br><br>すでに加入している部員が登場した場合、自動で「ペンライト」に変換されます。<br>※変換されたペンライトは、プレゼントを経由せず直接加算されます<br>※ペンライトの所持上限に達している場合は、プレゼントに贈られます<br>※ペンライトの獲得量は、部員のレアリティに応じて異なります<br>・UR：500個<br>・SR：50個<br>・R ：20個<br><br>また、登場した部員の人数に応じて「勧誘ポイント [雪まつりのサンタクロース]」を入手します。<br>獲得した「勧誘ポイント」は交換所にて部員やアイテム等と交換できます。<br><br>交換されなかった「勧誘ポイント」は、本勧誘の終了時に自動的に「スキルブック（中）」に変換されます。<br>※変換されたスキルブック（中）は、プレゼントを経由せず直接加算されます<br>※スキルブック（中）の所持上限に達している場合は、プレゼントに贈られます,Spotlight Scout: Santa Claus at the Snow Festival,"Spotlight Scout: Santa Claus at the Snow Festival always features Members of rarity R or higher.<br>A 1x Scout costs 300 Loveca.<br>A 10x Scout costs 3,000 Loveca and guarantees at least one Member of rarity SR or higher.<br>A 1x Paid Scout costs 150 Paid Loveca and can be performed once per day.<br><br>If you Scout a Member you already have, they will automatically be converted into Penlights.<br>*Converted Penlights are added directly to your inventory, bypassing the present box.<br>*If your Penlight inventory is full, they will be sent to the present box.<br>*The number of Penlights received depends on the Member's rarity:<br>- UR: 500<br>- SR: 50<br>- R: 20<br><br>You'll also earn Scout Points [Santa Claus at the Snow Festival] based on the number of Members you Scout.<br>Earned Scout Points can be exchanged for Members, items, and more at the Exchange.<br><br>Any unused Scout Points will automatically be converted into Skill Books (M) when this Scout ends.<br>*Converted Skill Books (M) are added directly to your inventory, bypassing the present box.<br>*If your Skill Book (M) inventory is full, they will be sent to the present box.",223121505
2110029,ピックアップ勧誘～雪まつりのサンタクロース～,「ピックアップ勧誘～雪まつりのサンタクロース～」は、R以上の部員が必ず登場します。<br>「1回勧誘」は、ラブカ300個で実施できます。<br>「10回勧誘」は、ラブカ3000個で実施でき、SR以上の部員が1人以上必ず加入します。<br>「有償1回勧誘」は、有償ラブカ150個で毎日1回だけ実施できます。<br><br>すでに加入している部員が登場した場合、自動で「ペンライト」に変換されます。<br>※変換されたペンライトは、プレゼントを経由せず直接加算されます<br>※ペンライトの所持上限に達している場合は、プレゼントに贈られます<br>※ペンライトの獲得量は、部員のレアリティに応じて異なります<br>・UR：500個<br>・SR：50個<br>・R ：20個<br><br>また、登場した部員の人数に応じて「勧誘ポイント [雪まつりのサンタクロース]」を入手します。<br>獲得した「勧誘ポイント」は交換所にて部員やアイテム等と交換できます。<br><br>交換されなかった「勧誘ポイント」は、本勧誘の終了時に自動的に「スキルブック（中）」に変換されます。<br>※変換されたスキルブック（中）は、プレゼントを経由せず直接加算されます<br>※スキルブック（中）の所持上限に達している場合は、プレゼントに贈られます,Spotlight Scout: Santa Claus at the Snow Festival,"Spotlight Scout: Santa Claus at the Snow Festival always features Members of rarity R or higher.<br>A 1x Scout costs 300 Loveca.<br>A 10x Scout costs 3,000 Loveca and guarantees at least one Member of rarity SR or higher.<br>A 1x Paid Scout costs 150 Paid Loveca and can be performed once per day.<br><br>If you Scout a Member you already have, they will automatically be converted into Penlights.<br>*Converted Penlights are added directly to your inventory, bypassing the present box.<br>*If your Penlight inventory is full, they will be sent to the present box.<br>*The number of Penlights received depends on the Member's rarity:<br>- UR: 500<br>- SR: 50<br>- R: 20<br><br>You'll also earn Scout Points [Santa Claus at the Snow Festival] based on the number of Members you Scout.<br>Earned Scout Points can be exchanged for Members, items, and more at the Exchange.<br><br>Any unused Scout Points will automatically be converted into Skill Books (M) when this Scout ends.<br>*Converted Skill Books (M) are added directly to your inventory, bypassing the present box.<br>*If your Skill Book (M) inventory is full, they will be sent to the present box.",223121505
2110030,ピックアップ勧誘～みんなへのあけましておめでとう～,「ピックアップ勧誘～みんなへのあけましておめでとう～」は、R以上の部員が必ず登場します。<br>「1回勧誘」は、ラブカ300個で実施できます。<br>「10回勧誘」は、ラブカ3000個で実施でき、SR以上の部員が1人以上必ず加入します。<br>「有償1回勧誘」は、有償ラブカ150個で毎日1回だけ実施できます。<br><br>すでに加入している部員が登場した場合、自動で「ペンライト」に変換されます。<br>※変換されたペンライトは、プレゼントを経由せず直接加算されます<br>※ペンライトの所持上限に達している場合は、プレゼントに贈られます<br>※ペンライトの獲得量は、部員のレアリティに応じて異なります<br>・UR：500個<br>・SR：50個<br>・R ：20個<br><br>また、登場した部員の人数に応じて「勧誘ポイント [みんなへのあけましておめでとう]」を入手します。<br>獲得した「勧誘ポイント」は交換所にて部員やアイテム等と交換できます。<br><br>交換されなかった「勧誘ポイント」は、本勧誘の終了時に自動的に「スキルブック（中）」に変換されます。<br>※変換されたスキルブック（中）は、プレゼントを経由せず直接加算されます<br>※スキルブック（中）の所持上限に達している場合は、プレゼントに贈られます,Spotlight Scout: Happy New Year to Everyone!,"Spotlight Scout: Happy New Year to Everyone always features Members of rarity R or higher.<br>A 1x Scout costs 300 Loveca.<br>A 10x Scout costs 3,000 Loveca and guarantees at least one Member of rarity SR or higher.<br>A 1x Paid Scout costs 150 Paid Loveca and can be performed once per day.<br><br>If you Scout a Member you already have, they will automatically be converted into Penlights.<br>*Converted Penlights are added directly to your inventory, bypassing the present box.<br>*If your Penlight inventory is full, they will be sent to the present box.<br>*The number of Penlights received depends on the Member's rarity:<br>- UR: 500<br>- SR: 50<br>- R: 20<br><br>You'll also earn Scout Points [Happy New Year to Everyone] based on the number of Members you Scout.<br>Earned Scout Points can be exchanged for Members, items, and more at the Exchange.<br><br>Any unused Scout Points will automatically be converted into Skill Books (M) when this Scout ends.<br>*Converted Skill Books (M) are added directly to your inventory, bypassing the present box.<br>*If your Skill Book (M) inventory is full, they will be sent to the present box.",223123102
2110031,ピックアップ勧誘～みんなへのあけましておめでとう～,「ピックアップ勧誘～みんなへのあけましておめでとう～」は、R以上の部員が必ず登場します。<br>「1回勧誘」は、ラブカ300個で実施できます。<br>「10回勧誘」は、ラブカ3000個で実施でき、SR以上の部員が1人以上必ず加入します。<br>「有償1回勧誘」は、有償ラブカ150個で毎日1回だけ実施できます。<br><br>すでに加入している部員が登場した場合、自動で「ペンライト」に変換されます。<br>※変換されたペンライトは、プレゼントを経由せず直接加算されます<br>※ペンライトの所持上限に達している場合は、プレゼントに贈られます<br>※ペンライトの獲得量は、部員のレアリティに応じて異なります<br>・UR：500個<br>・SR：50個<br>・R ：20個<br><br>また、登場した部員の人数に応じて「勧誘ポイント [みんなへのあけましておめでとう]」を入手します。<br>獲得した「勧誘ポイント」は交換所にて部員やアイテム等と交換できます。<br><br>交換されなかった「勧誘ポイント」は、本勧誘の終了時に自動的に「スキルブック（中）」に変換されます。<br>※変換されたスキルブック（中）は、プレゼントを経由せず直接加算されます<br>※スキルブック（中）の所持上限に達している場合は、プレゼントに贈られます,Spotlight Scout: Happy New Year to Everyone!,"Spotlight Scout: Happy New Year to Everyone always features Members of rarity R or higher.<br>A 1x Scout costs 300 Loveca.<br>A 10x Scout costs 3,000 Loveca and guarantees at least one Member of rarity SR or higher.<br>A 1x Paid Scout costs 150 Paid Loveca and can be performed once per day.<br><br>If you Scout a Member you already have, they will automatically be converted into Penlights.<br>*Converted Penlights are added directly to your inventory, bypassing the present box.<br>*If your Penlight inventory is full, they will be sent to the present box.<br>*The number of Penlights received depends on the Member's rarity:<br>- UR: 500<br>- SR: 50<br>- R: 20<br><br>You'll also earn Scout Points [Happy New Year to Everyone] based on the number of Members you Scout.<br>Earned Scout Points can be exchanged for Members, items, and more at the Exchange.<br><br>Any unused Scout Points will automatically be converted into Skill Books (M) when this Scout ends.<br>*Converted Skill Books (M) are added directly to your inventory, bypassing the present box.<br>*If your Skill Book (M) inventory is full, they will be sent to the present box.",223123102
2110032,ピックアップ勧誘～氷上のフェアリー～,「ピックアップ勧誘～氷上のフェアリー～」は、R以上の部員が必ず登場します。<br>「1回勧誘」は、ラブカ300個で実施できます。<br>「10回勧誘」は、ラブカ3000個で実施でき、SR以上の部員が1人以上必ず加入します。<br>「有償1回勧誘」は、有償ラブカ150個で毎日1回だけ実施できます。<br><br>すでに加入している部員が登場した場合、自動で「ペンライト」に変換されます。<br>※変換されたペンライトは、プレゼントを経由せず直接加算されます<br>※ペンライトの所持上限に達している場合は、プレゼントに贈られます<br>※ペンライトの獲得量は、部員のレアリティに応じて異なります<br>・UR：500個<br>・SR：50個<br>・R ：20個<br><br>また、登場した部員の人数に応じて「勧誘ポイント [氷上のフェアリー]」を入手します。<br>獲得した「勧誘ポイント」は交換所にて部員やアイテム等と交換できます。<br><br>交換されなかった「勧誘ポイント」は、本勧誘の終了時に自動的に「スキルブック（中）」に変換されます。<br>※変換されたスキルブック（中）は、プレゼントを経由せず直接加算されます<br>※スキルブック（中）の所持上限に達している場合は、プレゼントに贈られます,Spotlight Scout: Fairy on Ice,"Spotlight Scout: Fairy on the Ice always features Members of rarity R or higher.<br>A 1x Scout costs 300 Loveca.<br>A 10x Scout costs 3,000 Loveca and guarantees at least one Member of rarity SR or higher.<br>A 1x Paid Scout costs 150 Paid Loveca and can be performed once per day.<br><br>If you Scout a Member you already have, they will automatically be converted into Penlights.<br>*Converted Penlights are added directly to your inventory, bypassing the present box.<br>*If your Penlight inventory is full, they will be sent to the present box.<br>*The number of Penlights received depends on the Member's rarity:<br>- UR: 500<br>- SR: 50<br>- R: 20<br><br>You'll also earn Scout Points [Fairy on the Ice] based on the number of Members you Scout.<br>Earned Scout Points can be exchanged for Members, items, and more at the Exchange.<br><br>Any unused Scout Points will automatically be converted into Skill Books (M) when this Scout ends.<br>*Converted Skill Books (M) are added directly to your inventory, bypassing the present box.<br>*If your Skill Book (M) inventory is full, they will be sent to the present box.",224011502
2110033,ピックアップ勧誘～氷上のフェアリー～,「ピックアップ勧誘～氷上のフェアリー～」は、R以上の部員が必ず登場します。<br>「1回勧誘」は、ラブカ300個で実施できます。<br>「10回勧誘」は、ラブカ3000個で実施でき、SR以上の部員が1人以上必ず加入します。<br>「有償1回勧誘」は、有償ラブカ150個で毎日1回だけ実施できます。<br><br>すでに加入している部員が登場した場合、自動で「ペンライト」に変換されます。<br>※変換されたペンライトは、プレゼントを経由せず直接加算されます<br>※ペンライトの所持上限に達している場合は、プレゼントに贈られます<br>※ペンライトの獲得量は、部員のレアリティに応じて異なります<br>・UR：500個<br>・SR：50個<br>・R ：20個<br><br>また、登場した部員の人数に応じて「勧誘ポイント [氷上のフェアリー]」を入手します。<br>獲得した「勧誘ポイント」は交換所にて部員やアイテム等と交換できます。<br><br>交換されなかった「勧誘ポイント」は、本勧誘の終了時に自動的に「スキルブック（中）」に変換されます。<br>※変換されたスキルブック（中）は、プレゼントを経由せず直接加算されます<br>※スキルブック（中）の所持上限に達している場合は、プレゼントに贈られます,Spotlight Scout: Fairy on Ice,"Spotlight Scout: Fairy on the Ice always features Members of rarity R or higher.<br>A 1x Scout costs 300 Loveca.<br>A 10x Scout costs 3,000 Loveca and guarantees at least one Member of rarity SR or higher.<br>A 1x Paid Scout costs 150 Paid Loveca and can be performed once per day.<br><br>If you Scout a Member you already have, they will automatically be converted into Penlights.<br>*Converted Penlights are added directly to your inventory, bypassing the present box.<br>*If your Penlight inventory is full, they will be sent to the present box.<br>*The number of Penlights received depends on the Member's rarity:<br>- UR: 500<br>- SR: 50<br>- R: 20<br><br>You'll also earn Scout Points [Fairy on the Ice] based on the number of Members you Scout.<br>Earned Scout Points can be exchanged for Members, items, and more at the Exchange.<br><br>Any unused Scout Points will automatically be converted into Skill Books (M) when this Scout ends.<br>*Converted Skill Books (M) are added directly to your inventory, bypassing the present box.<br>*If your Skill Book (M) inventory is full, they will be sent to the present box.",224011502
2110034,ピックアップ勧誘～恋に囚われし乙女～,「ピックアップ勧誘～恋に囚われし乙女～」は、R以上の部員が必ず登場します。<br>「1回勧誘」は、ラブカ300個で実施できます。<br>「10回勧誘」は、ラブカ3000個で実施でき、SR以上の部員が1人以上必ず加入します。<br>「有償1回勧誘」は、有償ラブカ150個で毎日1回だけ実施できます。<br><br>すでに加入している部員が登場した場合、自動で「ペンライト」に変換されます。<br>※変換されたペンライトは、プレゼントを経由せず直接加算されます<br>※ペンライトの所持上限に達している場合は、プレゼントに贈られます<br>※ペンライトの獲得量は、部員のレアリティに応じて異なります<br>・UR：500個<br>・SR：50個<br>・R ：20個<br><br>また、登場した部員の人数に応じて「勧誘ポイント [恋に囚われし乙女]」を入手します。<br>獲得した「勧誘ポイント」は交換所にて部員やアイテム等と交換できます。<br><br>交換されなかった「勧誘ポイント」は、本勧誘の終了時に自動的に「スキルブック（中）」に変換されます。<br>※変換されたスキルブック（中）は、プレゼントを経由せず直接加算されます<br>※スキルブック（中）の所持上限に達している場合は、プレゼントに贈られます,Spotlight Scout: Maidens Captivated by Love,"Spotlight Scout: Maiden Captivated by Love always features Members of rarity R or higher.<br>A 1x Scout costs 300 Loveca.<br>A 10x Scout costs 3,000 Loveca and guarantees at least one Member of rarity SR or higher.<br>A 1x Paid Scout costs 150 Paid Loveca and can be performed once per day.<br><br>If you Scout a Member you already have, they will automatically be converted into Penlights.<br>*Converted Penlights are added directly to your inventory, bypassing the present box.<br>*If your Penlight inventory is full, they will be sent to the present box.<br>*The number of Penlights received depends on the Member's rarity:<br>- UR: 500<br>- SR: 50<br>- R: 20<br><br>You'll also earn Scout Points [Maiden Captivated by Love] based on the number of Members you Scout.<br>Earned Scout Points can be exchanged for Members, items, and more at the Exchange.<br><br>Any unused Scout Points will automatically be converted into Skill Books (M) when this Scout ends.<br>*Converted Skill Books (M) are added directly to your inventory, bypassing the present box.<br>*If your Skill Book (M) inventory is full, they will be sent to the present box.",224013102
2110035,ピックアップ勧誘～恋に囚われし乙女～,「ピックアップ勧誘～恋に囚われし乙女～」は、R以上の部員が必ず登場します。<br>「1回勧誘」は、ラブカ300個で実施できます。<br>「10回勧誘」は、ラブカ3000個で実施でき、SR以上の部員が1人以上必ず加入します。<br>「有償1回勧誘」は、有償ラブカ150個で毎日1回だけ実施できます。<br><br>すでに加入している部員が登場した場合、自動で「ペンライト」に変換されます。<br>※変換されたペンライトは、プレゼントを経由せず直接加算されます<br>※ペンライトの所持上限に達している場合は、プレゼントに贈られます<br>※ペンライトの獲得量は、部員のレアリティに応じて異なります<br>・UR：500個<br>・SR：50個<br>・R ：20個<br><br>また、登場した部員の人数に応じて「勧誘ポイント [恋に囚われし乙女]」を入手します。<br>獲得した「勧誘ポイント」は交換所にて部員やアイテム等と交換できます。<br><br>交換されなかった「勧誘ポイント」は、本勧誘の終了時に自動的に「スキルブック（中）」に変換されます。<br>※変換されたスキルブック（中）は、プレゼントを経由せず直接加算されます<br>※スキルブック（中）の所持上限に達している場合は、プレゼントに贈られます,Spotlight Scout: Maidens Captivated by Love,"Spotlight Scout: Maiden Captivated by Love always features Members of rarity R or higher.<br>A 1x Scout costs 300 Loveca.<br>A 10x Scout costs 3,000 Loveca and guarantees at least one Member of rarity SR or higher.<br>A 1x Paid Scout costs 150 Paid Loveca and can be performed once per day.<br><br>If you Scout a Member you already have, they will automatically be converted into Penlights.<br>*Converted Penlights are added directly to your inventory, bypassing the present box.<br>*If your Penlight inventory is full, they will be sent to the present box.<br>*The number of Penlights received depends on the Member's rarity:<br>- UR: 500<br>- SR: 50<br>- R: 20<br><br>You'll also earn Scout Points [Maiden Captivated by Love] based on the number of Members you Scout.<br>Earned Scout Points can be exchanged for Members, items, and more at the Exchange.<br><br>Any unused Scout Points will automatically be converted into Skill Books (M) when this Scout ends.<br>*Converted Skill Books (M) are added directly to your inventory, bypassing the present box.<br>*If your Skill Book (M) inventory is full, they will be sent to the present box.",224013102
2110036,ピックアップ勧誘～百鬼夜行の夜～,「ピックアップ勧誘～百鬼夜行の夜～」は、R以上の部員が必ず登場します。<br>「1回勧誘」は、ラブカ300個で実施できます。<br>「10回勧誘」は、ラブカ3000個で実施でき、SR以上の部員が1人以上必ず加入します。<br>「有償1回勧誘」は、有償ラブカ150個で毎日1回だけ実施できます。<br><br>すでに加入している部員が登場した場合、自動で「ペンライト」に変換されます。<br>※変換されたペンライトは、プレゼントを経由せず直接加算されます<br>※ペンライトの所持上限に達している場合は、プレゼントに贈られます<br>※ペンライトの獲得量は、部員のレアリティに応じて異なります<br>・UR：500個<br>・SR：50個<br>・R ：20個<br><br>また、登場した部員の人数に応じて「勧誘ポイント [百鬼夜行の夜]」を入手します。<br>獲得した「勧誘ポイント」は交換所にて部員やアイテム等と交換できます。<br><br>交換されなかった「勧誘ポイント」は、本勧誘の終了時に自動的に「スキルブック（中）」に変換されます。<br>※変換されたスキルブック（中）は、プレゼントを経由せず直接加算されます<br>※スキルブック（中）の所持上限に達している場合は、プレゼントに贈られます,Spotlight Scout: Night of the Hundred Demons,"Spotlight Scout: Night of the Hundred Demons always features Members of rarity R or higher.<br>A 1x Scout costs 300 Loveca.<br>A 10x Scout costs 3,000 Loveca and guarantees at least one Member of rarity SR or higher.<br>A 1x Paid Scout costs 150 Paid Loveca and can be performed once per day.<br><br>If you Scout a Member you already have, they will automatically be converted into Penlights.<br>*Converted Penlights are added directly to your inventory, bypassing the present box.<br>*If your Penlight inventory is full, they will be sent to the present box.<br>*The number of Penlights received depends on the Member's rarity:<br>- UR: 500<br>- SR: 50<br>- R: 20<br><br>You'll also earn Scout Points [Night of the Hundred Demons] based on the number of Members you Scout.<br>Earned Scout Points can be exchanged for Members, items, and more at the Exchange.<br><br>Any unused Scout Points will automatically be converted into Skill Books (M) when this Scout ends.<br>*Converted Skill Books (M) are added directly to your inventory, bypassing the present box.<br>*If your Skill Book (M) inventory is full, they will be sent to the present box.",224021402
2110037,ピックアップ勧誘～百鬼夜行の夜～,「ピックアップ勧誘～百鬼夜行の夜～」は、R以上の部員が必ず登場します。<br>「1回勧誘」は、ラブカ300個で実施できます。<br>「10回勧誘」は、ラブカ3000個で実施でき、SR以上の部員が1人以上必ず加入します。<br>「有償1回勧誘」は、有償ラブカ150個で毎日1回だけ実施できます。<br><br>すでに加入している部員が登場した場合、自動で「ペンライト」に変換されます。<br>※変換されたペンライトは、プレゼントを経由せず直接加算されます<br>※ペンライトの所持上限に達している場合は、プレゼントに贈られます<br>※ペンライトの獲得量は、部員のレアリティに応じて異なります<br>・UR：500個<br>・SR：50個<br>・R ：20個<br><br>また、登場した部員の人数に応じて「勧誘ポイント [百鬼夜行の夜]」を入手します。<br>獲得した「勧誘ポイント」は交換所にて部員やアイテム等と交換できます。<br><br>交換されなかった「勧誘ポイント」は、本勧誘の終了時に自動的に「スキルブック（中）」に変換されます。<br>※変換されたスキルブック（中）は、プレゼントを経由せず直接加算されます<br>※スキルブック（中）の所持上限に達している場合は、プレゼントに贈られます,Spotlight Scout: Night of the Hundred Demons,"Spotlight Scout: Night of the Hundred Demons always features Members of rarity R or higher.<br>A 1x Scout costs 300 Loveca.<br>A 10x Scout costs 3,000 Loveca and guarantees at least one Member of rarity SR or higher.<br>A 1x Paid Scout costs 150 Paid Loveca and can be performed once per day.<br><br>If you Scout a Member you already have, they will automatically be converted into Penlights.<br>*Converted Penlights are added directly to your inventory, bypassing the present box.<br>*If your Penlight inventory is full, they will be sent to the present box.<br>*The number of Penlights received depends on the Member's rarity:<br>- UR: 500<br>- SR: 50<br>- R: 20<br><br>You'll also earn Scout Points [Night of the Hundred Demons] based on the number of Members you Scout.<br>Earned Scout Points can be exchanged for Members, items, and more at the Exchange.<br><br>Any unused Scout Points will automatically be converted into Skill Books (M) when this Scout ends.<br>*Converted Skill Books (M) are added directly to your inventory, bypassing the present box.<br>*If your Skill Book (M) inventory is full, they will be sent to the present box.",224021402
2110038,ピックアップ勧誘～Y2K♡GALS～,「ピックアップ勧誘～Y2K♡GALS～」は、R以上の部員が必ず登場します。<br>「1回勧誘」は、ラブカ300個で実施できます。<br>「10回勧誘」は、ラブカ3000個で実施でき、SR以上の部員が1人以上必ず加入します。<br>「有償1回勧誘」は、有償ラブカ150個で毎日1回だけ実施できます。<br><br>すでに加入している部員が登場した場合、自動で「ペンライト」に変換されます。<br>※変換されたペンライトは、プレゼントを経由せず直接加算されます<br>※ペンライトの所持上限に達している場合は、プレゼントに贈られます<br>※ペンライトの獲得量は、部員のレアリティに応じて異なります<br>・UR：500個<br>・SR：50個<br>・R ：20個<br><br>また、登場した部員の人数に応じて「勧誘ポイント [Y2K♡GALS]」を入手します。<br>獲得した「勧誘ポイント」は交換所にて部員やアイテム等と交換できます。<br><br>交換されなかった「勧誘ポイント」は、本勧誘の終了時に自動的に「スキルブック（中）」に変換されます。<br>※変換されたスキルブック（中）は、プレゼントを経由せず直接加算されます<br>※スキルブック（中）の所持上限に達している場合は、プレゼントに贈られます,Spotlight Scout: Y2K♡GALS,"Spotlight Scout: Y2K♡GALS always features Members of rarity R or higher.<br>A 1x Scout costs 300 Loveca.<br>A 10x Scout costs 3,000 Loveca and guarantees at least one Member of rarity SR or higher.<br>A 1x Paid Scout costs 150 Paid Loveca and can be performed once per day.<br><br>If you Scout a Member you already have, they will automatically be converted into Penlights.<br>*Converted Penlights are added directly to your inventory, bypassing the present box.<br>*If your Penlight inventory is full, they will be sent to the present box.<br>*The number of Penlights received depends on the Member's rarity:<br>- UR: 500<br>- SR: 50<br>- R: 20<br><br>You'll also earn Scout Points [Y2K♡GALS] based on the number of Members you Scout.<br>Earned Scout Points can be exchanged for Members, items, and more at the Exchange.<br><br>Any unused Scout Points will automatically be converted into Skill Books (M) when this Scout ends.<br>*Converted Skill Books (M) are added directly to your inventory, bypassing the present box.<br>*If your Skill Book (M) inventory is full, they will be sent to the present box.",224030102
2110039,ピックアップ勧誘～Y2K♡GALS～,「ピックアップ勧誘～Y2K♡GALS～」は、R以上の部員が必ず登場します。<br>「1回勧誘」は、ラブカ300個で実施できます。<br>「10回勧誘」は、ラブカ3000個で実施でき、SR以上の部員が1人以上必ず加入します。<br>「有償1回勧誘」は、有償ラブカ150個で毎日1回だけ実施できます。<br><br>すでに加入している部員が登場した場合、自動で「ペンライト」に変換されます。<br>※変換されたペンライトは、プレゼントを経由せず直接加算されます<br>※ペンライトの所持上限に達している場合は、プレゼントに贈られます<br>※ペンライトの獲得量は、部員のレアリティに応じて異なります<br>・UR：500個<br>・SR：50個<br>・R ：20個<br><br>また、登場した部員の人数に応じて「勧誘ポイント [Y2K♡GALS]」を入手します。<br>獲得した「勧誘ポイント」は交換所にて部員やアイテム等と交換できます。<br><br>交換されなかった「勧誘ポイント」は、本勧誘の終了時に自動的に「スキルブック（中）」に変換されます。<br>※変換されたスキルブック（中）は、プレゼントを経由せず直接加算されます<br>※スキルブック（中）の所持上限に達している場合は、プレゼントに贈られます,Spotlight Scout: Y2K♡GALS,"Spotlight Scout: Y2K♡GALS always features Members of rarity R or higher.<br>A 1x Scout costs 300 Loveca.<br>A 10x Scout costs 3,000 Loveca and guarantees at least one Member of rarity SR or higher.<br>A 1x Paid Scout costs 150 Paid Loveca and can be performed once per day.<br><br>If you Scout a Member you already have, they will automatically be converted into Penlights.<br>*Converted Penlights are added directly to your inventory, bypassing the present box.<br>*If your Penlight inventory is full, they will be sent to the present box.<br>*The number of Penlights received depends on the Member's rarity:<br>- UR: 500<br>- SR: 50<br>- R: 20<br><br>You'll also earn Scout Points [Y2K♡GALS] based on the number of Members you Scout.<br>Earned Scout Points can be exchanged for Members, items, and more at the Exchange.<br><br>Any unused Scout Points will automatically be converted into Skill Books (M) when this Scout ends.<br>*Converted Skill Books (M) are added directly to your inventory, bypassing the present box.<br>*If your Skill Book (M) inventory is full, they will be sent to the present box.",224030102
3110001,かのんちゃんお誕生日記念勧誘～ハーモニースター～,「かのんちゃんお誕生日記念勧誘～ハーモニースター～」は、R以上の部員が必ず登場します。<br>「1回勧誘」は、ラブカ300個で実施できます。<br>「10回勧誘」は、ラブカ3000個で実施でき、SR以上の部員が1人以上必ず加入します。<br>「有償1回勧誘」は、有償ラブカ150個で毎日1回だけ実施できます。<br><br>すでに加入している部員が登場した場合、自動で「ペンライト」に変換されます。<br>※変換されたペンライトは、プレゼントを経由せず直接加算されます<br>※ペンライトの所持上限に達している場合は、プレゼントに贈られます<br>※ペンライトの獲得量は、部員のレアリティに応じて異なります<br>・UR：500個<br>・SR：50個<br>・R ：20個<br><br>また、登場した部員の人数に応じて「勧誘ポイント [かのんちゃんお誕生記念]」を入手します。<br>獲得した「勧誘ポイント」は交換所にて部員やアイテム等と交換できます。<br><br>交換されなかった「勧誘ポイント」は、本勧誘の終了時に自動的に「スキルブック（中）」に変換されます。<br>※変換されたスキルブック（中）は、プレゼントを経由せず直接加算されます<br>※スキルブック（中）の所持上限に達している場合は、プレゼントに贈られます,Kanon's Birthday Scout: Harmony Star,"Kanon's Birthday Celebration Scout: Harmony Star always features Members of rarity R or higher.<br>A 1x Scout costs 300 Loveca.<br>A 10x Scout costs 3,000 Loveca and guarantees at least one Member of rarity SR or higher.<br>A 1x Paid Scout costs 150 Paid Loveca and can be performed once per day.<br><br>If you Scout a Member you already have, they will automatically be converted into Penlights.<br>*Converted Penlights are added directly to your inventory, bypassing the present box.<br>*If your Penlight inventory is full, they will be sent to the present box.<br>*The number of Penlights received depends on the Member's rarity:<br>- UR: 500<br>- SR: 50<br>- R: 20<br><br>You'll also earn Scout Points [Kanon's Birthday] based on the number of Members you Scout.<br>Earned Scout Points can be exchanged for Members, items, and more at the Exchange.<br><br>Any unused Scout Points will automatically be converted into Skill Books (M) when this Scout ends.<br>*Converted Skill Books (M) are added directly to your inventory, bypassing the present box.<br>*If your Skill Book (M) inventory is full, they will be sent to the present box.",223050101
3110002,愛ちゃんお誕生日記念勧誘～カラフルヒロインズ～,「愛ちゃんお誕生日記念勧誘～カラフルヒロインズ～」は、R以上の部員が必ず登場します。<br>「1回勧誘」は、ラブカ300個で実施できます。<br>「10回勧誘」は、ラブカ3000個で実施でき、SR以上の部員が1人以上必ず加入します。<br>「有償1回勧誘」は、有償ラブカ150個で毎日1回だけ実施できます。<br><br>すでに加入している部員が登場した場合、自動で「ペンライト」に変換されます。<br>※変換されたペンライトは、プレゼントを経由せず直接加算されます<br>※ペンライトの所持上限に達している場合は、プレゼントに贈られます<br>※ペンライトの獲得量は、部員のレアリティに応じて異なります<br>・UR：500個<br>・SR：50個<br>・R ：20個<br><br>また、登場した部員の人数に応じて「勧誘ポイント [愛ちゃんお誕生記念]」を入手します。<br>獲得した「勧誘ポイント」は交換所にて部員やアイテム等と交換できます。<br><br>交換されなかった「勧誘ポイント」は、本勧誘の終了時に自動的に「スキルブック（中）」に変換されます。<br>※変換されたスキルブック（中）は、プレゼントを経由せず直接加算されます<br>※スキルブック（中）の所持上限に達している場合は、プレゼントに贈られます,Ai's Birthday Scout: Colorful Heroines,"Ai's Birthday Celebration Scout: Colorful Heroines always features Members of rarity R or higher.<br>A 1x Scout costs 300 Loveca.<br>A 10x Scout costs 3,000 Loveca and guarantees at least one Member of rarity SR or higher.<br>A 1x Paid Scout costs 150 Paid Loveca and can be performed once per day.<br><br>If you Scout a Member you already have, they will automatically be converted into Penlights.<br>*Converted Penlights are added directly to your inventory, bypassing the present box.<br>*If your Penlight inventory is full, they will be sent to the present box.<br>*The number of Penlights received depends on the Member's rarity:<br>- UR: 500<br>- SR: 50<br>- R: 20<br><br>You'll also earn Scout Points [Ai's Birthday] based on the number of Members you Scout.<br>Earned Scout Points can be exchanged for Members, items, and more at the Exchange.<br><br>Any unused Scout Points will automatically be converted into Skill Books (M) when this Scout ends.<br>*Converted Skill Books (M) are added directly to your inventory, bypassing the present box.<br>*If your Skill Book (M) inventory is full, they will be sent to the present box.",223053001
3110003,希ちゃんお誕生日記念勧誘～フラワーシャワー～,「希ちゃんお誕生日記念勧誘～フラワーシャワー～」は、R以上の部員が必ず登場します。<br>「1回勧誘」は、ラブカ300個で実施できます。<br>「10回勧誘」は、ラブカ3000個で実施でき、SR以上の部員が1人以上必ず加入します。<br>「有償1回勧誘」は、有償ラブカ150個で毎日1回だけ実施できます。<br><br>すでに加入している部員が登場した場合、自動で「ペンライト」に変換されます。<br>※変換されたペンライトは、プレゼントを経由せず直接加算されます<br>※ペンライトの所持上限に達している場合は、プレゼントに贈られます<br>※ペンライトの獲得量は、部員のレアリティに応じて異なります<br>・UR：500個<br>・SR：50個<br>・R ：20個<br><br>また、登場した部員の人数に応じて「勧誘ポイント [希ちゃんお誕生記念]」を入手します。<br>獲得した「勧誘ポイント」は交換所にて部員やアイテム等と交換できます。<br><br>交換されなかった「勧誘ポイント」は、本勧誘の終了時に自動的に「スキルブック（中）」に変換されます。<br>※変換されたスキルブック（中）は、プレゼントを経由せず直接加算されます<br>※スキルブック（中）の所持上限に達している場合は、プレゼントに贈られます,Nozomi's Birthday Scout: Flower Shower,"Nozomi's Birthday Celebration Scout: Flower Shower always features Members of rarity R or higher.<br>A 1x Scout costs 300 Loveca.<br>A 10x Scout costs 3,000 Loveca and guarantees at least one Member of rarity SR or higher.<br>A 1x Paid Scout costs 150 Paid Loveca and can be performed once per day.<br><br>If you Scout a Member you already have, they will automatically be converted into Penlights.<br>*Converted Penlights are added directly to your inventory, bypassing the present box.<br>*If your Penlight inventory is full, they will be sent to the present box.<br>*The number of Penlights received depends on the Member's rarity:<br>- UR: 500<br>- SR: 50<br>- R: 20<br><br>You'll also earn Scout Points [Nozomi's Birthday] based on the number of Members you Scout.<br>Earned Scout Points can be exchanged for Members, items, and more at the Exchange.<br><br>Any unused Scout Points will automatically be converted into Skill Books (M) when this Scout ends.<br>*Converted Skill Books (M) are added directly to your inventory, bypassing the present box.<br>*If your Skill Book (M) inventory is full, they will be sent to the present box.",223060901
3110004,鞠莉ちゃんお誕生日記念勧誘～フェアリーウイング～,「鞠莉ちゃんお誕生日記念勧誘～フェアリーウイング～」は、R以上の部員が必ず登場します。<br>「1回勧誘」は、ラブカ300個で実施できます。<br>「10回勧誘」は、ラブカ3000個で実施でき、SR以上の部員が1人以上必ず加入します。<br>「有償1回勧誘」は、有償ラブカ150個で毎日1回だけ実施できます。<br><br>すでに加入している部員が登場した場合、自動で「ペンライト」に変換されます。<br>※変換されたペンライトは、プレゼントを経由せず直接加算されます<br>※ペンライトの所持上限に達している場合は、プレゼントに贈られます<br>※ペンライトの獲得量は、部員のレアリティに応じて異なります<br>・UR：500個<br>・SR：50個<br>・R ：20個<br><br>また、登場した部員の人数に応じて「勧誘ポイント [鞠莉ちゃんお誕生記念]」を入手します。<br>獲得した「勧誘ポイント」は交換所にて部員やアイテム等と交換できます。<br><br>交換されなかった「勧誘ポイント」は、本勧誘の終了時に自動的に「スキルブック（中）」に変換されます。<br>※変換されたスキルブック（中）は、プレゼントを経由せず直接加算されます<br>※スキルブック（中）の所持上限に達している場合は、プレゼントに贈られます,Mari's Birthday Scout: Fairy Wing,"Mari's Birthday Celebration Scout: Fairy Wing always features Members of rarity R or higher.<br>A 1x Scout costs 300 Loveca.<br>A 10x Scout costs 3,000 Loveca and guarantees at least one Member of rarity SR or higher.<br>A 1x Paid Scout costs 150 Paid Loveca and can be performed once per day.<br><br>If you Scout a Member you already have, they will automatically be converted into Penlights.<br>*Converted Penlights are added directly to your inventory, bypassing the present box.<br>*If your Penlight inventory is full, they will be sent to the present box.<br>*The number of Penlights received depends on the Member's rarity:<br>- UR: 500<br>- SR: 50<br>- R: 20<br><br>You'll also earn Scout Points [Mari's Birthday] based on the number of Members you Scout.<br>Earned Scout Points can be exchanged for Members, items, and more at the Exchange.<br><br>Any unused Scout Points will automatically be converted into Skill Books (M) when this Scout ends.<br>*Converted Skill Books (M) are added directly to your inventory, bypassing the present box.<br>*If your Skill Book (M) inventory is full, they will be sent to the present box.",223061301
3110005,四季ちゃんお誕生日記念勧誘～ハーモニースター～,「四季ちゃんお誕生日記念勧誘～ハーモニースター～」は、R以上の部員が必ず登場します。<br>「1回勧誘」は、ラブカ300個で実施できます。<br>「10回勧誘」は、ラブカ3000個で実施でき、SR以上の部員が1人以上必ず加入します。<br>「有償1回勧誘」は、有償ラブカ150個で毎日1回だけ実施できます。<br><br>すでに加入している部員が登場した場合、自動で「ペンライト」に変換されます。<br>※変換されたペンライトは、プレゼントを経由せず直接加算されます<br>※ペンライトの所持上限に達している場合は、プレゼントに贈られます<br>※ペンライトの獲得量は、部員のレアリティに応じて異なります<br>・UR：500個<br>・SR：50個<br>・R ：20個<br><br>また、登場した部員の人数に応じて「勧誘ポイント [四季ちゃんお誕生記念]」を入手します。<br>獲得した「勧誘ポイント」は交換所にて部員やアイテム等と交換できます。<br><br>交換されなかった「勧誘ポイント」は、本勧誘の終了時に自動的に「スキルブック（中）」に変換されます。<br>※変換されたスキルブック（中）は、プレゼントを経由せず直接加算されます<br>※スキルブック（中）の所持上限に達している場合は、プレゼントに贈られます,Shiki's Birthday Scout: Harmony Star,"Shiki's Birthday Celebration Scout: Harmony Star always features Members of rarity R or higher.<br>A 1x Scout costs 300 Loveca.<br>A 10x Scout costs 3,000 Loveca and guarantees at least one Member of rarity SR or higher.<br>A 1x Paid Scout costs 150 Paid Loveca and can be performed once per day.<br><br>If you Scout a Member you already have, they will automatically be converted into Penlights.<br>*Converted Penlights are added directly to your inventory, bypassing the present box.<br>*If your Penlight inventory is full, they will be sent to the present box.<br>*The number of Penlights received depends on the Member's rarity:<br>- UR: 500<br>- SR: 50<br>- R: 20<br><br>You'll also earn Scout Points [Shiki's Birthday] based on the number of Members you Scout.<br>Earned Scout Points can be exchanged for Members, items, and more at the Exchange.<br><br>Any unused Scout Points will automatically be converted into Skill Books (M) when this Scout ends.<br>*Converted Skill Books (M) are added directly to your inventory, bypassing the present box.<br>*If your Skill Book (M) inventory is full, they will be sent to the present box.",223061701
3110006,果林ちゃんお誕生日記念勧誘～カラフルヒロインズ～,「果林ちゃんお誕生日記念勧誘～カラフルヒロインズ～」は、R以上の部員が必ず登場します。<br>「1回勧誘」は、ラブカ300個で実施できます。<br>「10回勧誘」は、ラブカ3000個で実施でき、SR以上の部員が1人以上必ず加入します。<br>「有償1回勧誘」は、有償ラブカ150個で毎日1回だけ実施できます。<br><br>すでに加入している部員が登場した場合、自動で「ペンライト」に変換されます。<br>※変換されたペンライトは、プレゼントを経由せず直接加算されます<br>※ペンライトの所持上限に達している場合は、プレゼントに贈られます<br>※ペンライトの獲得量は、部員のレアリティに応じて異なります<br>・UR：500個<br>・SR：50個<br>・R ：20個<br><br>また、登場した部員の人数に応じて「勧誘ポイント [果林ちゃんお誕生記念]」を入手します。<br>獲得した「勧誘ポイント」は交換所にて部員やアイテム等と交換できます。<br><br>交換されなかった「勧誘ポイント」は、本勧誘の終了時に自動的に「スキルブック（中）」に変換されます。<br>※変換されたスキルブック（中）は、プレゼントを経由せず直接加算されます<br>※スキルブック（中）の所持上限に達している場合は、プレゼントに贈られます,Karin's Birthday Scout: Colorful Heroines,"Karin's Birthday Celebration Scout: Colorful Heroines always features Members of rarity R or higher.<br>A 1x Scout costs 300 Loveca.<br>A 10x Scout costs 3,000 Loveca and guarantees at least one Member of rarity SR or higher.<br>A 1x Paid Scout costs 150 Paid Loveca and can be performed once per day.<br><br>If you Scout a Member you already have, they will automatically be converted into Penlights.<br>*Converted Penlights are added directly to your inventory, bypassing the present box.<br>*If your Penlight inventory is full, they will be sent to the present box.<br>*The number of Penlights received depends on the Member's rarity:<br>- UR: 500<br>- SR: 50<br>- R: 20<br><br>You'll also earn Scout Points [Karin's Birthday] based on the number of Members you Scout.<br>Earned Scout Points can be exchanged for Members, items, and more at the Exchange.<br><br>Any unused Scout Points will automatically be converted into Skill Books (M) when this Scout ends.<br>*Converted Skill Books (M) are added directly to your inventory, bypassing the present box.<br>*If your Skill Book (M) inventory is full, they will be sent to the present box.",223062901
3110007,善子ちゃんお誕生日記念勧誘～フェアリーウイング～,「善子ちゃんお誕生日記念勧誘～フェアリーウイング～」は、R以上の部員が必ず登場します。<br>「1回勧誘」は、ラブカ300個で実施できます。<br>「10回勧誘」は、ラブカ3000個で実施でき、SR以上の部員が1人以上必ず加入します。<br>「有償1回勧誘」は、有償ラブカ150個で毎日1回だけ実施できます。<br><br>すでに加入している部員が登場した場合、自動で「ペンライト」に変換されます。<br>※変換されたペンライトは、プレゼントを経由せず直接加算されます<br>※ペンライトの所持上限に達している場合は、プレゼントに贈られます<br>※ペンライトの獲得量は、部員のレアリティに応じて異なります<br>・UR：500個<br>・SR：50個<br>・R ：20個<br><br>また、登場した部員の人数に応じて「勧誘ポイント [善子ちゃんお誕生記念]」を入手します。<br>獲得した「勧誘ポイント」は交換所にて部員やアイテム等と交換できます。<br><br>交換されなかった「勧誘ポイント」は、本勧誘の終了時に自動的に「スキルブック（中）」に変換されます。<br>※変換されたスキルブック（中）は、プレゼントを経由せず直接加算されます<br>※スキルブック（中）の所持上限に達している場合は、プレゼントに贈られます,Yoshiko's Birthday Scout: Fairy Wing,"Yoshiko's Birthday Celebration Scout: Fairy Wing always features Members of rarity R or higher.<br>A 1x Scout costs 300 Loveca.<br>A 10x Scout costs 3,000 Loveca and guarantees at least one Member of rarity SR or higher.<br>A 1x Paid Scout costs 150 Paid Loveca and can be performed once per day.<br><br>If you Scout a Member you already have, they will automatically be converted into Penlights.<br>*Converted Penlights are added directly to your inventory, bypassing the present box.<br>*If your Penlight inventory is full, they will be sent to the present box.<br>*The number of Penlights received depends on the Member's rarity:<br>- UR: 500<br>- SR: 50<br>- R: 20<br><br>You'll also earn Scout Points [Yoshiko's Birthday] based on the number of Members you Scout.<br>Earned Scout Points can be exchanged for Members, items, and more at the Exchange.<br><br>Any unused Scout Points will automatically be converted into Skill Books (M) when this Scout ends.<br>*Converted Skill Books (M) are added directly to your inventory, bypassing the present box.<br>*If your Skill Book (M) inventory is full, they will be sent to the present box.",223071301
3110008,可可ちゃんお誕生日記念勧誘～ハーモニースター～,「可可ちゃんお誕生日記念勧誘～ハーモニースター～」は、R以上の部員が必ず登場します。<br>「1回勧誘」は、ラブカ300個で実施できます。<br>「10回勧誘」は、ラブカ3000個で実施でき、SR以上の部員が1人以上必ず加入します。<br>「有償1回勧誘」は、有償ラブカ150個で毎日1回だけ実施できます。<br><br>すでに加入している部員が登場した場合、自動で「ペンライト」に変換されます。<br>※変換されたペンライトは、プレゼントを経由せず直接加算されます<br>※ペンライトの所持上限に達している場合は、プレゼントに贈られます<br>※ペンライトの獲得量は、部員のレアリティに応じて異なります<br>・UR：500個<br>・SR：50個<br>・R ：20個<br><br>また、登場した部員の人数に応じて「勧誘ポイント [可可ちゃんお誕生記念]」を入手します。<br>獲得した「勧誘ポイント」は交換所にて部員やアイテム等と交換できます。<br><br>交換されなかった「勧誘ポイント」は、本勧誘の終了時に自動的に「スキルブック（中）」に変換されます。<br>※変換されたスキルブック（中）は、プレゼントを経由せず直接加算されます<br>※スキルブック（中）の所持上限に達している場合は、プレゼントに贈られます,Keke's Birthday Scout: Harmony Star,"Keke's Birthday Celebration Scout: Harmony Star always features Members of rarity R or higher.<br>A 1x Scout costs 300 Loveca.<br>A 10x Scout costs 3,000 Loveca and guarantees at least one Member of rarity SR or higher.<br>A 1x Paid Scout costs 150 Paid Loveca and can be performed once per day.<br><br>If you Scout a Member you already have, they will automatically be converted into Penlights.<br>*Converted Penlights are added directly to your inventory, bypassing the present box.<br>*If your Penlight inventory is full, they will be sent to the present box.<br>*The number of Penlights received depends on the Member's rarity:<br>- UR: 500<br>- SR: 50<br>- R: 20<br><br>You'll also earn Scout Points [Keke's Birthday] based on the number of Members you Scout.<br>Earned Scout Points can be exchanged for Members, items, and more at the Exchange.<br><br>Any unused Scout Points will automatically be converted into Skill Books (M) when this Scout ends.<br>*Converted Skill Books (M) are added directly to your inventory, bypassing the present box.<br>*If your Skill Book (M) inventory is full, they will be sent to the present box.",223071702
3110009,にこちゃんお誕生日記念勧誘～フラワーシャワー～,「にこちゃんお誕生日記念勧誘～フラワーシャワー～」は、R以上の部員が必ず登場します。<br>「1回勧誘」は、ラブカ300個で実施できます。<br>「10回勧誘」は、ラブカ3000個で実施でき、SR以上の部員が1人以上必ず加入します。<br>「有償1回勧誘」は、有償ラブカ150個で毎日1回だけ実施できます。<br><br>すでに加入している部員が登場した場合、自動で「ペンライト」に変換されます。<br>※変換されたペンライトは、プレゼントを経由せず直接加算されます<br>※ペンライトの所持上限に達している場合は、プレゼントに贈られます<br>※ペンライトの獲得量は、部員のレアリティに応じて異なります<br>・UR：500個<br>・SR：50個<br>・R ：20個<br><br>また、登場した部員の人数に応じて「勧誘ポイント [にこちゃんお誕生記念]」を入手します。<br>獲得した「勧誘ポイント」は交換所にて部員やアイテム等と交換できます。<br><br>交換されなかった「勧誘ポイント」は、本勧誘の終了時に自動的に「スキルブック（中）」に変換されます。<br>※変換されたスキルブック（中）は、プレゼントを経由せず直接加算されます<br>※スキルブック（中）の所持上限に達している場合は、プレゼントに贈られます,Nico's Birthday Scout: Flower Shower,"Nico's Birthday Celebration Scout: Flower Shower always features Members of rarity R or higher.<br>A 1x Scout costs 300 Loveca.<br>A 10x Scout costs 3,000 Loveca and guarantees at least one Member of rarity SR or higher.<br>A 1x Paid Scout costs 150 Paid Loveca and can be performed once per day.<br><br>If you Scout a Member you already have, they will automatically be converted into Penlights.<br>*Converted Penlights are added directly to your inventory, bypassing the present box.<br>*If your Penlight inventory is full, they will be sent to the present box.<br>*The number of Penlights received depends on the Member's rarity:<br>- UR: 500<br>- SR: 50<br>- R: 20<br><br>You'll also earn Scout Points [Nico's Birthday] based on the number of Members you Scout.<br>Earned Scout Points can be exchanged for Members, items, and more at the Exchange.<br><br>Any unused Scout Points will automatically be converted into Skill Books (M) when this Scout ends.<br>*Converted Skill Books (M) are added directly to your inventory, bypassing the present box.<br>*If your Skill Book (M) inventory is full, they will be sent to the present box.",223072201
3110010,千歌ちゃんお誕生日記念勧誘～フェアリーウイング～,「千歌ちゃんお誕生日記念勧誘～フェアリーウイング～」は、R以上の部員が必ず登場します。<br>「1回勧誘」は、ラブカ300個で実施できます。<br>「10回勧誘」は、ラブカ3000個で実施でき、SR以上の部員が1人以上必ず加入します。<br>「有償1回勧誘」は、有償ラブカ150個で毎日1回だけ実施できます。<br><br>すでに加入している部員が登場した場合、自動で「ペンライト」に変換されます。<br>※変換されたペンライトは、プレゼントを経由せず直接加算されます<br>※ペンライトの所持上限に達している場合は、プレゼントに贈られます<br>※ペンライトの獲得量は、部員のレアリティに応じて異なります<br>・UR：500個<br>・SR：50個<br>・R ：20個<br><br>また、登場した部員の人数に応じて「勧誘ポイント [千歌ちゃんお誕生記念]」を入手します。<br>獲得した「勧誘ポイント」は交換所にて部員やアイテム等と交換できます。<br><br>交換されなかった「勧誘ポイント」は、本勧誘の終了時に自動的に「スキルブック（中）」に変換されます。<br>※変換されたスキルブック（中）は、プレゼントを経由せず直接加算されます<br>※スキルブック（中）の所持上限に達している場合は、プレゼントに贈られます,Chika's Birthday Scout: Fairy Wing,"Chika's Birthday Celebration Scout: Fairy Wing always features Members of rarity R or higher.<br>A 1x Scout costs 300 Loveca.<br>A 10x Scout costs 3,000 Loveca and guarantees at least one Member of rarity SR or higher.<br>A 1x Paid Scout costs 150 Paid Loveca and can be performed once per day.<br><br>If you Scout a Member you already have, they will automatically be converted into Penlights.<br>*Converted Penlights are added directly to your inventory, bypassing the present box.<br>*If your Penlight inventory is full, they will be sent to the present box.<br>*The number of Penlights received depends on the Member's rarity:<br>- UR: 500<br>- SR: 50<br>- R: 20<br><br>You'll also earn Scout Points [Chika's Birthday] based on the number of Members you Scout.<br>Earned Scout Points can be exchanged for Members, items, and more at the Exchange.<br><br>Any unused Scout Points will automatically be converted into Skill Books (M) when this Scout ends.<br>*Converted Skill Books (M) are added directly to your inventory, bypassing the present box.<br>*If your Skill Book (M) inventory is full, they will be sent to the present box.",223080102
3110011,穂乃果ちゃんお誕生日記念勧誘～フラワーシャワー～,「穂乃果ちゃんお誕生日記念勧誘～フラワーシャワー～」は、R以上の部員が必ず登場します。<br>「1回勧誘」は、ラブカ300個で実施できます。<br>「10回勧誘」は、ラブカ3000個で実施でき、SR以上の部員が1人以上必ず加入します。<br>「有償1回勧誘」は、有償ラブカ150個で毎日1回だけ実施できます。<br><br>すでに加入している部員が登場した場合、自動で「ペンライト」に変換されます。<br>※変換されたペンライトは、プレゼントを経由せず直接加算されます<br>※ペンライトの所持上限に達している場合は、プレゼントに贈られます<br>※ペンライトの獲得量は、部員のレアリティに応じて異なります<br>・UR：500個<br>・SR：50個<br>・R ：20個<br><br>また、登場した部員の人数に応じて「勧誘ポイント [穂乃果ちゃんお誕生記念]」を入手します。<br>獲得した「勧誘ポイント」は交換所にて部員やアイテム等と交換できます。<br><br>交換されなかった「勧誘ポイント」は、本勧誘の終了時に自動的に「スキルブック（中）」に変換されます。<br>※変換されたスキルブック（中）は、プレゼントを経由せず直接加算されます<br>※スキルブック（中）の所持上限に達している場合は、プレゼントに贈られます,Honoka's Birthday Scout: Flower Shower,"Honoka's Birthday Celebration Scout: Flower Shower always features Members of rarity R or higher.<br>A 1x Scout costs 300 Loveca.<br>A 10x Scout costs 3,000 Loveca and guarantees at least one Member of rarity SR or higher.<br>A 1x Paid Scout costs 150 Paid Loveca and can be performed once per day.<br><br>If you Scout a Member you already have, they will automatically be converted into Penlights.<br>*Converted Penlights are added directly to your inventory, bypassing the present box.<br>*If your Penlight inventory is full, they will be sent to the present box.<br>*The number of Penlights received depends on the Member's rarity:<br>- UR: 500<br>- SR: 50<br>- R: 20<br><br>You'll also earn Scout Points [Honoka's Birthday] based on the number of Members you Scout.<br>Earned Scout Points can be exchanged for Members, items, and more at the Exchange.<br><br>Any unused Scout Points will automatically be converted into Skill Books (M) when this Scout ends.<br>*Converted Skill Books (M) are added directly to your inventory, bypassing the present box.<br>*If your Skill Book (M) inventory is full, they will be sent to the present box.",223080303
3110012,夏美ちゃんお誕生日記念勧誘～ハーモニースター～,「夏美ちゃんお誕生日記念勧誘～ハーモニースター～」は、R以上の部員が必ず登場します。<br>「1回勧誘」は、ラブカ300個で実施できます。<br>「10回勧誘」は、ラブカ3000個で実施でき、SR以上の部員が1人以上必ず加入します。<br>「有償1回勧誘」は、有償ラブカ150個で毎日1回だけ実施できます。<br><br>すでに加入している部員が登場した場合、自動で「ペンライト」に変換されます。<br>※変換されたペンライトは、プレゼントを経由せず直接加算されます<br>※ペンライトの所持上限に達している場合は、プレゼントに贈られます<br>※ペンライトの獲得量は、部員のレアリティに応じて異なります<br>・UR：500個<br>・SR：50個<br>・R ：20個<br><br>また、登場した部員の人数に応じて「勧誘ポイント [夏美ちゃんお誕生記念]」を入手します。<br>獲得した「勧誘ポイント」は交換所にて部員やアイテム等と交換できます。<br><br>交換されなかった「勧誘ポイント」は、本勧誘の終了時に自動的に「スキルブック（中）」に変換されます。<br>※変換されたスキルブック（中）は、プレゼントを経由せず直接加算されます<br>※スキルブック（中）の所持上限に達している場合は、プレゼントに贈られます,Natsumi's Birthday Scout: Harmony Star,"Natsumi's Birthday Celebration Scout: Harmony Star always features Members of rarity R or higher.<br>A 1x Scout costs 300 Loveca.<br>A 10x Scout costs 3,000 Loveca and guarantees at least one Member of rarity SR or higher.<br>A 1x Paid Scout costs 150 Paid Loveca and can be performed once per day.<br><br>If you Scout a Member you already have, they will automatically be converted into Penlights.<br>*Converted Penlights are added directly to your inventory, bypassing the present box.<br>*If your Penlight inventory is full, they will be sent to the present box.<br>*The number of Penlights received depends on the Member's rarity:<br>- UR: 500<br>- SR: 50<br>- R: 20<br><br>You'll also earn Scout Points [Natsumi's Birthday] based on the number of Members you Scout.<br>Earned Scout Points can be exchanged for Members, items, and more at the Exchange.<br><br>Any unused Scout Points will automatically be converted into Skill Books (M) when this Scout ends.<br>*Converted Skill Books (M) are added directly to your inventory, bypassing the present box.<br>*If your Skill Book (M) inventory is full, they will be sent to the present box.",223080701
3110013,せつ菜ちゃんお誕生日記念勧誘～カラフルヒロインズ～,「せつ菜ちゃんお誕生日記念勧誘～カラフルヒロインズ～」は、R以上の部員が必ず登場します。<br>「1回勧誘」は、ラブカ300個で実施できます。<br>「10回勧誘」は、ラブカ3000個で実施でき、SR以上の部員が1人以上必ず加入します。<br>「有償1回勧誘」は、有償ラブカ150個で毎日1回だけ実施できます。<br><br>すでに加入している部員が登場した場合、自動で「ペンライト」に変換されます。<br>※変換されたペンライトは、プレゼントを経由せず直接加算されます<br>※ペンライトの所持上限に達している場合は、プレゼントに贈られます<br>※ペンライトの獲得量は、部員のレアリティに応じて異なります<br>・UR：500個<br>・SR：50個<br>・R ：20個<br><br>また、登場した部員の人数に応じて「勧誘ポイント [せつ菜ちゃんお誕生記念]」を入手します。<br>獲得した「勧誘ポイント」は交換所にて部員やアイテム等と交換できます。<br><br>交換されなかった「勧誘ポイント」は、本勧誘の終了時に自動的に「スキルブック（中）」に変換されます。<br>※変換されたスキルブック（中）は、プレゼントを経由せず直接加算されます<br>※スキルブック（中）の所持上限に達している場合は、プレゼントに贈られます,Setsuna's Birthday Scout: Colorful Heroines,"Setsuna's Birthday Celebration Scout: Colorful Heroines always features Members of rarity R or higher.<br>A 1x Scout costs 300 Loveca.<br>A 10x Scout costs 3,000 Loveca and guarantees at least one Member of rarity SR or higher.<br>A 1x Paid Scout costs 150 Paid Loveca and can be performed once per day.<br><br>If you Scout a Member you already have, they will automatically be converted into Penlights.<br>*Converted Penlights are added directly to your inventory, bypassing the present box.<br>*If your Penlight inventory is full, they will be sent to the present box.<br>*The number of Penlights received depends on the Member's rarity:<br>- UR: 500<br>- SR: 50<br>- R: 20<br><br>You'll also earn Scout Points [Setsuna's Birthday] based on the number of Members you Scout.<br>Earned Scout Points can be exchanged for Members, items, and more at the Exchange.<br><br>Any unused Scout Points will automatically be converted into Skill Books (M) when this Scout ends.<br>*Converted Skill Books (M) are added directly to your inventory, bypassing the present box.<br>*If your Skill Book (M) inventory is full, they will be sent to the present box.",223080801
3110014,ことりちゃんお誕生日記念勧誘～フラワーシャワー～,「ことりちゃんお誕生日記念勧誘～フラワーシャワー～」は、R以上の部員が必ず登場します。<br>「1回勧誘」は、ラブカ300個で実施できます。<br>「10回勧誘」は、ラブカ3000個で実施でき、SR以上の部員が1人以上必ず加入します。<br>「有償1回勧誘」は、有償ラブカ150個で毎日1回だけ実施できます。<br><br>すでに加入している部員が登場した場合、自動で「ペンライト」に変換されます。<br>※変換されたペンライトは、プレゼントを経由せず直接加算されます<br>※ペンライトの所持上限に達している場合は、プレゼントに贈られます<br>※ペンライトの獲得量は、部員のレアリティに応じて異なります<br>・UR：500個<br>・SR：50個<br>・R ：20個<br><br>また、登場した部員の人数に応じて「勧誘ポイント [ことりちゃんお誕生記念]」を入手します。<br>獲得した「勧誘ポイント」は交換所にて部員やアイテム等と交換できます。<br><br>交換されなかった「勧誘ポイント」は、本勧誘の終了時に自動的に「スキルブック（中）」に変換されます。<br>※変換されたスキルブック（中）は、プレゼントを経由せず直接加算されます<br>※スキルブック（中）の所持上限に達している場合は、プレゼントに贈られます,Kotori's Birthday Scout: Flower Shower,"Kotori's Birthday Celebration Scout: Flower Shower always features Members of rarity R or higher.<br>A 1x Scout costs 300 Loveca.<br>A 10x Scout costs 3,000 Loveca and guarantees at least one Member of rarity SR or higher.<br>A 1x Paid Scout costs 150 Paid Loveca and can be performed once per day.<br><br>If you Scout a Member you already have, they will automatically be converted into Penlights.<br>*Converted Penlights are added directly to your inventory, bypassing the present box.<br>*If your Penlight inventory is full, they will be sent to the present box.<br>*The number of Penlights received depends on the Member's rarity:<br>- UR: 500<br>- SR: 50<br>- R: 20<br><br>You'll also earn Scout Points [Kotori's Birthday] based on the number of Members you Scout.<br>Earned Scout Points can be exchanged for Members, items, and more at the Exchange.<br><br>Any unused Scout Points will automatically be converted into Skill Books (M) when this Scout ends.<br>*Converted Skill Books (M) are added directly to your inventory, bypassing the present box.<br>*If your Skill Book (M) inventory is full, they will be sent to the present box.",223091201
3110015,梨子ちゃんお誕生日記念勧誘～フェアリーウイング～,「梨子ちゃんお誕生日記念勧誘～フェアリーウイング～」は、R以上の部員が必ず登場します。<br>「1回勧誘」は、ラブカ300個で実施できます。<br>「10回勧誘」は、ラブカ3000個で実施でき、SR以上の部員が1人以上必ず加入します。<br>「有償1回勧誘」は、有償ラブカ150個で毎日1回だけ実施できます。<br><br>すでに加入している部員が登場した場合、自動で「ペンライト」に変換されます。<br>※変換されたペンライトは、プレゼントを経由せず直接加算されます<br>※ペンライトの所持上限に達している場合は、プレゼントに贈られます<br>※ペンライトの獲得量は、部員のレアリティに応じて異なります<br>・UR：500個<br>・SR：50個<br>・R ：20個<br><br>また、登場した部員の人数に応じて「勧誘ポイント [梨子ちゃんお誕生記念]」を入手します。<br>獲得した「勧誘ポイント」は交換所にて部員やアイテム等と交換できます。<br><br>交換されなかった「勧誘ポイント」は、本勧誘の終了時に自動的に「スキルブック（中）」に変換されます。<br>※変換されたスキルブック（中）は、プレゼントを経由せず直接加算されます<br>※スキルブック（中）の所持上限に達している場合は、プレゼントに贈られます,Riko's Birthday Scout: Fairy Wing,"Riko's Birthday Celebration Scout: Fairy Wing always features Members of rarity R or higher.<br>A 1x Scout costs 300 Loveca.<br>A 10x Scout costs 3,000 Loveca and guarantees at least one Member of rarity SR or higher.<br>A 1x Paid Scout costs 150 Paid Loveca and can be performed once per day.<br><br>If you Scout a Member you already have, they will automatically be converted into Penlights.<br>*Converted Penlights are added directly to your inventory, bypassing the present box.<br>*If your Penlight inventory is full, they will be sent to the present box.<br>*The number of Penlights received depends on the Member's rarity:<br>- UR: 500<br>- SR: 50<br>- R: 20<br><br>You'll also earn Scout Points [Riko's Birthday] based on the number of Members you Scout.<br>Earned Scout Points can be exchanged for Members, items, and more at the Exchange.<br><br>Any unused Scout Points will automatically be converted into Skill Books (M) when this Scout ends.<br>*Converted Skill Books (M) are added directly to your inventory, bypassing the present box.<br>*If your Skill Book (M) inventory is full, they will be sent to the present box.",223091901
3110016,ルビィちゃんお誕生日記念勧誘～フェアリーウイング～,「ルビィちゃんお誕生日記念勧誘～フェアリーウイング～」は、R以上の部員が必ず登場します。<br>「1回勧誘」は、ラブカ300個で実施できます。<br>「10回勧誘」は、ラブカ3000個で実施でき、SR以上の部員が1人以上必ず加入します。<br>「有償1回勧誘」は、有償ラブカ150個で毎日1回だけ実施できます。<br><br>すでに加入している部員が登場した場合、自動で「ペンライト」に変換されます。<br>※変換されたペンライトは、プレゼントを経由せず直接加算されます<br>※ペンライトの所持上限に達している場合は、プレゼントに贈られます<br>※ペンライトの獲得量は、部員のレアリティに応じて異なります<br>・UR：500個<br>・SR：50個<br>・R ：20個<br><br>また、登場した部員の人数に応じて「勧誘ポイント [ルビィちゃんお誕生記念]」を入手します。<br>獲得した「勧誘ポイント」は交換所にて部員やアイテム等と交換できます。<br><br>交換されなかった「勧誘ポイント」は、本勧誘の終了時に自動的に「スキルブック（中）」に変換されます。<br>※変換されたスキルブック（中）は、プレゼントを経由せず直接加算されます<br>※スキルブック（中）の所持上限に達している場合は、プレゼントに贈られます,Ruby's Birthday Scout: Fairy Wing,"Ruby's Birthday Celebration Scout: Fairy Wing always features Members of rarity R or higher.<br>A 1x Scout costs 300 Loveca.<br>A 10x Scout costs 3,000 Loveca and guarantees at least one Member of rarity SR or higher.<br>A 1x Paid Scout costs 150 Paid Loveca and can be performed once per day.<br><br>If you Scout a Member you already have, they will automatically be converted into Penlights.<br>*Converted Penlights are added directly to your inventory, bypassing the present box.<br>*If your Penlight inventory is full, they will be sent to the present box.<br>*The number of Penlights received depends on the Member's rarity:<br>- UR: 500<br>- SR: 50<br>- R: 20<br><br>You'll also earn Scout Points [Ruby's Birthday] based on the number of Members you Scout.<br>Earned Scout Points can be exchanged for Members, items, and more at the Exchange.<br><br>Any unused Scout Points will automatically be converted into Skill Books (M) when this Scout ends.<br>*Converted Skill Books (M) are added directly to your inventory, bypassing the present box.<br>*If your Skill Book (M) inventory is full, they will be sent to the present box.",223092101
3110017,すみれちゃんお誕生日記念勧誘～ハーモニースター～,「すみれちゃんお誕生日記念勧誘～ハーモニースター～」は、R以上の部員が必ず登場します。<br>「1回勧誘」は、ラブカ300個で実施できます。<br>「10回勧誘」は、ラブカ3000個で実施でき、SR以上の部員が1人以上必ず加入します。<br>「有償1回勧誘」は、有償ラブカ150個で毎日1回だけ実施できます。<br><br>すでに加入している部員が登場した場合、自動で「ペンライト」に変換されます。<br>※変換されたペンライトは、プレゼントを経由せず直接加算されます<br>※ペンライトの所持上限に達している場合は、プレゼントに贈られます<br>※ペンライトの獲得量は、部員のレアリティに応じて異なります<br>・UR：500個<br>・SR：50個<br>・R ：20個<br><br>また、登場した部員の人数に応じて「勧誘ポイント [すみれちゃんお誕生記念]」を入手します。<br>獲得した「勧誘ポイント」は交換所にて部員やアイテム等と交換できます。<br><br>交換されなかった「勧誘ポイント」は、本勧誘の終了時に自動的に「スキルブック（中）」に変換されます。<br>※変換されたスキルブック（中）は、プレゼントを経由せず直接加算されます<br>※スキルブック（中）の所持上限に達している場合は、プレゼントに贈られます,Sumire's Birthday Scout: Harmony Star,"Sumire's Birthday Celebration Scout: Harmony Star always features Members of rarity R or higher.<br>A 1x Scout costs 300 Loveca.<br>A 10x Scout costs 3,000 Loveca and guarantees at least one Member of rarity SR or higher.<br>A 1x Paid Scout costs 150 Paid Loveca and can be performed once per day.<br><br>If you Scout a Member you already have, they will automatically be converted into Penlights.<br>*Converted Penlights are added directly to your inventory, bypassing the present box.<br>*If your Penlight inventory is full, they will be sent to the present box.<br>*The number of Penlights received depends on the Member's rarity:<br>- UR: 500<br>- SR: 50<br>- R: 20<br><br>You'll also earn Scout Points [Sumire's Birthday] based on the number of Members you Scout.<br>Earned Scout Points can be exchanged for Members, items, and more at the Exchange.<br><br>Any unused Scout Points will automatically be converted into Skill Books (M) when this Scout ends.<br>*Converted Skill Books (M) are added directly to your inventory, bypassing the present box.<br>*If your Skill Book (M) inventory is full, they will be sent to the present box.",223092801
3110018,栞子ちゃんお誕生日記念勧誘～カラフルヒロインズ～,「栞子ちゃんお誕生日記念勧誘～カラフルヒロインズ～」は、虹ヶ咲学園スクールアイドル同好会所属のR以上の部員が必ず登場します。<br>「1回勧誘」は、ラブカ300個で実施できます。<br>「10回勧誘」は、ラブカ3000個で実施でき、SR以上の部員が1人以上必ず加入します。<br>「有償1回勧誘」は、有償ラブカ150個で毎日1回だけ実施できます。<br>「有償10回勧誘」は、有償ラブカ2000個で期間中1回だけ実施できます。<br><br>すでに加入している部員が登場した場合、自動で「ペンライト」に変換されます。<br>※変換されたペンライトは、プレゼントを経由せず直接加算されます<br>※ペンライトの所持上限に達している場合は、プレゼントに贈られます<br>※ペンライトの獲得量は、部員のレアリティに応じて異なります<br>・UR：500個<br>・SR：50個<br>・R ：20個<br><br>また、登場した部員の人数に応じて「勧誘ポイント [栞子ちゃんお誕生記念]」を入手します。<br>獲得した「勧誘ポイント」は交換所にて部員やアイテム等と交換できます。<br><br>交換されなかった「勧誘ポイント」は、本勧誘の終了時に自動的に「スキルブック（中）」に変換されます。<br>※変換されたスキルブック（中）は、プレゼントを経由せず直接加算されます<br>※スキルブック（中）の所持上限に達している場合は、プレゼントに贈られます,Shioriko's Birthday Scout: Colorful Heroines,"Shioriko's Birthday Celebration Scout: Colorful Heroines always features Nijigasaki Members of rarity R or higher.<br>A 1x Scout costs 300 Loveca.<br>A 10x Scout costs 3,000 Loveca and guarantees at least one Member of rarity SR or higher.<br>A 1x Paid Scout costs 150 Paid Loveca and can be performed once per day.<br>A 10x Paid Scout costs 2,000 Paid Loveca and can be performed once during the event period.<br><br>If you Scout a Member you already have, they will automatically be converted into Penlights.<br>*Converted Penlights are added directly to your inventory, bypassing the present box.<br>*If your Penlight inventory is full, they will be sent to the present box.<br>*The number of Penlights received depends on the Member's rarity:<br>- UR: 500<br>- SR: 50<br>- R: 20<br><br>You'll also earn Scout Points [Shioriko's Birthday] based on the number of Members you Scout.<br>Earned Scout Points can be exchanged for Members, items, and more at the Exchange.<br><br>Any unused Scout Points will automatically be converted into Skill Books (M) when this Scout ends.<br>*Converted Skill Books (M) are added directly to your inventory, bypassing the present box.<br>*If your Skill Book (M) inventory is full, they will be sent to the present box.",223100502
3110019,絵里ちゃんお誕生日記念勧誘～フラワーシャワー～,「絵里ちゃんお誕生日記念勧誘～フラワーシャワー～」は、μ'ｓ所属のR以上の部員が必ず登場します。<br>「1回勧誘」は、ラブカ300個で実施できます。<br>「10回勧誘」は、ラブカ3000個で実施でき、SR以上の部員が1人以上必ず加入します。<br>「有償1回勧誘」は、有償ラブカ150個で毎日1回だけ実施できます。<br>「有償10回勧誘」は、有償ラブカ2000個で期間中1回だけ実施できます。<br><br>すでに加入している部員が登場した場合、自動で「ペンライト」に変換されます。<br>※変換されたペンライトは、プレゼントを経由せず直接加算されます<br>※ペンライトの所持上限に達している場合は、プレゼントに贈られます<br>※ペンライトの獲得量は、部員のレアリティに応じて異なります<br>・UR：500個<br>・SR：50個<br>・R ：20個<br><br>また、登場した部員の人数に応じて「勧誘ポイント [絵里ちゃんお誕生記念]」を入手します。<br>獲得した「勧誘ポイント」は交換所にて部員やアイテム等と交換できます。<br><br>交換されなかった「勧誘ポイント」は、本勧誘の終了時に自動的に「スキルブック（中）」に変換されます。<br>※変換されたスキルブック（中）は、プレゼントを経由せず直接加算されます<br>※スキルブック（中）の所持上限に達している場合は、プレゼントに贈られます,Eli's Birthday Scout: Flower Shower,"Eli's Birthday Celebration Scout: Flower Shower always features μ's Members of rarity R or higher.<br>A 1x Scout costs 300 Loveca.<br>A 10x Scout costs 3,000 Loveca and guarantees at least one Member of rarity SR or higher.<br>A 1x Paid Scout costs 150 Paid Loveca and can be performed once per day.<br>A 10x Paid Scout costs 2,000 Paid Loveca and can be performed once during the event period.<br><br>If you Scout a Member you already have, they will automatically be converted into Penlights.<br>*Converted Penlights are added directly to your inventory, bypassing the present box.<br>*If your Penlight inventory is full, they will be sent to the present box.<br>*The number of Penlights received depends on the Member's rarity:<br>- UR: 500<br>- SR: 50<br>- R: 20<br><br>You'll also earn Scout Points [Eli's Birthday] based on the number of Members you Scout.<br>Earned Scout Points can be exchanged for Members, items, and more at the Exchange.<br><br>Any unused Scout Points will automatically be converted into Skill Books (M) when this Scout ends.<br>*Converted Skill Books (M) are added directly to your inventory, bypassing the present box.<br>*If your Skill Book (M) inventory is full, they will be sent to the present box.",223102101
3110020,メイちゃんお誕生日記念勧誘～ハーモニースター～,「メイちゃんお誕生日記念勧誘～ハーモニースター～」は、Liella!所属のR以上の部員が必ず登場します。<br>「1回勧誘」は、ラブカ300個で実施できます。<br>「10回勧誘」は、ラブカ3000個で実施でき、SR以上の部員が1人以上必ず加入します。<br>「有償1回勧誘」は、有償ラブカ150個で毎日1回だけ実施できます。<br>「有償10回勧誘」は、有償ラブカ2000個で期間中1回だけ実施できます。<br><br>すでに加入している部員が登場した場合、自動で「ペンライト」に変換されます。<br>※変換されたペンライトは、プレゼントを経由せず直接加算されます<br>※ペンライトの所持上限に達している場合は、プレゼントに贈られます<br>※ペンライトの獲得量は、部員のレアリティに応じて異なります<br>・UR：500個<br>・SR：50個<br>・R ：20個<br><br>また、登場した部員の人数に応じて「勧誘ポイント [メイちゃんお誕生記念]」を入手します。<br>獲得した「勧誘ポイント」は交換所にて部員やアイテム等と交換できます。<br><br>交換されなかった「勧誘ポイント」は、本勧誘の終了時に自動的に「スキルブック（中）」に変換されます。<br>※変換されたスキルブック（中）は、プレゼントを経由せず直接加算されます<br>※スキルブック（中）の所持上限に達している場合は、プレゼントに贈られます,Mei's Birthday Scout: Harmony Star,"Mei's Birthday Celebration Scout: Harmony Star always features Liella! Members of rarity R or higher.<br>A 1x Scout costs 300 Loveca.<br>A 10x Scout costs 3,000 Loveca and guarantees at least one Member of rarity SR or higher.<br>A 1x Paid Scout costs 150 Paid Loveca and can be performed once per day.<br>A 10x Paid Scout costs 2,000 Paid Loveca and can be performed once during the event period.<br><br>If you Scout a Member you already have, they will automatically be converted into Penlights.<br>*Converted Penlights are added directly to your inventory, bypassing the present box.<br>*If your Penlight inventory is full, they will be sent to the present box.<br>*The number of Penlights received depends on the Member's rarity:<br>- UR: 500<br>- SR: 50<br>- R: 20<br><br>You'll also earn Scout Points [Mei's Birthday] based on the number of Members you Scout.<br>Earned Scout Points can be exchanged for Members, items, and more at the Exchange.<br><br>Any unused Scout Points will automatically be converted into Skill Books (M) when this Scout ends.<br>*Converted Skill Books (M) are added directly to your inventory, bypassing the present box.<br>*If your Skill Book (M) inventory is full, they will be sent to the present box.",223102901
3110021,凛ちゃんお誕生日記念勧誘～フラワーシャワー～,「凛ちゃんお誕生日記念勧誘～フラワーシャワー～」は、μ'ｓ所属のR以上の部員が必ず登場します。<br>「1回勧誘」は、ラブカ300個で実施できます。<br>「10回勧誘」は、ラブカ3000個で実施でき、SR以上の部員が1人以上必ず加入します。<br>「有償1回勧誘」は、有償ラブカ150個で毎日1回だけ実施できます。<br>「有償10回勧誘」は、有償ラブカ2000個で期間中1回だけ実施できます。<br><br>すでに加入している部員が登場した場合、自動で「ペンライト」に変換されます。<br>※変換されたペンライトは、プレゼントを経由せず直接加算されます<br>※ペンライトの所持上限に達している場合は、プレゼントに贈られます<br>※ペンライトの獲得量は、部員のレアリティに応じて異なります<br>・UR：500個<br>・SR：50個<br>・R ：20個<br><br>また、登場した部員の人数に応じて「勧誘ポイント [凛ちゃんお誕生記念]」を入手します。<br>獲得した「勧誘ポイント」は交換所にて部員やアイテム等と交換できます。<br><br>交換されなかった「勧誘ポイント」は、本勧誘の終了時に自動的に「スキルブック（中）」に変換されます。<br>※変換されたスキルブック（中）は、プレゼントを経由せず直接加算されます<br>※スキルブック（中）の所持上限に達している場合は、プレゼントに贈られます,Rin's Birthday Scout: Flower Shower,"Rin's Birthday Celebration Scout: Flower Shower always features μ's Members of rarity R or higher.<br>A 1x Scout costs 300 Loveca.<br>A 10x Scout costs 3,000 Loveca and guarantees at least one Member of rarity SR or higher.<br>A 1x Paid Scout costs 150 Paid Loveca and can be performed once per day.<br>A 10x Paid Scout costs 2,000 Paid Loveca and can be performed once during the event period.<br><br>If you Scout a Member you already have, they will automatically be converted into Penlights.<br>*Converted Penlights are added directly to your inventory, bypassing the present box.<br>*If your Penlight inventory is full, they will be sent to the present box.<br>*The number of Penlights received depends on the Member's rarity:<br>- UR: 500<br>- SR: 50<br>- R: 20<br><br>You'll also earn Scout Points [Rin's Birthday] based on the number of Members you Scout.<br>Earned Scout Points can be exchanged for Members, items, and more at the Exchange.<br><br>Any unused Scout Points will automatically be converted into Skill Books (M) when this Scout ends.<br>*Converted Skill Books (M) are added directly to your inventory, bypassing the present box.<br>*If your Skill Book (M) inventory is full, they will be sent to the present box.",223110101
3110022,璃奈ちゃんお誕生日記念勧誘～カラフルヒロインズ～,「璃奈ちゃんお誕生日記念勧誘～カラフルヒロインズ～」は、虹ヶ咲学園スクールアイドル同好会所属のR以上の部員が必ず登場します。<br>「1回勧誘」は、ラブカ300個で実施できます。<br>「10回勧誘」は、ラブカ3000個で実施でき、SR以上の部員が1人以上必ず加入します。<br>「有償1回勧誘」は、有償ラブカ150個で毎日1回だけ実施できます。<br>「有償10回勧誘」は、有償ラブカ2000個で期間中1回だけ実施できます。<br><br>すでに加入している部員が登場した場合、自動で「ペンライト」に変換されます。<br>※変換されたペンライトは、プレゼントを経由せず直接加算されます<br>※ペンライトの所持上限に達している場合は、プレゼントに贈られます<br>※ペンライトの獲得量は、部員のレアリティに応じて異なります<br>・UR：500個<br>・SR：50個<br>・R ：20個<br><br>また、登場した部員の人数に応じて「勧誘ポイント [璃奈ちゃんお誕生記念]」を入手します。<br>獲得した「勧誘ポイント」は交換所にて部員やアイテム等と交換できます。<br><br>交換されなかった「勧誘ポイント」は、本勧誘の終了時に自動的に「スキルブック（中）」に変換されます。<br>※変換されたスキルブック（中）は、プレゼントを経由せず直接加算されます<br>※スキルブック（中）の所持上限に達している場合は、プレゼントに贈られます,Rina's Birthday Scout: Colorful Heroines,"Rina's Birthday Celebration Scout: Colorful Heroines always features Nijigasaki Members of rarity R or higher.<br>A 1x Scout costs 300 Loveca.<br>A 10x Scout costs 3,000 Loveca and guarantees at least one Member of rarity SR or higher.<br>A 1x Paid Scout costs 150 Paid Loveca and can be performed once per day.<br>A 10x Paid Scout costs 2,000 Paid Loveca and can be performed once during the event period.<br><br>If you Scout a Member you already have, they will automatically be converted into Penlights.<br>*Converted Penlights are added directly to your inventory, bypassing the present box.<br>*If your Penlight inventory is full, they will be sent to the present box.<br>*The number of Penlights received depends on the Member's rarity:<br>- UR: 500<br>- SR: 50<br>- R: 20<br><br>You'll also earn Scout Points [Rina's Birthday] based on the number of Members you Scout.<br>Earned Scout Points can be exchanged for Members, items, and more at the Exchange.<br><br>Any unused Scout Points will automatically be converted into Skill Books (M) when this Scout ends.<br>*Converted Skill Books (M) are added directly to your inventory, bypassing the present box.<br>*If your Skill Book (M) inventory is full, they will be sent to the present box.",223111301
3110023,恋ちゃんお誕生日記念勧誘～ハーモニースター～,「恋ちゃんお誕生日記念勧誘～ハーモニースター～」は、Liella!所属のR以上の部員が必ず登場します。<br>「1回勧誘」は、ラブカ300個で実施できます。<br>「10回勧誘」は、ラブカ3000個で実施でき、SR以上の部員が1人以上必ず加入します。<br>「有償1回勧誘」は、有償ラブカ150個で毎日1回だけ実施できます。<br>「有償10回勧誘」は、有償ラブカ2000個で期間中1回だけ実施できます。<br><br>すでに加入している部員が登場した場合、自動で「ペンライト」に変換されます。<br>※変換されたペンライトは、プレゼントを経由せず直接加算されます<br>※ペンライトの所持上限に達している場合は、プレゼントに贈られます<br>※ペンライトの獲得量は、部員のレアリティに応じて異なります<br>・UR：500個<br>・SR：50個<br>・R ：20個<br><br>また、登場した部員の人数に応じて「勧誘ポイント [恋ちゃんお誕生記念]」を入手します。<br>獲得した「勧誘ポイント」は交換所にて部員やアイテム等と交換できます。<br><br>交換されなかった「勧誘ポイント」は、本勧誘の終了時に自動的に「スキルブック（中）」に変換されます。<br>※変換されたスキルブック（中）は、プレゼントを経由せず直接加算されます<br>※スキルブック（中）の所持上限に達している場合は、プレゼントに贈られます,Ren's Birthday Scout: Harmony Star,"Ren's Birthday Celebration Scout: Harmony Star always features Liella! Members of rarity R or higher.<br>A 1x Scout costs 300 Loveca.<br>A 10x Scout costs 3,000 Loveca and guarantees at least one Member of rarity SR or higher.<br>A 1x Paid Scout costs 150 Paid Loveca and can be performed once per day.<br>A 10x Paid Scout costs 2,000 Paid Loveca and can be performed once during the event period.<br><br>If you Scout a Member you already have, they will automatically be converted into Penlights.<br>*Converted Penlights are added directly to your inventory, bypassing the present box.<br>*If your Penlight inventory is full, they will be sent to the present box.<br>*The number of Penlights received depends on the Member's rarity:<br>- UR: 500<br>- SR: 50<br>- R: 20<br><br>You'll also earn Scout Points [Ren's Birthday] based on the number of Members you Scout.<br>Earned Scout Points can be exchanged for Members, items, and more at the Exchange.<br><br>Any unused Scout Points will automatically be converted into Skill Books (M) when this Scout ends.<br>*Converted Skill Books (M) are added directly to your inventory, bypassing the present box.<br>*If your Skill Book (M) inventory is full, they will be sent to the present box.",223112401
3110024,ミアちゃんお誕生日記念勧誘～カラフルヒロインズ～,「ミアちゃんお誕生日記念勧誘～カラフルヒロインズ～」は、虹ヶ咲学園スクールアイドル同好会所属のR以上の部員が必ず登場します。<br>「1回勧誘」は、ラブカ300個で実施できます。<br>「10回勧誘」は、ラブカ3000個で実施でき、SR以上の部員が1人以上必ず加入します。<br>「有償1回勧誘」は、有償ラブカ150個で毎日1回だけ実施できます。<br>「有償10回勧誘」は、有償ラブカ2000個で期間中1回だけ実施できます。<br><br>すでに加入している部員が登場した場合、自動で「ペンライト」に変換されます。<br>※変換されたペンライトは、プレゼントを経由せず直接加算されます<br>※ペンライトの所持上限に達している場合は、プレゼントに贈られます<br>※ペンライトの獲得量は、部員のレアリティに応じて異なります<br>・UR：500個<br>・SR：50個<br>・R ：20個<br><br>また、登場した部員の人数に応じて「勧誘ポイント [ミアちゃんお誕生記念]」を入手します。<br>獲得した「勧誘ポイント」は交換所にて部員やアイテム等と交換できます。<br><br>交換されなかった「勧誘ポイント」は、本勧誘の終了時に自動的に「スキルブック（中）」に変換されます。<br>※変換されたスキルブック（中）は、プレゼントを経由せず直接加算されます<br>※スキルブック（中）の所持上限に達している場合は、プレゼントに贈られます,Mia's Birthday Scout: Colorful Heroines,"Mia's Birthday Celebration Scout: Colorful Heroines always features Nijigasaki Members of rarity R or higher.<br>A 1x Scout costs 300 Loveca.<br>A 10x Scout costs 3,000 Loveca and guarantees at least one Member of rarity SR or higher.<br>A 1x Paid Scout costs 150 Paid Loveca and can be performed once per day.<br>A 10x Paid Scout costs 2,000 Paid Loveca and can be performed once during the event period.<br><br>If you Scout a Member you already have, they will automatically be converted into Penlights.<br>*Converted Penlights are added directly to your inventory, bypassing the present box.<br>*If your Penlight inventory is full, they will be sent to the present box.<br>*The number of Penlights received depends on the Member's rarity:<br>- UR: 500<br>- SR: 50<br>- R: 20<br><br>You'll also earn Scout Points [Mia's Birthday] based on the number of Members you Scout.<br>Earned Scout Points can be exchanged for Members, items, and more at the Exchange.<br><br>Any unused Scout Points will automatically be converted into Skill Books (M) when this Scout ends.<br>*Converted Skill Books (M) are added directly to your inventory, bypassing the present box.<br>*If your Skill Book (M) inventory is full, they will be sent to the present box.",223120601
3110025,彼方ちゃんお誕生日記念勧誘～カラフルヒロインズ～,「彼方ちゃんお誕生日記念勧誘～カラフルヒロインズ～」は、虹ヶ咲学園スクールアイドル同好会所属のR以上の部員が必ず登場します。<br>「1回勧誘」は、ラブカ300個で実施できます。<br>「10回勧誘」は、ラブカ3000個で実施でき、SR以上の部員が1人以上必ず加入します。<br>「有償1回勧誘」は、有償ラブカ150個で毎日1回だけ実施できます。<br>「有償10回勧誘」は、有償ラブカ2000個で期間中1回だけ実施できます。<br><br>すでに加入している部員が登場した場合、自動で「ペンライト」に変換されます。<br>※変換されたペンライトは、プレゼントを経由せず直接加算されます<br>※ペンライトの所持上限に達している場合は、プレゼントに贈られます<br>※ペンライトの獲得量は、部員のレアリティに応じて異なります<br>・UR：500個<br>・SR：50個<br>・R ：20個<br><br>また、登場した部員の人数に応じて「勧誘ポイント [彼方ちゃんお誕生記念]」を入手します。<br>獲得した「勧誘ポイント」は交換所にて部員やアイテム等と交換できます。<br><br>交換されなかった「勧誘ポイント」は、本勧誘の終了時に自動的に「スキルブック（中）」に変換されます。<br>※変換されたスキルブック（中）は、プレゼントを経由せず直接加算されます<br>※スキルブック（中）の所持上限に達している場合は、プレゼントに贈られます,Kanata's Birthday Scout: Colorful Heroines,"Kanata's Birthday Celebration Scout: Colorful Heroines always features Nijigasaki Members of rarity R or higher.<br>A 1x Scout costs 300 Loveca.<br>A 10x Scout costs 3,000 Loveca and guarantees at least one Member of rarity SR or higher.<br>A 1x Paid Scout costs 150 Paid Loveca and can be performed once per day.<br>A 10x Paid Scout costs 2,000 Paid Loveca and can be performed once during the event period.<br><br>If you Scout a Member you already have, they will automatically be converted into Penlights.<br>*Converted Penlights are added directly to your inventory, bypassing the present box.<br>*If your Penlight inventory is full, they will be sent to the present box.<br>*The number of Penlights received depends on the Member's rarity:<br>- UR: 500<br>- SR: 50<br>- R: 20<br><br>You'll also earn Scout Points [Kanata's Birthday] based on the number of Members you Scout.<br>Earned Scout Points can be exchanged for Members, items, and more at the Exchange.<br><br>Any unused Scout Points will automatically be converted into Skill Books (M) when this Scout ends.<br>*Converted Skill Books (M) are added directly to your inventory, bypassing the present box.<br>*If your Skill Book (M) inventory is full, they will be sent to the present box.",223121601
3110026,冬毬ちゃんお誕生日記念勧誘～ハーモニースター～,「冬毬ちゃんお誕生日記念勧誘～ハーモニースター～」は、Liella!所属のR以上の部員が必ず登場します。<br>「1回勧誘」は、ラブカ300個で実施できます。<br>「10回勧誘」は、ラブカ3000個で実施でき、SR以上の部員が1人以上必ず加入します。<br>「有償1回勧誘」は、有償ラブカ150個で毎日1回だけ実施できます。<br>「有償10回勧誘」は、有償ラブカ2000個で期間中1回だけ実施できます。<br><br>すでに加入している部員が登場した場合、自動で「ペンライト」に変換されます。<br>※変換されたペンライトは、プレゼントを経由せず直接加算されます<br>※ペンライトの所持上限に達している場合は、プレゼントに贈られます<br>※ペンライトの獲得量は、部員のレアリティに応じて異なります<br>・UR：500個<br>・SR：50個<br>・R ：20個<br><br>また、登場した部員の人数に応じて「勧誘ポイント [冬毬ちゃんお誕生記念]」を入手します。<br>獲得した「勧誘ポイント」は交換所にて部員やアイテム等と交換できます。<br><br>交換されなかった「勧誘ポイント」は、本勧誘の終了時に自動的に「スキルブック（中）」に変換されます。<br>※変換されたスキルブック（中）は、プレゼントを経由せず直接加算されます<br>※スキルブック（中）の所持上限に達している場合は、プレゼントに贈られます,Tomari's Birthday Scout: Harmony Star,"Tomari's Birthday Celebration Scout: Harmony Star always features Liella! Members of rarity R or higher.<br>A 1x Scout costs 300 Loveca.<br>A 10x Scout costs 3,000 Loveca and guarantees at least one Member of rarity SR or higher.<br>A 1x Paid Scout costs 150 Paid Loveca and can be performed once per day.<br>A 10x Paid Scout costs 2,000 Paid Loveca and can be performed once during the event period.<br><br>If you Scout a Member you already have, they will automatically be converted into Penlights.<br>*Converted Penlights are added directly to your inventory, bypassing the present box.<br>*If your Penlight inventory is full, they will be sent to the present box.<br>*The number of Penlights received depends on the Member's rarity:<br>- UR: 500<br>- SR: 50<br>- R: 20<br><br>You'll also earn Scout Points [Tomari's Birthday] based on the number of Members you Scout.<br>Earned Scout Points can be exchanged for Members, items, and more at the Exchange.<br><br>Any unused Scout Points will automatically be converted into Skill Books (M) when this Scout ends.<br>*Converted Skill Books (M) are added directly to your inventory, bypassing the present box.<br>*If your Skill Book (M) inventory is full, they will be sent to the present box.",223122801
3110027,ダイヤちゃんお誕生日記念勧誘～フェアリーウイング～,「ダイヤちゃんお誕生日記念勧誘～フェアリーウイング～」は、Aqours所属のR以上の部員が必ず登場します。<br>「1回勧誘」は、ラブカ300個で実施できます。<br>「10回勧誘」は、ラブカ3000個で実施でき、SR以上の部員が1人以上必ず加入します。<br>「有償1回勧誘」は、有償ラブカ150個で毎日1回だけ実施できます。<br>「有償10回勧誘」は、有償ラブカ2000個で期間中1回だけ実施できます。<br><br>すでに加入している部員が登場した場合、自動で「ペンライト」に変換されます。<br>※変換されたペンライトは、プレゼントを経由せず直接加算されます<br>※ペンライトの所持上限に達している場合は、プレゼントに贈られます<br>※ペンライトの獲得量は、部員のレアリティに応じて異なります<br>・UR：500個<br>・SR：50個<br>・R ：20個<br><br>また、登場した部員の人数に応じて「勧誘ポイント [ダイヤちゃんお誕生記念]」を入手します。<br>獲得した「勧誘ポイント」は交換所にて部員やアイテム等と交換できます。<br><br>交換されなかった「勧誘ポイント」は、本勧誘の終了時に自動的に「スキルブック（中）」に変換されます。<br>※変換されたスキルブック（中）は、プレゼントを経由せず直接加算されます<br>※スキルブック（中）の所持上限に達している場合は、プレゼントに贈られます,Dia's Birthday Scout: Fairy Wing,"Dia's Birthday Celebration Scout: Fairy Wing always features Aqours Members of rarity R or higher.<br>A 1x Scout costs 300 Loveca.<br>A 10x Scout costs 3,000 Loveca and guarantees at least one Member of rarity SR or higher.<br>A 1x Paid Scout costs 150 Paid Loveca and can be performed once per day.<br>A 10x Paid Scout costs 2,000 Paid Loveca and can be performed once during the event period.<br><br>If you Scout a Member you already have, they will automatically be converted into Penlights.<br>*Converted Penlights are added directly to your inventory, bypassing the present box.<br>*If your Penlight inventory is full, they will be sent to the present box.<br>*The number of Penlights received depends on the Member's rarity:<br>- UR: 500<br>- SR: 50<br>- R: 20<br><br>You'll also earn Scout Points [Dia's Birthday] based on the number of Members you Scout.<br>Earned Scout Points can be exchanged for Members, items, and more at the Exchange.<br><br>Any unused Scout Points will automatically be converted into Skill Books (M) when this Scout ends.<br>*Converted Skill Books (M) are added directly to your inventory, bypassing the present box.<br>*If your Skill Book (M) inventory is full, they will be sent to the present box.",224010103
3110028,花陽ちゃんお誕生日記念勧誘～フラワーシャワー～,「花陽ちゃんお誕生日記念勧誘～フラワーシャワー～」は、μ'ｓ所属のR以上の部員が必ず登場します。<br>「1回勧誘」は、ラブカ300個で実施できます。<br>「10回勧誘」は、ラブカ3000個で実施でき、SR以上の部員が1人以上必ず加入します。<br>「有償1回勧誘」は、有償ラブカ150個で毎日1回だけ実施できます。<br>「有償10回勧誘」は、有償ラブカ2000個で期間中1回だけ実施できます。<br><br>すでに加入している部員が登場した場合、自動で「ペンライト」に変換されます。<br>※変換されたペンライトは、プレゼントを経由せず直接加算されます<br>※ペンライトの所持上限に達している場合は、プレゼントに贈られます<br>※ペンライトの獲得量は、部員のレアリティに応じて異なります<br>・UR：500個<br>・SR：50個<br>・R ：20個<br><br>また、登場した部員の人数に応じて「勧誘ポイント [花陽ちゃんお誕生記念]」を入手します。<br>獲得した「勧誘ポイント」は交換所にて部員やアイテム等と交換できます。<br><br>交換されなかった「勧誘ポイント」は、本勧誘の終了時に自動的に「スキルブック（中）」に変換されます。<br>※変換されたスキルブック（中）は、プレゼントを経由せず直接加算されます<br>※スキルブック（中）の所持上限に達している場合は、プレゼントに贈られます,Hanayo's Birthday Scout: Flower Shower,"Hanayo's Birthday Celebration Scout: Flower Shower always features μ's Members of rarity R or higher.<br>A 1x Scout costs 300 Loveca.<br>A 10x Scout costs 3,000 Loveca and guarantees at least one Member of rarity SR or higher.<br>A 1x Paid Scout costs 150 Paid Loveca and can be performed once per day.<br>A 10x Paid Scout costs 2,000 Paid Loveca and can be performed once during the event period.<br><br>If you Scout a Member you already have, they will automatically be converted into Penlights.<br>*Converted Penlights are added directly to your inventory, bypassing the present box.<br>*If your Penlight inventory is full, they will be sent to the present box.<br>*The number of Penlights received depends on the Member's rarity:<br>- UR: 500<br>- SR: 50<br>- R: 20<br><br>You'll also earn Scout Points [Hanayo's Birthday] based on the number of Members you Scout.<br>Earned Scout Points can be exchanged for Members, items, and more at the Exchange.<br><br>Any unused Scout Points will automatically be converted into Skill Books (M) when this Scout ends.<br>*Converted Skill Books (M) are added directly to your inventory, bypassing the present box.<br>*If your Skill Book (M) inventory is full, they will be sent to the present box.",224011702
3110029,マルガレーテちゃんお誕生日記念勧誘～ハーモニースター～,「マルガレーテちゃんお誕生日記念勧誘～ハーモニースター～」は、Liella!所属のR以上の部員が必ず登場します。<br>「1回勧誘」は、ラブカ300個で実施できます。<br>「10回勧誘」は、ラブカ3000個で実施でき、SR以上の部員が1人以上必ず加入します。<br>「有償1回勧誘」は、有償ラブカ150個で毎日1回だけ実施できます。<br>「有償10回勧誘」は、有償ラブカ2000個で期間中1回だけ実施できます。<br><br>すでに加入している部員が登場した場合、自動で「ペンライト」に変換されます。<br>※変換されたペンライトは、プレゼントを経由せず直接加算されます<br>※ペンライトの所持上限に達している場合は、プレゼントに贈られます<br>※ペンライトの獲得量は、部員のレアリティに応じて異なります<br>・UR：500個<br>・SR：50個<br>・R ：20個<br><br>また、登場した部員の人数に応じて「勧誘ポイント [マルガレーテちゃんお誕生記念]」を入手します。<br>獲得した「勧誘ポイント」は交換所にて部員やアイテム等と交換できます。<br><br>交換されなかった「勧誘ポイント」は、本勧誘の終了時に自動的に「スキルブック（中）」に変換されます。<br>※変換されたスキルブック（中）は、プレゼントを経由せず直接加算されます<br>※スキルブック（中）の所持上限に達している場合は、プレゼントに贈られます,Margarete's Birthday Scout: Harmony Star,"Margarete's Birthday Celebration Scout: Harmony Star always features Liella! Members of rarity R or higher.<br>A 1x Scout costs 300 Loveca.<br>A 10x Scout costs 3,000 Loveca and guarantees at least one Member of rarity SR or higher.<br>A 1x Paid Scout costs 150 Paid Loveca and can be performed once per day.<br>A 10x Paid Scout costs 2,000 Paid Loveca and can be performed once during the event period.<br><br>If you Scout a Member you already have, they will automatically be converted into Penlights.<br>*Converted Penlights are added directly to your inventory, bypassing the present box.<br>*If your Penlight inventory is full, they will be sent to the present box.<br>*The number of Penlights received depends on the Member's rarity:<br>- UR: 500<br>- SR: 50<br>- R: 20<br><br>You'll also earn Scout Points [Margarete's Birthday] based on the number of Members you Scout.<br>Earned Scout Points can be exchanged for Members, items, and more at the Exchange.<br><br>Any unused Scout Points will automatically be converted into Skill Books (M) when this Scout ends.<br>*Converted Skill Books (M) are added directly to your inventory, bypassing the present box.<br>*If your Skill Book (M) inventory is full, they will be sent to the present box.",224012002
3110030,かすみちゃんお誕生日記念勧誘～カラフルヒロインズ～,「かすみちゃんお誕生日記念勧誘～カラフルヒロインズ～」は、虹ヶ咲学園スクールアイドル同好会所属のR以上の部員が必ず登場します。<br>「1回勧誘」は、ラブカ300個で実施できます。<br>「10回勧誘」は、ラブカ3000個で実施でき、SR以上の部員が1人以上必ず加入します。<br>「有償1回勧誘」は、有償ラブカ150個で毎日1回だけ実施できます。<br>「有償10回勧誘」は、有償ラブカ2000個で期間中1回だけ実施できます。<br><br>すでに加入している部員が登場した場合、自動で「ペンライト」に変換されます。<br>※変換されたペンライトは、プレゼントを経由せず直接加算されます<br>※ペンライトの所持上限に達している場合は、プレゼントに贈られます<br>※ペンライトの獲得量は、部員のレアリティに応じて異なります<br>・UR：500個<br>・SR：50個<br>・R ：20個<br><br>また、登場した部員の人数に応じて「勧誘ポイント [かすみちゃんお誕生記念]」を入手します。<br>獲得した「勧誘ポイント」は交換所にて部員やアイテム等と交換できます。<br><br>交換されなかった「勧誘ポイント」は、本勧誘の終了時に自動的に「スキルブック（中）」に変換されます。<br>※変換されたスキルブック（中）は、プレゼントを経由せず直接加算されます<br>※スキルブック（中）の所持上限に達している場合は、プレゼントに贈られます,Kasumi's Birthday Scout: Colorful Heroines,"Kasumi's Birthday Celebration Scout: Colorful Heroines always features Nijigasaki Members of rarity R or higher.<br>A 1x Scout costs 300 Loveca.<br>A 10x Scout costs 3,000 Loveca and guarantees at least one Member of rarity SR or higher.<br>A 1x Paid Scout costs 150 Paid Loveca and can be performed once per day.<br>A 10x Paid Scout costs 2,000 Paid Loveca and can be performed once during the event period.<br><br>If you Scout a Member you already have, they will automatically be converted into Penlights.<br>*Converted Penlights are added directly to your inventory, bypassing the present box.<br>*If your Penlight inventory is full, they will be sent to the present box.<br>*The number of Penlights received depends on the Member's rarity:<br>- UR: 500<br>- SR: 50<br>- R: 20<br><br>You'll also earn Scout Points [Kasumi's Birthday] based on the number of Members you Scout.<br>Earned Scout Points can be exchanged for Members, items, and more at the Exchange.<br><br>Any unused Scout Points will automatically be converted into Skill Books (M) when this Scout ends.<br>*Converted Skill Books (M) are added directly to your inventory, bypassing the present box.<br>*If your Skill Book (M) inventory is full, they will be sent to the present box.",224012302
3110031,エマちゃんお誕生日記念勧誘～カラフルヒロインズ～,「エマちゃんお誕生日記念勧誘～カラフルヒロインズ～」は、虹ヶ咲学園スクールアイドル同好会所属のR以上の部員が必ず登場します。<br>「1回勧誘」は、ラブカ300個で実施できます。<br>「10回勧誘」は、ラブカ3000個で実施でき、SR以上の部員が1人以上必ず加入します。<br>「有償1回勧誘」は、有償ラブカ150個で毎日1回だけ実施できます。<br>「有償10回勧誘」は、有償ラブカ2000個で期間中1回だけ実施できます。<br><br>すでに加入している部員が登場した場合、自動で「ペンライト」に変換されます。<br>※変換されたペンライトは、プレゼントを経由せず直接加算されます<br>※ペンライトの所持上限に達している場合は、プレゼントに贈られます<br>※ペンライトの獲得量は、部員のレアリティに応じて異なります<br>・UR：500個<br>・SR：50個<br>・R ：20個<br><br>また、登場した部員の人数に応じて「勧誘ポイント [エマちゃんお誕生記念]」を入手します。<br>獲得した「勧誘ポイント」は交換所にて部員やアイテム等と交換できます。<br><br>交換されなかった「勧誘ポイント」は、本勧誘の終了時に自動的に「スキルブック（中）」に変換されます。<br>※変換されたスキルブック（中）は、プレゼントを経由せず直接加算されます<br>※スキルブック（中）の所持上限に達している場合は、プレゼントに贈られます,Emma's Birthday Scout: Colorful Heroines,"Emma's Birthday Celebration Scout: Colorful Heroines always features Nijigasaki Members of rarity R or higher.<br>A 1x Scout costs 300 Loveca.<br>A 10x Scout costs 3,000 Loveca and guarantees at least one Member of rarity SR or higher.<br>A 1x Paid Scout costs 150 Paid Loveca and can be performed once per day.<br>A 10x Paid Scout costs 2,000 Paid Loveca and can be performed once during the event period.<br><br>If you Scout a Member you already have, they will automatically be converted into Penlights.<br>*Converted Penlights are added directly to your inventory, bypassing the present box.<br>*If your Penlight inventory is full, they will be sent to the present box.<br>*The number of Penlights received depends on the Member's rarity:<br>- UR: 500<br>- SR: 50<br>- R: 20<br><br>You'll also earn Scout Points [Emma's Birthday] based on the number of Members you Scout.<br>Earned Scout Points can be exchanged for Members, items, and more at the Exchange.<br><br>Any unused Scout Points will automatically be converted into Skill Books (M) when this Scout ends.<br>*Converted Skill Books (M) are added directly to your inventory, bypassing the present box.<br>*If your Skill Book (M) inventory is full, they will be sent to the present box.",224020502
3110032,果南ちゃんお誕生日記念勧誘～フェアリーウイング～,「果南ちゃんお誕生日記念勧誘～フェアリーウイング～」は、Aqours所属のR以上の部員が必ず登場します。<br>「1回勧誘」は、ラブカ300個で実施できます。<br>「10回勧誘」は、ラブカ3000個で実施でき、SR以上の部員が1人以上必ず加入します。<br>「有償1回勧誘」は、有償ラブカ150個で毎日1回だけ実施できます。<br>「有償10回勧誘」は、有償ラブカ2000個で期間中1回だけ実施できます。<br><br>すでに加入している部員が登場した場合、自動で「ペンライト」に変換されます。<br>※変換されたペンライトは、プレゼントを経由せず直接加算されます<br>※ペンライトの所持上限に達している場合は、プレゼントに贈られます<br>※ペンライトの獲得量は、部員のレアリティに応じて異なります<br>・UR：500個<br>・SR：50個<br>・R ：20個<br><br>また、登場した部員の人数に応じて「勧誘ポイント [果南ちゃんお誕生記念]」を入手します。<br>獲得した「勧誘ポイント」は交換所にて部員やアイテム等と交換できます。<br><br>交換されなかった「勧誘ポイント」は、本勧誘の終了時に自動的に「スキルブック（中）」に変換されます。<br>※変換されたスキルブック（中）は、プレゼントを経由せず直接加算されます<br>※スキルブック（中）の所持上限に達している場合は、プレゼントに贈られます,Kanan's Birthday Scout: Fairy Wing,"Kanan's Birthday Celebration Scout: Fairy Wing always features Aqours Members of rarity R or higher.<br>A 1x Scout costs 300 Loveca.<br>A 10x Scout costs 3,000 Loveca and guarantees at least one Member of rarity SR or higher.<br>A 1x Paid Scout costs 150 Paid Loveca and can be performed once per day.<br>A 10x Paid Scout costs 2,000 Paid Loveca and can be performed once during the event period.<br><br>If you Scout a Member you already have, they will automatically be converted into Penlights.<br>*Converted Penlights are added directly to your inventory, bypassing the present box.<br>*If your Penlight inventory is full, they will be sent to the present box.<br>*The number of Penlights received depends on the Member's rarity:<br>- UR: 500<br>- SR: 50<br>- R: 20<br><br>You'll also earn Scout Points [Kanan's Birthday] based on the number of Members you Scout.<br>Earned Scout Points can be exchanged for Members, items, and more at the Exchange.<br><br>Any unused Scout Points will automatically be converted into Skill Books (M) when this Scout ends.<br>*Converted Skill Books (M) are added directly to your inventory, bypassing the present box.<br>*If your Skill Book (M) inventory is full, they will be sent to the present box.",224021004
3110033,嵐珠ちゃんお誕生日記念勧誘～カラフルヒロインズ～,「嵐珠ちゃんお誕生日記念勧誘～カラフルヒロインズ～」は、虹ヶ咲学園スクールアイドル同好会所属のR以上の部員が必ず登場します。<br>「1回勧誘」は、ラブカ300個で実施できます。<br>「10回勧誘」は、ラブカ3000個で実施でき、SR以上の部員が1人以上必ず加入します。<br>「有償1回勧誘」は、有償ラブカ150個で毎日1回だけ実施できます。<br>「有償10回勧誘」は、有償ラブカ2000個で期間中1回だけ実施できます。<br><br>すでに加入している部員が登場した場合、自動で「ペンライト」に変換されます。<br>※変換されたペンライトは、プレゼントを経由せず直接加算されます<br>※ペンライトの所持上限に達している場合は、プレゼントに贈られます<br>※ペンライトの獲得量は、部員のレアリティに応じて異なります<br>・UR：500個<br>・SR：50個<br>・R ：20個<br><br>また、登場した部員の人数に応じて「勧誘ポイント [嵐珠ちゃんお誕生記念]」を入手します。<br>獲得した「勧誘ポイント」は交換所にて部員やアイテム等と交換できます。<br><br>交換されなかった「勧誘ポイント」は、本勧誘の終了時に自動的に「スキルブック（中）」に変換されます。<br>※変換されたスキルブック（中）は、プレゼントを経由せず直接加算されます<br>※スキルブック（中）の所持上限に達している場合は、プレゼントに贈られます,Lanzhu's Birthday Scout: Colorful Heroines,"Lanzhu's Birthday Celebration Scout: Colorful Heroines always features Nijigasaki Members of rarity R or higher.<br>A 1x Scout costs 300 Loveca.<br>A 10x Scout costs 3,000 Loveca and guarantees at least one Member of rarity SR or higher.<br>A 1x Paid Scout costs 150 Paid Loveca and can be performed once per day.<br>A 10x Paid Scout costs 2,000 Paid Loveca and can be performed once during the event period.<br><br>If you Scout a Member you already have, they will automatically be converted into Penlights.<br>*Converted Penlights are added directly to your inventory, bypassing the present box.<br>*If your Penlight inventory is full, they will be sent to the present box.<br>*The number of Penlights received depends on the Member's rarity:<br>- UR: 500<br>- SR: 50<br>- R: 20<br><br>You'll also earn Scout Points [Lanzhu's Birthday] based on the number of Members you Scout.<br>Earned Scout Points can be exchanged for Members, items, and more at the Exchange.<br><br>Any unused Scout Points will automatically be converted into Skill Books (M) when this Scout ends.<br>*Converted Skill Books (M) are added directly to your inventory, bypassing the present box.<br>*If your Skill Book (M) inventory is full, they will be sent to the present box.",224021502
3110034,千砂都ちゃんお誕生日記念勧誘～ハーモニースター～,「千砂都ちゃんお誕生日記念勧誘～ハーモニースター～」は、Liella!所属のR以上の部員が必ず登場します。<br>「1回勧誘」は、ラブカ300個で実施できます。<br>「10回勧誘」は、ラブカ3000個で実施でき、SR以上の部員が1人以上必ず加入します。<br>「有償1回勧誘」は、有償ラブカ150個で毎日1回だけ実施できます。<br>「有償10回勧誘」は、有償ラブカ2000個で期間中1回だけ実施できます。<br><br>すでに加入している部員が登場した場合、自動で「ペンライト」に変換されます。<br>※変換されたペンライトは、プレゼントを経由せず直接加算されます<br>※ペンライトの所持上限に達している場合は、プレゼントに贈られます<br>※ペンライトの獲得量は、部員のレアリティに応じて異なります<br>・UR：500個<br>・SR：50個<br>・R ：20個<br><br>また、登場した部員の人数に応じて「勧誘ポイント [千砂都ちゃんお誕生記念]」を入手します。<br>獲得した「勧誘ポイント」は交換所にて部員やアイテム等と交換できます。<br><br>交換されなかった「勧誘ポイント」は、本勧誘の終了時に自動的に「スキルブック（中）」に変換されます。<br>※変換されたスキルブック（中）は、プレゼントを経由せず直接加算されます<br>※スキルブック（中）の所持上限に達している場合は、プレゼントに贈られます,Chisato's Birthday Scout: Harmony Star,"Chisato's Birthday Celebration Scout: Harmony Star always features Liella! Members of rarity R or higher.<br>A 1x Scout costs 300 Loveca.<br>A 10x Scout costs 3,000 Loveca and guarantees at least one Member of rarity SR or higher.<br>A 1x Paid Scout costs 150 Paid Loveca and can be performed once per day.<br>A 10x Paid Scout costs 2,000 Paid Loveca and can be performed once during the event period.<br><br>If you Scout a Member you already have, they will automatically be converted into Penlights.<br>*Converted Penlights are added directly to your inventory, bypassing the present box.<br>*If your Penlight inventory is full, they will be sent to the present box.<br>*The number of Penlights received depends on the Member's rarity:<br>- UR: 500<br>- SR: 50<br>- R: 20<br><br>You'll also earn Scout Points [Chisato's Birthday] based on the number of Members you Scout.<br>Earned Scout Points can be exchanged for Members, items, and more at the Exchange.<br><br>Any unused Scout Points will automatically be converted into Skill Books (M) when this Scout ends.<br>*Converted Skill Books (M) are added directly to your inventory, bypassing the present box.<br>*If your Skill Book (M) inventory is full, they will be sent to the present box.",224022502
3110035,歩夢ちゃんお誕生日記念勧誘～カラフルヒロインズ～,「歩夢ちゃんお誕生日記念勧誘～カラフルヒロインズ～」は、虹ヶ咲学園スクールアイドル同好会所属のR以上の部員が必ず登場します。<br>「1回勧誘」は、ラブカ300個で実施できます。<br>「10回勧誘」は、ラブカ3000個で実施でき、SR以上の部員が1人以上必ず加入します。<br>「有償1回勧誘」は、有償ラブカ150個で毎日1回だけ実施できます。<br>「有償10回勧誘」は、有償ラブカ2000個で期間中1回だけ実施できます。<br><br>すでに加入している部員が登場した場合、自動で「ペンライト」に変換されます。<br>※変換されたペンライトは、プレゼントを経由せず直接加算されます<br>※ペンライトの所持上限に達している場合は、プレゼントに贈られます<br>※ペンライトの獲得量は、部員のレアリティに応じて異なります<br>・UR：500個<br>・SR：50個<br>・R ：20個<br><br>また、登場した部員の人数に応じて「勧誘ポイント[歩夢ちゃんお誕生記念]」を入手します。<br>獲得した「勧誘ポイント」は交換所にて部員やアイテム等と交換できます。<br><br>交換されなかった「勧誘ポイント」は、本勧誘の終了時に自動的に「スキルブック（中）」に変換されます。<br>※変換されたスキルブック（中）は、プレゼントを経由せず直接加算されます<br>※スキルブック（中）の所持上限に達している場合は、プレゼントに贈られます,Ayumu's Birthday Scout: Colorful Heroines,"Ayumu's Birthday Celebration Scout: Colorful Heroines always features Nijigasaki Members of rarity R or higher.<br>A 1x Scout costs 300 Loveca.<br>A 10x Scout costs 3,000 Loveca and guarantees at least one Member of rarity SR or higher.<br>A 1x Paid Scout costs 150 Paid Loveca and can be performed once per day.<br>A 10x Paid Scout costs 2,000 Paid Loveca and can be performed once during the event period.<br><br>If you Scout a Member you already have, they will automatically be converted into Penlights.<br>*Converted Penlights are added directly to your inventory, bypassing the present box.<br>*If your Penlight inventory is full, they will be sent to the present box.<br>*The number of Penlights received depends on the Member's rarity:<br>- UR: 500<br>- SR: 50<br>- R: 20<br><br>You'll also earn Scout Points [Ayumu's Birthday] based on the number of Members you Scout.<br>Earned Scout Points can be exchanged for Members, items, and more at the Exchange.<br><br>Any unused Scout Points will automatically be converted into Skill Books (M) when this Scout ends.<br>*Converted Skill Books (M) are added directly to your inventory, bypassing the present box.<br>*If your Skill Book (M) inventory is full, they will be sent to the present box.",224030107
3110036,花丸ちゃんお誕生日記念勧誘～フェアリーウイング～,「花丸ちゃんお誕生日記念勧誘～フェアリーウイング～」は、Aqours所属のR以上の部員が必ず登場します。<br>「1回勧誘」は、ラブカ300個で実施できます。<br>「10回勧誘」は、ラブカ3000個で実施でき、SR以上の部員が1人以上必ず加入します。<br>「有償1回勧誘」は、有償ラブカ150個で毎日1回だけ実施できます。<br>「有償10回勧誘」は、有償ラブカ2000個で期間中1回だけ実施できます。<br><br>すでに加入している部員が登場した場合、自動で「ペンライト」に変換されます。<br>※変換されたペンライトは、プレゼントを経由せず直接加算されます<br>※ペンライトの所持上限に達している場合は、プレゼントに贈られます<br>※ペンライトの獲得量は、部員のレアリティに応じて異なります<br>・UR：500個<br>・SR：50個<br>・R ：20個<br><br>また、登場した部員の人数に応じて「勧誘ポイント[花丸ちゃんお誕生記念]」を入手します。<br>獲得した「勧誘ポイント」は交換所にて部員やアイテム等と交換できます。<br><br>交換されなかった「勧誘ポイント」は、本勧誘の終了時に自動的に「スキルブック（中）」に変換されます。<br>※変換されたスキルブック（中）は、プレゼントを経由せず直接加算されます<br>※スキルブック（中）の所持上限に達している場合は、プレゼントに贈られます,Hanamaru's Birthday Scout: Fairy Wing,"Hanamaru's Birthday Celebration Scout: Fairy Wing always features Aqours Members of rarity R or higher.<br>A 1x Scout costs 300 Loveca.<br>A 10x Scout costs 3,000 Loveca and guarantees at least one Member of rarity SR or higher.<br>A 1x Paid Scout costs 150 Paid Loveca and can be performed once per day.<br>A 10x Paid Scout costs 2,000 Paid Loveca and can be performed once during the event period.<br><br>If you Scout a Member you already have, they will automatically be converted into Penlights.<br>*Converted Penlights are added directly to your inventory, bypassing the present box.<br>*If your Penlight inventory is full, they will be sent to the present box.<br>*The number of Penlights received depends on the Member's rarity:<br>- UR: 500<br>- SR: 50<br>- R: 20<br><br>You'll also earn Scout Points [Hanamaru's Birthday] based on the number of Members you Scout.<br>Earned Scout Points can be exchanged for Members, items, and more at the Exchange.<br><br>Any unused Scout Points will automatically be converted into Skill Books (M) when this Scout ends.<br>*Converted Skill Books (M) are added directly to your inventory, bypassing the present box.<br>*If your Skill Book (M) inventory is full, they will be sent to the present box.",224030402
3110037,海未ちゃんお誕生日記念勧誘～フラワーシャワー～,「海未ちゃんお誕生日記念勧誘～フラワーシャワー～」は、μ'ｓ所属のR以上の部員が必ず登場します。<br>「1回勧誘」は、ラブカ300個で実施できます。<br>「10回勧誘」は、ラブカ3000個で実施でき、SR以上の部員が1人以上必ず加入します。<br>「有償1回勧誘」は、有償ラブカ150個で毎日1回だけ実施できます。<br>「有償10回勧誘」は、有償ラブカ2000個で期間中1回だけ実施できます。<br><br>すでに加入している部員が登場した場合、自動で「ペンライト」に変換されます。<br>※変換されたペンライトは、プレゼントを経由せず直接加算されます<br>※ペンライトの所持上限に達している場合は、プレゼントに贈られます<br>※ペンライトの獲得量は、部員のレアリティに応じて異なります<br>・UR：500個<br>・SR：50個<br>・R ：20個<br><br>また、登場した部員の人数に応じて「勧誘ポイント [海未ちゃんお誕生記念]」を入手します。<br>獲得した「勧誘ポイント」は交換所にて部員やアイテム等と交換できます。<br><br>交換されなかった「勧誘ポイント」は、本勧誘の終了時に自動的に「スキルブック（中）」に変換されます。<br>※変換されたスキルブック（中）は、プレゼントを経由せず直接加算されます<br>※スキルブック（中）の所持上限に達している場合は、プレゼントに贈られます,Umi's Birthday Scout: Flower Shower,"Umi's Birthday Celebration Scout: Flower Shower always features μ's Members of rarity R or higher.<br>A 1x Scout costs 300 Loveca.<br>A 10x Scout costs 3,000 Loveca and guarantees at least one Member of rarity SR or higher.<br>A 1x Paid Scout costs 150 Paid Loveca and can be performed once per day.<br>A 10x Paid Scout costs 2,000 Paid Loveca and can be performed once during the event period.<br><br>If you Scout a Member you already have, they will automatically be converted into Penlights.<br>*Converted Penlights are added directly to your inventory, bypassing the present box.<br>*If your Penlight inventory is full, they will be sent to the present box.<br>*The number of Penlights received depends on the Member's rarity:<br>- UR: 500<br>- SR: 50<br>- R: 20<br><br>You'll also earn Scout Points [Umi's Birthday] based on the number of Members you Scout.<br>Earned Scout Points can be exchanged for Members, items, and more at the Exchange.<br><br>Any unused Scout Points will automatically be converted into Skill Books (M) when this Scout ends.<br>*Converted Skill Books (M) are added directly to your inventory, bypassing the present box.<br>*If your Skill Book (M) inventory is full, they will be sent to the present box.",224031502
4110001,スマイル限定！ピックアップ勧誘,「スマイル限定！ピックアップ勧誘」は、R以上の部員が必ず登場します。<br>「1回勧誘」は、ラブカ300個で実施できます。<br>「10回勧誘」は、ラブカ3000個で実施でき、SR以上の部員が1人以上必ず加入します。<br>「有償1回勧誘」は、有償ラブカ150個で毎日1回だけ実施できます。<br><br>すでに加入している部員が登場した場合、自動で「ペンライト」に変換されます。<br>※変換されたペンライトは、プレゼントを経由せず直接加算されます<br>※ペンライトの所持上限に達している場合は、プレゼントに贈られます<br>※ペンライトの獲得量は、部員のレアリティに応じて異なります<br>・UR：500個<br>・SR：50個<br>・R ：20個<br><br>また、登場した部員の人数に応じて「勧誘ポイント [属性ピックアップ]」を入手します。<br>獲得した「勧誘ポイント」は交換所にて部員やアイテム等と交換できます。<br><br>交換されなかった「勧誘ポイント」は、本勧誘の終了時に自動的に「スキルブック（中）」に変換されます。<br>※変換されたスキルブック（中）は、プレゼントを経由せず直接加算されます<br>※スキルブック（中）の所持上限に達している場合は、プレゼントに贈られます,Smile Only! Spotlight Scout,"Smile-Only Spotlight Scout always features Members of rarity R or higher.<br>A 1x Scout costs 300 Loveca.<br>A 10x Scout costs 3,000 Loveca and guarantees at least one Member of rarity SR or higher.<br>A 1x Paid Scout costs 150 Paid Loveca and can be performed once per day.<br><br>If you Scout a Member you already have, they will automatically be converted into Penlights.<br>*Converted Penlights are added directly to your inventory, bypassing the present box.<br>*If your Penlight inventory is full, they will be sent to the present box.<br>*The number of Penlights received depends on the Member's rarity:<br>- UR: 500<br>- SR: 50<br>- R: 20<br><br>You'll also earn Scout Points [Type Spotlight] based on the number of Members you Scout.<br>Earned Scout Points can be exchanged for Members, items, and more at the Exchange.<br><br>Any unused Scout Points will automatically be converted into Skill Books (M) when this Scout ends.<br>*Converted Skill Books (M) are added directly to your inventory, bypassing the present box.<br>*If your Skill Book (M) inventory is full, they will be sent to the present box.",223061103
4110002,ピュア限定！ピックアップ勧誘,「ピュア限定！ピックアップ勧誘」は、R以上の部員が必ず登場します。<br>「1回勧誘」は、ラブカ300個で実施できます。<br>「10回勧誘」は、ラブカ3000個で実施でき、SR以上の部員が1人以上必ず加入します。<br>「有償1回勧誘」は、有償ラブカ150個で毎日1回だけ実施できます。<br><br>すでに加入している部員が登場した場合、自動で「ペンライト」に変換されます。<br>※変換されたペンライトは、プレゼントを経由せず直接加算されます<br>※ペンライトの所持上限に達している場合は、プレゼントに贈られます<br>※ペンライトの獲得量は、部員のレアリティに応じて異なります<br>・UR：500個<br>・SR：50個<br>・R ：20個<br><br>また、登場した部員の人数に応じて「勧誘ポイント [属性ピックアップ]」を入手します。<br>獲得した「勧誘ポイント」は交換所にて部員やアイテム等と交換できます。<br><br>交換されなかった「勧誘ポイント」は、本勧誘の終了時に自動的に「スキルブック（中）」に変換されます。<br>※変換されたスキルブック（中）は、プレゼントを経由せず直接加算されます<br>※スキルブック（中）の所持上限に達している場合は、プレゼントに贈られます,Pure Only! Spotlight Scout,"Pure-Only Spotlight Scout always features Members of rarity R or higher.<br>A 1x Scout costs 300 Loveca.<br>A 10x Scout costs 3,000 Loveca and guarantees at least one Member of rarity SR or higher.<br>A 1x Paid Scout costs 150 Paid Loveca and can be performed once per day.<br><br>If you Scout a Member you already have, they will automatically be converted into Penlights.<br>*Converted Penlights are added directly to your inventory, bypassing the present box.<br>*If your Penlight inventory is full, they will be sent to the present box.<br>*The number of Penlights received depends on the Member's rarity:<br>- UR: 500<br>- SR: 50<br>- R: 20<br><br>You'll also earn Scout Points [Type Spotlight] based on the number of Members you Scout.<br>Earned Scout Points can be exchanged for Members, items, and more at the Exchange.<br><br>Any unused Scout Points will automatically be converted into Skill Books (M) when this Scout ends.<br>*Converted Skill Books (M) are added directly to your inventory, bypassing the present box.<br>*If your Skill Book (M) inventory is full, they will be sent to the present box.",223061103
4110003,クール限定！ピックアップ勧誘,「クール限定！ピックアップ勧誘」は、R以上の部員が必ず登場します。<br>「1回勧誘」は、ラブカ300個で実施できます。<br>「10回勧誘」は、ラブカ3000個で実施でき、SR以上の部員が1人以上必ず加入します。<br>「有償1回勧誘」は、有償ラブカ150個で毎日1回だけ実施できます。<br><br>すでに加入している部員が登場した場合、自動で「ペンライト」に変換されます。<br>※変換されたペンライトは、プレゼントを経由せず直接加算されます<br>※ペンライトの所持上限に達している場合は、プレゼントに贈られます<br>※ペンライトの獲得量は、部員のレアリティに応じて異なります<br>・UR：500個<br>・SR：50個<br>・R ：20個<br><br>また、登場した部員の人数に応じて「勧誘ポイント [属性ピックアップ]」を入手します。<br>獲得した「勧誘ポイント」は交換所にて部員やアイテム等と交換できます。<br><br>交換されなかった「勧誘ポイント」は、本勧誘の終了時に自動的に「スキルブック（中）」に変換されます。<br>※変換されたスキルブック（中）は、プレゼントを経由せず直接加算されます<br>※スキルブック（中）の所持上限に達している場合は、プレゼントに贈られます,Cool Only! Spotlight Scout,"Cool-Only Spotlight Scout always features Members of rarity R or higher.<br>A 1x Scout costs 300 Loveca.<br>A 10x Scout costs 3,000 Loveca and guarantees at least one Member of rarity SR or higher.<br>A 1x Paid Scout costs 150 Paid Loveca and can be performed once per day.<br><br>If you Scout a Member you already have, they will automatically be converted into Penlights.<br>*Converted Penlights are added directly to your inventory, bypassing the present box.<br>*If your Penlight inventory is full, they will be sent to the present box.<br>*The number of Penlights received depends on the Member's rarity:<br>- UR: 500<br>- SR: 50<br>- R: 20<br><br>You'll also earn Scout Points [Type Spotlight] based on the number of Members you Scout.<br>Earned Scout Points can be exchanged for Members, items, and more at the Exchange.<br><br>Any unused Scout Points will automatically be converted into Skill Books (M) when this Scout ends.<br>*Converted Skill Books (M) are added directly to your inventory, bypassing the present box.<br>*If your Skill Book (M) inventory is full, they will be sent to the present box.",223061103
4110004,スクフェスシリーズ感謝祭2023記念 UR確定勧誘,「スクフェスシリーズ感謝祭2023記念 UR確定勧誘」は、有償ラブカ3000個で実施でき、UR部員が1人必ず加入します。<br><br>すでに加入している部員が登場した場合、自動的に「ペンライト」に変換されます。<br>※変換されたペンライトは、プレゼントを経由せず直接加算されます<br>※ペンライトの所持上限に達している場合は、プレゼントに贈られます<br>※ペンライトの獲得量は、部員のレアリティに応じて異なります<br>・UR：500個<br>・SR：50個<br>・R ：20個,SIF Series Thanksgiving Festival 2023 Guaranteed UR Scout,"SIF Series Thanksgiving 2023 Guaranteed UR Scout costs 3,000 Paid Loveca and guarantees one UR Member.<br><br>If you Scout a Member you already have, they will automatically be converted into Penlights.<br>*Converted Penlights are added directly to your inventory, bypassing the present box.<br>*If your Penlight inventory is full, they will be sent to the present box.<br>*The number of Penlights received depends on the Member's rarity:<br>- UR: 500<br>- SR: 50<br>- R: 20",223062301
4110005,ラブソングカーニバル記念勧誘～歩夢編～,「ラブソングカーニバル記念勧誘～歩夢編～」は、虹ヶ咲学園スクールアイドル同好会所属のR以上の部員が必ず登場します。<br>「1回勧誘」は、ラブカ300個で実施できます。<br>「10回勧誘」は、ラブカ3000個で実施でき、SR以上の部員が1人以上必ず加入します。<br>「有償1回勧誘」は、有償ラブカ150個で毎日1回だけ実施できます。<br>「有償10回勧誘」は、有償ラブカ2000個で期間中1回だけ実施できます。<br><br>すでに加入している部員が登場した場合、自動で「ペンライト」に変換されます。<br>※変換されたペンライトは、プレゼントを経由せず直接加算されます<br>※ペンライトの所持上限に達している場合は、プレゼントに贈られます<br>※ペンライトの獲得量は、部員のレアリティに応じて異なります<br>・UR：500個<br>・SR：50個<br>・R ：20個<br><br>また、登場した部員の人数に応じて「勧誘ポイント [ラブソングカーニバル 歩夢編]」を入手します。<br>獲得した「勧誘ポイント」は交換所にて部員やアイテム等と交換できます。<br><br>交換されなかった「勧誘ポイント」は、本勧誘の終了時に自動的に「スキルブック（中）」に変換されます。<br>※変換されたスキルブック（中）は、プレゼントを経由せず直接加算されます<br>※スキルブック（中）の所持上限に達している場合は、プレゼントに贈られます,Love Song Carnival Scout: Ayumu,"Love Song Carnival Celebration Scout: Ayumu Arc always features Nijigasaki Members of rarity R or higher.<br>A 1x Scout costs 300 Loveca.<br>A 10x Scout costs 3,000 Loveca and guarantees at least one Member of rarity SR or higher.<br>A 1x Paid Scout costs 150 Paid Loveca and can be performed once per day.<br>A 10x Paid Scout costs 2,000 Paid Loveca and can be performed once during the event period.<br><br>If you Scout a Member you already have, they will automatically be converted into Penlights.<br>*Converted Penlights are added directly to your inventory, bypassing the present box.<br>*If your Penlight inventory is full, they will be sent to the present box.<br>*The number of Penlights received depends on the Member's rarity:<br>- UR: 500<br>- SR: 50<br>- R: 20<br><br>You'll also earn Scout Points [Love Song Carnival: Ayumu Arc] based on the number of Members you Scout.<br>Earned Scout Points can be exchanged for Members, items, and more at the Exchange.<br><br>Any unused Scout Points will automatically be converted into Skill Books (M) when this Scout ends.<br>*Converted Skill Books (M) are added directly to your inventory, bypassing the present box.<br>*If your Skill Book (M) inventory is full, they will be sent to the present box.",223100301
4110006,ラブソングカーニバル記念勧誘～かすみ編～,「ラブソングカーニバル記念勧誘～かすみ編～」は、虹ヶ咲学園スクールアイドル同好会所属のR以上の部員が必ず登場します。<br>「1回勧誘」は、ラブカ300個で実施できます。<br>「10回勧誘」は、ラブカ3000個で実施でき、SR以上の部員が1人以上必ず加入します。<br>「有償1回勧誘」は、有償ラブカ150個で毎日1回だけ実施できます。<br>「有償10回勧誘」は、有償ラブカ2000個で期間中1回だけ実施できます。<br><br>すでに加入している部員が登場した場合、自動で「ペンライト」に変換されます。<br>※変換されたペンライトは、プレゼントを経由せず直接加算されます<br>※ペンライトの所持上限に達している場合は、プレゼントに贈られます<br>※ペンライトの獲得量は、部員のレアリティに応じて異なります<br>・UR：500個<br>・SR：50個<br>・R ：20個<br><br>また、登場した部員の人数に応じて「勧誘ポイント [ラブソングカーニバル かすみ編]」を入手します。<br>獲得した「勧誘ポイント」は交換所にて部員やアイテム等と交換できます。<br><br>交換されなかった「勧誘ポイント」は、本勧誘の終了時に自動的に「スキルブック（中）」に変換されます。<br>※変換されたスキルブック（中）は、プレゼントを経由せず直接加算されます<br>※スキルブック（中）の所持上限に達している場合は、プレゼントに贈られます,Love Song Carnival Scout: Kasumi,"Love Song Carnival Celebration Scout: Kasumi Arc always features Nijigasaki Members of rarity R or higher.<br>A 1x Scout costs 300 Loveca.<br>A 10x Scout costs 3,000 Loveca and guarantees at least one Member of rarity SR or higher.<br>A 1x Paid Scout costs 150 Paid Loveca and can be performed once per day.<br>A 10x Paid Scout costs 2,000 Paid Loveca and can be performed once during the event period.<br><br>If you Scout a Member you already have, they will automatically be converted into Penlights.<br>*Converted Penlights are added directly to your inventory, bypassing the present box.<br>*If your Penlight inventory is full, they will be sent to the present box.<br>*The number of Penlights received depends on the Member's rarity:<br>- UR: 500<br>- SR: 50<br>- R: 20<br><br>You'll also earn Scout Points [Love Song Carnival: Kasumi Arc] based on the number of Members you Scout.<br>Earned Scout Points can be exchanged for Members, items, and more at the Exchange.<br><br>Any unused Scout Points will automatically be converted into Skill Books (M) when this Scout ends.<br>*Converted Skill Books (M) are added directly to your inventory, bypassing the present box.<br>*If your Skill Book (M) inventory is full, they will be sent to the present box.",223101001
4110007,ラブソングカーニバル記念勧誘～しずく編～,「ラブソングカーニバル記念勧誘～しずく編～」は、虹ヶ咲学園スクールアイドル同好会所属のR以上の部員が必ず登場します。<br>「1回勧誘」は、ラブカ300個で実施できます。<br>「10回勧誘」は、ラブカ3000個で実施でき、SR以上の部員が1人以上必ず加入します。<br>「有償1回勧誘」は、有償ラブカ150個で毎日1回だけ実施できます。<br>「有償10回勧誘」は、有償ラブカ2000個で期間中1回だけ実施できます。<br><br>すでに加入している部員が登場した場合、自動で「ペンライト」に変換されます。<br>※変換されたペンライトは、プレゼントを経由せず直接加算されます<br>※ペンライトの所持上限に達している場合は、プレゼントに贈られます<br>※ペンライトの獲得量は、部員のレアリティに応じて異なります<br>・UR：500個<br>・SR：50個<br>・R ：20個<br><br>また、登場した部員の人数に応じて「勧誘ポイント [ラブソングカーニバル しずく編]」を入手します。<br>獲得した「勧誘ポイント」は交換所にて部員やアイテム等と交換できます。<br><br>交換されなかった「勧誘ポイント」は、本勧誘の終了時に自動的に「スキルブック（中）」に変換されます。<br>※変換されたスキルブック（中）は、プレゼントを経由せず直接加算されます<br>※スキルブック（中）の所持上限に達している場合は、プレゼントに贈られます,Love Song Carnival Scout: Shizuku,"Love Song Carnival Celebration Scout: Shizuku Arc always features Nijigasaki Members of rarity R or higher.<br>A 1x Scout costs 300 Loveca.<br>A 10x Scout costs 3,000 Loveca and guarantees at least one Member of rarity SR or higher.<br>A 1x Paid Scout costs 150 Paid Loveca and can be performed once per day.<br>A 10x Paid Scout costs 2,000 Paid Loveca and can be performed once during the event period.<br><br>If you Scout a Member you already have, they will automatically be converted into Penlights.<br>*Converted Penlights are added directly to your inventory, bypassing the present box.<br>*If your Penlight inventory is full, they will be sent to the present box.<br>*The number of Penlights received depends on the Member's rarity:<br>- UR: 500<br>- SR: 50<br>- R: 20<br><br>You'll also earn Scout Points [Love Song Carnival: Shizuku Arc] based on the number of Members you Scout.<br>Earned Scout Points can be exchanged for Members, items, and more at the Exchange.<br><br>Any unused Scout Points will automatically be converted into Skill Books (M) when this Scout ends.<br>*Converted Skill Books (M) are added directly to your inventory, bypassing the present box.<br>*If your Skill Book (M) inventory is full, they will be sent to the present box.",223101701
4110008,ラブソングカーニバル記念勧誘～果林編～,「ラブソングカーニバル記念勧誘～果林編～」は、虹ヶ咲学園スクールアイドル同好会所属のR以上の部員が必ず登場します。<br>「1回勧誘」は、ラブカ300個で実施できます。<br>「10回勧誘」は、ラブカ3000個で実施でき、SR以上の部員が1人以上必ず加入します。<br>「有償1回勧誘」は、有償ラブカ150個で毎日1回だけ実施できます。<br>「有償10回勧誘」は、有償ラブカ2000個で期間中1回だけ実施できます。<br><br>すでに加入している部員が登場した場合、自動で「ペンライト」に変換されます。<br>※変換されたペンライトは、プレゼントを経由せず直接加算されます<br>※ペンライトの所持上限に達している場合は、プレゼントに贈られます<br>※ペンライトの獲得量は、部員のレアリティに応じて異なります<br>・UR：500個<br>・SR：50個<br>・R ：20個<br><br>また、登場した部員の人数に応じて「勧誘ポイント [ラブソングカーニバル 果林編]」を入手します。<br>獲得した「勧誘ポイント」は交換所にて部員やアイテム等と交換できます。<br><br>交換されなかった「勧誘ポイント」は、本勧誘の終了時に自動的に「スキルブック（中）」に変換されます。<br>※変換されたスキルブック（中）は、プレゼントを経由せず直接加算されます<br>※スキルブック（中）の所持上限に達している場合は、プレゼントに贈られます,Love Song Carnival Scout: Karin,"Love Song Carnival Celebration Scout: Karin Arc always features Nijigasaki Members of rarity R or higher.<br>A 1x Scout costs 300 Loveca.<br>A 10x Scout costs 3,000 Loveca and guarantees at least one Member of rarity SR or higher.<br>A 1x Paid Scout costs 150 Paid Loveca and can be performed once per day.<br>A 10x Paid Scout costs 2,000 Paid Loveca and can be performed once during the event period.<br><br>If you Scout a Member you already have, they will automatically be converted into Penlights.<br>*Converted Penlights are added directly to your inventory, bypassing the present box.<br>*If your Penlight inventory is full, they will be sent to the present box.<br>*The number of Penlights received depends on the Member's rarity:<br>- UR: 500<br>- SR: 50<br>- R: 20<br><br>You'll also earn Scout Points [Love Song Carnival: Karin Arc] based on the number of Members you Scout.<br>Earned Scout Points can be exchanged for Members, items, and more at the Exchange.<br><br>Any unused Scout Points will automatically be converted into Skill Books (M) when this Scout ends.<br>*Converted Skill Books (M) are added directly to your inventory, bypassing the present box.<br>*If your Skill Book (M) inventory is full, they will be sent to the present box.",223102401
4110009,ラブソングカーニバル記念勧誘～愛編～,「ラブソングカーニバル記念勧誘～愛編～」は、虹ヶ咲学園スクールアイドル同好会所属のR以上の部員が必ず登場します。<br>「1回勧誘」は、ラブカ300個で実施できます。<br>「10回勧誘」は、ラブカ3000個で実施でき、SR以上の部員が1人以上必ず加入します。<br>「有償1回勧誘」は、有償ラブカ150個で毎日1回だけ実施できます。<br>「有償10回勧誘」は、有償ラブカ2000個で期間中1回だけ実施できます。<br><br>すでに加入している部員が登場した場合、自動で「ペンライト」に変換されます。<br>※変換されたペンライトは、プレゼントを経由せず直接加算されます<br>※ペンライトの所持上限に達している場合は、プレゼントに贈られます<br>※ペンライトの獲得量は、部員のレアリティに応じて異なります<br>・UR：500個<br>・SR：50個<br>・R ：20個<br><br>また、登場した部員の人数に応じて「勧誘ポイント [ラブソングカーニバル 愛編]」を入手します。<br>獲得した「勧誘ポイント」は交換所にて部員やアイテム等と交換できます。<br><br>交換されなかった「勧誘ポイント」は、本勧誘の終了時に自動的に「スキルブック（中）」に変換されます。<br>※変換されたスキルブック（中）は、プレゼントを経由せず直接加算されます<br>※スキルブック（中）の所持上限に達している場合は、プレゼントに贈られます,Love Song Carnival Scout: Ai,"Love Song Carnival Celebration Scout: Ai Arc always features Nijigasaki Members of rarity R or higher.<br>A 1x Scout costs 300 Loveca.<br>A 10x Scout costs 3,000 Loveca and guarantees at least one Member of rarity SR or higher.<br>A 1x Paid Scout costs 150 Paid Loveca and can be performed once per day.<br>A 10x Paid Scout costs 2,000 Paid Loveca and can be performed once during the event period.<br><br>If you Scout a Member you already have, they will automatically be converted into Penlights.<br>*Converted Penlights are added directly to your inventory, bypassing the present box.<br>*If your Penlight inventory is full, they will be sent to the present box.<br>*The number of Penlights received depends on the Member's rarity:<br>- UR: 500<br>- SR: 50<br>- R: 20<br><br>You'll also earn Scout Points [Love Song Carnival: Ai Arc] based on the number of Members you Scout.<br>Earned Scout Points can be exchanged for Members, items, and more at the Exchange.<br><br>Any unused Scout Points will automatically be converted into Skill Books (M) when this Scout ends.<br>*Converted Skill Books (M) are added directly to your inventory, bypassing the present box.<br>*If your Skill Book (M) inventory is full, they will be sent to the present box.",223103101
4110010,ラブソングカーニバル記念勧誘～彼方編～,「ラブソングカーニバル記念勧誘～彼方編～」は、虹ヶ咲学園スクールアイドル同好会所属のR以上の部員が必ず登場します。<br>「1回勧誘」は、ラブカ300個で実施できます。<br>「10回勧誘」は、ラブカ3000個で実施でき、SR以上の部員が1人以上必ず加入します。<br>「有償1回勧誘」は、有償ラブカ150個で毎日1回だけ実施できます。<br>「有償10回勧誘」は、有償ラブカ2000個で期間中1回だけ実施できます。<br><br>すでに加入している部員が登場した場合、自動で「ペンライト」に変換されます。<br>※変換されたペンライトは、プレゼントを経由せず直接加算されます<br>※ペンライトの所持上限に達している場合は、プレゼントに贈られます<br>※ペンライトの獲得量は、部員のレアリティに応じて異なります<br>・UR：500個<br>・SR：50個<br>・R ：20個<br><br>また、登場した部員の人数に応じて「勧誘ポイント [ラブソングカーニバル 彼方編]」を入手します。<br>獲得した「勧誘ポイント」は交換所にて部員やアイテム等と交換できます。<br><br>交換されなかった「勧誘ポイント」は、本勧誘の終了時に自動的に「スキルブック（中）」に変換されます。<br>※変換されたスキルブック（中）は、プレゼントを経由せず直接加算されます<br>※スキルブック（中）の所持上限に達している場合は、プレゼントに贈られます,Love Song Carnival Scout: Kanata,"Love Song Carnival Celebration Scout: Kanata Arc always features Nijigasaki Members of rarity R or higher.<br>A 1x Scout costs 300 Loveca.<br>A 10x Scout costs 3,000 Loveca and guarantees at least one Member of rarity SR or higher.<br>A 1x Paid Scout costs 150 Paid Loveca and can be performed once per day.<br>A 10x Paid Scout costs 2,000 Paid Loveca and can be performed once during the event period.<br><br>If you Scout a Member you already have, they will automatically be converted into Penlights.<br>*Converted Penlights are added directly to your inventory, bypassing the present box.<br>*If your Penlight inventory is full, they will be sent to the present box.<br>*The number of Penlights received depends on the Member's rarity:<br>- UR: 500<br>- SR: 50<br>- R: 20<br><br>You'll also earn Scout Points [Love Song Carnival: Kanata Arc] based on the number of Members you Scout.<br>Earned Scout Points can be exchanged for Members, items, and more at the Exchange.<br><br>Any unused Scout Points will automatically be converted into Skill Books (M) when this Scout ends.<br>*Converted Skill Books (M) are added directly to your inventory, bypassing the present box.<br>*If your Skill Book (M) inventory is full, they will be sent to the present box.",223110701
4110011,ラブソングカーニバル記念勧誘～せつ菜編～,「ラブソングカーニバル記念勧誘～せつ菜編～」は、虹ヶ咲学園スクールアイドル同好会所属のR以上の部員が必ず登場します。<br>「1回勧誘」は、ラブカ300個で実施できます。<br>「10回勧誘」は、ラブカ3000個で実施でき、SR以上の部員が1人以上必ず加入します。<br>「有償1回勧誘」は、有償ラブカ150個で毎日1回だけ実施できます。<br>「有償10回勧誘」は、有償ラブカ2000個で期間中1回だけ実施できます。<br><br>すでに加入している部員が登場した場合、自動で「ペンライト」に変換されます。<br>※変換されたペンライトは、プレゼントを経由せず直接加算されます<br>※ペンライトの所持上限に達している場合は、プレゼントに贈られます<br>※ペンライトの獲得量は、部員のレアリティに応じて異なります<br>・UR：500個<br>・SR：50個<br>・R ：20個<br><br>また、登場した部員の人数に応じて「勧誘ポイント [ラブソングカーニバル せつ菜編]」を入手します。<br>獲得した「勧誘ポイント」は交換所にて部員やアイテム等と交換できます。<br><br>交換されなかった「勧誘ポイント」は、本勧誘の終了時に自動的に「スキルブック（中）」に変換されます。<br>※変換されたスキルブック（中）は、プレゼントを経由せず直接加算されます<br>※スキルブック（中）の所持上限に達している場合は、プレゼントに贈られます,Love Song Carnival Scout: Setsuna,"Love Song Carnival Celebration Scout: Setsuna Arc always features Nijigasaki Members of rarity R or higher.<br>A 1x Scout costs 300 Loveca.<br>A 10x Scout costs 3,000 Loveca and guarantees at least one Member of rarity SR or higher.<br>A 1x Paid Scout costs 150 Paid Loveca and can be performed once per day.<br>A 10x Paid Scout costs 2,000 Paid Loveca and can be performed once during the event period.<br><br>If you Scout a Member you already have, they will automatically be converted into Penlights.<br>*Converted Penlights are added directly to your inventory, bypassing the present box.<br>*If your Penlight inventory is full, they will be sent to the present box.<br>*The number of Penlights received depends on the Member's rarity:<br>- UR: 500<br>- SR: 50<br>- R: 20<br><br>You'll also earn Scout Points [Love Song Carnival: Setsuna Arc] based on the number of Members you Scout.<br>Earned Scout Points can be exchanged for Members, items, and more at the Exchange.<br><br>Any unused Scout Points will automatically be converted into Skill Books (M) when this Scout ends.<br>*Converted Skill Books (M) are added directly to your inventory, bypassing the present box.<br>*If your Skill Book (M) inventory is full, they will be sent to the present box.",223111401
4110012,ラブソングカーニバル記念勧誘～エマ編～,「ラブソングカーニバル記念勧誘～エマ編～」は、虹ヶ咲学園スクールアイドル同好会所属のR以上の部員が必ず登場します。<br>「1回勧誘」は、ラブカ300個で実施できます。<br>「10回勧誘」は、ラブカ3000個で実施でき、SR以上の部員が1人以上必ず加入します。<br>「有償1回勧誘」は、有償ラブカ150個で毎日1回だけ実施できます。<br>「有償10回勧誘」は、有償ラブカ2000個で期間中1回だけ実施できます。<br><br>すでに加入している部員が登場した場合、自動で「ペンライト」に変換されます。<br>※変換されたペンライトは、プレゼントを経由せず直接加算されます<br>※ペンライトの所持上限に達している場合は、プレゼントに贈られます<br>※ペンライトの獲得量は、部員のレアリティに応じて異なります<br>・UR：500個<br>・SR：50個<br>・R ：20個<br><br>また、登場した部員の人数に応じて「勧誘ポイント [ラブソングカーニバル エマ編]」を入手します。<br>獲得した「勧誘ポイント」は交換所にて部員やアイテム等と交換できます。<br><br>交換されなかった「勧誘ポイント」は、本勧誘の終了時に自動的に「スキルブック（中）」に変換されます。<br>※変換されたスキルブック（中）は、プレゼントを経由せず直接加算されます<br>※スキルブック（中）の所持上限に達している場合は、プレゼントに贈られます,Love Song Carnival Scout: Emma,"Love Song Carnival Celebration Scout: Emma Arc always features Nijigasaki Members of rarity R or higher.<br>A 1x Scout costs 300 Loveca.<br>A 10x Scout costs 3,000 Loveca and guarantees at least one Member of rarity SR or higher.<br>A 1x Paid Scout costs 150 Paid Loveca and can be performed once per day.<br>A 10x Paid Scout costs 2,000 Paid Loveca and can be performed once during the event period.<br><br>If you Scout a Member you already have, they will automatically be converted into Penlights.<br>*Converted Penlights are added directly to your inventory, bypassing the present box.<br>*If your Penlight inventory is full, they will be sent to the present box.<br>*The number of Penlights received depends on the Member's rarity:<br>- UR: 500<br>- SR: 50<br>- R: 20<br><br>You'll also earn Scout Points [Love Song Carnival: Emma Arc] based on the number of Members you Scout.<br>Earned Scout Points can be exchanged for Members, items, and more at the Exchange.<br><br>Any unused Scout Points will automatically be converted into Skill Books (M) when this Scout ends.<br>*Converted Skill Books (M) are added directly to your inventory, bypassing the present box.<br>*If your Skill Book (M) inventory is full, they will be sent to the present box.",223112101
4110013,ラブソングカーニバル記念勧誘～璃奈編～,「ラブソングカーニバル記念勧誘～璃奈編～」は、虹ヶ咲学園スクールアイドル同好会所属のR以上の部員が必ず登場します。<br>「1回勧誘」は、ラブカ300個で実施できます。<br>「10回勧誘」は、ラブカ3000個で実施でき、SR以上の部員が1人以上必ず加入します。<br>「有償1回勧誘」は、有償ラブカ150個で毎日1回だけ実施できます。<br>「有償10回勧誘」は、有償ラブカ2000個で期間中1回だけ実施できます。<br><br>すでに加入している部員が登場した場合、自動で「ペンライト」に変換されます。<br>※変換されたペンライトは、プレゼントを経由せず直接加算されます<br>※ペンライトの所持上限に達している場合は、プレゼントに贈られます<br>※ペンライトの獲得量は、部員のレアリティに応じて異なります<br>・UR：500個<br>・SR：50個<br>・R ：20個<br><br>また、登場した部員の人数に応じて「勧誘ポイント [ラブソングカーニバル 璃奈編]」を入手します。<br>獲得した「勧誘ポイント」は交換所にて部員やアイテム等と交換できます。<br><br>交換されなかった「勧誘ポイント」は、本勧誘の終了時に自動的に「スキルブック（中）」に変換されます。<br>※変換されたスキルブック（中）は、プレゼントを経由せず直接加算されます<br>※スキルブック（中）の所持上限に達している場合は、プレゼントに贈られます,Love Song Carnival Scout: Rina,"Love Song Carnival Celebration Scout: Rina Arc always features Nijigasaki Members of rarity R or higher.<br>A 1x Scout costs 300 Loveca.<br>A 10x Scout costs 3,000 Loveca and guarantees at least one Member of rarity SR or higher.<br>A 1x Paid Scout costs 150 Paid Loveca and can be performed once per day.<br>A 10x Paid Scout costs 2,000 Paid Loveca and can be performed once during the event period.<br><br>If you Scout a Member you already have, they will automatically be converted into Penlights.<br>*Converted Penlights are added directly to your inventory, bypassing the present box.<br>*If your Penlight inventory is full, they will be sent to the present box.<br>*The number of Penlights received depends on the Member's rarity:<br>- UR: 500<br>- SR: 50<br>- R: 20<br><br>You'll also earn Scout Points [Love Song Carnival: Rina Arc] based on the number of Members you Scout.<br>Earned Scout Points can be exchanged for Members, items, and more at the Exchange.<br><br>Any unused Scout Points will automatically be converted into Skill Books (M) when this Scout ends.<br>*Converted Skill Books (M) are added directly to your inventory, bypassing the present box.<br>*If your Skill Book (M) inventory is full, they will be sent to the present box.",223112801
4110014,ラブソングカーニバル記念勧誘～栞子編～,「ラブソングカーニバル記念勧誘～栞子編～」は、虹ヶ咲学園スクールアイドル同好会所属のR以上の部員が必ず登場します。<br>「1回勧誘」は、ラブカ300個で実施できます。<br>「10回勧誘」は、ラブカ3000個で実施でき、SR以上の部員が1人以上必ず加入します。<br>「有償1回勧誘」は、有償ラブカ150個で毎日1回だけ実施できます。<br>「有償10回勧誘」は、有償ラブカ2000個で期間中1回だけ実施できます。<br><br>すでに加入している部員が登場した場合、自動で「ペンライト」に変換されます。<br>※変換されたペンライトは、プレゼントを経由せず直接加算されます<br>※ペンライトの所持上限に達している場合は、プレゼントに贈られます<br>※ペンライトの獲得量は、部員のレアリティに応じて異なります<br>・UR：500個<br>・SR：50個<br>・R ：20個<br><br>また、登場した部員の人数に応じて「勧誘ポイント [ラブソングカーニバル 栞子編]」を入手します。<br>獲得した「勧誘ポイント」は交換所にて部員やアイテム等と交換できます。<br><br>交換されなかった「勧誘ポイント」は、本勧誘の終了時に自動的に「スキルブック（中）」に変換されます。<br>※変換されたスキルブック（中）は、プレゼントを経由せず直接加算されます<br>※スキルブック（中）の所持上限に達している場合は、プレゼントに贈られます,Love Song Carnival Scout: Shioriko,"Love Song Carnival Celebration Scout: Shioriko Arc always features Nijigasaki Members of rarity R or higher.<br>A 1x Scout costs 300 Loveca.<br>A 10x Scout costs 3,000 Loveca and guarantees at least one Member of rarity SR or higher.<br>A 1x Paid Scout costs 150 Paid Loveca and can be performed once per day.<br>A 10x Paid Scout costs 2,000 Paid Loveca and can be performed once during the event period.<br><br>If you Scout a Member you already have, they will automatically be converted into Penlights.<br>*Converted Penlights are added directly to your inventory, bypassing the present box.<br>*If your Penlight inventory is full, they will be sent to the present box.<br>*The number of Penlights received depends on the Member's rarity:<br>- UR: 500<br>- SR: 50<br>- R: 20<br><br>You'll also earn Scout Points [Love Song Carnival: Shioriko Arc] based on the number of Members you Scout.<br>Earned Scout Points can be exchanged for Members, items, and more at the Exchange.<br><br>Any unused Scout Points will automatically be converted into Skill Books (M) when this Scout ends.<br>*Converted Skill Books (M) are added directly to your inventory, bypassing the present box.<br>*If your Skill Book (M) inventory is full, they will be sent to the present box.",223120501
4110015,ラブソングカーニバル記念勧誘～ミア編～,「ラブソングカーニバル記念勧誘～ミア編～」は、虹ヶ咲学園スクールアイドル同好会所属のR以上の部員が必ず登場します。<br>「1回勧誘」は、ラブカ300個で実施できます。<br>「10回勧誘」は、ラブカ3000個で実施でき、SR以上の部員が1人以上必ず加入します。<br>「有償1回勧誘」は、有償ラブカ150個で毎日1回だけ実施できます。<br>「有償10回勧誘」は、有償ラブカ2000個で期間中1回だけ実施できます。<br><br>すでに加入している部員が登場した場合、自動で「ペンライト」に変換されます。<br>※変換されたペンライトは、プレゼントを経由せず直接加算されます<br>※ペンライトの所持上限に達している場合は、プレゼントに贈られます<br>※ペンライトの獲得量は、部員のレアリティに応じて異なります<br>・UR：500個<br>・SR：50個<br>・R ：20個<br><br>また、登場した部員の人数に応じて「勧誘ポイント [ラブソングカーニバル ミア編]」を入手します。<br>獲得した「勧誘ポイント」は交換所にて部員やアイテム等と交換できます。<br><br>交換されなかった「勧誘ポイント」は、本勧誘の終了時に自動的に「スキルブック（中）」に変換されます。<br>※変換されたスキルブック（中）は、プレゼントを経由せず直接加算されます<br>※スキルブック（中）の所持上限に達している場合は、プレゼントに贈られます,Love Song Carnival Scout: Mia,"Love Song Carnival Celebration Scout: Mia Arc always features Nijigasaki Members of rarity R or higher.<br>A 1x Scout costs 300 Loveca.<br>A 10x Scout costs 3,000 Loveca and guarantees at least one Member of rarity SR or higher.<br>A 1x Paid Scout costs 150 Paid Loveca and can be performed once per day.<br>A 10x Paid Scout costs 2,000 Paid Loveca and can be performed once during the event period.<br><br>If you Scout a Member you already have, they will automatically be converted into Penlights.<br>*Converted Penlights are added directly to your inventory, bypassing the present box.<br>*If your Penlight inventory is full, they will be sent to the present box.<br>*The number of Penlights received depends on the Member's rarity:<br>- UR: 500<br>- SR: 50<br>- R: 20<br><br>You'll also earn Scout Points [Love Song Carnival: Mia Arc] based on the number of Members you Scout.<br>Earned Scout Points can be exchanged for Members, items, and more at the Exchange.<br><br>Any unused Scout Points will automatically be converted into Skill Books (M) when this Scout ends.<br>*Converted Skill Books (M) are added directly to your inventory, bypassing the present box.<br>*If your Skill Book (M) inventory is full, they will be sent to the present box.",223121201
4110016,ラブソングカーニバル記念勧誘～嵐珠編～,「ラブソングカーニバル記念勧誘～嵐珠編～」は、虹ヶ咲学園スクールアイドル同好会所属のR以上の部員が必ず登場します。<br>「1回勧誘」は、ラブカ300個で実施できます。<br>「10回勧誘」は、ラブカ3000個で実施でき、SR以上の部員が1人以上必ず加入します。<br>「有償1回勧誘」は、有償ラブカ150個で毎日1回だけ実施できます。<br>「有償10回勧誘」は、有償ラブカ2000個で期間中1回だけ実施できます。<br><br>すでに加入している部員が登場した場合、自動で「ペンライト」に変換されます。<br>※変換されたペンライトは、プレゼントを経由せず直接加算されます<br>※ペンライトの所持上限に達している場合は、プレゼントに贈られます<br>※ペンライトの獲得量は、部員のレアリティに応じて異なります<br>・UR：500個<br>・SR：50個<br>・R ：20個<br><br>また、登場した部員の人数に応じて「勧誘ポイント [ラブソングカーニバル 嵐珠編]」を入手します。<br>獲得した「勧誘ポイント」は交換所にて部員やアイテム等と交換できます。<br><br>交換されなかった「勧誘ポイント」は、本勧誘の終了時に自動的に「スキルブック（中）」に変換されます。<br>※変換されたスキルブック（中）は、プレゼントを経由せず直接加算されます<br>※スキルブック（中）の所持上限に達している場合は、プレゼントに贈られます,Love Song Carnival Scout: Lanzhu,"Love Song Carnival Celebration Scout: Lanzhu Arc always features Nijigasaki Members of rarity R or higher.<br>A 1x Scout costs 300 Loveca.<br>A 10x Scout costs 3,000 Loveca and guarantees at least one Member of rarity SR or higher.<br>A 1x Paid Scout costs 150 Paid Loveca and can be performed once per day.<br>A 10x Paid Scout costs 2,000 Paid Loveca and can be performed once during the event period.<br><br>If you Scout a Member you already have, they will automatically be converted into Penlights.<br>*Converted Penlights are added directly to your inventory, bypassing the present box.<br>*If your Penlight inventory is full, they will be sent to the present box.<br>*The number of Penlights received depends on the Member's rarity:<br>- UR: 500<br>- SR: 50<br>- R: 20<br><br>You'll also earn Scout Points [Love Song Carnival: Lanzhu Arc] based on the number of Members you Scout.<br>Earned Scout Points can be exchanged for Members, items, and more at the Exchange.<br><br>Any unused Scout Points will automatically be converted into Skill Books (M) when this Scout ends.<br>*Converted Skill Books (M) are added directly to your inventory, bypassing the present box.<br>*If your Skill Book (M) inventory is full, they will be sent to the present box.",223121901
4110017,最大100回無料！Half Anniversary記念勧誘,「最大100回無料！Half Anniversary記念勧誘」は1日1回のみ、期間中最大10回まで実施できます。<br>また、R以上の部員が加入します。<br><br>「10回勧誘」は無償で実施でき、SR以上の部員が1人以上必ず加入します。<br><br>すでに加入している部員が登場した場合、自動で「ペンライト」に変換されます。<br>※変換されたペンライトは、プレゼントを経由せず直接加算されます<br>※ペンライトの所持上限に達している場合は、プレゼントに贈られます<br>※ペンライトの獲得量は、部員のレアリティに応じて異なります<br>・UR：500個<br>・SR：50個<br>・R ：20個<br><br>また、登場した部員の人数に応じて「勧誘ポイント [Half Anniversary]」を入手します。<br>獲得した「勧誘ポイント」は交換所にて部員やアイテム等と交換できます。<br><br>交換されなかった「勧誘ポイント」は、本勧誘の終了時に自動的に「スキルブック（中）」に変換されます。<br>※変換されたスキルブック（中）は、プレゼントを経由せず直接加算されます<br>※スキルブック（中）の所持上限に達している場合は、プレゼントに贈られます,Up to 100 Free Pulls! Half Anniversary Celebration Scout,"The Up to 100 Free Pulls! Half Anniversary Celebration Scout can be performed once per day, up to 10 times during the event period.<br>Members of rarity R or higher will also join.<br><br>A 10x Scout can be performed for free and guarantees at least one Member of rarity SR or higher.<br><br>If you Scout a Member you already have, they will automatically be converted into Penlights.<br>*Converted Penlights are added directly to your inventory, bypassing the present box.<br>*If your Penlight inventory is full, they will be sent to the present box.<br>*The number of Penlights received depends on the Member's rarity:<br>- UR: 500<br>- SR: 50<br>- R: 20<br><br>You'll also earn Scout Points [Half Anniversary] based on the number of Members you Scout.<br>Earned Scout Points can be exchanged for Members, items, and more at the Exchange.<br><br>Any unused Scout Points will automatically be converted into Skill Books (M) when this Scout ends.<br>*Converted Skill Books (M) are added directly to your inventory, bypassing the present box.<br>*If your Skill Book (M) inventory is full, they will be sent to the present box.",223101501
4110019,UR確定 Half Anniversary記念勧誘～μ's編～,「UR確定 Half Anniversary記念勧誘～μ's編～」は、有償ラブカ3000個で実施でき、μ's所属のUR部員が1人必ず加入します。<br><br>すでに加入している部員が登場した場合、自動的に「ペンライト」に変換されます。<br>※変換されたペンライトは、プレゼントを経由せず直接加算されます<br>※ペンライトの所持上限に達している場合は、プレゼントに贈られます<br>※ペンライトの獲得量は、部員のレアリティに応じて異なります<br>・UR：500個<br>・SR：50個<br>・R ：20個<br><br>また、登場した部員の人数に応じて「勧誘ポイント [Half Anniversary]」を入手します。<br>獲得した「勧誘ポイント」は交換所にて部員やアイテム等と交換できます。<br><br>交換されなかった「勧誘ポイント」は、本勧誘の終了時に自動的に「スキルブック（中）」に変換されます。<br>※変換されたスキルブック（中）は、プレゼントを経由せず直接加算されます<br>※スキルブック（中）の所持上限に達している場合は、プレゼントに贈られます,Guaranteed UR Half Anniversary Celebration Scout: μ's,"Guaranteed UR! Half Anniversary Celebration Scout: μ's Arc costs 3,000 Paid Loveca and guarantees one μ's UR Member.<br><br>If you Scout a Member you already have, they will automatically be converted into Penlights.<br>*Converted Penlights are added directly to your inventory, bypassing the present box.<br>*If your Penlight inventory is full, they will be sent to the present box.<br>*The number of Penlights received depends on the Member's rarity:<br>- UR: 500<br>- SR: 50<br>- R: 20<br><br>You'll also earn Scout Points [Half Anniversary] based on the number of Members you Scout.<br>Earned Scout Points can be exchanged for Members, items, and more at the Exchange.<br><br>Any unused Scout Points will automatically be converted into Skill Books (M) when this Scout ends.<br>*Converted Skill Books (M) are added directly to your inventory, bypassing the present box.<br>*If your Skill Book (M) inventory is full, they will be sent to the present box.",223101502
4110020,UR確定 Half Anniversary記念勧誘～Aqours編～,「UR確定 Half Anniversary記念勧誘～Aqours編～」は、有償ラブカ3000個で実施でき、Aqours所属のUR部員が1人必ず加入します。<br><br>すでに加入している部員が登場した場合、自動的に「ペンライト」に変換されます。<br>※変換されたペンライトは、プレゼントを経由せず直接加算されます<br>※ペンライトの所持上限に達している場合は、プレゼントに贈られます<br>※ペンライトの獲得量は、部員のレアリティに応じて異なります<br>・UR：500個<br>・SR：50個<br>・R ：20個<br><br>また、登場した部員の人数に応じて「勧誘ポイント [Half Anniversary]」を入手します。<br>獲得した「勧誘ポイント」は交換所にて部員やアイテム等と交換できます。<br><br>交換されなかった「勧誘ポイント」は、本勧誘の終了時に自動的に「スキルブック（中）」に変換されます。<br>※変換されたスキルブック（中）は、プレゼントを経由せず直接加算されます<br>※スキルブック（中）の所持上限に達している場合は、プレゼントに贈られます,Guaranteed UR Half Anniversary Celebration Scout: Aqours,"Guaranteed UR! Half Anniversary Celebration Scout: Aqours Arc costs 3,000 Paid Loveca and guarantees one Aqours UR Member.<br><br>If you Scout a Member you already have, they will automatically be converted into Penlights.<br>*Converted Penlights are added directly to your inventory, bypassing the present box.<br>*If your Penlight inventory is full, they will be sent to the present box.<br>*The number of Penlights received depends on the Member's rarity:<br>- UR: 500<br>- SR: 50<br>- R: 20<br><br>You'll also earn Scout Points [Half Anniversary] based on the number of Members you Scout.<br>Earned Scout Points can be exchanged for Members, items, and more at the Exchange.<br><br>Any unused Scout Points will automatically be converted into Skill Books (M) when this Scout ends.<br>*Converted Skill Books (M) are added directly to your inventory, bypassing the present box.<br>*If your Skill Book (M) inventory is full, they will be sent to the present box.",223101502
4110021,UR確定 Half Anniversary記念勧誘～虹ヶ咲編～,「UR確定 Half Anniversary記念勧誘～虹ヶ咲編～」は、有償ラブカ3000個で実施でき、虹ヶ咲学園スクールアイドル同好会所属のUR部員が1人必ず加入します。<br><br>すでに加入している部員が登場した場合、自動的に「ペンライト」に変換されます。<br>※変換されたペンライトは、プレゼントを経由せず直接加算されます<br>※ペンライトの所持上限に達している場合は、プレゼントに贈られます<br>※ペンライトの獲得量は、部員のレアリティに応じて異なります<br>・UR：500個<br>・SR：50個<br>・R ：20個<br><br>また、登場した部員の人数に応じて「勧誘ポイント [Half Anniversary]」を入手します。<br>獲得した「勧誘ポイント」は交換所にて部員やアイテム等と交換できます。<br><br>交換されなかった「勧誘ポイント」は、本勧誘の終了時に自動的に「スキルブック（中）」に変換されます。<br>※変換されたスキルブック（中）は、プレゼントを経由せず直接加算されます<br>※スキルブック（中）の所持上限に達している場合は、プレゼントに贈られます,Guaranteed UR Half Anniversary Celebration Scout: Nijigasaki,"Guaranteed UR! Half Anniversary Celebration Scout: Nijigasaki Arc costs 3,000 Paid Loveca and guarantees one Nijigasaki UR Member.<br><br>If you Scout a Member you already have, they will automatically be converted into Penlights.<br>*Converted Penlights are added directly to your inventory, bypassing the present box.<br>*If your Penlight inventory is full, they will be sent to the present box.<br>*The number of Penlights received depends on the Member's rarity:<br>- UR: 500<br>- SR: 50<br>- R: 20<br><br>You'll also earn Scout Points [Half Anniversary] based on the number of Members you Scout.<br>Earned Scout Points can be exchanged for Members, items, and more at the Exchange.<br><br>Any unused Scout Points will automatically be converted into Skill Books (M) when this Scout ends.<br>*Converted Skill Books (M) are added directly to your inventory, bypassing the present box.<br>*If your Skill Book (M) inventory is full, they will be sent to the present box.",223101502
4110022,UR確定 Half Anniversary記念勧誘～Liella!編～,「UR確定 Half Anniversary記念勧誘～Liella!編～」は、有償ラブカ3000個で実施でき、Liella!所属のUR部員が1人必ず加入します。<br><br>すでに加入している部員が登場した場合、自動的に「ペンライト」に変換されます。<br>※変換されたペンライトは、プレゼントを経由せず直接加算されます<br>※ペンライトの所持上限に達している場合は、プレゼントに贈られます<br>※ペンライトの獲得量は、部員のレアリティに応じて異なります<br>・UR：500個<br>・SR：50個<br>・R ：20個<br><br>また、登場した部員の人数に応じて「勧誘ポイント [Half Anniversary]」を入手します。<br>獲得した「勧誘ポイント」は交換所にて部員やアイテム等と交換できます。<br><br>交換されなかった「勧誘ポイント」は、本勧誘の終了時に自動的に「スキルブック（中）」に変換されます。<br>※変換されたスキルブック（中）は、プレゼントを経由せず直接加算されます<br>※スキルブック（中）の所持上限に達している場合は、プレゼントに贈られます,Guaranteed UR Half Anniversary Celebration Scout: Liella!,"Guaranteed UR! Half Anniversary Celebration Scout: Liella! Arc costs 3,000 Paid Loveca and guarantees one Liella! UR Member.<br><br>If you Scout a Member you already have, they will automatically be converted into Penlights.<br>*Converted Penlights are added directly to your inventory, bypassing the present box.<br>*If your Penlight inventory is full, they will be sent to the present box.<br>*The number of Penlights received depends on the Member's rarity:<br>- UR: 500<br>- SR: 50<br>- R: 20<br><br>You'll also earn Scout Points [Half Anniversary] based on the number of Members you Scout.<br>Earned Scout Points can be exchanged for Members, items, and more at the Exchange.<br><br>Any unused Scout Points will automatically be converted into Skill Books (M) when this Scout ends.<br>*Converted Skill Books (M) are added directly to your inventory, bypassing the present box.<br>*If your Skill Book (M) inventory is full, they will be sent to the present box.",223101502
4110023,私のラブソング編 開幕記念勧誘,「私のラブソング編 開幕記念勧誘」は、虹ヶ咲学園スクールアイドル同好会所属のR以上の部員が必ず登場します。<br>「1回勧誘」は、ラブカ300個で実施できます。<br>「10回勧誘」は、ラブカ3000個で実施でき、SR以上の部員が1人以上必ず加入します。<br>「有償1回勧誘」は、有償ラブカ150個で毎日1回だけ実施できます。<br><br>すでに加入している部員が登場した場合、自動で「ペンライト」に変換されます。<br>※変換されたペンライトは、プレゼントを経由せず直接加算されます<br>※ペンライトの所持上限に達している場合は、プレゼントに贈られます<br>※ペンライトの獲得量は、部員のレアリティに応じて異なります<br>・UR：500個<br>・SR：50個<br>・R ：20個<br><br>また、登場した部員の人数に応じて「勧誘ポイント [私のラブソング編]」を入手します。<br>獲得した「勧誘ポイント」は交換所にて部員やアイテム等と交換できます。<br><br>交換されなかった「勧誘ポイント」は、本勧誘の終了時に自動的に「スキルブック（中）」に変換されます。<br>※変換されたスキルブック（中）は、プレゼントを経由せず直接加算されます<br>※スキルブック（中）の所持上限に達している場合は、プレゼントに贈られます,"""My Love Song"" Arc Launch Celebration Scout","""My Love Song"" Arc Premiere Celebration Scout always features Nijigasaki Members of rarity R or higher.<br>A 1x Scout costs 300 Loveca.<br>A 10x Scout costs 3,000 Loveca and guarantees at least one Member of rarity SR or higher.<br>A 1x Paid Scout costs 150 Paid Loveca and can be performed once per day.<br><br>If you Scout a Member you already have, they will automatically be converted into Penlights.<br>*Converted Penlights are added directly to your inventory, bypassing the present box.<br>*If your Penlight inventory is full, they will be sent to the present box.<br>*The number of Penlights received depends on the Member's rarity:<br>- UR: 500<br>- SR: 50<br>- R: 20<br><br>You'll also earn Scout Points [My Love Song Arc] based on the number of Members you Scout.<br>Earned Scout Points can be exchanged for Members, items, and more at the Exchange.<br><br>Any unused Scout Points will automatically be converted into Skill Books (M) when this Scout ends.<br>*Converted Skill Books (M) are added directly to your inventory, bypassing the present box.<br>*If your Skill Book (M) inventory is full, they will be sent to the present box.",223090603
4110024,μ's限定！ピックアップ勧誘,「μ's限定！ピックアップ勧誘」は、μ'ｓ所属のR以上の部員が必ず登場します。<br>「1回勧誘」は、ラブカ300個で実施できます。<br>「10回勧誘」は、ラブカ3000個で実施でき、SR以上の部員が1人以上必ず加入します。<br>「有償1回勧誘」は、有償ラブカ150個で毎日1回だけ実施できます。<br><br>すでに加入している部員が登場した場合、自動で「ペンライト」に変換されます。<br>※変換されたペンライトは、プレゼントを経由せず直接加算されます<br>※ペンライトの所持上限に達している場合は、プレゼントに贈られます<br>※ペンライトの獲得量は、部員のレアリティに応じて異なります<br>・UR：500個<br>・SR：50個<br>・R ：20個<br><br>また、登場した部員の人数に応じて「勧誘ポイント [μ's ピックアップ]」を入手します。<br>獲得した「勧誘ポイント」は交換所にて部員やアイテム等と交換できます。<br><br>交換されなかった「勧誘ポイント」は、本勧誘の終了時に自動的に「スキルブック（中）」に変換されます。<br>※変換されたスキルブック（中）は、プレゼントを経由せず直接加算されます<br>※スキルブック（中）の所持上限に達している場合は、プレゼントに贈られます,μ's Only! Spotlight Scout,"μ's-Only Spotlight Scout always features μ's Members of rarity R or higher.<br>A 1x Scout costs 300 Loveca.<br>A 10x Scout costs 3,000 Loveca and guarantees at least one Member of rarity SR or higher.<br>A 1x Paid Scout costs 150 Paid Loveca and can be performed once per day.<br><br>If you Scout a Member you already have, they will automatically be converted into Penlights.<br>*Converted Penlights are added directly to your inventory, bypassing the present box.<br>*If your Penlight inventory is full, they will be sent to the present box.<br>*The number of Penlights received depends on the Member's rarity:<br>- UR: 500<br>- SR: 50<br>- R: 20<br><br>You'll also earn Scout Points [μ's Spotlight] based on the number of Members you Scout.<br>Earned Scout Points can be exchanged for Members, items, and more at the Exchange.<br><br>Any unused Scout Points will automatically be converted into Skill Books (M) when this Scout ends.<br>*Converted Skill Books (M) are added directly to your inventory, bypassing the present box.<br>*If your Skill Book (M) inventory is full, they will be sent to the present box.",223103111
4110025,Aqours限定！ピックアップ勧誘,「Aqours限定！ピックアップ勧誘」は、Aqours所属のR以上の部員が必ず登場します。<br>「1回勧誘」は、ラブカ300個で実施できます。<br>「10回勧誘」は、ラブカ3000個で実施でき、SR以上の部員が1人以上必ず加入します。<br>「有償1回勧誘」は、有償ラブカ150個で毎日1回だけ実施できます。<br><br>すでに加入している部員が登場した場合、自動で「ペンライト」に変換されます。<br>※変換されたペンライトは、プレゼントを経由せず直接加算されます<br>※ペンライトの所持上限に達している場合は、プレゼントに贈られます<br>※ペンライトの獲得量は、部員のレアリティに応じて異なります<br>・UR：500個<br>・SR：50個<br>・R ：20個<br><br>また、登場した部員の人数に応じて「勧誘ポイント [Aqours ピックアップ]」を入手します。<br>獲得した「勧誘ポイント」は交換所にて部員やアイテム等と交換できます。<br><br>交換されなかった「勧誘ポイント」は、本勧誘の終了時に自動的に「スキルブック（中）」に変換されます。<br>※変換されたスキルブック（中）は、プレゼントを経由せず直接加算されます<br>※スキルブック（中）の所持上限に達している場合は、プレゼントに贈られます,Aqours Only! Spotlight Scout,"Aqours-Only Spotlight Scout always features Aqours Members of rarity R or higher.<br>A 1x Scout costs 300 Loveca.<br>A 10x Scout costs 3,000 Loveca and guarantees at least one Member of rarity SR or higher.<br>A 1x Paid Scout costs 150 Paid Loveca and can be performed once per day.<br><br>If you Scout a Member you already have, they will automatically be converted into Penlights.<br>*Converted Penlights are added directly to your inventory, bypassing the present box.<br>*If your Penlight inventory is full, they will be sent to the present box.<br>*The number of Penlights received depends on the Member's rarity:<br>- UR: 500<br>- SR: 50<br>- R: 20<br><br>You'll also earn Scout Points [Aqours Spotlight] based on the number of Members you Scout.<br>Earned Scout Points can be exchanged for Members, items, and more at the Exchange.<br><br>Any unused Scout Points will automatically be converted into Skill Books (M) when this Scout ends.<br>*Converted Skill Books (M) are added directly to your inventory, bypassing the present box.<br>*If your Skill Book (M) inventory is full, they will be sent to the present box.",223111508
4110026,UR確定 Half Anniversary記念勧誘～後夜祭～,「UR確定 Half Anniversary記念勧誘～後夜祭～」は、有償ラブカ3000個で実施でき、UR部員が1人必ず加入します。<br><br>すでに加入している部員が登場した場合、自動的に「ペンライト」に変換されます。<br>※変換されたペンライトは、プレゼントを経由せず直接加算されます<br>※ペンライトの所持上限に達している場合は、プレゼントに贈られます<br>※ペンライトの獲得量は、部員のレアリティに応じて異なります<br>・UR：500個<br>・SR：50個<br>・R ：20個<br><br>また、登場した部員の人数に応じて「勧誘ポイント [ひだまりのマーチングバンド]」を入手します。<br>獲得した「勧誘ポイント」は交換所にて部員やアイテム等と交換できます。<br><br>交換されなかった「勧誘ポイント」は、本勧誘の終了時に自動的に「スキルブック（中）」に変換されます。<br>※変換されたスキルブック（中）は、プレゼントを経由せず直接加算されます<br>※スキルブック（中）の所持上限に達している場合は、プレゼントに贈られます,Guaranteed UR Half Anniversary Celebration Scout: After-Party,"Guaranteed UR! Half Anniversary Celebration Scout: Afterparty costs 3,000 Paid Loveca and guarantees one UR Member.<br><br>If you Scout a Member you already have, they will automatically be converted into Penlights.<br>*Converted Penlights are added directly to your inventory, bypassing the present box.<br>*If your Penlight inventory is full, they will be sent to the present box.<br>*The number of Penlights received depends on the Member's rarity:<br>- UR: 500<br>- SR: 50<br>- R: 20<br><br>You'll also earn Scout Points [Sunlit Marching Band] based on the number of Members you Scout.<br>Earned Scout Points can be exchanged for Members, items, and more at the Exchange.<br><br>Any unused Scout Points will automatically be converted into Skill Books (M) when this Scout ends.<br>*Converted Skill Books (M) are added directly to your inventory, bypassing the present box.<br>*If your Skill Book (M) inventory is full, they will be sent to the present box.",223103112
4110027,幻日のヨハネ -The Story of the Sound of Heart- 開催記念勧誘,「幻日のヨハネ -The Story of the Sound of Heart- 開催記念勧誘」は、R以上の部員が必ず登場します。<br>「1回勧誘」は、ラブカ300個で実施できます。<br>「10回勧誘」は、ラブカ3000個で実施でき、SR以上の部員が1人以上必ず加入します。<br>「有償1回勧誘」は、有償ラブカ150個で毎日1回だけ実施できます。<br><br>すでに加入している部員が登場した場合、自動で「ペンライト」に変換されます。<br>※変換されたペンライトは、プレゼントを経由せず直接加算されます<br>※ペンライトの所持上限に達している場合は、プレゼントに贈られます<br>※ペンライトの獲得量は、部員のレアリティに応じて異なります<br>・UR：500個<br>・SR：50個<br>・R ：20個<br><br>また、登場した部員の人数に応じて「勧誘ポイント [幻日のヨハネ]」を入手します。<br>獲得した「勧誘ポイント」は交換所にて部員やアイテム等と交換できます。<br><br>交換されなかった「勧誘ポイント」は、本勧誘の終了時に自動的に「スキルブック（中）」に変換されます。<br>※変換されたスキルブック（中）は、プレゼントを経由せず直接加算されます<br>※スキルブック（中）の所持上限に達している場合は、プレゼントに贈られます,Yohane the Parhelion -The Story of the Sound of Heart- Celebration Scout,"""Yohane the Parhelion -The Story of the Sound of Heart-"" Celebration Scout always features Members of rarity R or higher.<br>A 1x Scout costs 300 Loveca.<br>A 10x Scout costs 3,000 Loveca and guarantees at least one Member of rarity SR or higher.<br>A 1x Paid Scout costs 150 Paid Loveca and can be performed once per day.<br><br>If you Scout a Member you already have, they will automatically be converted into Penlights.<br>*Converted Penlights are added directly to your inventory, bypassing the present box.<br>*If your Penlight inventory is full, they will be sent to the present box.<br>*The number of Penlights received depends on the Member's rarity:<br>- UR: 500<br>- SR: 50<br>- R: 20<br><br>You'll also earn Scout Points [Yohane the Parhelion] based on the number of Members you Scout.<br>Earned Scout Points can be exchanged for Members, items, and more at the Exchange.<br><br>Any unused Scout Points will automatically be converted into Skill Books (M) when this Scout ends.<br>*Converted Skill Books (M) are added directly to your inventory, bypassing the present box.<br>*If your Skill Book (M) inventory is full, they will be sent to the present box.",223121402
4110028,1年生限定！ピックアップ勧誘,「1年生限定！ピックアップ勧誘」は、R以上の部員が必ず登場します。<br>「1回勧誘」は、ラブカ300個で実施できます。<br>「10回勧誘」は、ラブカ3000個で実施でき、SR以上の部員が1人以上必ず加入します。<br>「有償1回勧誘」は、有償ラブカ150個で毎日1回だけ実施できます。<br><br>すでに加入している部員が登場した場合、自動で「ペンライト」に変換されます。<br>※変換されたペンライトは、プレゼントを経由せず直接加算されます<br>※ペンライトの所持上限に達している場合は、プレゼントに贈られます<br>※ペンライトの獲得量は、部員のレアリティに応じて異なります<br>・UR：500個<br>・SR：50個<br>・R ：20個<br><br>また、登場した部員の人数に応じて「勧誘ポイント [1年生ピックアップ]」を入手します。<br>獲得した「勧誘ポイント」は交換所にて部員やアイテム等と交換できます。<br><br>交換されなかった「勧誘ポイント」は、本勧誘の終了時に自動的に「スキルブック（中）」に変換されます。<br>※変換されたスキルブック（中）は、プレゼントを経由せず直接加算されます<br>※スキルブック（中）の所持上限に達している場合は、プレゼントに贈られます,1st-Years Only! Spotlight Scout,"1st-Years-Only Spotlight Scout always features Members of rarity R or higher.<br>A 1x Scout costs 300 Loveca.<br>A 10x Scout costs 3,000 Loveca and guarantees at least one Member of rarity SR or higher.<br>A 1x Paid Scout costs 150 Paid Loveca and can be performed once per day.<br><br>If you Scout a Member you already have, they will automatically be converted into Penlights.<br>*Converted Penlights are added directly to your inventory, bypassing the present box.<br>*If your Penlight inventory is full, they will be sent to the present box.<br>*The number of Penlights received depends on the Member's rarity:<br>- UR: 500<br>- SR: 50<br>- R: 20<br><br>You'll also earn Scout Points [1st-Year Spotlight] based on the number of Members you Scout.<br>Earned Scout Points can be exchanged for Members, items, and more at the Exchange.<br><br>Any unused Scout Points will automatically be converted into Skill Books (M) when this Scout ends.<br>*Converted Skill Books (M) are added directly to your inventory, bypassing the present box.<br>*If your Skill Book (M) inventory is full, they will be sent to the present box.",223111702
4110029,2年生限定！ピックアップ勧誘,「2年生限定！ピックアップ勧誘」は、R以上の部員が必ず登場します。<br>「1回勧誘」は、ラブカ300個で実施できます。<br>「10回勧誘」は、ラブカ3000個で実施でき、SR以上の部員が1人以上必ず加入します。<br>「有償1回勧誘」は、有償ラブカ150個で毎日1回だけ実施できます。<br><br>すでに加入している部員が登場した場合、自動で「ペンライト」に変換されます。<br>※変換されたペンライトは、プレゼントを経由せず直接加算されます<br>※ペンライトの所持上限に達している場合は、プレゼントに贈られます<br>※ペンライトの獲得量は、部員のレアリティに応じて異なります<br>・UR：500個<br>・SR：50個<br>・R ：20個<br><br>また、登場した部員の人数に応じて「勧誘ポイント [2年生ピックアップ]」を入手します。<br>獲得した「勧誘ポイント」は交換所にて部員やアイテム等と交換できます。<br><br>交換されなかった「勧誘ポイント」は、本勧誘の終了時に自動的に「スキルブック（中）」に変換されます。<br>※変換されたスキルブック（中）は、プレゼントを経由せず直接加算されます<br>※スキルブック（中）の所持上限に達している場合は、プレゼントに贈られます,2nd-Years Only! Spotlight Scout,"2nd-Years-Only Spotlight Scout always features Members of rarity R or higher.<br>A 1x Scout costs 300 Loveca.<br>A 10x Scout costs 3,000 Loveca and guarantees at least one Member of rarity SR or higher.<br>A 1x Paid Scout costs 150 Paid Loveca and can be performed once per day.<br><br>If you Scout a Member you already have, they will automatically be converted into Penlights.<br>*Converted Penlights are added directly to your inventory, bypassing the present box.<br>*If your Penlight inventory is full, they will be sent to the present box.<br>*The number of Penlights received depends on the Member's rarity:<br>- UR: 500<br>- SR: 50<br>- R: 20<br><br>You'll also earn Scout Points [2nd-Year Spotlight] based on the number of Members you Scout.<br>Earned Scout Points can be exchanged for Members, items, and more at the Exchange.<br><br>Any unused Scout Points will automatically be converted into Skill Books (M) when this Scout ends.<br>*Converted Skill Books (M) are added directly to your inventory, bypassing the present box.<br>*If your Skill Book (M) inventory is full, they will be sent to the present box.",223112404
4110030,3年生限定！ピックアップ勧誘,「3年生限定！ピックアップ勧誘」は、R以上の部員が必ず登場します。<br>「1回勧誘」は、ラブカ300個で実施できます。<br>「10回勧誘」は、ラブカ3000個で実施でき、SR以上の部員が1人以上必ず加入します。<br>「有償1回勧誘」は、有償ラブカ150個で毎日1回だけ実施できます。<br><br>すでに加入している部員が登場した場合、自動で「ペンライト」に変換されます。<br>※変換されたペンライトは、プレゼントを経由せず直接加算されます<br>※ペンライトの所持上限に達している場合は、プレゼントに贈られます<br>※ペンライトの獲得量は、部員のレアリティに応じて異なります<br>・UR：500個<br>・SR：50個<br>・R ：20個<br><br>また、登場した部員の人数に応じて「勧誘ポイント [3年生ピックアップ]」を入手します。<br>獲得した「勧誘ポイント」は交換所にて部員やアイテム等と交換できます。<br><br>交換されなかった「勧誘ポイント」は、本勧誘の終了時に自動的に「スキルブック（中）」に変換されます。<br>※変換されたスキルブック（中）は、プレゼントを経由せず直接加算されます<br>※スキルブック（中）の所持上限に達している場合は、プレゼントに贈られます,3rd-Years Only! Spotlight Scout,"3rd-Years-Only Spotlight Scout always features Members of rarity R or higher.<br>A 1x Scout costs 300 Loveca.<br>A 10x Scout costs 3,000 Loveca and guarantees at least one Member of rarity SR or higher.<br>A 1x Paid Scout costs 150 Paid Loveca and can be performed once per day.<br><br>If you Scout a Member you already have, they will automatically be converted into Penlights.<br>*Converted Penlights are added directly to your inventory, bypassing the present box.<br>*If your Penlight inventory is full, they will be sent to the present box.<br>*The number of Penlights received depends on the Member's rarity:<br>- UR: 500<br>- SR: 50<br>- R: 20<br><br>You'll also earn Scout Points [3rd-Year Spotlight] based on the number of Members you Scout.<br>Earned Scout Points can be exchanged for Members, items, and more at the Exchange.<br><br>Any unused Scout Points will automatically be converted into Skill Books (M) when this Scout ends.<br>*Converted Skill Books (M) are added directly to your inventory, bypassing the present box.<br>*If your Skill Book (M) inventory is full, they will be sent to the present box.",223120103
4110031,異次元フェス アイドルマスター ラブライブ！歌合戦 開催記念勧誘～Aqours編～,「異次元フェス アイドルマスター ラブライブ！歌合戦 開催記念勧誘～Aqours編～」は、Aqours所属のR以上の部員が必ず登場します。<br>「10回勧誘」は、ラブカ3000個で実施でき、SR以上の部員が1人以上必ず加入します。<br><br>すでに加入している部員が登場した場合、自動で「ペンライト」に変換されます。<br>※変換されたペンライトは、プレゼントを経由せず直接加算されます<br>※ペンライトの所持上限に達している場合は、プレゼントに贈られます<br>※ペンライトの獲得量は、部員のレアリティに応じて異なります<br>・UR：500個<br>・SR：50個<br>・R ：20個,Ijigen Fes THE IDOLM@STER LOVE LIVE! Song Battle Celebration Scout: Aqours,"Dimension Fes: THE IDOLM@STER × Love Live! Singing Battle Celebration Scout: Aqours Arc always features Aqours Members of rarity R or higher.<br>A 10x Scout costs 3,000 Loveca and guarantees at least one Member of rarity SR or higher.<br><br>If you Scout a Member you already have, they will automatically be converted into Penlights.<br>*Converted Penlights are added directly to your inventory, bypassing the present box.<br>*If your Penlight inventory is full, they will be sent to the present box.<br>*The number of Penlights received depends on the Member's rarity:<br>- UR: 500<br>- SR: 50<br>- R: 20",223120907
4110032,異次元フェス アイドルマスター ラブライブ！歌合戦 開催記念勧誘～ニジガク編～,「異次元フェス アイドルマスター ラブライブ！歌合戦 開催記念勧誘～ニジガク編～」は、虹ヶ咲学園スクールアイドル同好会所属のR以上の部員が必ず登場します。<br>「10回勧誘」は、ラブカ3000個で実施でき、SR以上の部員が1人以上必ず加入します。<br><br>すでに加入している部員が登場した場合、自動で「ペンライト」に変換されます。<br>※変換されたペンライトは、プレゼントを経由せず直接加算されます<br>※ペンライトの所持上限に達している場合は、プレゼントに贈られます<br>※ペンライトの獲得量は、部員のレアリティに応じて異なります<br>・UR：500個<br>・SR：50個<br>・R ：20個,Ijigen Fes THE IDOLM@STER LOVE LIVE! Song Battle Celebration Scout: Nijigasaki,"Dimension Fes: THE IDOLM@STER × Love Live! Singing Battle Celebration Scout: Nijigasaki Arc always features Nijigasaki Members of rarity R or higher.<br>A 10x Scout costs 3,000 Loveca and guarantees at least one Member of rarity SR or higher.<br><br>If you Scout a Member you already have, they will automatically be converted into Penlights.<br>*Converted Penlights are added directly to your inventory, bypassing the present box.<br>*If your Penlight inventory is full, they will be sent to the present box.<br>*The number of Penlights received depends on the Member's rarity:<br>- UR: 500<br>- SR: 50<br>- R: 20",223120908
4110033,異次元フェス アイドルマスター ラブライブ！歌合戦 開催記念勧誘～Liella!編～,「異次元フェス アイドルマスター ラブライブ！歌合戦 開催記念勧誘～Liella!編～」は、Liella!所属のR以上の部員が必ず登場します。<br>「10回勧誘」は、ラブカ3000個で実施でき、SR以上の部員が1人以上必ず加入します。<br><br>すでに加入している部員が登場した場合、自動で「ペンライト」に変換されます。<br>※変換されたペンライトは、プレゼントを経由せず直接加算されます<br>※ペンライトの所持上限に達している場合は、プレゼントに贈られます<br>※ペンライトの獲得量は、部員のレアリティに応じて異なります<br>・UR：500個<br>・SR：50個<br>・R ：20個,Ijigen Fes THE IDOLM@STER LOVE LIVE! Song Battle Celebration Scout: Liella!,"Dimension Fes: THE IDOLM@STER × Love Live! Singing Battle Celebration Scout: Liella! Arc always features Liella! Members of rarity R or higher.<br>A 10x Scout costs 3,000 Loveca and guarantees at least one Member of rarity SR or higher.<br><br>If you Scout a Member you already have, they will automatically be converted into Penlights.<br>*Converted Penlights are added directly to your inventory, bypassing the present box.<br>*If your Penlight inventory is full, they will be sent to the present box.<br>*The number of Penlights received depends on the Member's rarity:<br>- UR: 500<br>- SR: 50<br>- R: 20",223120909
4110034,最大240回無料！年末年始記念勧誘,「最大240回無料！年末年始記念勧誘」は1日3回まで、期間中最大24回まで実施できます。<br>また、R以上の部員が加入します。<br><br>「10回勧誘」は無償で実施でき、SR以上の部員が1人以上必ず加入します。<br><br>すでに加入している部員が登場した場合、自動で「ペンライト」に変換されます。<br>※変換されたペンライトは、プレゼントを経由せず直接加算されます<br>※ペンライトの所持上限に達している場合は、プレゼントに贈られます<br>※ペンライトの獲得量は、部員のレアリティに応じて異なります<br>・UR：500個<br>・SR：50個<br>・R ：20個<br><br>また、登場した部員の人数に応じて「勧誘ポイント [年末年始記念]」を入手します。<br>獲得した「勧誘ポイント」は交換所にて部員やアイテム等と交換できます。<br><br>交換されなかった「勧誘ポイント」は、本勧誘の終了時に自動的に「スキルブック（中）」に変換されます。<br>※変換されたスキルブック（中）は、プレゼントを経由せず直接加算されます<br>※スキルブック（中）の所持上限に達している場合は、プレゼントに贈られます,Up to 240 Free Pulls! New Year's Celebration Scout,"The Up to 240 Free Pulls! New Year Celebration Scout can be performed up to 3 times per day, up to 24 times during the event period.<br>Members of rarity R or higher will also join.<br><br>A 10x Scout can be performed for free and guarantees at least one Member of rarity SR or higher.<br><br>If you Scout a Member you already have, they will automatically be converted into Penlights.<br>*Converted Penlights are added directly to your inventory, bypassing the present box.<br>*If your Penlight inventory is full, they will be sent to the present box.<br>*The number of Penlights received depends on the Member's rarity:<br>- UR: 500<br>- SR: 50<br>- R: 20<br><br>You'll also earn Scout Points [New Year Celebration] based on the number of Members you Scout.<br>Earned Scout Points can be exchanged for Members, items, and more at the Exchange.<br><br>Any unused Scout Points will automatically be converted into Skill Books (M) when this Scout ends.<br>*Converted Skill Books (M) are added directly to your inventory, bypassing the present box.<br>*If your Skill Book (M) inventory is full, they will be sent to the present box.",223122604
4110035,UR確定！年末年始記念勧誘,「UR確定！年末年始記念勧誘」は、有償ラブカ3000個で実施でき、UR部員が1人必ず加入します。<br><br>すでに加入している部員が登場した場合、自動的に「ペンライト」に変換されます。<br>※変換されたペンライトは、プレゼントを経由せず直接加算されます<br>※ペンライトの所持上限に達している場合は、プレゼントに贈られます<br>※ペンライトの獲得量は、部員のレアリティに応じて異なります<br>・UR：500個<br>・SR：50個<br>・R ：20個<br><br>また、登場した部員の人数に応じて「勧誘ポイント [年末年始記念]」を入手します。<br>獲得した「勧誘ポイント」は交換所にて部員やアイテム等と交換できます。<br><br>交換されなかった「勧誘ポイント」は、本勧誘の終了時に自動的に「スキルブック（中）」に変換されます。<br>※変換されたスキルブック（中）は、プレゼントを経由せず直接加算されます<br>※スキルブック（中）の所持上限に達している場合は、プレゼントに贈られます,Guaranteed UR! New Year's Celebration Scout,"Guaranteed UR! New Year Celebration Scout costs 3,000 Paid Loveca and guarantees one UR Member.<br><br>If you Scout a Member you already have, they will automatically be converted into Penlights.<br>*Converted Penlights are added directly to your inventory, bypassing the present box.<br>*If your Penlight inventory is full, they will be sent to the present box.<br>*The number of Penlights received depends on the Member's rarity:<br>- UR: 500<br>- SR: 50<br>- R: 20<br><br>You'll also earn Scout Points [New Year Celebration] based on the number of Members you Scout.<br>Earned Scout Points can be exchanged for Members, items, and more at the Exchange.<br><br>Any unused Scout Points will automatically be converted into Skill Books (M) when this Scout ends.<br>*Converted Skill Books (M) are added directly to your inventory, bypassing the present box.<br>*If your Skill Book (M) inventory is full, they will be sent to the present box.",223122604
4110036,新春初夢記念勧誘,「新春初夢記念勧誘」は、R以上の部員が必ず登場します。<br>「10回勧誘」は、ラブカ3000個で実施でき、SR以上の部員が1人以上必ず加入します。<br><br>すでに加入している部員が登場した場合、自動で「ペンライト」に変換されます。<br>※変換されたペンライトは、プレゼントを経由せず直接加算されます<br>※ペンライトの所持上限に達している場合は、プレゼントに贈られます<br>※ペンライトの獲得量は、部員のレアリティに応じて異なります<br>・UR：500個<br>・SR：50個<br>・R ：20個<br><br>また、登場した部員の人数に応じて「勧誘ポイント [新春記念]」を入手します。<br>獲得した「勧誘ポイント」は交換所にて部員やアイテム等と交換できます。<br><br>交換されなかった「勧誘ポイント」は、本勧誘の終了時に自動的に「スキルブック（中）」に変換されます。<br>※変換されたスキルブック（中）は、プレゼントを経由せず直接加算されます<br>※スキルブック（中）の所持上限に達している場合は、プレゼントに贈られます,New Year's First Dream Celebration Scout,"New Year's First Dream Celebration Scout always features Members of rarity R or higher.<br>A 10x Scout costs 3,000 Loveca and guarantees at least one Member of rarity SR or higher.<br><br>If you Scout a Member you already have, they will automatically be converted into Penlights.<br>*Converted Penlights are added directly to your inventory, bypassing the present box.<br>*If your Penlight inventory is full, they will be sent to the present box.<br>*The number of Penlights received depends on the Member's rarity:<br>- UR: 500<br>- SR: 50<br>- R: 20<br><br>You'll also earn Scout Points [New Year] based on the number of Members you Scout.<br>Earned Scout Points can be exchanged for Members, items, and more at the Exchange.<br><br>Any unused Scout Points will automatically be converted into Skill Books (M) when this Scout ends.<br>*Converted Skill Books (M) are added directly to your inventory, bypassing the present box.<br>*If your Skill Book (M) inventory is full, they will be sent to the present box.",224010105
4110037,UR確定！新春初夢記念勧誘,「UR確定！新春初夢記念勧誘」は、有償ラブカ3000個で実施でき、UR部員が1人必ず加入します。<br><br>すでに加入している部員が登場した場合、自動的に「ペンライト」に変換されます。<br>※変換されたペンライトは、プレゼントを経由せず直接加算されます<br>※ペンライトの所持上限に達している場合は、プレゼントに贈られます<br>※ペンライトの獲得量は、部員のレアリティに応じて異なります<br>・UR：500個<br>・SR：50個<br>・R ：20個<br><br>また、登場した部員の人数に応じて「勧誘ポイント [新春記念]」を入手します。<br>獲得した「勧誘ポイント」は交換所にて部員やアイテム等と交換できます。<br><br>交換されなかった「勧誘ポイント」は、本勧誘の終了時に自動的に「スキルブック（中）」に変換されます。<br>※変換されたスキルブック（中）は、プレゼントを経由せず直接加算されます<br>※スキルブック（中）の所持上限に達している場合は、プレゼントに贈られます,Guaranteed UR! New Year's First Dream Celebration Scout,"Guaranteed UR! New Year's First Dream Celebration Scout costs 3,000 Paid Loveca and guarantees one UR Member.<br><br>If you Scout a Member you already have, they will automatically be converted into Penlights.<br>*Converted Penlights are added directly to your inventory, bypassing the present box.<br>*If your Penlight inventory is full, they will be sent to the present box.<br>*The number of Penlights received depends on the Member's rarity:<br>- UR: 500<br>- SR: 50<br>- R: 20<br><br>You'll also earn Scout Points [New Year] based on the number of Members you Scout.<br>Earned Scout Points can be exchanged for Members, items, and more at the Exchange.<br><br>Any unused Scout Points will automatically be converted into Skill Books (M) when this Scout ends.<br>*Converted Skill Books (M) are added directly to your inventory, bypassing the present box.<br>*If your Skill Book (M) inventory is full, they will be sent to the present box.",224010105
4110038,ラブソングカーニバル記念勧誘,「ラブソングカーニバル記念勧誘」は、虹ヶ咲学園スクールアイドル同好会所属のR以上の部員が必ず登場します。<br>「1回勧誘」は、ラブカ300個で実施できます。<br>「10回勧誘」は、ラブカ3000個で実施でき、SR以上の部員が1人以上必ず加入します。<br>「有償1回勧誘」は、有償ラブカ150個で毎日1回だけ実施できます。<br><br>すでに加入している部員が登場した場合、自動で「ペンライト」に変換されます。<br>※変換されたペンライトは、プレゼントを経由せず直接加算されます<br>※ペンライトの所持上限に達している場合は、プレゼントに贈られます<br>※ペンライトの獲得量は、部員のレアリティに応じて異なります<br>・UR：500個<br>・SR：50個<br>・R ：20個<br><br>また、登場した部員の人数に応じて「勧誘ポイント [ラブソングカーニバル]」を入手します。<br>獲得した「勧誘ポイント」は交換所にて部員やアイテム等と交換できます。<br><br>交換されなかった「勧誘ポイント」は、本勧誘の終了時に自動的に「スキルブック（中）」に変換されます。<br>※変換されたスキルブック（中）は、プレゼントを経由せず直接加算されます<br>※スキルブック（中）の所持上限に達している場合は、プレゼントに贈られます,Love Song Carnival Celebration Scout,"Love Song Carnival Celebration Scout always features Nijigasaki Members of rarity R or higher.<br>A 1x Scout costs 300 Loveca.<br>A 10x Scout costs 3,000 Loveca and guarantees at least one Member of rarity SR or higher.<br>A 1x Paid Scout costs 150 Paid Loveca and can be performed once per day.<br><br>If you Scout a Member you already have, they will automatically be converted into Penlights.<br>*Converted Penlights are added directly to your inventory, bypassing the present box.<br>*If your Penlight inventory is full, they will be sent to the present box.<br>*The number of Penlights received depends on the Member's rarity:<br>- UR: 500<br>- SR: 50<br>- R: 20<br><br>You'll also earn Scout Points [Love Song Carnival] based on the number of Members you Scout.<br>Earned Scout Points can be exchanged for Members, items, and more at the Exchange.<br><br>Any unused Scout Points will automatically be converted into Skill Books (M) when this Scout ends.<br>*Converted Skill Books (M) are added directly to your inventory, bypassing the present box.<br>*If your Skill Book (M) inventory is full, they will be sent to the present box.",224011304
4110039,スクフェス2 大感謝勧誘～μ's編～,「スクフェス2 大感謝勧誘～μ's編～」は、μ'ｓ所属のR以上の部員が必ず登場します。<br>「スクフェス2 大感謝勧誘～μ's編～」は、「10回勧誘チケット（スクフェス2 大感謝勧誘）」で実施できます。<br><br>すでに加入している部員が登場した場合、自動で「ペンライト」に変換されます。<br>※変換されたペンライトは、プレゼントを経由せず直接加算されます<br>※ペンライトの所持上限に達している場合は、プレゼントに贈られます<br>※ペンライトの獲得量は、部員のレアリティに応じて異なります<br>・UR：500個<br>・SR：50個<br>・R ：20個<br><br>また、登場した部員の人数に応じて「勧誘ポイント [大感謝勧誘]」を入手します。<br>獲得した「勧誘ポイント」は交換所にて部員やアイテム等と交換できます。<br><br>交換されなかった「勧誘ポイント」は、本勧誘の終了時に自動的に「スキルブック（中）」に変換されます。<br>※変換されたスキルブック（中）は、プレゼントを経由せず直接加算されます<br>※スキルブック（中）の所持上限に達している場合は、プレゼントに贈られます,School Idol Festival 2 Super Thanks Scout: μ's,"SIF2 Grand Thanksgiving Scout: μ's Arc always features μ's Members of rarity R or higher.<br>SIF2 Grand Thanksgiving Scout: μ's Arc can be performed using a 10x Scout Ticket (SIF2 Grand Thanksgiving Scout).<br><br>If you Scout a Member you already have, they will automatically be converted into Penlights.<br>*Converted Penlights are added directly to your inventory, bypassing the present box.<br>*If your Penlight inventory is full, they will be sent to the present box.<br>*The number of Penlights received depends on the Member's rarity:<br>- UR: 500<br>- SR: 50<br>- R: 20<br><br>You'll also earn Scout Points [Grand Thanksgiving] based on the number of Members you Scout.<br>Earned Scout Points can be exchanged for Members, items, and more at the Exchange.<br><br>Any unused Scout Points will automatically be converted into Skill Books (M) when this Scout ends.<br>*Converted Skill Books (M) are added directly to your inventory, bypassing the present box.<br>*If your Skill Book (M) inventory is full, they will be sent to the present box.",224030109
4110040,スクフェス2 大感謝勧誘～Aqours編～,「スクフェス2 大感謝勧誘～Aqours編～」は、Aqours所属のR以上の部員が必ず登場します。<br>「スクフェス2 大感謝勧誘～Aqours編～」は、「10回勧誘チケット（スクフェス2 大感謝勧誘）」で実施できます。<br><br>すでに加入している部員が登場した場合、自動で「ペンライト」に変換されます。<br>※変換されたペンライトは、プレゼントを経由せず直接加算されます<br>※ペンライトの所持上限に達している場合は、プレゼントに贈られます<br>※ペンライトの獲得量は、部員のレアリティに応じて異なります<br>・UR：500個<br>・SR：50個<br>・R ：20個<br><br>また、登場した部員の人数に応じて「勧誘ポイント [大感謝勧誘]」を入手します。<br>獲得した「勧誘ポイント」は交換所にて部員やアイテム等と交換できます。<br><br>交換されなかった「勧誘ポイント」は、本勧誘の終了時に自動的に「スキルブック（中）」に変換されます。<br>※変換されたスキルブック（中）は、プレゼントを経由せず直接加算されます<br>※スキルブック（中）の所持上限に達している場合は、プレゼントに贈られます,School Idol Festival 2 Super Thanks Scout: Aqours,"SIF2 Grand Thanksgiving Scout: Aqours Arc always features Aqours Members of rarity R or higher.<br>SIF2 Grand Thanksgiving Scout: Aqours Arc can be performed using a 10x Scout Ticket (SIF2 Grand Thanksgiving Scout).<br><br>If you Scout a Member you already have, they will automatically be converted into Penlights.<br>*Converted Penlights are added directly to your inventory, bypassing the present box.<br>*If your Penlight inventory is full, they will be sent to the present box.<br>*The number of Penlights received depends on the Member's rarity:<br>- UR: 500<br>- SR: 50<br>- R: 20<br><br>You'll also earn Scout Points [Grand Thanksgiving] based on the number of Members you Scout.<br>Earned Scout Points can be exchanged for Members, items, and more at the Exchange.<br><br>Any unused Scout Points will automatically be converted into Skill Books (M) when this Scout ends.<br>*Converted Skill Books (M) are added directly to your inventory, bypassing the present box.<br>*If your Skill Book (M) inventory is full, they will be sent to the present box.",224030109
4110041,スクフェス2 大感謝勧誘～ニジガク編～,「スクフェス2 大感謝勧誘～ニジガク編～」は、虹ヶ咲学園スクールアイドル同好会所属のR以上の部員が必ず登場します。<br>「スクフェス2 大感謝勧誘～ニジガク編～」は、「10回勧誘チケット（スクフェス2 大感謝勧誘）」で実施できます。<br><br>すでに加入している部員が登場した場合、自動で「ペンライト」に変換されます。<br>※変換されたペンライトは、プレゼントを経由せず直接加算されます<br>※ペンライトの所持上限に達している場合は、プレゼントに贈られます<br>※ペンライトの獲得量は、部員のレアリティに応じて異なります<br>・UR：500個<br>・SR：50個<br>・R ：20個<br><br>また、登場した部員の人数に応じて「勧誘ポイント [大感謝勧誘]」を入手します。<br>獲得した「勧誘ポイント」は交換所にて部員やアイテム等と交換できます。<br><br>交換されなかった「勧誘ポイント」は、本勧誘の終了時に自動的に「スキルブック（中）」に変換されます。<br>※変換されたスキルブック（中）は、プレゼントを経由せず直接加算されます<br>※スキルブック（中）の所持上限に達している場合は、プレゼントに贈られます,School Idol Festival 2 Super Thanks Scout: Nijigasaki,"SIF2 Grand Thanksgiving Scout: Nijigasaki Arc always features Nijigasaki Members of rarity R or higher.<br>SIF2 Grand Thanksgiving Scout: Nijigasaki Arc can be performed using a 10x Scout Ticket (SIF2 Grand Thanksgiving Scout).<br><br>If you Scout a Member you already have, they will automatically be converted into Penlights.<br>*Converted Penlights are added directly to your inventory, bypassing the present box.<br>*If your Penlight inventory is full, they will be sent to the present box.<br>*The number of Penlights received depends on the Member's rarity:<br>- UR: 500<br>- SR: 50<br>- R: 20<br><br>You'll also earn Scout Points [Grand Thanksgiving] based on the number of Members you Scout.<br>Earned Scout Points can be exchanged for Members, items, and more at the Exchange.<br><br>Any unused Scout Points will automatically be converted into Skill Books (M) when this Scout ends.<br>*Converted Skill Books (M) are added directly to your inventory, bypassing the present box.<br>*If your Skill Book (M) inventory is full, they will be sent to the present box.",224030109
4110042,スクフェス2 大感謝勧誘～Liella!編～,「スクフェス2 大感謝勧誘～Liella!編～」は、Liella!所属のR以上の部員が必ず登場します。<br>「スクフェス2 大感謝勧誘～Liella!編～」は、「10回勧誘チケット（スクフェス2 大感謝勧誘）」で実施できます。<br><br>すでに加入している部員が登場した場合、自動で「ペンライト」に変換されます。<br>※変換されたペンライトは、プレゼントを経由せず直接加算されます<br>※ペンライトの所持上限に達している場合は、プレゼントに贈られます<br>※ペンライトの獲得量は、部員のレアリティに応じて異なります<br>・UR：500個<br>・SR：50個<br>・R ：20個<br><br>また、登場した部員の人数に応じて「勧誘ポイント [大感謝勧誘]」を入手します。<br>獲得した「勧誘ポイント」は交換所にて部員やアイテム等と交換できます。<br><br>交換されなかった「勧誘ポイント」は、本勧誘の終了時に自動的に「スキルブック（中）」に変換されます。<br>※変換されたスキルブック（中）は、プレゼントを経由せず直接加算されます<br>※スキルブック（中）の所持上限に達している場合は、プレゼントに贈られます,School Idol Festival 2 Super Thanks Scout: Liella!,"SIF2 Grand Thanksgiving Scout: Liella! Arc always features Liella! Members of rarity R or higher.<br>SIF2 Grand Thanksgiving Scout: Liella! Arc can be performed using a 10x Scout Ticket (SIF2 Grand Thanksgiving Scout).<br><br>If you Scout a Member you already have, they will automatically be converted into Penlights.<br>*Converted Penlights are added directly to your inventory, bypassing the present box.<br>*If your Penlight inventory is full, they will be sent to the present box.<br>*The number of Penlights received depends on the Member's rarity:<br>- UR: 500<br>- SR: 50<br>- R: 20<br><br>You'll also earn Scout Points [Grand Thanksgiving] based on the number of Members you Scout.<br>Earned Scout Points can be exchanged for Members, items, and more at the Exchange.<br><br>Any unused Scout Points will automatically be converted into Skill Books (M) when this Scout ends.<br>*Converted Skill Books (M) are added directly to your inventory, bypassing the present box.<br>*If your Skill Book (M) inventory is full, they will be sent to the present box.",224030109
4110043,スペシャル勧誘,「スペシャル勧誘」は、R以上の部員が必ず登場します。<br>「1回勧誘」は、ラブカ300個で実施できます。<br>「10回勧誘」は、ラブカ3000個で実施でき、SR以上の部員が1人以上必ず加入します。<br>「有償1回勧誘」は、有償ラブカ150個で毎日1回だけ実施できます。<br>「有償10回勧誘」は、有償ラブカ2000個で期間中1回だけ実施できます。<br><br>すでに加入している部員が登場した場合、自動で「ペンライト」に変換されます。<br>※変換されたペンライトは、プレゼントを経由せず直接加算されます<br>※ペンライトの所持上限に達している場合は、プレゼントに贈られます<br>※ペンライトの獲得量は、部員のレアリティに応じて異なります<br>・UR：500個<br>・SR：50個<br>・R ：20個<br><br>また、登場した部員の人数に応じて「勧誘ポイント [スペシャル勧誘]」を入手します。<br>獲得した「勧誘ポイント」は交換所にて部員やアイテム等と交換できます。<br><br>交換されなかった「勧誘ポイント」は、本勧誘の終了時に自動的に「スキルブック（中）」に変換されます。<br>※変換されたスキルブック（中）は、プレゼントを経由せず直接加算されます<br>※スキルブック（中）の所持上限に達している場合は、プレゼントに贈られます,Special Scout,"Special Scout always features Members of rarity R or higher.<br>A 1x Scout costs 300 Loveca.<br>A 10x Scout costs 3,000 Loveca and guarantees at least one Member of rarity SR or higher.<br>A 1x Paid Scout costs 150 Paid Loveca and can be performed once per day.<br>A 10x Paid Scout costs 2,000 Paid Loveca and can be performed once during the event period.<br><br>If you Scout a Member you already have, they will automatically be converted into Penlights.<br>*Converted Penlights are added directly to your inventory, bypassing the present box.<br>*If your Penlight inventory is full, they will be sent to the present box.<br>*The number of Penlights received depends on the Member's rarity:<br>- UR: 500<br>- SR: 50<br>- R: 20<br><br>You'll also earn Scout Points [Special Scout] based on the number of Members you Scout.<br>Earned Scout Points can be exchanged for Members, items, and more at the Exchange.<br><br>Any unused Scout Points will automatically be converted into Skill Books (M) when this Scout ends.<br>*Converted Skill Books (M) are added directly to your inventory, bypassing the present box.<br>*If your Skill Book (M) inventory is full, they will be sent to the present box.",224031602
4110044,スクールアイドル感謝祭 全員集合勧誘,「スクールアイドル感謝祭 全員集合勧誘」は、R以上の部員が必ず登場します。<br>「10回勧誘」は、ラブカ3000個で毎日1回まで実施できます。<br>「有償10回勧誘」は、有償ラブカ3000個で実施できます。<br>「有償1回勧誘」は、有償ラブカ50個で毎日3回まで実施できます。<br><br>すでに加入している部員が登場した場合、自動で「ペンライト」に変換されます。<br>※変換されたペンライトは、プレゼントを経由せず直接加算されます<br>※ペンライトの所持上限に達している場合は、プレゼントに贈られます<br>※ペンライトの獲得量は、部員のレアリティに応じて異なります<br>・UR：500個<br>・SR：50個<br>・R ：20個,School Idol Thanksgiving Festival All-Star Gathering Scout,"School Idol Thanksgiving Full Roster Scout always features Members of rarity R or higher.<br>A 10x Scout costs 3,000 Loveca and can be performed up to once per day.<br>A 10x Paid Scout costs 3,000 Paid Loveca.<br>A 1x Paid Scout costs 50 Paid Loveca and can be performed up to 3 times per day.<br><br>If you Scout a Member you already have, they will automatically be converted into Penlights.<br>*Converted Penlights are added directly to your inventory, bypassing the present box.<br>*If your Penlight inventory is full, they will be sent to the present box.<br>*The number of Penlights received depends on the Member's rarity:<br>- UR: 500<br>- SR: 50<br>- R: 20",224032003
5110001,全部員大集合！ステップアップ勧誘,「全部員大集合！ステップアップ勧誘」は、STEPが進むごとに内容が変化するお得な勧誘です。<br>勧誘で入手可能な全部員（R・SR・UR）が登場します。<br>各STEPは10回勧誘で、STEPごとに必要なラブカの個数と確定枠が変化します。<br>・STEP 1：ラブカ500個（SR以上1人確定）<br>・STEP 2：ラブカ1000個（SR以上1人確定・UR確率アップ）<br>・STEP 3：ラブカ1500個（SR以上1人確定・UR確率アップ）<br>・STEP 4：ラブカ2000個（SR以上1人確定・UR確率大アップ）<br>・STEP 5：ラブカ2500個（UR部員1人確定！）<br><br>STEP 5の実施後は、再びSTEP 1から繰り返し実施できます。<br><br>すでに加入している部員が登場した場合、自動で「ペンライト」に変換されます。<br>※ペンライトの獲得量は、部員のレアリティに応じて異なります<br>・UR：500個<br>・SR：50個<br>・R ：20個,All Members Step-Up Scout,"The All Members Step-Up Scout gets better with every STEP.<br>Every Scoutable member of each rarity (R, SR, and UR) can appear.<br>Each STEP is a 10x Scout; the Loveca cost and the guaranteed slot change per STEP.<br>- STEP 1: 500 Loveca (1 SR or higher guaranteed)<br>- STEP 2: 1,000 Loveca (1 SR or higher guaranteed, UR rate up)<br>- STEP 3: 1,500 Loveca (1 SR or higher guaranteed, UR rate up)<br>- STEP 4: 2,000 Loveca (1 SR or higher guaranteed, UR rate way up)<br>- STEP 5: 2,500 Loveca (1 UR Member guaranteed!)<br><br>After STEP 5, the ladder returns to STEP 1 and can be repeated.<br><br>If you Scout a Member you already have, they will automatically be converted into Penlights.<br>*The number of Penlights received depends on the Member's rarity:<br>- UR: 500<br>- SR: 50<br>- R: 20",1
7110002,スクフェスデータ連携特典 チケット勧誘,「スクフェスデータ連携特典 チケット勧誘」は、R以上の部員が必ず登場します。<br>「10回勧誘」は、「10回勧誘チケット（スクフェスデータ連携特典）」で実施でき、SR以上の部員が1人以上必ず加入します。<br><br>すでに加入している部員が登場した場合、自動で「ペンライト」に変換されます。<br>※変換されたペンライトは、プレゼントを経由せず直接加算されます<br>※ペンライトの所持上限に達している場合は、プレゼントに贈られます<br>※ペンライトの獲得量は、部員のレアリティに応じて異なります<br>・UR：500個<br>・SR：50個<br>・R ：20個<br><br>また、登場した部員の人数に応じて「勧誘ポイント [リリース記念] 」を入手します。<br>獲得した「勧誘ポイント」は交換所にて部員やアイテム等と交換できます。,SIF Data Link Bonus Ticket Scout,"SIF Data Linkage Bonus Ticket Scout always features Members of rarity R or higher.<br>A 10x Scout can be performed using a 10x Scout Ticket (SIF Data Linkage Bonus) and guarantees at least one Member of rarity SR or higher.<br><br>If you Scout a Member you already have, they will automatically be converted into Penlights.<br>*Converted Penlights are added directly to your inventory, bypassing the present box.<br>*If your Penlight inventory is full, they will be sent to the present box.<br>*The number of Penlights received depends on the Member's rarity:<br>- UR: 500<br>- SR: 50<br>- R: 20<br><br>You'll also earn Scout Points [Release Celebration] based on the number of Members you Scout.<br>Earned Scout Points can be exchanged for Members, items, and more at the Exchange.",223043003
7110003,スクスタデータ連携特典 チケット勧誘,「スクスタデータ連携特典 チケット勧誘」は、R以上の部員が必ず登場します。<br>「10回勧誘」は、「10回勧誘チケット（スクフェスデータ連携特典）」で実施でき、SR以上の部員が1人以上必ず加入します。<br><br>すでに加入している部員が登場した場合、自動で「ペンライト」に変換されます。<br>※変換されたペンライトは、プレゼントを経由せず直接加算されます<br>※ペンライトの所持上限に達している場合は、プレゼントに贈られます<br>※ペンライトの獲得量は、部員のレアリティに応じて異なります<br>・UR：500個<br>・SR：50個<br>・R ：20個<br><br>また、登場した部員の人数に応じて「勧誘ポイント [リリース記念] 」を入手します。<br>獲得した「勧誘ポイント」は交換所にて部員やアイテム等と交換できます。,SIFAS Data Link Bonus Ticket Scout,"SIFAS Data Linkage Bonus Ticket Scout always features Members of rarity R or higher.<br>A 10x Scout can be performed using a 10x Scout Ticket (SIF Data Linkage Bonus) and guarantees at least one Member of rarity SR or higher.<br><br>If you Scout a Member you already have, they will automatically be converted into Penlights.<br>*Converted Penlights are added directly to your inventory, bypassing the present box.<br>*If your Penlight inventory is full, they will be sent to the present box.<br>*The number of Penlights received depends on the Member's rarity:<br>- UR: 500<br>- SR: 50<br>- R: 20<br><br>You'll also earn Scout Points [Release Celebration] based on the number of Members you Scout.<br>Earned Scout Points can be exchanged for Members, items, and more at the Exchange.",223071202
8110001,アイテム勧誘,毎日1回、「アイテム勧誘」を実施できます。<br>「アイテム勧誘」は毎日0時にリセットされます。<br><br>「アイテム勧誘」では、以下のアイテムからランダムで10個登場します。<br>・ペンライト：×10個<br>・LPキャンディ[小]：×1個<br>・レッスンノート（小）：×20個<br>・レッスンノート（中）：×8個<br>・レッスンノート（大）：×1個<br>・スキルブック（小）：×18個<br>・スキルブック（中）：×3個<br>・35000ゴールド,Item Scout,"You can perform the Item Scout once per day.<br>The Item Scout resets daily at 0:00.<br><br>The Item Scout randomly draws 10 of the following items:<br>- Penlight ×10<br>- LP Candy (S) ×1<br>- Lesson Note (S) ×20<br>- Lesson Note (M) ×8<br>- Lesson Note (L) ×1<br>- Skill Book (S) ×18<br>- Skill Book (M) ×3<br>- 35,000 Gold",1
8110002,アイテム勧誘,毎日1回、「アイテム勧誘」を実施できます。<br>「アイテム勧誘」は毎日0時にリセットされます。<br><br>「アイテム勧誘」では、以下のアイテムからランダムで10個登場します。<br>・ペンライト：×10個<br>・LPキャンディ[小]：×1個<br>・レッスンノート（小）：×20個<br>・レッスンノート（中）：×8個<br>・レッスンノート（大）：×1個<br>・スキルブック（小）：×18個<br>・スキルブック（中）：×3個<br>・35000ゴールド,Item Scout,"You can perform the Item Scout once per day.<br>The Item Scout resets daily at 0:00.<br><br>The Item Scout randomly draws 10 of the following items:<br>- Penlight ×10<br>- LP Candy (S) ×1<br>- Lesson Note (S) ×20<br>- Lesson Note (M) ×8<br>- Lesson Note (L) ×1<br>- Skill Book (S) ×18<br>- Skill Book (M) ×3<br>- 35,000 Gold",223101604
8110004,アイテム勧誘,毎日1回、「アイテム勧誘」を実施できます。<br>「アイテム勧誘」は毎日0時にリセットされます。<br><br>「アイテム勧誘」では、以下のアイテムからランダムで10個登場します。<br>・ペンライト：×10個<br>・LPキャンディ[小]：×1個<br>・レッスンノート（小）：×20個<br>・レッスンノート（中）：×8個<br>・レッスンノート（大）：×1個<br>・スキルブック（小）：×18個<br>・スキルブック（中）：×3個<br>・35000ゴールド,Item Scout,"You can perform the Item Scout once per day.<br>The Item Scout resets daily at 0:00.<br><br>The Item Scout randomly draws 10 of the following items:<br>- Penlight ×10<br>- LP Candy (S) ×1<br>- Lesson Note (S) ×20<br>- Lesson Note (M) ×8<br>- Lesson Note (L) ×1<br>- Skill Book (S) ×18<br>- Skill Book (M) ×3<br>- 35,000 Gold",224010108
8110005,アイテム勧誘,毎日1回、「アイテム勧誘」を実施できます。<br>「アイテム勧誘」は毎日0時にリセットされます。<br><br>「アイテム勧誘」では、以下のアイテムからランダムで10個登場します。<br>・ペンライト：×10個<br>・LPキャンディ[小]：×1個<br>・レッスンノート（小）：×20個<br>・レッスンノート（中）：×8個<br>・レッスンノート（大）：×1個<br>・スキルブック（小）：×18個<br>・スキルブック（中）：×3個<br>・35000ゴールド,Item Scout,"You can perform the Item Scout once per day.<br>The Item Scout resets daily at 0:00.<br><br>The Item Scout randomly draws 10 of the following items:<br>- Penlight ×10<br>- LP Candy (S) ×1<br>- Lesson Note (S) ×20<br>- Lesson Note (M) ×8<br>- Lesson Note (L) ×1<br>- Skill Book (S) ×18<br>- Skill Book (M) ×3<br>- 35,000 Gold",224020106
8110006,アイテム勧誘,毎日1回、「アイテム勧誘」を実施できます。<br>「アイテム勧誘」は毎日0時にリセットされます。<br><br>「アイテム勧誘」では、以下のアイテムからランダムで10個登場します。<br>・ペンライト：×10個<br>・LPキャンディ[小]：×1個<br>・レッスンノート（小）：×20個<br>・レッスンノート（中）：×8個<br>・レッスンノート（大）：×1個<br>・スキルブック（小）：×18個<br>・スキルブック（中）：×3個<br>・35000ゴールド,Item Scout,"You can perform the Item Scout once per day.<br>The Item Scout resets daily at 0:00.<br><br>The Item Scout randomly draws 10 of the following items:<br>- Penlight ×10<br>- LP Candy (S) ×1<br>- Lesson Note (S) ×20<br>- Lesson Note (M) ×8<br>- Lesson Note (L) ×1<br>- Skill Book (S) ×18<br>- Skill Book (M) ×3<br>- 35,000 Gold",224030121
9110001,チュートリアル勧誘【高坂 穂乃果】,「チュートリアル勧誘【高坂 穂乃果】 」では、R以上の部員が必ず登場します。<br>「10回勧誘」は無料で実施でき、UR部員「高坂穂乃果【満開の桜】 」が必ず加入します。,Tutorial Scout: Honoka Kosaka,Tutorial Scout: Honoka Kosaka always features Members of rarity R or higher.<br>A 10x Scout can be performed for free and guarantees the UR Member Honoka Kosaka [Cherry Blossoms in Full Bloom].,1
9110002,チュートリアル勧誘【絢瀬 絵里】,「チュートリアル勧誘【絢瀬 絵里】 」では、R以上の部員が必ず登場します。<br>「10回勧誘」は無料で実施でき、UR部員「絢瀬絵里【夕暮れの生徒会室】 」が必ず加入します。,Tutorial Scout: Eli Ayase,Tutorial Scout: Eli Ayase always features Members of rarity R or higher.<br>A 10x Scout can be performed for free and guarantees the UR Member Eli Ayase [Student Council Room at Dusk].,1
9110003,チュートリアル勧誘【南 ことり】,「チュートリアル勧誘【南 ことり】 」では、R以上の部員が必ず登場します。<br>「10回勧誘」は無料で実施でき、UR部員「南 ことり【いらっしゃいませ♪】 」が必ず加入します。,Tutorial Scout: Kotori Minami,Tutorial Scout: Kotori Minami always features Members of rarity R or higher.<br>A 10x Scout can be performed for free and guarantees the UR Member Kotori Minami [Welcome♪].,1
9110004,チュートリアル勧誘【園田 海未】,「チュートリアル勧誘【園田 海未】 」では、R以上の部員が必ず登場します。<br>「10回勧誘」は無料で実施でき、UR部員「園田海未【無心へと】 」が必ず加入します。,Tutorial Scout: Umi Sonoda,Tutorial Scout: Umi Sonoda always features Members of rarity R or higher.<br>A 10x Scout can be performed for free and guarantees the UR Member Umi Sonoda [Into Selflessness].,1
9110005,チュートリアル勧誘【星空 凛】,「チュートリアル勧誘【星空 凛】 」では、R以上の部員が必ず登場します。<br>「10回勧誘」は無料で実施でき、UR部員「星空 凛【きらめく屋上】 」が必ず加入します。,Tutorial Scout: Rin Hoshizora,Tutorial Scout: Rin Hoshizora always features Members of rarity R or higher.<br>A 10x Scout can be performed for free and guarantees the UR Member Rin Hoshizora [Sparkling Rooftop].,1
9110006,チュートリアル勧誘【西木野 真姫】,「チュートリアル勧誘【西木野 真姫】 」では、R以上の部員が必ず登場します。<br>「10回勧誘」は無料で実施でき、UR部員「西木野真姫【スマホ越しのはにかみ】 」が必ず加入します。,Tutorial Scout: Maki Nishikino,Tutorial Scout: Maki Nishikino always features Members of rarity R or higher.<br>A 10x Scout can be performed for free and guarantees the UR Member Maki Nishikino [Bashful Through the Screen].,1
9110007,チュートリアル勧誘【東條 希】,「チュートリアル勧誘【東條 希】 」では、R以上の部員が必ず登場します。<br>「10回勧誘」は無料で実施でき、UR部員「東條 希【降り注ぐ光】 」が必ず加入します。,Tutorial Scout: Nozomi Tojo,Tutorial Scout: Nozomi Tojo always features Members of rarity R or higher.<br>A 10x Scout can be performed for free and guarantees the UR Member Nozomi Tojo [Pouring Light].,1
9110008,チュートリアル勧誘【小泉 花陽】,「チュートリアル勧誘【小泉 花陽】 」では、R以上の部員が必ず登場します。<br>「10回勧誘」は無料で実施でき、UR部員「小泉花陽【µ'sへの想い】 」が必ず加入します。,Tutorial Scout: Hanayo Koizumi,Tutorial Scout: Hanayo Koizumi always features Members of rarity R or higher.<br>A 10x Scout can be performed for free and guarantees the UR Member Hanayo Koizumi [Feelings for µ's].,1
9110009,チュートリアル勧誘【矢澤 にこ】,「チュートリアル勧誘【矢澤 にこ】 」では、R以上の部員が必ず登場します。<br>「10回勧誘」は無料で実施でき、UR部員「矢澤にこ【ありがた～い講義】 」が必ず加入します。,Tutorial Scout: Nico Yazawa,Tutorial Scout: Nico Yazawa always features Members of rarity R or higher.<br>A 10x Scout can be performed for free and guarantees the UR Member Nico Yazawa [A Most Gracious Lecture].,1
9110010,チュートリアル勧誘【高海 千歌】,「チュートリアル勧誘【高海 千歌】 」では、R以上の部員が必ず登場します。<br>「10回勧誘」は無料で実施でき、UR部員「高海千歌【練習帰りの談笑】 」が必ず加入します。,Tutorial Scout: Chika Takami,Tutorial Scout: Chika Takami always features Members of rarity R or higher.<br>A 10x Scout can be performed for free and guarantees the UR Member Chika Takami [Chatting After Practice].,1
9110011,チュートリアル勧誘【桜内 梨子】,「チュートリアル勧誘【桜内 梨子】 」では、R以上の部員が必ず登場します。<br>「10回勧誘」は無料で実施でき、UR部員「桜内梨子【トリオの旋律】 」が必ず加入します。,Tutorial Scout: Riko Sakurauchi,"The Tutorial Scout [Riko Sakurauchi] guarantees members of R rarity or higher.<br>You can perform a 10x Scout for free, and the UR member Riko Sakurauchi [Trio's Melody] is guaranteed to join.",1
9110012,チュートリアル勧誘【松浦 果南】,「チュートリアル勧誘【松浦 果南】 」では、R以上の部員が必ず登場します。<br>「10回勧誘」は無料で実施でき、UR部員「松浦果南【頬を撫でる潮風】 」が必ず加入します。,Tutorial Scout: Kanan Matsuura,"The Tutorial Scout [Kanan Matsuura] guarantees members of R rarity or higher.<br>You can perform a 10x Scout for free, and the UR member Kanan Matsuura [Cheek-Caressing Sea Breeze] is guaranteed to join.",1
9110013,チュートリアル勧誘【黒澤 ダイヤ】,「チュートリアル勧誘【黒澤 ダイヤ】 」では、R以上の部員が必ず登場します。<br>「10回勧誘」は無料で実施でき、UR部員「黒澤ダイヤ【姉の日課】 」が必ず加入します。,Tutorial Scout: Dia Kurosawa,"The Tutorial Scout [Dia Kurosawa] guarantees members of R rarity or higher.<br>You can perform a 10x Scout for free, and the UR member Dia Kurosawa [A Sister's Routine] is guaranteed to join.",1
9110014,チュートリアル勧誘【渡辺 曜】,「チュートリアル勧誘【渡辺 曜】 」では、R以上の部員が必ず登場します。<br>「10回勧誘」は無料で実施でき、UR部員「渡辺 曜【耀う水面】 」が必ず加入します。,Tutorial Scout: You Watanabe,"The Tutorial Scout [You Watanabe] guarantees members of R rarity or higher.<br>You can perform a 10x Scout for free, and the UR member You Watanabe [Shimmering Water] is guaranteed to join.",1
9110015,チュートリアル勧誘【津島 善子】,「チュートリアル勧誘【津島 善子】 」では、R以上の部員が必ず登場します。<br>「10回勧誘」は無料で実施でき、UR部員「津島善子【堕天使じゃんけん】 」が必ず加入します。,Tutorial Scout: Yoshiko Tsushima,"The Tutorial Scout [Yoshiko Tsushima] guarantees members of R rarity or higher.<br>You can perform a 10x Scout for free, and the UR member Yoshiko Tsushima [Fallen Angel Rock-Paper-Scissors] is guaranteed to join.",1
9110016,チュートリアル勧誘【国木田 花丸】,「チュートリアル勧誘【国木田 花丸】 」では、R以上の部員が必ず登場します。<br>「10回勧誘」は無料で実施でき、UR部員「国木田花丸【アフターランチ】 」が必ず加入します。,Tutorial Scout: Hanamaru Kunikida,"The Tutorial Scout [Hanamaru Kunikida] guarantees members of R rarity or higher.<br>You can perform a 10x Scout for free, and the UR member Hanamaru Kunikida [After Lunch] is guaranteed to join.",1
9110017,チュートリアル勧誘【小原 鞠莉】,「チュートリアル勧誘【小原 鞠莉】 」では、R以上の部員が必ず登場します。<br>「10回勧誘」は無料で実施でき、UR部員「小原鞠莉【風光明媚】 」が必ず加入します。,Tutorial Scout: Mari Ohara,"The Tutorial Scout [Mari Ohara] guarantees members of R rarity or higher.<br>You can perform a 10x Scout for free, and the UR member Mari Ohara [Scenic Beauty] is guaranteed to join.",1
9110018,チュートリアル勧誘【黒澤 ルビィ】,「チュートリアル勧誘【黒澤 ルビィ】 」では、R以上の部員が必ず登場します。<br>「10回勧誘」は無料で実施でき、UR部員「黒澤ルビィ【おねぼうさん】 」が必ず加入します。,Tutorial Scout: Ruby Kurosawa,"The Tutorial Scout [Ruby Kurosawa] guarantees members of R rarity or higher.<br>You can perform a 10x Scout for free, and the UR member Ruby Kurosawa [Sleepyhead] is guaranteed to join.",1
9110019,チュートリアル勧誘【上原 歩夢】,「チュートリアル勧誘【上原 歩夢】 」では、R以上の部員が必ず登場します。<br>「10回勧誘」は無料で実施でき、UR部員「上原歩夢【隣にいるよ】 」が必ず加入します。,Tutorial Scout: Ayumu Uehara,"The Tutorial Scout [Ayumu Uehara] guarantees members of R rarity or higher.<br>You can perform a 10x Scout for free, and the UR member Ayumu Uehara [Right Beside You] is guaranteed to join.",1
9110020,チュートリアル勧誘【中須 かすみ】,「チュートリアル勧誘【中須 かすみ】 」では、R以上の部員が必ず登場します。<br>「10回勧誘」は無料で実施でき、UR部員「中須かすみ【レインボーコッペパン】 」が必ず加入します。,Tutorial Scout: Kasumi Nakasu,"The Tutorial Scout [Kasumi Nakasu] guarantees members of R rarity or higher.<br>You can perform a 10x Scout for free, and the UR member Kasumi Nakasu [Rainbow Koppepan] is guaranteed to join.",1
9110021,チュートリアル勧誘【桜坂 しずく】,「チュートリアル勧誘【桜坂 しずく】 」では、R以上の部員が必ず登場します。<br>「10回勧誘」は無料で実施でき、UR部員「桜坂しずく【素の自分で】 」が必ず加入します。,Tutorial Scout: Shizuku Osaka,"The Tutorial Scout [Shizuku Osaka] guarantees members of R rarity or higher.<br>You can perform a 10x Scout for free, and the UR member Shizuku Osaka [My True Self] is guaranteed to join.",1
9110022,チュートリアル勧誘【朝香 果林】,「チュートリアル勧誘【朝香 果林】 」では、R以上の部員が必ず登場します。<br>「10回勧誘」は無料で実施でき、UR部員「朝香果林【クオリティの追求】 」が必ず加入します。,Tutorial Scout: Karin Asaka,"The Tutorial Scout [Karin Asaka] guarantees members of R rarity or higher.<br>You can perform a 10x Scout for free, and the UR member Karin Asaka [In Pursuit of Quality] is guaranteed to join.",1
9110023,チュートリアル勧誘【宮下 愛】,「チュートリアル勧誘【宮下 愛】 」では、R以上の部員が必ず登場します。<br>「10回勧誘」は無料で実施でき、UR部員「宮下 愛【チェンジオブペース】 」が必ず加入します。,Tutorial Scout: Ai Miyashita,"The Tutorial Scout [Ai Miyashita] guarantees members of R rarity or higher.<br>You can perform a 10x Scout for free, and the UR member Ai Miyashita [Change of Pace] is guaranteed to join.",1
9110024,チュートリアル勧誘【近江 彼方】,「チュートリアル勧誘【近江 彼方】 」では、R以上の部員が必ず登場します。<br>「10回勧誘」は無料で実施でき、UR部員「近江彼方【姉妹の食卓】 」が必ず加入します。,Tutorial Scout: Kanata Konoe,"The Tutorial Scout [Kanata Konoe] guarantees members of R rarity or higher.<br>You can perform a 10x Scout for free, and the UR member Kanata Konoe [Sisters' Dinner Table] is guaranteed to join.",1
9110025,チュートリアル勧誘【優木 せつ菜】,「チュートリアル勧誘【優木 せつ菜】 」では、R以上の部員が必ず登場します。<br>「10回勧誘」は無料で実施でき、UR部員「優木せつ菜【大好きを伝えたい！】 」が必ず加入します。,Tutorial Scout: Setsuna Yuki,"The Tutorial Scout [Setsuna Yuki] guarantees members of R rarity or higher.<br>You can perform a 10x Scout for free, and the UR member Setsuna Yuki [I Want to Share My Love!] is guaranteed to join.",1
9110026,チュートリアル勧誘【エマ・ヴェルデ】,「チュートリアル勧誘【エマ・ヴェルデ】 」では、R以上の部員が必ず登場します。<br>「10回勧誘」は無料で実施でき、UR部員「エマ・ヴェルデ【爽やかな木漏れ日】 」が必ず加入します。,Tutorial Scout: Emma Verde,"The Tutorial Scout [Emma Verde] guarantees members of R rarity or higher.<br>You can perform a 10x Scout for free, and the UR member Emma Verde [Sunlight Through the Trees] is guaranteed to join.",1
9110027,チュートリアル勧誘【天王寺 璃奈】,「チュートリアル勧誘【天王寺 璃奈】 」では、R以上の部員が必ず登場します。<br>「10回勧誘」は無料で実施でき、UR部員「天王寺璃奈【お散歩役員のお世話】 」が必ず加入します。,Tutorial Scout: Rina Tennoji,"The Tutorial Scout [Rina Tennoji] guarantees members of R rarity or higher.<br>You can perform a 10x Scout for free, and the UR member Rina Tennoji [Pet-Walking Duty] is guaranteed to join.",1
9110028,チュートリアル勧誘【三船 栞子】,「チュートリアル勧誘【三船 栞子】 」では、R以上の部員が必ず登場します。<br>「10回勧誘」は無料で実施でき、UR部員「三船栞子【精進あるのみ】 」が必ず加入します。,Tutorial Scout: Shioriko Mifune,"The Tutorial Scout [Shioriko Mifune] guarantees members of R rarity or higher.<br>You can perform a 10x Scout for free, and the UR member Shioriko Mifune [Striving for Improvement] is guaranteed to join.",1
9110029,チュートリアル勧誘【ミア・テイラー】,「チュートリアル勧誘【ミア・テイラー】 」では、R以上の部員が必ず登場します。<br>「10回勧誘」は無料で実施でき、UR部員「ミア・テイラー【渾身の作曲】 」が必ず加入します。,Tutorial Scout: Mia Taylor,"The Tutorial Scout [Mia Taylor] guarantees members of R rarity or higher.<br>You can perform a 10x Scout for free, and the UR member Mia Taylor [All-Out Composition] is guaranteed to join.",1
9110030,チュートリアル勧誘【鐘 嵐珠】,「チュートリアル勧誘【鐘 嵐珠】 」では、R以上の部員が必ず登場します。<br>「10回勧誘」は無料で実施でき、UR部員「鐘 嵐珠【ライバルで仲間】 」が必ず加入します。,Tutorial Scout: Lanzhu Zhong,"The Tutorial Scout [Lanzhu Zhong] guarantees members of R rarity or higher.<br>You can perform a 10x Scout for free, and the UR member Lanzhu Zhong [Rivals and Friends] is guaranteed to join.",1
9110031,チュートリアル勧誘【澁谷 かのん】,「チュートリアル勧誘【澁谷 かのん】 」では、R以上の部員が必ず登場します。<br>「10回勧誘」は無料で実施でき、UR部員「澁谷かのん【想いを胸に】 」が必ず加入します。,Tutorial Scout: Kanon Shibuya,"The Tutorial Scout [Kanon Shibuya] guarantees members of R rarity or higher.<br>You can perform a 10x Scout for free, and the UR member Kanon Shibuya [Feelings in My Heart] is guaranteed to join.",1
9110032,チュートリアル勧誘【唐 可可】,「チュートリアル勧誘【唐 可可】 」では、R以上の部員が必ず登場します。<br>「10回勧誘」は無料で実施でき、UR部員「唐 可可【衣装スタイリスト】 」が必ず加入します。,Tutorial Scout: Keke Tang,"The Tutorial Scout [Keke Tang] guarantees members of R rarity or higher.<br>You can perform a 10x Scout for free, and the UR member Keke Tang [Costume Stylist] is guaranteed to join.",1
9110033,チュートリアル勧誘【嵐 千砂都】,「チュートリアル勧誘【嵐 千砂都】 」では、R以上の部員が必ず登場します。<br>「10回勧誘」は無料で実施でき、UR部員「嵐 千砂都【先輩のステップ】 」が必ず加入します。,Tutorial Scout: Chisato Arashi,"The Tutorial Scout [Chisato Arashi] guarantees members of R rarity or higher.<br>You can perform a 10x Scout for free, and the UR member Chisato Arashi [A Senior's Steps] is guaranteed to join.",1
9110034,チュートリアル勧誘【平安名 すみれ】,「チュートリアル勧誘【平安名 すみれ】 」では、R以上の部員が必ず登場します。<br>「10回勧誘」は無料で実施でき、UR部員「平安名すみれ【両腕いっぱい】 」が必ず加入します。,Tutorial Scout: Sumire Heanna,"The Tutorial Scout [Sumire Heanna] guarantees members of R rarity or higher.<br>You can perform a 10x Scout for free, and the UR member Sumire Heanna [Two Armfuls] is guaranteed to join.",1
9110035,チュートリアル勧誘【葉月 恋】,「チュートリアル勧誘【葉月 恋】 」では、R以上の部員が必ず登場します。<br>「10回勧誘」は無料で実施でき、UR部員「葉月 恋【母の残した結ヶ丘】 」が必ず加入します。,Tutorial Scout: Ren Hazuki,"The Tutorial Scout [Ren Hazuki] guarantees members of R rarity or higher.<br>You can perform a 10x Scout for free, and the UR member Ren Hazuki [The Yuigaoka Mother Left Behind] is guaranteed to join.",1
9110036,チュートリアル勧誘【桜小路 きな子】,「チュートリアル勧誘【桜小路 きな子】 」では、R以上の部員が必ず登場します。<br>「10回勧誘」は無料で実施でき、UR部員「桜小路きな子【地上２３０メートル】 」が必ず加入します。,Tutorial Scout: Kinako Sakurakoji,"The Tutorial Scout [Kinako Sakurakoji] guarantees members of R rarity or higher.<br>You can perform a 10x Scout for free, and the UR member Kinako Sakurakoji [230 Meters Above Ground] is guaranteed to join.",1
9110037,チュートリアル勧誘【米女 メイ】,「チュートリアル勧誘【米女 メイ】 」では、R以上の部員が必ず登場します。<br>「10回勧誘」は無料で実施でき、UR部員「米女メイ【コンプリート目前】 」が必ず加入します。,Tutorial Scout: Mei Yoneme,"The Tutorial Scout [Mei Yoneme] guarantees members of R rarity or higher.<br>You can perform a 10x Scout for free, and the UR member Mei Yoneme [Almost Complete] is guaranteed to join.",1
9110038,チュートリアル勧誘【若菜 四季】,「チュートリアル勧誘【若菜 四季】 」では、R以上の部員が必ず登場します。<br>「10回勧誘」は無料で実施でき、UR部員「若菜四季【放課後の科学室】 」が必ず加入します。,Tutorial Scout: Shiki Wakana,"The Tutorial Scout [Shiki Wakana] guarantees members of R rarity or higher.<br>You can perform a 10x Scout for free, and the UR member Shiki Wakana [After-School Science Room] is guaranteed to join.",1
9110039,チュートリアル勧誘【鬼塚 夏美】,「チュートリアル勧誘【鬼塚 夏美】 」では、R以上の部員が必ず登場します。<br>「10回勧誘」は無料で実施でき、UR部員「鬼塚夏美【オニナッツ生配信中！】 」が必ず加入します。,Tutorial Scout: Natsumi Onitsuka,"The Tutorial Scout [Natsumi Onitsuka] guarantees members of R rarity or higher.<br>You can perform a 10x Scout for free, and the UR member Natsumi Onitsuka [OniNuts Live Stream!] is guaranteed to join.",1
6110001,μ's特待生勧誘,「μ's特待生勧誘」は、スクフェスに登場したμ'sの部員を勧誘できる特別な勧誘です。<br>提供割合：R 68％ / SR 26％ / UR 6％<br>11回勧誘では、SR以上の部員が1人確定で登場します。<br><br>すでに加入している部員が登場した場合、自動で「ペンライト」に変換されます。<br>※ペンライトの獲得量は、部員のレアリティに応じて異なります<br>・UR：500個<br>・SR：50個<br>・R ：20個,μ's Honor Student Scouting,"μ's Honor Student Scouting is a special Scout featuring the μ's members of School Idol Festival.<br>Rates: R 68% / SR 26% / UR 6%<br>An 11x Scout guarantees at least one SR or higher.<br><br>If you Scout a Member you already have, they will automatically be converted into Penlights.<br>*The number of Penlights received depends on the Member's rarity:<br>- UR: 500<br>- SR: 50<br>- R: 20",1
6110002,Aqours特待生勧誘,「Aqours特待生勧誘」は、スクフェスに登場したAqoursの部員を勧誘できる特別な勧誘です。<br>提供割合：R 68％ / SR 26％ / UR 6％<br>11回勧誘では、SR以上の部員が1人確定で登場します。<br><br>すでに加入している部員が登場した場合、自動で「ペンライト」に変換されます。<br>※ペンライトの獲得量は、部員のレアリティに応じて異なります<br>・UR：500個<br>・SR：50個<br>・R ：20個,Aqours Honor Student Scouting,"Aqours Honor Student Scouting is a special Scout featuring the Aqours members of School Idol Festival.<br>Rates: R 68% / SR 26% / UR 6%<br>An 11x Scout guarantees at least one SR or higher.<br><br>If you Scout a Member you already have, they will automatically be converted into Penlights.<br>*The number of Penlights received depends on the Member's rarity:<br>- UR: 500<br>- SR: 50<br>- R: 20",1
6110003,虹ヶ咲特待生勧誘,「虹ヶ咲特待生勧誘」は、スクフェスに登場した虹ヶ咲の部員を勧誘できる特別な勧誘です。<br>提供割合：R 68％ / SR 26％ / UR 6％<br>11回勧誘では、SR以上の部員が1人確定で登場します。<br><br>すでに加入している部員が登場した場合、自動で「ペンライト」に変換されます。<br>※ペンライトの獲得量は、部員のレアリティに応じて異なります<br>・UR：500個<br>・SR：50個<br>・R ：20個,Nijigasaki Honor Student Scouting,"Nijigasaki Honor Student Scouting is a special Scout featuring the Nijigasaki members of School Idol Festival.<br>Rates: R 68% / SR 26% / UR 6%<br>An 11x Scout guarantees at least one SR or higher.<br><br>If you Scout a Member you already have, they will automatically be converted into Penlights.<br>*The number of Penlights received depends on the Member's rarity:<br>- UR: 500<br>- SR: 50<br>- R: 20",1
6110004,Liella!特待生勧誘,「Liella!特待生勧誘」は、スクフェスに登場したLiella!の部員を勧誘できる特別な勧誘です。<br>提供割合：R 68％ / SR 26％ / UR 6％<br>11回勧誘では、SR以上の部員が1人確定で登場します。<br><br>すでに加入している部員が登場した場合、自動で「ペンライト」に変換されます。<br>※ペンライトの獲得量は、部員のレアリティに応じて異なります<br>・UR：500個<br>・SR：50個<br>・R ：20個,Liella! Honor Student Scouting,"Liella! Honor Student Scouting is a special Scout featuring the Liella! members of School Idol Festival.<br>Rates: R 68% / SR 26% / UR 6%<br>An 11x Scout guarantees at least one SR or higher.<br><br>If you Scout a Member you already have, they will automatically be converted into Penlights.<br>*The number of Penlights received depends on the Member's rarity:<br>- UR: 500<br>- SR: 50<br>- R: 20",1
